semantic_contract_version,url,source,source_country,published_at,discovered_via,title,regex_relevance_decision,pipeline_final_stage,prefilter_status,rejection_reason,semantic_model_text,semantic_text_sha256,semantic_text_chars,semantic_text_truncated,original_text_length,extraction_strategy,event_region,event_locality,event_object,event_problem,event_signature
1.0,https://people.onliner.by/2026/09/04/serialy-i-filmy-sentyabrya-2026,Onlíner,Беларусь,2026-09-04T08:17:55+00:00,feed:https://www.onliner.by/feed | homepage,"Linkin Park и девушка с топором. Сериалы и фильмы сентября, на которые не жаль потратить время - Люди Onlíner",REJECT,relevance_rejected,possible,нет связки социальной темы и проблемы,"TITLE: Linkin Park и девушка с топором. Сериалы и фильмы сентября, на которые не жаль потратить время - Люди Onlíner
SUMMARY: Стриминги и кинотеатры в сентябре — почти как школьники: оставляют себе первый месяц осени на раскачку. Поэтому вроде бы потенциальные хиты и любопытные авторские проекты ждать стоит, но не в таком количестве, как хотелось бы — об этом мы уже говорили даже в нашей подборке фантастических релизов . Собрали пять интересных нишевых премьер месяца: от кровавого триллера про очередного американского маньяка до документалки про перезапуск Linkin Park и далеко зашедших приколов Вуди Харрельсона и Мэттью Макконахи. Читать далее…
TEXT: Стриминги и кинотеатры в сентябре — почти как школьники: оставляют себе первый месяц осени на раскачку. Поэтому вроде бы потенциальные хиты и любопытные авторские проекты ждать стоит, но не в таком количестве, как хотелось бы — об этом мы уже говорили даже в нашей подборке фантастических релизов . Собрали пять интересных нишевых премьер месяца: от кровавого триллера про очередного американского маньяка до документалки про перезапуск Linkin Park и далеко зашедших приколов Вуди Харрельсона и Мэттью Макконахи. В 1892 году Лиззи Борден стала одной из самых знаменитых подозреваемых в истории после того, как ее отца и мачеху нашли убитыми топором в собственном доме. Дело дошло до суда, но присяжные в итоге оправдали девушку — а сама история спустя годы превратилась в американскую городскую легенду. Именно вокруг этого дела построен четвертый сезон маньячной мыльной оперы Райана Мерфи. Борден — слишком популярный поп-культурный персонаж, чтобы просто взять и пересказать историю как есть, так что шоураннер явно опять будет брать эпатажем: ждем много крови, секса и жутких фантазий. Судя по всему, в центре сюжета будет даже не само убийство, а отношения Лиззи с горничной, которая по сути станет ее сообщницей. Главную героиню сыграла Элла Битти, дочь голливудского ветерана Уоррена Битти, — это ее первая большая роль. Роль отца Борден исполнил Чарли Ханнэм, а в образе горничной появилась Вики Крипс — они уже снимались в предыдущем сезоне антологии про Эда Гина. Есть и неожиданный кастинговый ход: Сара Полсон сыграет серийную убийцу Эйлин Уорнос. Она совершала свои преступления спустя сотню лет после истории Лиззи, так что, видимо, авторы хотят снова повторить трюк из прошлого сезона с «маньячной мультивселенной» и развернуть ее дело в более широкий разговор о том, как общество воспринимает убийства, совершенные женщинами. Джон Хэмм снова оказывается в своей привычной сериальной среде — в окутанной сигаретным дымом Америке середины прошлого века. Причем этот проект для него далеко не случайный: в 2022 году актер озвучил ту же роль в подкасте American Hostage, который рассказывал реальную историю, а теперь вернулся к ней уже в телевизионной версии, став еще и продюсером. За экранную адаптацию аудиошоу, признанное лучшим нарративным подкастом в 2023-м, взялись авторы сериалов «Щит» и «Мастера секса». Интересно, что год назад уже выходил полнометражный фильм Гаса Ван Сента «Провод мертвеца» по мотивам тех же событий — персонажа Хэмма там играл Колман Доминго из «Эйфории» и «Майкла». Сюжет разворачивается вокруг не самого обычного захвата заложников, которое случилось в Индианаполисе в 1977 году. Радиожурналист Фред Хекман получает звонок от Тони Киритсиса — вооруженного мужчины, который ворвался в офис ипотечной компании и проволокой привязал дуло обреза к шее брокера. Оказалось, что захватчик набрал кредитов на строительство торгового центра, прогорел с бизнесом, не смог вернуть деньги и обвинил во всем этом кредиторов — эфир же ему нужен был, чтобы пожаловаться на всю страну. В итоге Хекман заговаривал зубы захватчику больше двух суток, пока полиция и ФБР ломали голову, как обезвредить его без жертв. Спустя двенадцать лет после культового первого сезона «Настоящего детектива» Мэттью Макконахи и Вуди Харрельсон снова объединяются в экранный дуэт ради того, чтобы выяснить, не приходятся ли они друг другу братьями. В основу завязки лег выдуманный актерами прикол: они уже много лет публично обсуждают вероятность того, что у них может быть один биологический отец, — после признания матери Макконахи в интрижке с отцом Харрельсона. Теперь из этой странной семейной конспирологии сделали восьмисерийную комедию, причем оба актера играют фактически самих себя и сами же выступают исполнительными продюсерами. За сериал отвечает Ли Айзенберг — создатель «Офиса» и пранк-шоу «Быть присяжным», В сериале история начинается после того, как у дочери Вуди срывается свадьба. Он вместе с ней и женой отправляется в Остин, на ранчо Мэттью, рассчитывая немного прийти в себя. Но спокойный семейный отдых быстро превращается в расследование: мама Макконахи, которую играет Холланд Тейлор из «Шоу Трумана», случайно проговаривается о старой тайне, из которой следует, что два приятеля действительно могут оказаться братьями. Вуди начинает буквально переворачивать ранчо вверх дном в поисках доказательств, а Мэттью параллельно переживает собственный кризис идентичности и подумывает о выдвижении на пост губернатора Техаса. Галь Гадот пришлось пострадать за искусство: во время съемок «Бегущей» актриса сломала обе стопы и последние сцены заканчивала уже на костылях. Для роли она девять месяцев тренировалась с олимпийским спринтером, потому что по задумке героиня практически весь фильм бегает по Лондону. Причем съемки проходили без перекрытия улиц — режиссер Кевин Макдональд хотел, чтобы в кадре оставались настоящие прохожие и их реакции. С камерой за ней носился оператор Энтони Дод Мэнтл, работавший над «На игле» и «28 лет спустя». Правда, первые отзывы получились не такими бодрыми: критики в основном ругают сценарий и считают, что визуальная энергия не спасает довольно шаблонный триллер. Майя Мартен — успешный адвокат и мать-одиночка, привыкшая держать жизнь под контролем. Во время утренней пробежки она получает звонок от незнакомца, который сообщает, что похитил ее сына. Чтобы увидеть ребенка живым, Майя должна беспрерывно двигаться по городу, выполнять указания похитителя и никому не рассказывать о случившемся. Более того, ей дают всего час, чтобы добраться до определенного места и совершить преступление — убить свидетеля по делу, которое она сама ведет в суде. В роли телефонного злодея выступает Дэмиэн Льюис из сериала «Родина». В итоге получается что-то вроде «Телефонной будки», только вместо одного места действия — целый город. После смерти Честера Беннингтона Linkin Park семь лет не выпускали новых альбомов и вообще не очень понимали, как существовать дальше. Теперь этот период превратился в документальный фильм, причем снял его человек, который знает «линкинов» лучше любого приглашенного режиссера, — диджей Джо Хан. Unshatter начинается с камерных студийных сессий 2022 года и заканчивается возвращением группы с альбомом From Zero и концертом в Сан-Паулу 15 ноября 2024-го. В фильме, который будут показывать в кинотеатрах по всему миру всего один день, обещают редкие архивные записи, съемки из студии, акустические выступления и откровенные разговоры с музыкантами и поклонниками. Главная история здесь, конечно, не концертная, а попытка перепридумать группу после потери человека, ставшего настоящим сердцем и символом для одного из самых культовых коллективов нулевых. В состав вошли сразу два новых участника — вокалистка Эмили Армстронг и барабанщик Колин Бриттейн, а Майк Шинода, Джо Хан, Брэд Делсон и Дэйв Фаррелл вернулись к работе над музыкой. Название Unshatter можно перевести примерно как «снова не разбиться» — довольно прямолинейная метафора для группы, которая после самого тяжелого периода в своей истории решила не просто продолжить выступать, а начать абсолютно новую главу. Нравится читать Onlíner? Добавьте наши новости в «Основные источники» Google Есть о чем рассказать? Пишите в наш телеграм-бот . Это анонимно и быстро",aacab5a5bc04d0d52a57ebf985c0c802f3851d014825299f18c65c20ba203e2c,7875,false,7216,generic_html,,,школа/детский сад,,
1.0,https://sport.onliner.by/2026/09/04/ml-protiv-dinamo-supermatch-v-italii-i-start-kxl-chto-iz-sporta-posmotret-v-vyxodnye,Onlíner,Беларусь,2026-09-04T09:50:17+00:00,feed:https://www.onliner.by/feed | homepage,"«МЛ» против «Динамо», суперматч в Италии и старт КХЛ. Что из спорта посмотреть в выходные? - Спорт Onlíner",REJECT,relevance_rejected,needs_text,нет связки социальной темы и проблемы,"TITLE: «МЛ» против «Динамо», суперматч в Италии и старт КХЛ. Что из спорта посмотреть в выходные? - Спорт Onlíner
SUMMARY: До первых выходных осени осталось недолго. И это не повод грустить, ведь нас по-прежнему ожидают красочные спортивные события: старт очередного сезона КХЛ, принципиальный матч в футбольной Высшей лиге между «МЛ Витебск» и столичным «Динамо», итальянское супердерби «Ювентус» — «Милан» и не только. Сейчас все подробно расскажем в нашем анонсе. Читать далее…
TEXT: До первых выходных осени осталось недолго. И это не повод грустить, ведь нас по-прежнему ожидают красочные спортивные события: старт очередного сезона КХЛ, принципиальный матч в футбольной Высшей лиге между «МЛ Витебск» и столичным «Динамо», итальянское супердерби «Ювентус» — «Милан» и не только. Сейчас все подробно расскажем в нашем анонсе. Дата: 5 сентября, начало в 13:00. Место: Ярославль (Россия), «Арена 2000». В субботу стартует сезон Континентальной хоккейной лиги: действующий обладатель Кубка Гагарина ярославский «Локомотив» на своей площадке примет челябинский «Трактор». Оба коллектива начинают чемпионат с новыми главными тренерами. В «Локомотив» из минского «Динамо» перешел известный российский специалист Дмитрий Квартальнов. А «Трактор» возглавил американский тренер с опытом работы в НХЛ Скотт Гордон. Пока лучше получается у первого — ярославцы победили в предсезонном Кубке Блинова. В прямом эфире встречу покажет телеканал «Беларусь 5». Дата: 5 сентября, начало в 19:00. Место: Париж (Франция), «Аккор Арена». В главном событии вечера сойдутся топовые легковесы Дэн Хукер и Салахдин Парнасс, чей поединок гарантирует максимальный накал страстей в октагоне. Поклонников смешанных единоборств также ждет другой интригующий бой, в котором силу и технику продемонстрируют Фарес Зиам и Аксель Сола. Не менее ожидаемым станет противостояние яркого ударника Майкла Пэйджа и мощного Нурсултона Рузибоева в средней весовой категории. Трансляции турнира будут доступны на телеканалах «Беларусь 5» и «Матч». Дата: 6 сентября, начало в 09:00 В воскресенье центр города превратится в грандиозную беговую трассу, которая объединит порядка 30 тысяч любителей бега. Участникам предстоит проверить свои силы на дистанциях в 5, 10 и 21 километр, а также в развлекательном и детском форматах. Трасса традиционно охватит самые красивые локации Минска, а триумфальный финиш абсолютно всех бегунов состоится на легендарном стадионе «Динамо». Болельщиков и гостей праздника ждет масштабная развлекательная программа, яркие фотозоны и мощная музыкальная поддержка вдоль всего маршрута. В связи с проведением мероприятия автомобилистам стоит заранее учесть масштабные перекрытия центральных проспектов и скорректировать свои маршруты. Более подробно о схемах и времени забегов можно узнать по ссылке . Подошел к своему завершению Кубок Беларуси. В финальном матче в воскресенье сыграют солигорский «Шахтер» и смоленский «Славутич». В полуфинальных встречах «горняки» не оставили никаких шансов «Гомелю» — 7:2, а смоляне уверенно разобрались с действующим чемпионом страны, жлобинским «Металлургом», со счетом 6:3. Для «Славутича» этот выход в финал стал историческим достижением, ведь команда из Смоленска является дебютантом турнира и первым иностранным клубом, добравшимся до решающей стадии за всю историю Кубка. В свою очередь, легендарный Андрей Мезин у руля Солигорска имеет отличный шанс завоевать свой первый серьезный трофей в роли главного тренера. В прямом эфире игру покажет телеканал «Беларусь 5». Дата: 6 сентября, начало в 20:00. Место: Витебск, ЦСК «Витебский». Чемпион страны «МЛ Витебск» на своем поле принимает серебряного призера прошлого чемпионата — минское «Динамо». Возможно, эта встреча станет ключевой в текущем розыгрыше: обе команды провели одинаковое количество матчей и набрали по 39 очков, деля второе место в таблице Высшей лиги. С преимуществом в два очка лидирует «Ислочь», однако команда Дмитрия Комаровского сыграла на один матч больше. В последней игре «букмекеры» потеряли очки в матче с «Белшиной» — 1:1. Динамовцы же на своем поле разгромили «Нафтан» со счетом 5:1. Вход на стадион свободный. В прямом эфире игру покажет телеканал «Беларусь 5». Дата: 6 сентября, начало в 21:45. Место: Турин (Италия), «Альянц Стадиум». Итальянский суперматч между «Ювентусом» и «Миланом» станет главным украшением европейского футбольного уик-энда. Гранды сойдутся в очной сшибке уже на старте национального первенства. Болельщиков ждет любопытная тактическая дуэль двух новых главных тренеров — Лучано Спаллетти у хозяев и Рубена Аморима у гостей. «Ювентус» постарается компенсировать потерю травмированного Кенана Йылдыза за счет фактора своего поля и надежной игры в обороне. В свою очередь, миланский коллектив подходит к топ-матчу в оптимальном составе и готов навязать туринцам свой агрессивный стиль. Прямую трансляцию покажет телеканал «Спорт ТВ». Нравится читать Onlíner? Добавьте наши новости в «Основные источники» Google Есть о чем рассказать? Пишите в наш телеграм-бот . Это анонимно и быстро",683a637fc3895ea1d774aa3f30a43e250651df5fd38582fb6d9ba2c99856ec27,5015,false,4528,generic_html,Витебская область,Витебск,,,
1.0,https://money.onliner.by/2026/09/04/kak-rabotat-belorusskim-eksporteram,Onlíner,Беларусь,2026-09-04T08:03:57+00:00,feed:https://www.onliner.by/feed | homepage,"«Сегодня отгрузили на склад, а завтра потеряли все». Как экспортерам работать в новой реальности - Кошелек Onlíner",REJECT,relevance_rejected,needs_text,политическая тема: санкц,"TITLE: «Сегодня отгрузили на склад, а завтра потеряли все». Как экспортерам работать в новой реальности - Кошелек Onlíner
SUMMARY: Сегодня вы загрузили товар на склады, а завтра этого товара больше нет. И денег за него — тоже. Теперь белорусские экспортеры массово звонят страховщикам, но «к сожалению, не все риски можно предсказать», как отмечает один из спикеров конференции, организованной Белорусской торгово-промышленной палатой (БелТПП) для обсуждения практических аспектов современной ВЭД. На полях мероприятия эксперты обсудили условия работы в быстро изменяющейся среде. Мы записали самое важное — для тех, кто экспортирует или только собирается. Читать далее…
TEXT: Сегодня вы загрузили товар на склады, а завтра этого товара больше нет. И денег за него — тоже. Теперь белорусские экспортеры массово звонят страховщикам, но «к сожалению, не все риски можно предсказать», как отмечает один из спикеров конференции, организованной Белорусской торгово-промышленной палатой (БелТПП) для обсуждения практических аспектов современной ВЭД. На полях мероприятия эксперты обсудили условия работы в быстро изменяющейся среде. Мы записали самое важное — для тех, кто экспортирует или только собирается. Мероприятие собрало руководителей внешнеэкономических служб, логистов, финансистов и всех, кто так или иначе связан с экспортом. Тема — практические аспекты внешнеэкономической деятельности в условиях современных вызовов. А вызовов, как выяснилось, много: санкции, запреты на вывоз, проблемы с подтверждением происхождения товаров, риски при поставках на маркетплейсы, уход западных брендов и рост китайского присутствия. Один из самых острых вопросов, который поднимался на конференции, — страхование экспортных рисков. На фоне событий вокруг маркетплейсов белорусские экспортеры массово столкнулись с ситуацией, когда товар есть, а денег за него нет. Эксперты также обсуждали новые инструменты — институт уполномоченных экспортеров, электронные сертификаты, заменяющие сертификаты для перепродажи товаров из третьих стран, а также возможности защиты брендов через таможенные реестры. Ниже — самое важное из выступлений спикеров. Кирилл Павлюченков подробно рассказал об особенности торговых соглашений с некоторыми странами и акцентировал внимание на разработке нового механизма — института уполномоченных экспортеров, который даст компаниям возможность самостоятельно декларировать происхождение товаров без обращения в сертифицирующий орган. По словам эксперта, такая схема успешно применяется в странах Евросоюза, Австралии, Новой Зеландии и в многих других государствах. «Это достаточно интересный документ, который используется во многих западных странах. Он направлен на то, чтобы экономить время, деньги и способствовать упрощению, ускорению работы и увеличению объемов экспортных поставок в рамках соглашения о свободной торговле» , — объяснил спикер. Однако получить статус уполномоченного экспортера непросто. В штате компании должен быть сотрудник, который разбирается в правилах происхождения товаров и может гарантированно определять происхождение продукции. Обучение таких специалистов будет проходить на базе БелТПП. После получения разрешения компания включается в реестр, который ведет Государственный таможенный комитет. Партнеры при таможенном оформлении видят, что экспортер имеет право самостоятельно определять происхождение, и получают преференции без предоставления сертификата. Спикер также отметил, что в ЕАЭС в данный момент разрабатывается электронная система сертификации и верификации происхождения товаров, которая позволит проводить сертификацию исключительно в электронном формате. Экспортер будет передавать реквизиты сертификата своему контрагенту, а таможенные органы смогут проверять их через интегрированные информационные системы. Процесс станет полностью автоматизированным и цифровизированным. «Никакого ожидания сертификата не потребуется — ни в оригинале на бумаге, ни в виде копий или сканов. Таможенный орган будет сразу понимать, что перед ним достоверные актуальные сведения. Первыми такую систему планировали запустить с Вьетнамом, но процесс затянулся. Сейчас, по словам Кирилла Павлюченкова, ведется работа с Китаем и Сербией. На национальном уровне некоторые соглашения в рамках СНГ уже работают с электронными системами. Эксперт напомнил: в Беларуси действует запрет на вывоз широкого перечня промышленных товаров: станки, промышленное оборудование, механизмы, электротехническая продукция, двигатели, генераторы, кабели, средства связи, компьютеры, электроника, аудио- и видеоаппаратура, транспортные средства, автобусы, грузовые и легковые автомобили, а также комплектующие: «Запрет введен постановлением Совета министров в целях защиты внутреннего рынка. Он действует с 22 сентября 2020 года и распространяется на вывоз товаров за пределы таможенной территории ЕАЭС в государства, не являющиеся членами Союза» . Павел Павлюкевич подчеркнул: несмотря на стремление стран ЕАЭС применять единые меры регулирования, на практике страны часто вводят односторонние ограничения. В 2025 году в одностороннем порядке было введено 87 ограничений на ввоз и вывоз товаров. Беларусь в свою очередь также ввела ограничения на вывоз промышленных товаров, а также овощной продукции: белокочанной капусты, яблок, свеклы, моркови, зерновых (пшеница, рожь, ячмень, овес, кукуруза) и некоторых других. При этом, если какая-то страна вводит запрет, она обязана уведомить Евразийскую экономическую комиссию. Комиссия не может отменить такое решение, но фиксирует его. Для контроля за соблюдением мер регулирования уже разрабатываются специальные правила, которые помогут определять происхождение экспортируемых товаров. Они будут применяться ко всем товарам, в отношении которых введены запреты, количественные ограничения или разрешительный порядок вывоза. Павел Павлюкевич также напомнил про изменения пороговых сумм: с 1 июля 2026 года порог стоимости товара, для которого требуется подтверждение происхождения, снизится с 10 000 до 5000 евро. А с 1 января 2029 года — до 1000 евро. Это значит, что подтверждать происхождение нужно практически для каждой партии. Юрий Горелик объяснил слушателям конференции, как работает таможенно-тарифное регулирование в ЕАЭС и как предприятия могут влиять на ставки пошлин, и напомнил: ставки Единого таможенного тарифа ЕАЭС применяются только к товарам из третьих стран. Внутри Союза пошлины не взимаются. Код товара по ТН ВЭД определяет не только ставку пошлины, но и все разрешительные документы, лицензии, а также статистику. Первые шесть знаков кода универсальны для 98% глобального товарооборота и определяются ВТО. Дальнейшие знаки — уже решение страны или Союза. «Если вы хотите повысить ставку, сначала нужно проверить обязательства России перед ВТО. Если ВТО-ставка уже есть, вы не можете поднять ее выше. Если же техническая возможность есть, нужно подготовить экономическое обоснование: показать, что ваше производство может насытить рынок, а цена конкурентоспособна. Понизить же ставку можно без оглядки на ВТО — хоть до нуля. Но здесь важно понимать: если вы снижаете ставку в интересах одного предприятия, могут пострадать другие. Поэтому решение принимается исходя из баланса интересов» . Эксперт подробно описал процедуру: предприятие готовит заявление, согласовывает с отраслевым ведомством, затем пакет направляется в ЕЭК, где рассматривается на заседаниях профильных комитетов. Раньше процесс был долгим, но после 2022 года многие процедуры, по словам спикера, ускорились. Алексей Макаев рассказал аудитории о страховых инструментах, которые помогают экспортерам, когда случается форс-мажор. «Это не секрет, что у нас есть экспортеры, которые загружали товар на склады известных маркетплейсов. Им обещают что-то возместить, но давайте посмотрим. Пока реальность такова, что можно остаться без товара и без денег» . По словам эксперта, после атак на склады крупнейших российских маркетплейсов количество обращений за страхованием резко выросло. «После того как это случилось, все хотят застраховаться»,",fdfb30ea7e6cf305d14e5cf09b1f19210f5b943479a12f5e7e37953e25b71f0f,7998,true,10732,generic_html,,,,общественный резонанс,
1.0,https://people.onliner.by/2026/09/04/sluchajno-vypil-rastvoritel,Onlíner,Беларусь,2026-09-04T09:26:50+00:00,feed:https://www.onliner.by/feed | homepage,Бобруйчанин с инвалидностью по зрению случайно выпил растворитель — умер через пять недель - Люди Onlíner,REJECT,relevance_rejected,possible,нет связки социальной темы и проблемы,"TITLE: Бобруйчанин с инвалидностью по зрению случайно выпил растворитель — умер через пять недель - Люди Onlíner
SUMMARY: 49-летнего бобруйчанина нашли дома без сознания. Мужчина лежал на полу, рядом находилась бутылка с растворителем. Читать далее…
TEXT: 49-летнего бобруйчанина нашли дома без сознания. Мужчина лежал на полу, рядом находилась бутылка с растворителем. В тяжелом состоянии его доставили в больницу. Анализы показали наличие в организме ацетона и метанола. Несмотря на лечение, спасти пациента не удалось — он умер через пять недель. Судебно-медицинская экспертиза установила , что мужчина отравился технической жидкостью — растворителем 646. Кроме того, опасное вещество повредило дыхательные пути и другие органы. Непосредственной причиной смерти стала дыхательная недостаточность: легкие перестали обеспечивать нормальный газообмен. Следственный комитет установил, что смерть не была связана с преступлением. Мужчина имел инвалидность по зрению и случайно употребил опасную жидкость. Нравится читать Onlíner? Добавьте наши новости в «Основные источники» Google Есть о чем рассказать? Пишите в наш телеграм-бот . Это анонимно и быстро",801b03633836e854ca6e48c22c29b9492993f14f123e680a904677e6ec0f9a6c,1152,false,896,generic_html,,,,,
1.0,https://tech.onliner.by/2026/09/04/zhutko-no-krasivo-na-solnce-mnozhestvennye-vybrosy-plazmy,Onlíner,Беларусь,2026-09-04T08:04:16+00:00,feed:https://www.onliner.by/feed | homepage,"Жутко, но красиво. На Солнце — множественные выбросы плазмы - Технологии Onlíner",REJECT,relevance_rejected,possible,нет связки социальной темы и проблемы,"TITLE: Жутко, но красиво. На Солнце — множественные выбросы плазмы - Технологии Onlíner
SUMMARY: У Солнца случился резкий приступ активности: информация о многочисленных выбросах плазмы появилась благодаря снимкам, поступающим с космических телескопов и коронографов. Как отмечают специалисты Лаборатории солнечной активности, особенно примечательны выбросы плазмы, которые происходят на восточном краю звезды. Читать далее…
TEXT: У Солнца случился резкий приступ активности: информация о многочисленных выбросах плазмы появилась благодаря снимкам, поступающим с космических телескопов и коронографов. Как отмечают специалисты Лаборатории солнечной активности, особенно примечательны выбросы плазмы, которые происходят на восточном краю звезды. По данным экспертов, источники взрывов располагаются за краем Солнца, и на данных момент их не видно с Земли. Обнаружить их мог бы Solar Orbiter, автоматический космический аппарат, который Eвропейское космическое агентство разработало для исследования Солнца вместе с NASA. Однако сейчас он находится на расположенной рядом с Землей стороне орбиты, поэтому наблюдает то же самое, что и аппараты, находящиеся на околоземной орбите. По словам исследователей, подобная активность должна длиться еще минимум четыре дня, чтобы могли возникнуть какие-либо предпосылки для магнитных бурь на Земле. Сообщается, что за это время расположенные за краем Солнца группы пятен могут пересечь линию горизонта и стать видны со стороны нашей планеты. Нравится читать Onlíner? Добавьте наши новости в «Основные источники» Google Есть о чем рассказать? Пишите в наш телеграм-бот . Это анонимно и быстро Нравится читать Onlíner? Добавьте наши новости в «Основные источники» Google Есть о чем рассказать? Пишите в наш телеграм-бот . Это анонимно и быстро",fb08e1b04fb75d0fb543ac206840c5ebfb61ef1ac686a95694887a65cff0f0c6,1779,false,1348,generic_html,,,,,
1.0,https://realt.onliner.by/2026/09/04/zastrojshhik-otreagiroval,Onlíner,Беларусь,2026-09-04T08:34:46+00:00,feed:https://www.onliner.by/feed | homepage,Застройщик отреагировал на проблему загадочных мокрых пятен в «Английском квартале». Итог? - Недвижимость Onlíner,REJECT,relevance_rejected,possible,иностранная тема в заголовке: англи,"TITLE: Застройщик отреагировал на проблему загадочных мокрых пятен в «Английском квартале». Итог? - Недвижимость Onlíner
SUMMARY: О проблеме, с которой столкнулась жительница «Английского квартала» Виктория, мы писали в конце августа. С наступлением сезона дождей на стене в спальне ее квартиры появляются мокрые разводы. Откуда проникает влага? Девушка уверена, что через межпанельные швы на фасаде — квартира-то угловая. Застройщик при этом пенял на отверстия в стене для кондиционера и трубы отопления в полу. Чем все закончилось? Читать далее…
TEXT: О проблеме, с которой столкнулась жительница «Английского квартала» Виктория, мы писали в конце августа. С наступлением сезона дождей на стене в спальне ее квартиры появляются мокрые разводы. Откуда проникает влага? Девушка уверена, что через межпанельные швы на фасаде — квартира-то угловая. Застройщик при этом пенял на отверстия в стене для кондиционера и трубы отопления в полу. Чем все закончилось? Напомним, что «Английский квартал» — это четыре вытянутые трехэтажки на Есенина и Космонавтов в Минске. Эти дома строились МАПИДом и сдавались с 2020 по 2023 год. Виктория получила ключи от двушки в декабре 2023 года. Летом 2024-го уже начались залития. Продолжались они несколько лет — в последний раз мокрые пятна «обновились» этим летом. — Из-за плесени проживание в квартире, особенно для моего 4-летнего ребенка, становится опасным для здоровья. Ведь создается прямая угроза развития респираторных и аллергических заболеваний, — жаловалась Виктория. Onlíner отправил письмо в МАПИД с вопросами о причинах появления мокрых мятен и способах от них избавиться. Вот что ответил застройщик: — Для установления причин намокания 6 августа было проведено комиссионное обследование. Учитывая, что ранее работы по заделке межпанельных швов на данном участке уже выполнялись, комиссия решила дополнительно проверить герметичность системы отопления и вскрыть напольное покрытие для детального осмотра. 18 августа состоялось повторное комиссионное обследование со вскрытием штраб трубопроводов отопления. 21 августа силами специализированного сантехнического управления выполнены гидравлические испытания системы центрального отопления под давлением 10 МПа. По результатам проверки падения давления и течей не обнаружено, система герметична. 24 августа силами монтажного управления с привлечением автовышки выполнены работы по дополнительной герметизации монтажных швов. Нравится читать Onlíner? Добавьте наши новости в «Основные источники» Google Есть о чем рассказать? Пишите в наш телеграм-бот . Это анонимно и быстро",b1179cc866531fa5b576c40ef085b27adb5247267cb470fa50ac6914f1aaabcb,2570,false,2016,generic_html,,,,,
1.0,https://sport.onliner.by/2026/09/04/izvestnogo-tennisista-otstranili-iz-za-dopinga-podozrevayut-chto-delo-v-kokaine,Onlíner,Беларусь,2026-09-04T08:51:18+00:00,feed:https://www.onliner.by/feed | homepage,Известный теннисист употреблял кокаин — его отстранили от соревнований - Спорт Onlíner,REJECT,relevance_rejected,needs_text,нет связки социальной темы и проблемы,"TITLE: Известный теннисист употреблял кокаин — его отстранили от соревнований - Спорт Onlíner
SUMMARY: В центре скандала оказался финалист Уимблдона-2022, австралийский теннисист Ник Кирьос. В начале августа спортсмена отстранили после сдачи положительной допинг-пробы, а теперь он сам признался ,что принимал наркотики. Читать далее…
TEXT: В центре скандала оказался финалист Уимблдона-2022, австралийский теннисист Ник Кирьос. В начале августа спортсмена отстранили после сдачи положительной допинг-пробы, а теперь он сам признался ,что принимал наркотики. После турнира категории ATP-250 на Мальорке в июне этого года Кирьос сдал положительную допинг-пробу на кокаин. Международное агентство по обеспечению честности в теннисе (ITIA) подтвердило факт временного отстранения Кирьоса с 4 августа. Это значит, что Ник не сможет выступать до завершения разбирательства. При этом у него есть право обжаловать решение. Он известен тем, что вышел в финал Уимблдона-2022, взял 11 титулов ATP, а сейчас оказался временно дистанцирован от тенниса. В конце прошлого года Кирьос в рамках «Битвы полов» играл против Арины Соболенко. Это был выставочный матч, который остался как раз за австралийцем — 6:3, 6:3. Сам Кирьос тогда после поединка называл Арину невероятным бойцом и великой чемпионкой и признался, что ему было очень тяжело. Во время допроса следователями игрок признался, что употребил кокаин в компании друзей во время вечеринки перед выступлением на Мальорке. При этом международное агентство по обеспечению честности в теннисе (ITIA) указало, что спортсмен употреблял вещество не во время соревнований. Обычно за такое нарушение дисквалифицируют на три месяца, но Кирьос согласился пройти одобренную ITIA программу лечения, благодаря чему срок сократился до одного месяца и завершился третьего сентября. Нравится читать Onlíner? Добавьте наши новости в «Основные источники» Google Есть о чем рассказать? Пишите в наш телеграм-бот . Это анонимно и быстро",8f34563fe9ac650d2527fa5891be796c5dabb89cdb47695ea81c45b9534aa9b8,1959,false,1618,generic_html,,,,,
1.0,https://auto.onliner.by/2026/09/04/kvota-na-lgotnyj-vvoz,Onlíner,Беларусь,2026-09-04T09:29:10+00:00,feed:https://www.onliner.by/feed | homepage,Квота на льготный ввоз электромобилей в Беларуси почти исчерпана - Авто Onlíner,REJECT,relevance_rejected,possible,нет связки социальной темы и проблемы,"TITLE: Квота на льготный ввоз электромобилей в Беларуси почти исчерпана - Авто Onlíner
SUMMARY: По состоянию на 3 сентября оставшийся объем квоты на льготный ввоз электромобилей физическими лицами составляет 158 штук. Читать далее…
TEXT: По состоянию на 3 сентября оставшийся объем квоты на льготный ввоз электромобилей физическими лицами составляет 158 штук. — Квота на беспошлинный ввоз электромобилей юридическими лицами исчерпана полностью, поэтому при импорте необходимо уплатить ввозную таможенную пошлину в размере 15% от стоимости транспортного средства, — сообщили в таможенных органах. Также отметили, что в отношении электромобилей, с даты выпуска которых прошло не более 5 лет, есть возможность применить освобождение от уплаты НДС. По данным на 4 сентября, осталось всего 98 штук. — В ближайшее время квота на беспошлинный ввоз электромобилей физическими лицами будет полностью исчерпана, — рассказали таможенные органы. Нравится читать Onlíner? Добавьте наши новости в «Основные источники» Google Есть о чем рассказать? Пишите в наш телеграм-бот . Это анонимно и быстро",f10eaae7dd7d0e43ce585ceee0626a2086b21a5be8fb7ff0bfc82ff0c34c31f6,1083,false,845,generic_html,,,,,
1.0,https://money.onliner.by/2026/09/04/moshenniki-3,Onlíner,Беларусь,2026-09-04T09:44:53+00:00,feed:https://www.onliner.by/feed,"Минчанка взяла 25 тысяч рублей в кредит, отдала деньги мошенникам и снова пошла в банк - Кошелек Onlíner",REJECT,relevance_rejected,needs_text,нет связки социальной темы и проблемы,"TITLE: Минчанка взяла 25 тысяч рублей в кредит, отдала деньги мошенникам и снова пошла в банк - Кошелек Onlíner
SUMMARY: Минчанка отдала мошенникам 25 тысяч рублей, взятых в кредит, и уже собиралась брать еще один заем. Вмешалась милиция. Читать далее…
TEXT: Минчанка отдала мошенникам 25 тысяч рублей, взятых в кредит, и уже собиралась брать еще один заем. Вмешалась милиция. Эта история началась с телефонного звонка. Женщину попросили забрать подарок, для доставки которого курьером якобы нужен ее номер. Минчанка назвала код из СМС-сообщения, чтобы получить отправление. После этого ей позвонила еще одна незнакомка и обвинила в сотрудничестве с террористами. — Сказала, что я должна написать заявление, уйти с работы и сесть в машину. Дальше ей рассказывали, что нужно делать, чтобы избежать ответственности. Женщина испугалась и согласилась выполнять указания. Аферисты держали 49-летнюю женщину на связи постоянно, она должна была спрашивать разрешение для похода в магазин и отчитывалась обо всех звонках, которые поступали ей от родственников и коллег. Минчанка получила в банке кредит на 25 тысяч и передала деньги курьеру. Потом обратилась в банк за еще одним займом для мошенников. Но эту операцию остановили милиционеры. Курьера задержали, деньги, переданные жертвой обмана, изъяли. Нравится читать Onlíner? Добавьте наши новости в «Основные источники» Google Есть о чем рассказать? Пишите в наш телеграм-бот . Это анонимно и быстро Нравится читать Onlíner? Добавьте наши новости в «Основные источники» Google Есть о чем рассказать? Пишите в наш телеграм-бот . Это анонимно и быстро",2634d71e1b905cefbc072ad69e898e6e85fac049c3df5504e494c2b9a23ec052,1595,false,1336,generic_html,,,,,
1.0,https://money.onliner.by/2026/09/04/obladateli-shnobelevskoj-premii-poluchili-10-trillionov-dollarov-zimbabvijskix-no-vse-zhe,Onlíner,Беларусь,2026-09-04T08:29:17+00:00,feed:https://www.onliner.by/feed | homepage,"Обладатели Шнобелевской премии получили 10 триллионов долларов. Зимбабвийских, но все же - Кошелек Onlíner",REJECT,relevance_rejected,needs_text,нет связки социальной темы и проблемы,"TITLE: Обладатели Шнобелевской премии получили 10 триллионов долларов. Зимбабвийских, но все же - Кошелек Onlíner
SUMMARY: Премию в десять триллионов зимбабвийских долларов получили ученые, удостоенные Шнобелевской премии. «Ценный» приз за открытия в области экономики достался психологам, которые задались вопросом: правда ли, что богатые люди ведут себя хуже остальных? Читать далее…
TEXT: Премию в десять триллионов зимбабвийских долларов получили ученые, удостоенные Шнобелевской премии. «Ценный» приз за открытия в области экономики достался психологам, которые задались вопросом: правда ли, что богатые люди ведут себя хуже остальных? В серии экспериментов ученые собрали доказательства, что представители высших классов действительно чаще ведут себя плохо: игнорируют других участников дорожного движения и лгут на работе. В одном из экспериментов добровольцев оставили наедине с банкой с конфетами, якобы предназначенными для детей. Когда исследователи вернулись, представители высшего класса съели почти вдвое больше конфет, чем представители низшего класса. — Я слежу за Шнобелевской премией с первых курсов колледжа. Я и не думал, что когда-нибудь ее выиграю, — признался доктор Пол Пифф, социальный психолог из Калифорнийского университета в Ирвайне. — Общая тенденция, похоже, такова: с ростом богатства и власти человек становится менее вовлеченным в потребности других и менее обремененным потребностями социальных отношений . — Я слежу за Шнобелевской премией с первых курсов колледжа. Я и не думал, что когда-нибудь ее выиграю, Шнобелевской премией этого года отмечены также работы ученых в области биомеханики за определение поцелуя, физики — за разработку писсуара без брызг, биологии — за науку правильного наступания на змей. Шуточная Шнобелевская премия присуждается за достижения, которые «сначала заставляют смеяться, а затем задуматься». Ежегодная церемония состоялась в Цюрихе, кроме вручения триллиона долларов лауреатов осыпали бумажными самолетиками. Награды вручали обладатели Нобелевской премии, а победители читали лекции в формате «24/7»: сначала описывали свою работу за 24 секунды, а затем всего семью словами. Нравится читать Onlíner? Добавьте наши новости в «Основные источники» Google Есть о чем рассказать? Пишите в наш телеграм-бот . Это анонимно и быстро Нравится читать Onlíner? Добавьте наши новости в «Основные источники» Google Есть о чем рассказать? Пишите в наш телеграм-бот . Это анонимно и быстро",8f266626fc86a5ffed987e31bc70022a752e1ea57e99f36dcce2da3c5a597b3f,2445,false,2053,generic_html,,,,,
1.0,https://tech.onliner.by/2026/09/04/poyavilis-novye-medicinskie-rekomendacii-dlya-tex-kto-muchaetsya-iz-za-migreni,Onlíner,Беларусь,2026-09-04T09:07:40+00:00,feed:https://www.onliner.by/feed | homepage,"Появились новые медицинские рекомендации для тех, кто мучается из-за мигрени - Технологии Onlíner",REJECT,relevance_rejected,needs_text,нет связки социальной темы и проблемы,"TITLE: Появились новые медицинские рекомендации для тех, кто мучается из-за мигрени - Технологии Onlíner
SUMMARY: Свежие рекомендации, разработанные Американской академией неврологии и Американским обществом головной боли, стали первым большим обновлением с 2012 года. Они учитывают данные, которые касаются как эпизодической, так и хронической мигрени у взрослых. Особый акцент делается на терапии, направленной на CGRP — кальцитонин-ген-родственный пептид, который играет ключевую роль в передаче болевых импульсов. Читать далее…
TEXT: Свежие рекомендации, разработанные Американской академией неврологии и Американским обществом головной боли, стали первым большим обновлением с 2012 года. Они учитывают данные, которые касаются как эпизодической, так и хронической мигрени у взрослых. Особый акцент делается на терапии, направленной на CGRP — кальцитонин-ген-родственный пептид, который играет ключевую роль в передаче болевых импульсов. Теперь в рекомендациях по лечению мигрени значительно большую роль играют современные препараты, воздействующие на CGRP. Также медики рекомендуют заниматься профилактическим лечением даже в тех случаях, если у пациента случается всего четыре эпизода мигрени в месяц. Как отмечают специалисты, профилактические препараты сокращают количество дней с головной болью и связанную с мигренью нетрудоспособность, а также могут помочь предотвратить переход от эпизодической к хронической мигрени. При этом ни один из профилактических препаратов не продемонстрировал явного превосходства в эффективности — это говорит о том, что лечение в каждом конкретном случае должно основываться на медицинской и психиатрической истории пациента, Также врачи отмечают, что не стоит ждать, когда мигрень станет периодической, особенно в тех случаях, когда головные боли приносят существенный дискомфорт. Нравится читать Onlíner? Добавьте наши новости в «Основные источники» Google Есть о чем рассказать? Пишите в наш телеграм-бот . Это анонимно и быстро Нравится читать Onlíner? Добавьте наши новости в «Основные источники» Google Есть о чем рассказать? Пишите в наш телеграм-бот . Это анонимно и быстро",df296583b5f12dbe6b79273a9ea43fe1249e97b564f96852bb564699fe24298f,2123,false,1585,generic_html,,,медицина,,
1.0,https://reform.news/20-letnij-brestchanin-poluchil-3-goda-kolonii-za-moshennichestvo-s-arendoj-kvartir,Reform.news,Беларусь,2026-09-04T09:43:45+00:00,telegram:https://t.me/s/reformby,20-летний брестчанин получил 3 года колонии за мошенничество с арендой квартир,REJECT,relevance_rejected,needs_text,нет связки социальной темы и проблемы,"TITLE: 20-летний брестчанин получил 3 года колонии за мошенничество с арендой квартир
TEXT: 20-летний брестчанин получил 3 года колонии за мошенничество с арендой квартир Подробнее или без VPN | Купить VPN",9f7b67fbbda703aaea5e704948602044bb628c4ecb32d90986c4b331101da22a,205,false,113,inline_text,,,,,
1.0,https://reform.news/54-j-mesyacz-vojny-rasshirenie-vojny-na-istoshhenie,Reform.news,Беларусь,2026-09-04T09:58:00+00:00,telegram:https://t.me/s/reformby,54-й месяц войны: расширение войны на истощение,REJECT,relevance_rejected,needs_text,нет связки социальной темы и проблемы,"TITLE: 54-й месяц войны: расширение войны на истощение
TEXT: 54-й месяц войны: расширение войны на истощение Подробнее или без VPN | Купить VPN",d60b233bc6010893af216a9f99f00734c9df0a00e1433db59a34df83fbfc6d4b,143,false,82,inline_text,,,,,
1.0,https://reform.news/beldzhi-do-konca-postavit-na-konvejer-novuju-model,Reform.news,Беларусь,2026-09-04T08:29:05+00:00,telegram:https://t.me/s/reformby,«БелДжи» до конца поставит на конвейер новую модель,REJECT,relevance_rejected,needs_text,нет связки социальной темы и проблемы,"TITLE: «БелДжи» до конца поставит на конвейер новую модель
TEXT: «БелДжи» до конца поставит на конвейер новую модель Подробнее или без VPN | Купить VPN",9038c05674e1650b422c2b8cc3c7e418ce9f0cf5e9a2115a02e29e2bb8919514,151,false,86,inline_text,Витебская область,Поставы,,,
1.0,https://reform.news/v-belarus-privezut-kitajskih-blogerov,Reform.news,Беларусь,2026-09-04T09:26:13+00:00,telegram:https://t.me/s/reformby,В Беларусь привезут китайских блогеров,REJECT,relevance_rejected,needs_text,нет связки социальной темы и проблемы,"TITLE: В Беларусь привезут китайских блогеров
TEXT: В Беларусь привезут китайских блогеров Подробнее или без VPN | Купить VPN",677f0e3f7b21e47c7bdf70f976eb4214dca5fb34962c9b430cd941eb740dfd86,125,false,73,inline_text,,,,,
1.0,https://reform.news/v-bobrujske-muzhchina-umer-sluchajno-vypiv-rastvoritel,Reform.news,Беларусь,2026-09-04T07:56:57+00:00,telegram:https://t.me/s/reformby,"В Бобруйске мужчина умер, случайно выпив растворитель",REJECT,relevance_rejected,needs_text,нет связки социальной темы и проблемы,"TITLE: В Бобруйске мужчина умер, случайно выпив растворитель
TEXT: В Бобруйске мужчина умер, случайно выпив растворитель Подробнее или без VPN | Купить VPN",6355ce69301856d058d30c1c1990a1ffc948d21382c2b5ab2b2ac713e4e444d9,155,false,88,inline_text,Могилевская область,Бобруйск,,,
1.0,https://reform.news/milej-obostrjaet-konflit-s-velikobritaniej-vokrug-folklendov,Reform.news,Беларусь,2026-09-04T08:46:45+00:00,telegram:https://t.me/s/reformby,Милей обостряет конфлит с Великобританией вокруг Фолклендов,REJECT,relevance_rejected,needs_text,нет связки социальной темы и проблемы,"TITLE: Милей обостряет конфлит с Великобританией вокруг Фолклендов
TEXT: Милей обостряет конфлит с Великобританией вокруг Фолклендов Подробнее или без VPN | Купить VPN",250453cf6ef04fa9a01a86d2c9ff4b6ab9d1012af57c44e1bd8d5f553c5e599e,167,false,94,inline_text,,,,,
1.0,https://reform.news/sestry-svjato-elisavetinskogo-monastyrja-prodolzhajut-torgovat-vo-francii,Reform.news,Беларусь,2026-09-04T09:07:08+00:00,telegram:https://t.me/s/reformby,Сестры Свято-Елисаветинского монастыря продолжают торговать во Франции,REJECT,relevance_rejected,needs_text,нет связки социальной темы и проблемы,"TITLE: Сестры Свято-Елисаветинского монастыря продолжают торговать во Франции
TEXT: Сестры Свято-Елисаветинского монастыря продолжают торговать во Франции Подробнее или без VPN | Купить VPN",59c9d49105224dca5fd37bb531def8de810630068b1d5a6b776645ad26846d5c,189,false,105,inline_text,,,магазин/торговля,,
1.0,https://smartpress.by/news/v-belarusi-obnovili-spisok-spetsialnostey-dlya-voinskogo-ucheta-zhenshchin-komu-nuzhno-idti-v-voenko,Smartpress.by,Беларусь,2026-09-04T08:08:07+00:00,feed:https://smartpress.by/rss/news/ | homepage,В Беларуси обновили список специальностей для воинского учета женщин. Кому нужно идти в военкомат?,REJECT,relevance_rejected,possible,нет связки социальной темы и проблемы,"TITLE: В Беларуси обновили список специальностей для воинского учета женщин. Кому нужно идти в военкомат?
SUMMARY: В Беларуси обновили перечень специальностей, по которым женщины подлежат первоначальному приему на воинский учет. Документ опубликован на Национальном правовом интернет-портале. В Министерстве обороны объяснили, кого коснутся изменения и что делать тем, чья специальность появилась в списке только в 2026 году. Как пояснила официальный представитель Министерства обороны Беларуси подполковник Наталья Гаврусик, сам перечень существует уже много лет. “Обновился он лишь потому, что в медицине появились новые специальности, а некоторые начали называться иначе”, - рассказала она. Как и прежде, государство учитывает как военнообязанных женщин, достигших 19 лет и получивших специальность, которая входит в перечень. При этом Минобороны отдельно разъяснило ситуацию для тех, чья специальность попала в список только после нынешнего обновления. “Если на момент 1 января 2026 года вы уже дипломированный специалист и вам 20 и более лет, на учет становиться не нужно”, - подчеркнула Гаврусик. Остальным девушкам, которые получат специальность из обновленного перечня, необходимо обратиться в военкомат по месту жительства. С собой нужно взять паспорт, копию диплома и фотографию, а на месте написать заявление. В перечень вошли специальности среднего специального образования “Ветеринарная медицина”, “Лечебное дело”, “Сестринское дело”, “Медико-диагностическое дело” и “Фармация”. Для общего высшего образования указано “Сестринское дело” . Среди специальностей специального высшего образования - “Лечебное дело”, “Медико-профилактическое дело”, “Медико-диагностическое дело” и “Фармация”. Также в перечне есть специальности переподготовки на базе среднего специального образования: “Амбулаторно-поликлиническая помощь”, “Анестезиология”, “Рентгенология”, “Хирургия” и “Медицинское обеспечение воинской деятельности” . Обновленный перечень определяет специальности, необходимые для Вооруженных Сил, других войск и воинских формирований, по которым женщины с 19-летнего возраста подлежат первоначальному приему на воинский учет.
TEXT: В Беларуси обновили перечень специальностей, по которым женщины подлежат первоначальному приему на воинский учет. Документ опубликован на Национальном правовом интернет-портале. В Министерстве обороны объяснили, кого коснутся изменения и что делать тем, чья специальность появилась в списке только в 2026 году. Как пояснила официальный представитель Министерства обороны Беларуси подполковник Наталья Гаврусик, сам перечень существует уже много лет. “Обновился он лишь потому, что в медицине появились новые специальности, а некоторые начали называться иначе”, - рассказала она. Как и прежде, государство учитывает как военнообязанных женщин, достигших 19 лет и получивших специальность, которая входит в перечень. При этом Минобороны отдельно разъяснило ситуацию для тех, чья специальность попала в список только после нынешнего обновления. “Если на момент 1 января 2026 года вы уже дипломированный специалист и вам 20 и более лет, на учет становиться не нужно”, - подчеркнула Гаврусик. Остальным девушкам, которые получат специальность из обновленного перечня, необходимо обратиться в военкомат по месту жительства. С собой нужно взять паспорт, копию диплома и фотографию, а на месте написать заявление. В перечень вошли специальности среднего специального образования “Ветеринарная медицина”, “Лечебное дело”, “Сестринское дело”, “Медико-диагностическое дело” и “Фармация”. Для общего высшего образования указано “Сестринское дело” . Среди специальностей специального высшего образования - “Лечебное дело”, “Медико-профилактическое дело”, “Медико-диагностическое дело” и “Фармация”. Также в перечне есть специальности переподготовки на базе среднего специального образования: “Амбулаторно-поликлиническая помощь”, “Анестезиология”, “Рентгенология”, “Хирургия” и “Медицинское обеспечение воинской деятельности” .",85b01d5b6a71a2923dba8a5b02d8bd06a15e8efbf6f901ee382c446f832cae29,3959,false,1814,generic_html,,,,,
1.0,https://smartpress.by/news/v-loshitskom-parke-nachali-rekonstruirovat-melnitsu-i-kaplitsu,Smartpress.by,Беларусь,2026-09-04T07:51:13+00:00,feed:https://smartpress.by/rss/news/ | homepage,В Лошицком парке начали реконструировать мельницу и каплицу,REJECT,relevance_rejected,possible,нет связки социальной темы и проблемы,"TITLE: В Лошицком парке начали реконструировать мельницу и каплицу
SUMMARY: В Лошицком усадебно-парковом комплексе в Минске начались работы по реконструкции мельницы и каплицы. Строители одновременно приступили к двум объектам, сообщает официальный канал ГПО “Минскстрой”. Работы выполняет СУ-19 треста № 1. Это же управление ранее восстанавливало историческую застройку XVIII–XIX веков на улице Чижевских, 17 и в переулке Чижевских, 5 и 6. На мельнице уже начали усиливать фундаменты. Их армируют и бетонируют снаружи и изнутри. После этого предусмотрены гидроизоляция и обратная засыпка. Следующим этапом станет устройство буронабивных свай во внутреннем контуре здания. Работы идут и у каплицы. Строители обнажили фундаменты сохранившегося фрагмента и открыли основания утраченной части здания. Они выполнены из бутового камня и также будут усилены с двух сторон. Параллельно на площадке подсыпают склон и формируют откосы. Как отмечается в сообщении, изначально территория была неудобной для проведения работ. На обоих объектах работают археологи. Заказчиком реконструкции выступает предприятие “Минская спадчина”, проектировщиком – “Минскпроект”.
TEXT: В Лошицком усадебно-парковом комплексе в Минске начались работы по реконструкции мельницы и каплицы. Строители одновременно приступили к двум объектам, сообщает официальный канал ГПО “Минскстрой”. Работы выполняет СУ-19 треста № 1. Это же управление ранее восстанавливало историческую застройку XVIII–XIX веков на улице Чижевских, 17 и в переулке Чижевских, 5 и 6. На мельнице уже начали усиливать фундаменты. Их армируют и бетонируют снаружи и изнутри. После этого предусмотрены гидроизоляция и обратная засыпка. Следующим этапом станет устройство буронабивных свай во внутреннем контуре здания. Работы идут и у каплицы. Строители обнажили фундаменты сохранившегося фрагмента и открыли основания утраченной части здания. Они выполнены из бутового камня и также будут усилены с двух сторон. Параллельно на площадке подсыпают склон и формируют откосы. Как отмечается в сообщении, изначально территория была неудобной для проведения работ. На обоих объектах работают археологи. Заказчиком реконструкции выступает предприятие “Минская спадчина”, проектировщиком – “Минскпроект”.",b910508a5fbe68ac290278670131b69517cc4725104a35ba89615d5dc8ccc5aa,2233,false,1075,generic_html,Минск,Минск,,,
1.0,https://smartpress.by/news/v-minske-proshel-unikalnyy-tennisnyy-turnir-fonbet-one-point-slam-so-zvezdami-tennisa-i-lyubitelyami,Smartpress.by,Беларусь,,homepage,В Минске прошел уникальный теннисный турнир FONBET ONE POINT SLAM со звездами тенниса и любителями,REJECT,relevance_rejected,needs_text,нет связки социальной темы и проблемы,"TITLE: В Минске прошел уникальный теннисный турнир FONBET ONE POINT SLAM со звездами тенниса и любителями
TEXT: 30 августа в Минске на кортах РЦОП по теннису завершился уникальный турнир FONBET ONE POINT SLAM. Главное отличие от классического тенниса – матч состоит из одного розыгрыша. Участник, выигравший очко, побеждает во встрече. В формате, где один розыгрыш определяет всё, результат зависит и от мастерства, и от везения. Генеральным партнером турнира выступила букмекерская компания FONBET, которая регулярно поддерживает чемпионаты Беларуси по теннису и недавно объявила о партнерстве с крупнейшей любительской теннисной лигой страны – Лигой Тенниса. Информационную поддержку обеспечивал крупнейший международный медиаресурс о теннисе First&Red, а ведущим мероприятия стал Павел Кислый. В турнире приняли участие 96 человек: любители и профессионалы. Девушки и мужчины играли друг против друга без разделения по полу. Среди громких теннисных имен – Егор Герасимов, Екатерина Деголевич, Ярослав Шило. Также в турнире сыграл многократный чемпион Беларуси по хоккею Максим Слыш. Все встречи проходили по единой системе – один розыгрыш решал исход матча. Право подачи определялось жеребьевкой. Матчи между профессионалом и любителем проводились по специальным правилам: профессионал получал только одну попытку подачи, любитель – три. Это уравнивало шансы и делало исход встречи менее предсказуемым. Сетка турнира была построена с возможностью “второй жизни”: проигравшие в верхней сетке попадали в нижнюю и продолжали борьбу на выбывание. Общий призовой фонд составил 10 000 белорусских рублей. Победитель получил 5 000 BYN, финалист – 3 000 BYN, бронзовый призер – 2 000 BYN. Победителем турнира стал Валерий Микуленок – игрок Лиги Тенниса с 2014 года. В финале он обыграл Дмитрия Дюбайлова.",194793088eff78cdced46a9a351311d3e9b6517447230bf880461d09c4e7fa0f,1799,false,1687,generic_html,Минск,Минск,,,
1.0,https://smartpress.by/news/mart-nashel-narusheniya-pochti-vo-vsekh-proverennykh-magazinakh-dns,Smartpress.by,Беларусь,2026-09-04T08:52:34+00:00,feed:https://smartpress.by/rss/news/ | homepage,МАРТ нашел нарушения почти во всех проверенных магазинах DNS,KEEP,included,strong,,"TITLE: МАРТ нашел нарушения почти во всех проверенных магазинах DNS
SUMMARY: МАРТ подвел итоги контрольной деятельности за январь-август 2026 года. Одним из заметных эпизодов стали проверки сети DNS: мониторинги прошли в 12 из 16 торговых объектов, и в каждом нашли нарушения. Среди претензий ведомства - неполная информация о товарах, отсутствие ценников, несоблюдение обязательного ассортимента и другие нарушения. По итогам проверок МАРТ выдал шесть рекомендаций и пять предписаний о запрете реализации отдельных товаров. В частности, речь шла о картриджах и черных чернилах с истекшими сроками годности. Также в магазинах обнаружили продукцию без сертификатов соответствия - холодильники, стиральные машины, морозильники и другую технику. Об этом МАРТ намерен проинформировать Госстандарт. Нарушения выявляли и в сфере ценообразования других торговых объектов. Так, в Минской области КФХ “Дубица-агро” завышало предельные максимальные отпускные цены и оптовые надбавки при поставках плодоовощной продукции бюджетным организациям. После рассмотрения материалов хозяйство полностью возместило незаконно полученные бюджетные средства - около 88,1 тыс. рублей. В Гомельской области ПООО “АПС” при продаже ОАО “Житковичихимсервис” более 250 единиц запчастей, узлов и агрегатов превысило предельный уровень оптовых надбавок - до 50%. В отношении должностного лица начат административный процесс. Кроме того, МАРТ вынес предписания десяти субъектам хозяйствования, в том числе ООО “ЛедСвет”, ООО “ОМА”, ООО “РольфТрэйд”, ООО “Астра Энерджи”, ООО “ПРОФЗОНА” и ООО “Инструменткомплект Борисов”, за реализацию товаров, запрещенных к ввозу и обращению в Беларуси по предписанию Госстандарта. Всего за январь-август 2026 года МАРТ провел контрольно-аналитические мероприятия более чем в 3,7 тыс. торговых объектов, выдал свыше 1,6 тыс. рекомендаций и направил более 480 предписаний о запрете реализации товаров. Сумма штрафов в сфере торговли превысила 105,8 тыс. рублей. В сфере контроля за ценообразованием нарушения установили более чем у 220 субъектов хозяйствования. МАРТ выдал 112 предписаний об их устранении, а сумма штрафов превысила 235,6 тыс. рублей.
TEXT: МАРТ подвел итоги контрольной деятельности за январь-август 2026 года. Одним из заметных эпизодов стали проверки сети DNS: мониторинги прошли в 12 из 16 торговых объектов, и в каждом нашли нарушения. Среди претензий ведомства - неполная информация о товарах, отсутствие ценников, несоблюдение обязательного ассортимента и другие нарушения. По итогам проверок МАРТ выдал шесть рекомендаций и пять предписаний о запрете реализации отдельных товаров. В частности, речь шла о картриджах и черных чернилах с истекшими сроками годности. Также в магазинах обнаружили продукцию без сертификатов соответствия - холодильники, стиральные машины, морозильники и другую технику. Об этом МАРТ намерен проинформировать Госстандарт. Нарушения выявляли и в сфере ценообразования других торговых объектов. Так, в Минской области КФХ “Дубица-агро” завышало предельные максимальные отпускные цены и оптовые надбавки при поставках плодоовощной продукции бюджетным организациям. После рассмотрения материалов хозяйство полностью возместило незаконно полученные бюджетные средства - около 88,1 тыс. рублей. В Гомельской области ПООО “АПС” при продаже ОАО “Житковичихимсервис” более 250 единиц запчастей, узлов и агрегатов превысило предельный уровень оптовых надбавок - до 50%. В отношении должностного лица начат административный процесс. Кроме того, МАРТ вынес предписания десяти субъектам хозяйствования, в том числе ООО “ЛедСвет”, ООО “ОМА”, ООО “РольфТрэйд”, ООО “Астра Энерджи”, ООО “ПРОФЗОНА” и ООО “Инструменткомплект Борисов”, за реализацию товаров, запрещенных к ввозу и обращению в Беларуси по предписанию Госстандарта. Всего за январь-август 2026 года МАРТ провел контрольно-аналитические мероприятия более чем в 3,7 тыс. торговых объектов, выдал свыше 1,6 тыс. рекомендаций и направил более 480 предписаний о запрете реализации товаров. Сумма штрафов в сфере торговли превысила 105,8 тыс. рублей. В сфере контроля за ценообразованием нарушения установили более чем у 220 субъектов хозяйствования. МАРТ выдал 112 предписаний об их устранении, а сумма штрафов превысила 235,6 тыс. рублей.",9d1b3f2ad38f4a3f1808aa83be603b1197d1c5ab38005269140c2a493a673a00,4236,false,2076,generic_html,,,магазин/торговля,,
1.0,https://smartpress.by/news/passazhiram-mezhdunarodnykh-avtobusov-minsktransa-razreshili-besplatno-peresazhivatsya-blizhe-k-gran,Smartpress.by,Беларусь,2026-09-04T09:37:04+00:00,feed:https://smartpress.by/rss/news/ | homepage,Пассажирам международных автобусов “Минсктранса” разрешили бесплатно пересаживаться ближе к границе,REJECT,relevance_rejected,strong,нерелевантный формат: пункт пропуска,"TITLE: Пассажирам международных автобусов “Минсктранса” разрешили бесплатно пересаживаться ближе к границе
SUMMARY: Пассажиры международных рейсов “Минсктранса” могут бесплатно пересесть в другой автобус предприятия, который находится ближе к шлагбауму перед пунктом пропуска. Об этом сообщили в телеграм-канале предприятия. Такая пересадка позволяет сократить время ожидания перед пересечением границы. Однако есть несколько условий. Бесплатно пересесть можно только пассажирам, которые изначально едут на автобусе “Минсктранса”. Кроме того, пересадка возможна лишь при наличии свободных мест в автобусе, который находится впереди в очереди. Услуга действует в зоне ожидания перед въездом в пункт пропуска. За дополнительной информацией пассажиры могут обращаться по телефону +375 (29) 700-20-38. По теме До 48 часов ожидания: на границе Беларуси и Польши образовались длинные очереди Просидеть сутки в автобусе на границе: выходные, которые запомнятся надолго Брал до $150: в Бресте судили водителя автобуса за платные “подсадки” пассажиров на границе На границе Беларуси с Польшей и Литвой регулярно возникают очереди, из-за которых международные автобусы могут проводить в ожидании несколько часов. Особенно напряженной ситуация бывает на польском направлении через пункт пропуска “Брест” – “Тересполь”, где в периоды повышенного спроса пассажиры сталкиваются с многочасовым ожиданием. Иногда ждать приходится более 30 часов.
TEXT: Пассажиры международных рейсов “Минсктранса” могут бесплатно пересесть в другой автобус предприятия, который находится ближе к шлагбауму перед пунктом пропуска. Об этом сообщили в телеграм-канале предприятия. Такая пересадка позволяет сократить время ожидания перед пересечением границы. Однако есть несколько условий. Бесплатно пересесть можно только пассажирам, которые изначально едут на автобусе “Минсктранса”. Кроме того, пересадка возможна лишь при наличии свободных мест в автобусе, который находится впереди в очереди. Услуга действует в зоне ожидания перед въездом в пункт пропуска. За дополнительной информацией пассажиры могут обращаться по телефону +375 (29) 700-20-38.",676137e166c013c37b96a5876ac062ef0e7503e90b48bbf66cacdfef99366b9d,2117,false,681,generic_html,Брестская область,Брест,общественный транспорт,очередь/задержка,брест|public_transport|queue_delay
1.0,https://smartpress.by/news/shnobel,Smartpress.by,Беларусь,2026-09-04T08:32:45+00:00,feed:https://smartpress.by/rss/news/ | homepage,"Шнобелевская премия 2026: зачем ученые закапывали трусы, изучали поцелуи и запах подростков",REJECT,relevance_rejected,possible,нет связки социальной темы и проблемы,"TITLE: Шнобелевская премия 2026: зачем ученые закапывали трусы, изучали поцелуи и запах подростков
SUMMARY: Закопать тысячу пар трусов, превратить комариный хоботок в деталь 3D-принтера и выяснить, почему родителям нравится запах младенцев, но меньше - подростков. За такие работы 3 сентября в Цюрихе вручили Шнобелевские премии 2026 года. Всего наградили десять команд. Мы выбрали исследования, которые звучат особенно абсурдно, и разобрались, зачем ученые ими занимались. Закопать трусы, чтобы проверить почву Премию по почвоведению получили Франц Бендер, Марсель ван дер Хейден, Атлант Биери и Пиа Вивиани. Организаторы наградили их за эксперимент с 1000 одинаковых пар хлопкового белья, которые закопали более чем в 25 странах, а через два месяца выкопали. Шутка здесь заканчивается довольно быстро. Хлопок состоит в основном из целлюлозы, которую разрушают почвенные организмы. Чем активнее жизнь в грунте, тем сильнее исчезает ткань. В опубликованном исследовании метод использовали вместе с обычными анализами почвы и предложили “индекс трусов” как простой способ показать ее биологическую активность. Практический смысл: это не замена лаборатории, зато дешевый и понятный индикатор, который позволяет фермерам, садоводам и участникам гражданских научных проектов буквально увидеть работу почвенной экосистемы. Как сделать писсуар, который почти не брызгается Физическую премию получили исследователи, рассчитавшие геометрию писсуара с минимальным разбрызгиванием. Эксперименты показали: когда струя встречается с поверхностью под углом около 30° или меньше, объем брызг резко сокращается - модель давала снижение примерно на 95% относительно максимума. Практический смысл: меньше брызг означает более чистые туалеты, меньше воды и моющих средств на уборку. Авторы также проектировали формы, удобные для людей разного роста и пользователей инвалидных колясок. Зачем выяснять, как правильно сморкаться Медицинскую премию посмертно получил японский врач Токудзи Унно за работу 1977 года How to Blow the Nose - An Aerodynamic Study of the Nose Blowing. Исследователи измеряли скорость и объем воздуха при сморкании через одну и обе ноздри, а также изменения давления в наружном слуховом проходе. Цель была вполне медицинской - получить данные о привычном действии, для которого врачи давали советы, практически не имея измерений. Практический смысл: работа описала аэродинамику сморкания и дала основу для более предметных рекомендаций пациентам. Но превращать исследование почти 50-летней давности в современную медицинскую инструкцию без дополнительных данных не стоит. Комариный хоботок превратили в сопло 3D-принтера Технологическую премию получила международная команда за “некропечать”: ученые использовали хоботок самки комара как сверхтонкое сопло. Он позволял печатать линии шириной около 20 микрометров и выдерживал давление примерно 60 кПа. Исследователи печатали геометрические структуры и биологические каркасы с клетками. Практический смысл: не в том, чтобы собирать промышленный принтер из комаров. Работа показывает, что готовые микроскопические конструкции, созданные природой, можно использовать там, где искусственные детали сложны или дороги, например в микропроизводстве и биопечати. А зачем ученым давать определение поцелую? Биомеханическую премию получили Матильда Бриндл, Кэтрин Талбот и Стюарт Уэст. Они предложили формальное определение поцелуя, подходящее не только человеку: мирный контакт “рот в рот” между представителями одного вида, с движением губ или ротовых частей и без передачи пищи. После этого исследователи сравнили поведение приматов и построили эволюционную модель. По их оценке, поцелуи могли возникнуть у общего предка крупных человекообразных обезьян примерно 16,9-21,5 млн лет назад. Модель допускает и поцелуи у неандертальцев, хотя авторы подчеркивают, что данных пока немного. Практический смысл: единое определение позволяет сравнивать поведение разных видов и проверять гипотезы о происхождении поцелуя, социальных связях и половом поведении. Почему младенцы пахнут родителям лучше подростков Премию за исследования обоняния получили Илона Крой, Томаш Фрацковяк, Томас Хуммель и Агнешка Сороковска. Они опросили 235 родителей, которые оценивали запах 367 детей. Чем старше был ребенок, тем ниже в среднем оказывалась оценка приятности его запаха. Это не означает, что ученые доказали: “подростки плохо пахнут”. Они обнаружили возрастную тенденцию в субъективных оценках родителей. Практический смысл: запах может участвовать в формировании связи между родителем и ребенком. Исследование помогает понять один из малоизученных сенсорных механизмов привязанности. Иногда хороший друг должен плохо относиться к вашему врагу Премию мира получили Джейми Арона Кремс, Ребекка Ханель-Питерс, Лореон Мерри, Кила Уильямс и Даниэль Шнайцер за работу Sometimes We Want Vicious Friends. В шести исследованиях с участием 1183 человек выяснилось: люди обычно хотят видеть друзей добрыми и надежными, но не обязательно по отношению ко всем. В некоторых ситуациях участникам больше нравился друг, который негативно относился к их врагам. Практический смысл : исследование показывает, что дружескую лояльность мы оцениваем не только по отношению друга к нам. Имеет значение, как он ведет себя с людьми из нашего социального окружения - союзниками, незнакомцами и противниками. Правда ли богатые чаще забирают конфеты у детей Экономическую премию получили Пол Пифф, Даниэль Станкато, Стефан Коте, Родольфо Мендоса-Дентон и Дачер Келтнер. В одном из экспериментов участникам поставили банку со сладостями и сообщили, что конфеты предназначены детям из соседней лаборатории. Люди, относившие себя к более высокому социальному классу, в среднем брали больше. В других частях исследования они чаще нарушали правила дорожного движения, демонстрировали готовность солгать на переговорах или смошенничать ради выигрыша. Практический смысл: авторы изучали связь социального статуса, отношения к жадности и этического поведения. Работа не доказывает, что богатый человек обязательно поступает хуже бедного: речь идет о статистических различиях в конкретных экспериментах и наблюдениях. Почему Шнобелевка вообще награждает за такое Шнобелевскую премию вручают с 1991 года за достижения, которые, по формулировке организаторов, “сначала заставляют смеяться, а потом задуматься”. В 2026 году церемония впервые прошла за пределами США - в Цюрихе. Награды победителям вручали в том числе настоящие нобелевские лауреаты, а зрители по традиции забрасывали сцену бумажными самолетиками.
TEXT: Закопать тысячу пар трусов, превратить комариный хоботок в деталь 3D-принтера и выяснить, почему родителям нравится запах младенцев, но меньше - подростков. За такие работы 3 сентября в Цюрихе вручили Шнобелевские премии 2026 года. Всего наградили десять команд. Мы выбрали исследования, которые звучат особенно абсурдно, и разобрались, зачем ученые ими занимались. Премию по почвоведению получили Франц Бендер, Марсель ван дер Хейден, Атлант Биери и Пиа Вивиани. Организаторы наградили их за эксперимент с 1000 одинаковых пар хлопкового белья, которые закопали более чем в 25 странах, а через два месяца выкопали. Шутка здесь заканчивается довольно быстро. Хлопок состоит в основном из целлюлозы, которую разрушают почвенные организмы. Чем активнее жизнь в грунте, тем сильнее исчезает ткань. В опубликованном исследовании метод использовали вместе с обычными анализами почвы и предложили “индекс трусов” как простой способ показать ее биологическую активность. Практический смысл: это не замена лаборатории, зато дешевый и понятный индикатор, который позволяет фермерам, садоводам и участникам гражданских научных проектов буквально увидеть работу почвенной экосистемы. Физическую премию получили исследователи, рассчитавшие геометрию писсуара с минимальным разбрызгиванием. Эксперименты показали: когда струя встречается с поверхностью под углом около 30° или меньше, объем брызг резко сокращается - модель давала снижение примерно на 95% относительно максимума. Практический смысл:",83b635f94b76418efbc71a13883bba751fad944408a57ea4b7dff6521912be01,7998,true,5976,generic_html,Витебская область,Поставы,медицина,повреждение/плохое состояние,поставы|healthcare|damage
1.0,https://sputnik.by/20260904/invalid-po-zreniyu-umer-posle-otravleniya-rastvoritelem-v-bobruyske-1110480962.html,Sputnik Беларусь,Беларусь,2026-09-04T09:03:00+00:00,feed:https://sputnik.by/export/rss2/archive/index.xml | homepage | sitemap:https://sputnik.by/sitemap.xml | sitemap:https://sputnik.by/sitemap_article.xml?date_start=20260901&date_end=20260930,Инвалид по зрению умер после отравления растворителем в Бобруйске,REJECT,relevance_rejected,possible,нет связки социальной темы и проблемы,"TITLE: Инвалид по зрению умер после отравления растворителем в Бобруйске
SUMMARY: Эксперты-химики исследовали жидкое содержимое бутылки, изъятой в доме погибшего, в ее составе обнаружены токсичные соединения – метанол, бензол, толуол и этилбензол.
TEXT: МИНСК, 4 сен – Sputnik. Трагический инцидент произошел в Бобруйске, 49-летний мужчина, инвалид по зрению, скончался после того, как выпил растворитель, об этом сообщили в управлении Государственного комитета судебных экспертиз по Могилевской области.Мужчину обнаружили дома в бессознательном состоянии. Рядом с ним находилась бутылка с растворителем. Сотрудники скрой помощи доставили пациента в больницу в тяжелом состоянии. Врачи поставили диагноз ""острое пероральное отравление химическим веществом"" – в анализах были обнаружены ацетон и метанол.Судебно-медицинская экспертиза подтвердила, что причиной гибели стало отравление технической жидкостью, содержащей метанол и ацетон. Отравление спровоцировало целый ряд патологических процессов в органах желудочно-кишечного тракта, развился синдром полиорганной недостаточности и воспалительные процессы в дыхательной системе.Это привело к респираторному дистресс-синдрому – неспособности легких поддерживать функцию газообмена, что и стало причиной смерти.Эксперты-химики исследовали жидкое содержимое бутылки с этикеткой ""Растворитель 646"", изъятой в доме погибшего. В ее составе обнаружены токсичные соединения – метанол, бензол, толуол и этилбензол, которые являются компонентами растворителя.Бобруйский межрайонный отдел СК установил, что смерть мужчины не имеет криминального характера – данную опасную жидкость он употребил случайно.Судебные эксперты предупреждают: во избежание отравлений необходимо хранить технические жидкости в специально отведенных местах, лучше всего помечать их надписями ""не пить! опасно!"", и не переливать их в бутылки из-под пищевых напитков.Самые интересные и важные новости ищите в нашем Telegram-канале, МАКС и Viber. Также следите за нами в Дзен!",8a373e20bad5a6e74d4b22ddc92183919eb5d56506626cf8a09bc6990c9dc42b,1987,false,1733,generic_html,Могилевская область,Бобруйск,,,
1.0,https://sputnik.by/20260904/malashko-deti-iz-belarusi-i-rossii-stroyat-obschee-soyuznoe-buduschee-1110478880.html,Sputnik Беларусь,Беларусь,2026-09-04T08:45:00+00:00,feed:https://sputnik.by/export/rss2/archive/index.xml | homepage | sitemap:https://sputnik.by/sitemap.xml | sitemap:https://sputnik.by/sitemap_article.xml?date_start=20260901&date_end=20260930,Малашко: дети из Беларуси и России строят общее союзное будущее,REJECT,relevance_rejected,needs_text,нет связки социальной темы и проблемы,"TITLE: Малашко: дети из Беларуси и России строят общее союзное будущее
SUMMARY: День Союзного государства Беларуси и России проходит в детском реабилитационно-оздоровительном центре ""Жемчужина"" в Лепельском районе.
TEXT: МИНСК, 4 сен – Sputnik. Более пяти тысяч ребят из Беларуси и России прошли курс оздоровления в реабилитационно-оздоровительном центре ""Жемчужина"" в рамках союзной программы, сообщил журналистам председатель комиссии по здравоохранению Парламентского собрания Беларуси и России Валерий Малашко, передает корреспондент Sputnik. Сегодня в ""Жемчужине"" проходит масштабный праздник, в котором принимают участие около 250 детей из Беларуси и России. ""Программа детей, пострадавших от Чернобыльской катастрофы, от иных техногенных катастроф, является уникальной. Комиссия по здравоохранению Парламентского собрания Союзного государства уже не первый год является комиссией, которая отстаивает возможность этого оздоровления, в том числе мы настаиваем на постоянном увеличении количества детей"", – отметил Малашко. По его словам, здесь дети получают не только оздоровление, меняют подходы к питанию, физической активности, но и вместе строят будущее. ""Самое главное, что дети Беларуси и России общаются, находят общие интересы, появляется дружба. Это залог того, что наше Союзное государство в дальнейшем будет наполнено настоящими гражданами, которые знают друг друга, уважают друг друга и вместе строят свое будущее"", – сообщил председатель комиссии. Программа действует с 2006 года, и за это время прошли оздоровление больше пяти тысяч юных граждан Беларуси и России.По словам Малашко, в ""Жемчужине"" в празднике Союзного государства примет участие порядка 240 детей из регионов Российской Федерации (Тульская, Калужская, Брянская области, Республика Алтай) и Беларуси (Гродненская, Могилевская, Гомельская области). При этом он высказал уверенность, что ребята получают не просто позитивную эмоцию, но и влюбляются в Беларусь. Он также рассказал, что не единичны случаи, когда российские ребята после оздоровления продолжают учиться в белорусских университетах и дружить.""Я даже не сомневаюсь, что будут строиться общие семьи"", – предположил Малашко.Как рассказали Sputnik в спортивно-оздоровительном центре ""Жемчужина"", за последние 20 лет в центре за счет средств Союзного государства прошли курс санаторно-курортного лечения 5 205 ребят из России и Беларуси. В 2026 году в центре по программе Союзного государства проходят курс лечения 242 ребенка.Помимо диагностических и лечебно-оздоровительных процедур для детей проводят учебные занятия в специально оборудованных классах и компьютерных кабинетах, большое внимание уделяется проведению мероприятий по союзной тематике.Самые интересные и важные новости ищите в нашем Telegram-канале, МАКС и Viber. Также следите за нами в Дзен!",b3c6ffc7a2c17cadcb19a0b96658424663d7bc1266d63431d1745ef88968f72c,2799,false,2578,generic_html,,,,,
1.0,https://sputnik.by/20260904/molodost-nichego-ne-garantiruet-pochemu-insulty-byvayut-dazhe-u-detey-1110478612.html,Sputnik Беларусь,Беларусь,2026-09-04T08:38:00+00:00,feed:https://sputnik.by/export/rss2/archive/index.xml | homepage | sitemap:https://sputnik.by/sitemap.xml | sitemap:https://sputnik.by/sitemap_article.xml?date_start=20260901&date_end=20260930,Молодость ничего не гарантирует: почему инсульты бывают даже у детей,KEEP,included,possible,,"TITLE: Молодость ничего не гарантирует: почему инсульты бывают даже у детей
SUMMARY: Если у совсем маленьких детей причиной недуга являются врожденные заболевания, то по мере взросления на первый план выходят внешние причины.
TEXT: Чаще всего инсульт случается у людей старше 70 лет – в этом плане медицинская статистика неумолима. Однако молодость все же не является гарантированной страховкой от болезни, отметила в эфире программы ""PRO Здоровье"" на СБТВ врач-невролог, заведующий неврологическим отделением номер два для больных с нарушением мозгового кровообращения минской городской Больницы скорой медицинской помощи Светлана Малюкова.По ее словам, инсульты могут развиться даже у детей. Чаще всего причиной острого нарушения мозгового кровообращения в детском и юном возрасте становятся сопутствующие заболевания, чаще всего врожденные. К таким, например, относятся болезни сердечно-сосудистой системы, гематологические болезни.Эти заболевания, как правило, передаются по наследству и могут привести к инсультам даже в детстве, подчеркнула невролог.&gt;&gt;&gt; Ночь темнее перед рассветом: невролог о том, когда случается инсультЧто касается юности и молодого возраста, здесь риски возрастают из-за появления дополнительных, внешних факторов. Среди них Малюкова особо выделила употребление энергетических напитков и курение вейпов.В возрастной группе от 15 до 45 лет именно употребление энергетиков и курение вейпов увеличивает вероятность ранних инсультов. Если же при этом есть проблемы со стороны сердца или сосудов, риски возрастают многократно, заключила Малюкова.Самые интересные и важные новости ищите в нашем Telegram-канале, МАКС и Viber. Также следите за нами в Дзен!",6155d635227e6dc5383f65ba9c6898539b1fa89387060e961d8c30bb4003bb0d,1685,false,1453,generic_html,,,,,
1.0,https://sputnik.by/20260904/ne-tolko-zerno-v-belarusi-gotovyatsya-k-uborke-arbuzov-1110476728.html,Sputnik Беларусь,Беларусь,2026-09-04T07:55:00+00:00,feed:https://sputnik.by/export/rss2/archive/index.xml | homepage | sitemap:https://sputnik.by/sitemap.xml | sitemap:https://sputnik.by/sitemap_article.xml?date_start=20260901&date_end=20260930,Не только зерно: в Беларуси готовятся к уборке арбузов,REJECT,relevance_rejected,possible,нет связки социальной темы и проблемы,"TITLE: Не только зерно: в Беларуси готовятся к уборке арбузов
SUMMARY: Белорусским аграриям осталось совсем немного до завершения уборки зерновых культур, на очереди - поля с кукурузой.
TEXT: МИНСК, 4 сен – Sputnik. Практически 99,1% зерновых уже убрано, осталось убрать примерно 13 тыс. гектаров гречихи, сообщил журналистам начальник главного управления растениеводства Минсельхозпрода Беларуси Николай Лешик, передает корреспондент Sputnik.Также осталось убрать и немного более одной тысячи гектаров проса. Есть и другие культуры, которые, в силу биологических особенностей созревают немножко позже. Представитель министерства отметил, что это будет зависеть от погоды. Затем останется убрать на зерно только кукурузу – порядка 390 тыс. га. Ожидается, что ее будет заготовлено около 2 млн 300 тысяч тонн.Начали аграрии и уборку сахарной свеклой – в это году немного раньше. Лешик напомнил о рекорде прошлого года. В этом году ожидается меньший объем, но тоже немалый – 5,8 млн тонн. С учетом мощности, которые есть сейчас у перерабатывающих заводов и было решено начать уборку на 5 дней раньше, чем было в 2025-м.Уборка картофеля тоже начата.""О закладке на хранение картофеля говорить рано, темпы незначительные, но уборка ведется"", – пояснил Лешик.Кроме того, на склады и прилавки магазинов поступят отечественные капуста, лук, свекла, морковь, зеленый горошек и другое.Помимо того, определено заложить в стабилизационные фонды порядка 27 тысяч тонн яблок зимних сортов. В целом прогнозируется урожай примерно 170-175 тыс. тонн. Ранних сортов собрали уже около 7 тыс. тонн, их поставили как в торговые сети, так и переработчикам.Самые интересные и важные новости ищите в нашем Telegram-канале, МАКС и Viber. Также следите за нами в Дзен!",4e29de56ec51797ed3ec1a4f8f78d677e2542267ed4ec22284faf729573cd53d,1741,false,1549,generic_html,,,,очередь/задержка,
1.0,https://sputnik.by/20260904/po-individualnym-programmam-malashko-rasskazal-ob-ozdorovlenii-detey-v-sg-1110483515.html,Sputnik Беларусь,Беларусь,2026-09-04T09:56:00+00:00,feed:https://sputnik.by/export/rss2/archive/index.xml | homepage | sitemap:https://sputnik.by/sitemap.xml | sitemap:https://sputnik.by/sitemap_article.xml?date_start=20260901&date_end=20260930,По индивидуальным программам: Малашко рассказал об оздоровлении детей в СГ,REJECT,relevance_rejected,needs_text,нет связки социальной темы и проблемы,"TITLE: По индивидуальным программам: Малашко рассказал об оздоровлении детей в СГ
SUMMARY: В программу оздоровления детей входят медицинские и оздоровительные мероприятия, а также питание, которое можно организовать индивидуально.
TEXT: МИНСК, 4 сен – Sputnik. Союзная программа оздоровления детей рассчитана на индивидуальный подход к каждому, сообщил журналистам председатель комиссии по здравоохранению Парламентского собрания Беларуси и России Валерий Малашко, передает корреспондент Sputnik. Сегодня в реабилитационно-оздоровительном центре ""Жемчужина"" проходит масштабный праздник, в котором принимает участие около 250 детей из Беларуси и России. В программу входят медицинские и оздоровительные мероприятия, а также питание, которое можно организовать индивидуально для каждого.По его словам, очень важно, что в ""Жемчужине"" есть все возможности активности для детей, которые приехали на оздоровление. ""Вот в этом году мы увидели ""веревочный городок"". Здесь хорошее ядро стадиона. И дети не прилагают усилия для того, чтобы становиться здоровее. Они делают это с колоссальным удовольствием"", – подчеркнул Малашко. Парламентарий особо подчеркнул, что российские ребята, которые приезжают на оздоровление в Беларусь, по-новому открывают для себя страну. ""Это очень важно, чтобы дети, как российские, так и белорусские, не просто оздоравливались, но и открывали для себя Беларусь"", – отметил он. Как рассказали Sputnik ребята из Тульской области, которые сейчас находятся на оздоровительной смене в ""Жемчужине"", им очень нравится в Беларуси. Детям уже организовали экскурсии в Минск, Гродно и другие горда. ""Нам очень нравится в Беларуси, хотим приехать сюда еще раз"", – сказала Татьяна из Тулы. И белорусские, и российские ребята особенно отметили вкусное и качественное питание в ""Жемчужине"", и рассказали, что их кормят шесть раз в день. Самые интересные и важные новости ищите в нашем Telegram-канале, МАКС и Viber. Также следите за нами в Дзен!",4dd3d21480c9d5afa7d565a1e51f7305a869035fdd7c764fbe440e8f9654b620,1953,false,1716,generic_html,,,медицина,,
1.0,https://sputnik.by/20260904/rekonstruktsiya-melnitsy-i-kaplitsy-nachalas-v-loshitskom-parke--1110477755.html,Sputnik Беларусь,Беларусь,2026-09-04T08:18:00+00:00,feed:https://sputnik.by/export/rss2/archive/index.xml | homepage | sitemap:https://sputnik.by/sitemap.xml | sitemap:https://sputnik.by/sitemap_article.xml?date_start=20260901&date_end=20260930,Реконструкция мельницы и каплицы началась в Лошицком парке,REJECT,relevance_rejected,possible,нет связки социальной темы и проблемы,"TITLE: Реконструкция мельницы и каплицы началась в Лошицком парке
SUMMARY: Сейчас специалисты усиливают фундаменты мельницы: их армируют и бетонируют снаружи и изнутри. После этого будут выполнены гидроизоляция и обратная засыпка.
TEXT: МИНСК, 4 сен – Sputnik. Работы по реконструкции двух исторических объектов – мельницы и каплицы начались в Лошицком усадебно-парковом комплексе, об этом сообщили на предприятии ""Минскстрой"".Работы ведет СУ-19 треста № 1. Это же подразделение ранее занималось восстановлением исторической застройки XVIII–XIX веков на улице Чижевских в Минске.Сейчас специалисты усиливают фундаменты мельницы: их армируют и бетонируют снаружи и изнутри. После этого будут выполнены гидроизоляция и обратная засыпка, а затем – устройство буронабивных свай во внутреннем контуре здания.Что касается каплицы, то там уже открыты бутовые фундаменты сохранившегося фрагмента и утраченной части постройки. Их также усилят снаружи и изнутри. Вместе со строителями на обоих объектах работают археологи.Каплица ПрушинскихКаплица появилась в Лошице в XVIII веке. Это было восьмигранное кирпичное здание с куполом. Фасады украшали пилястры, лепной декор и карниз, а над входной дверью располагался фронтон. Кровля сначала была гонтовой, позже ее заменили на металлическую.Время не пощадило постройку: сегодня от нее остались лишь фрагменты стен. После реконструкции в каплице разместятся постоянная и сменные тематические экспозиции.Мельница Мельница была построена по проекту 1901 года при Евстафии Любанском (владелец Лошицкой усадьбы в то время, он превратил ее в одно из самых успешных хозяйств Минской губернии – Sputnik). Мельница – прямоугольное кирпичное здание высотой в три этажа. Главный фасад, выходивший на подъездную дорогу, украшали пилястры, карниз и сандрики над окнами и дверями.К мельнице со стороны реки примыкала небольшая пристройка, которая не сохранилась, но при реставрации ее планируют воссоздать. Проектируемое здание будет трехэтажным, с мансардным этажом и одноэтажной пристройкой.В будущем посетители смогут увидеть, как работает настоящий мельничный механизм, понаблюдать за процессом выпечки белорусского каравая и продегустировать свежую выпечку. На территории появятся летнее кафе и сувенирный павильон.Самые интересные и важные новости ищите в нашем Telegram-канале, МАКС и Viber. Также следите за нами в Дзен!",e36ae3b221b4b9229e994b5cd7be89b53be824d4d0688b41fe429ff36c5ba310,2352,false,2115,generic_html,,,озеленение/покос,,
1.0,https://sputnik.by/20260904/rossiyskie-voyska-osvobodili-dva-naselennykh-punkta-v-dnr-1110482808.html,Sputnik Беларусь,Беларусь,2026-09-04T09:48:00+00:00,feed:https://sputnik.by/export/rss2/archive/index.xml | homepage | sitemap:https://sputnik.by/sitemap.xml | sitemap:https://sputnik.by/sitemap_article.xml?date_start=20260901&date_end=20260930,Российские войска освободили два населенных пункта в ДНР,REJECT,relevance_rejected,possible,нет связки социальной темы и проблемы,"TITLE: Российские войска освободили два населенных пункта в ДНР
SUMMARY: По данным Минобороны РФ, за минувшую неделю украинские формирования понесли существенные потери в зонах ответственности российских группировок.
TEXT: МИНСК, 4 сен – Sputnik. ВС РФ освободили за минувшие сутки населенные пункты Грузское и Никаноровку в ДНР сообщили в пресс-службе Минобороны.Контроль над Никаноровкой установили бойцы ""Южной"" группировки войск. Населенный пункт Грузское освободили подразделения группировки ""Центр"".""Вчера, 3 сентября, освободили населенный пункт Никаноровка Донецкой Народной Республики (...). И населенный пункт Грузское Донецкой Народной Республики"", – говорится в сообщении.Сводка Минобороны РФ за неделюПо данным Минобороны РФ, за минувшую неделю украинские формирования понесли существенные потери в зонах ответственности российских группировок.Подразделения группировки ""Восток"" ликвидировали более 2230 военнослужащих, шесть боевых бронированных машин и 50 автомобилей.В зоне ответственности группировки ""Днепр"" потери противника составили свыше 330 военных, шесть бронемашин, 120 автомобилей и 15 станций радиоэлектронной борьбы.Группировка войск ""Юг"" уничтожила более 1365 военнослужащих, 20 боевых бронированных машин, 181 автомобиль и 17 орудий полевой артиллерии.Группировка ""Запад"" вывела из строя свыше 1415 военных. Подразделения ""Севера"" за неделю освободили семь населенных пунктов, потери ВСУ составили более 1660 военных.Кроме того, российские силы вывели из строя ряд объектов инфраструктуры украинских портов, которые обеспечивали прием и хранение грузов военного назначения, а также горюче-смазочных материалов для ВСУ, подчеркнули в Минобороны.Самые интересные и важные новости ищите в нашем Telegram-канале, МАКС и Viber. Также следите за нами в Дзен!",a94f83a854914d245922e83dcccbba3fdfbcde81d815920c49f8c5bb1652a5db,1782,false,1559,generic_html,,,,,
1.0,https://sputnik.by/20260904/totalnyy-blekaut-na-zaes-net-vneshnego-elektrosnabzheniya-bolee-dvukh-nedel-1110481613.html,Sputnik Беларусь,Беларусь,2026-09-04T09:26:00+00:00,feed:https://sputnik.by/export/rss2/archive/index.xml | homepage | sitemap:https://sputnik.by/sitemap.xml | sitemap:https://sputnik.by/sitemap_article.xml?date_start=20260901&date_end=20260930,Тотальный блэкаут: на ЗАЭС нет внешнего электроснабжения более двух недель,KEEP,included,possible,,"TITLE: Тотальный блэкаут: на ЗАЭС нет внешнего электроснабжения более двух недель
SUMMARY: Доставить дизельное топливо и пополнить его запасы для работы резервных генераторов на ЗАЭС невозможно из-за обстрелов ВСУ.
TEXT: МИНСК, 4 сен – Sputnik. Запорожская АЭС остается без внешнего электроснабжения уже 16-е сутки, об этом сообщила директор по коммуникациям станции Евгения Яшина.Внешнее электроснабжение ЗАЭС было прервано 20 августа после повреждения линии ""Ферросплавная-1"". Место повреждения находится на территории, контролируемый украинскими военными.Станция была переведена на резервное питание и обеспечивается энергией от дизель-генераторов. Яшина подчеркнула, что персонал держит ситуацию под полным контролем, безопасная эксплуатация обеспечена.""Ситуация с энергоснабжение не изменилась. Запорожская АЭС 16-е сутки функционирует в условиях отсутствия внешнего электроснабжения"", – приводит слова директора по коммуникациям АЭС агентство РИА Новости.По ее словам, по продолжительности это уже второй подобный период: ранее осенью 2025 года станция находилась без внешнего энергоснабжения в течение месяца.Лихачев: Украина намеренно саботирует ядерную безопасность ЗАЭС&gt;&gt;&gt;Яшина обратила внимание, что на АЭС имеется достаточное количество дизельного топлива. Однако из-за обстрелов украинских военных доставить топливо и пополнить его запасы, необходимые для работы резервных генераторов, сейчас невозможно.Также директор по коммуникациям сообщила, что продолжается согласование режима тишины для ремонта линии ""Ферросплавная-1"".Основная линия ""Днепровская"" мощностью 750 киловольт была отключена из-за повреждения еще с 24 марта.ЗАЭС находится на левом берегу Днепра рядом с городом Энергодар. Это крупнейшая по числу блоков и установленной мощности АЭС в Европе. В октябре 2022 года атомная станция перешла в собственность России.Самые интересные и важные новости ищите в нашем Telegram-канале, МАКС и Viber. Также следите за нами в Дзен!",c1b8e3bb592f165d803ce98d5a0556ba52f01483ed3601096d5b13aaf443afcd,1959,false,1738,generic_html,,,река/озеро/берег,,
1.0,https://sputnik.by/20260904/trener-srazu-vtsepilas-v-menya-zenko-o-tom-kak-popal-v-figurnoe-katanie-1110481193.html,Sputnik Беларусь,Беларусь,2026-09-04T09:08:00+00:00,feed:https://sputnik.by/export/rss2/archive/index.xml | homepage | sitemap:https://sputnik.by/sitemap.xml | sitemap:https://sputnik.by/sitemap_article.xml?date_start=20260901&date_end=20260930,"Тренер сразу вцепилась в меня: Зенько о том, как попал в фигурное катание",REJECT,relevance_rejected,needs_text,нет связки социальной темы и проблемы,"TITLE: Тренер сразу вцепилась в меня: Зенько о том, как попал в фигурное катание
SUMMARY: Сначала фигурист тренировался в Минске, а в возрасте шести лет переехал в Москву, где попал к именитым преподавателям.
TEXT: МИНСК, 4 сен – Sputnik. Тренер-преподаватель по фигурному катанию, трехкратный чемпион Беларуси, участник чемпионата Европы и юниорского чемпионата мира Яков Зенько рассказал, что начал заниматься фигурным катанием, когда ему было всего четыре года. Своими воспоминаниями он поделился во время круглого стола в мультимедийном пресс-центре Sputnik Беларусь.Отвечая на вопрос о том, как начался его путь в фигурном катании, Зенько отметил, что все было довольно банально. ""Папа с мамой привели меня на каток. Я посмотрел, как остальные дети катаются, и мне очень понравилось. Мы подошли к тренеру, который был уже тогда на площадке. Она очень добродушно отнеслась ко мне. Мальчиков очень мало в нашем виде спорта, поэтому она сразу вцепилась в возможность взять себе под крыло еще одного"", – рассказал тренер-преподаватель. После этого он начал активно тренироваться. Этот вид спорта его все больше увлекал и нравился – больше, чем футбол, хоккей и другие.В фигурное катание Зенько пришел, когда ему было всего четыре года. Сначала он тренировался в Минске, а в шесть лет родители перевезли его в Москву. Там Зенько тренировался под руководством таким именитых специалистов, как Этери Тутберидзе, Сергей Дудаков, Юлия Солдатова и Даниил Глейхангауз. ""Каждый из этих тренеров вложил, скажем так, свой кусочек в этот паззл. Сначала, когда мы переехали, я тренировался у Юлии Николаевны Солдатовой. Она работала в Москве, но выступала в том числе и за Беларусь. После этого она мне посоветовала двигаться дальше, и мы перешли к Этери Георгиевне Тутберидзе, Сергею Викторовичу Дудакову, Даниилу Марковичу Глейхангаузу. И там уже из меня сделали не просто юниора, а настоящего спортсмена"", – поделился Зенько.По его словам, те навыки и база, которые были заложены тренерами в Минске и в Москве, позволили спортсмену дойти до высоких достижений.Самые интересные и важные новости ищите в нашем Telegram-канале, МАКС и Viber. Также следите за нами в Дзен!",c2c5afee61f25635d66fef1380f6bfcb944f07117f0482432177ef6a7f927753,2160,false,1945,generic_html,Минск,Минск,,,
1.0,https://sputnik.by/20260904/shved-i-krasnov-obsudili-tsifrovizatsiyu-pravosudiya-na-forume-briks-v-indii-1110478750.html,Sputnik Беларусь,Беларусь,2026-09-04T08:39:00+00:00,feed:https://sputnik.by/export/rss2/archive/index.xml | homepage | sitemap:https://sputnik.by/sitemap.xml | sitemap:https://sputnik.by/sitemap_article.xml?date_start=20260901&date_end=20260930,Швед и Краснов обсудили цифровизацию правосудия на форуме БРИКС в Индии,REJECT,relevance_rejected,needs_text,нет связки социальной темы и проблемы,"TITLE: Швед и Краснов обсудили цифровизацию правосудия на форуме БРИКС в Индии
SUMMARY: Для Беларуси важен российский опыт в использовании информационных технологий в судебной деятельности, подчеркнул председатель Верховного суда республики.
TEXT: МИНСК, 4 сен – Sputnik. Председатели верховных судов Беларуси и России Андрей Швед и Игорь Краснов провели встречу на полях профильного форума БРИКС в Нью-Дели, сообщила пресс-служба Верховного суда Беларуси.В ходе переговоров со своим российским коллегой Швед отметил, что регулярные двухсторонние встречи становятся доброй традицией, они в том числе открывают новые возможности для сотрудничества.Стороны в том числе обсудили шаги по реализации Меморандума о взаимопонимании и сотрудничестве между верховными судами двух стран и обозначили направления дальнейшего взаимодействия.Председатель Верховного суда Беларуси подчеркнул важность для Беларуси российского опыта в использовании информационных технологий и искусственного интеллекта в судебной деятельности, в том числе это касается цифровизации судебных процессов.""Высоко ценю ваши усилия по укреплению нашего сотрудничества и уверяю вас в нашей неизменной готовности к дальнейшей совместной плодотворной работе, – подчеркнул Швед.Форум председателей Верховных судов государств – участников БРИКС проходит в Нью-Дели. Рабочая программа включает в том числе пленарное заседание Форума и двухсторонние встречи с руководителями высших судебных органов стран БРИКС.Самые интересные и важные новости ищите в нашем Telegram-канале, МАКС и Viber. Также следите за нами в Дзен!",d20440b71f04bd4a8199bcf9fd0cd84785c2e23172596ae98e9a1f6450e83721,1575,false,1327,generic_html,,,,,
1.0,https://news.zerkalo.io/economics/135782.html,Zerkalo.io,Беларусь,2026-09-04T09:35:32+00:00,feed:https://news.zerkalo.io/rss/economics.rss | telegram:https://t.me/s/zerkalo_io,"«Исчерпание незанятых ресурсов». Эксперты проанализировали, что происходит на рынке труда, - к каким выводам они пришли",REJECT,relevance_rejected,strong,нет связки социальной темы и проблемы,"TITLE: «Исчерпание незанятых ресурсов». Эксперты проанализировали, что происходит на рынке труда, - к каким выводам они пришли
SUMMARY: Дефицит кадров на рынке труда по-прежнему сохраняется, но его пик, вероятно, уже пройден.
TEXT: Эксперты проанализировали, что происходит на рынке труда — и вот к каким выводам пришли. «Исчерпание незанятых ресурсов». https://zerkalo-13jun.store/news/economics/135782.html?tg=5 👉 Не работает ссылка? Попробуйте эту , из Беларуси — с VPN. 📲 Скачайте наше приложение для Android или iOS .",86be416834117797a5c0b9add6fecc9bcdf28b0bb77aa37e5adbee51ddb6f65d,522,false,290,inline_text,,,,качество услуги,
1.0,https://news.zerkalo.io/economics/135774.html,Zerkalo.io,Беларусь,2026-09-04T08:03:00+00:00,feed:https://news.zerkalo.io/rss/economics.rss,"«Монополисты решили действовать по принципу „что хочу, то ворочу“?» Изменения «Беларусбанка» вызвали активное обсуждение",REJECT,relevance_rejected,needs_text,нет связки социальной темы и проблемы,"TITLE: «Монополисты решили действовать по принципу „что хочу, то ворочу“?» Изменения «Беларусбанка» вызвали активное обсуждение
SUMMARY: «Я вообще удивлена, что такое было возможно в принципе».
TEXT: «Беларусбанк» на октябрь анонсировал несколько изменений, которые введет для клиентов. Одно из них — отмена возможности добавлять в свои аккаунты в мобильном приложении оформленные на других людей карточки. У людей из-за этого новшества возникло немало вопросов. Напомним, «Беларусбанк» накануне предупредил , что с 1 октября клиенты не смогут в свои аккаунты в мобильном приложении добавлять оформленные на других людей карточки. А если они не удалят их, то с этой даты не смогут пользоваться никаким «пластиком» в M-Belarusbank. «Это было удобно, чтобы помогать родственникам распоряжаться счетом или вести совместный бюджет. Но для предупреждения мошеннических операций такой опции скоро больше не будет», — поясняли в финансовом учреждении. Это новшество вызвало весьма активное обсуждение в соцсетях. «Объясните, зачем ваше нововведение? Зачем запрещать использование чужих карт вашего банка в приложении М-Банкинг? Должна быть причина. Безопасность? Сомнительно. Или вы, как, по сути, монополисты, решили действовать по принципу „что хочу, то ворочу, и никуда вы не денетесь“?» — спросил один из пользователей Threads. В комментариях ответил представитель банка: «Решение принято в связи с совершенствованием процессов банка, в соответствии с нашими стандартами безопасности, согласно которым каждый клиент пользуется только своими картами в своем личном приложении. Мы развиваем М-Банкинг так, чтобы он оставался самым надежным и защищенным цифровым кошельком для каждого из вас». Еще один пользователь соцсети написал: «Они как монополисты — что хочу, то и ворочу. Что будут делать пенсионеры? Чтобы активировать новое приложение, нужно пройти семь кругов ада!» На это банк ответил: «Нам очень грустно читать такие слова, ведь старшее поколение — это наши самые главные и уважаемые клиенты, и мы ни в коем случае не хотим их потерять. Мы понимаем, что любые перемены в привычном сервисе поначалу кажутся неудобными и требуют времени для адаптации. Но все эти шаги продиктованы исключительно заботой о безопасности клиентов». Пользователь соцсети вдогонку написал банку: «А с уведомлениями что вы делаете с 1 октября? Всех хотите перетянуть на новое приложение? Для „Изи“, „Бархат“ (карт. — Прим. ред.) теперь пакет полный в М-Банкинге платный, получается, что новое приложение нужно для уведомления. А шаблоны переносятся в новое? А код подтверждения каждый раз нужно вводить? Я это сделаю, а вот родители-пенсионеры с плохим зрением — нет!» Вот некоторые другие комментарии, которые оставили под постом: «Ни одно приложение любого другого банка таких возможностей не имеет, но плохой именно „Беларусбанк“». «Поддерживаю автора! Придумали чушь». «Я вообще удивлена, что такое было возможно в принципе». «Это был жирный такой плюс, который перекрывал многие минусы в „Беларусбанке“». «Если вы о привязывании чужой карты в своем приложении, то это прямо запрещено договором банковского счета с использованием платежной карты». В отдельном посте «Беларусбанк» в Threads пояснил , как быть клиентам, которые привязывали к своему аккаунту карточки своих родных пенсионного возраста. Под этим тредом также возникло обсуждение новшества.",dc1382838495d37ee01d0fad1eb67ce8cf0754ec8468568f51e0feda37553e86,3338,false,3138,source_specific,,,,общественный резонанс,
1.0,https://news.zerkalo.io/life/135729.html,Zerkalo.io,Беларусь,2026-09-04T09:23:47+00:00,feed:https://news.zerkalo.io/rss/life.rss | telegram:https://t.me/s/zerkalo_io,"«Поняла: преподавание, наверное, слишком стрессовое для меня». Учительница из Беларуси решила изменить жизнь и стала стюардессой Emirates",REJECT,relevance_rejected,possible,нет связки социальной темы и проблемы,"TITLE: «Поняла: преподавание, наверное, слишком стрессовое для меня». Учительница из Беларуси решила изменить жизнь и стала стюардессой Emirates
SUMMARY: Самый короткий рейс беларуски длился приблизительно четыре часа и был в Индию. А самый длинный - 14 часов, и прилетели они в Австралию.
TEXT: Учительница из Беларуси решила изменить жизнь и стала стюардессой Emirates, пройдя серьезный отбор. Своим опытом она охотно делится в Threads. Рассказываем самое интересное из ее постов. Вы можаце прачытаць гэты тэкст па-беларуску . https://zerkalo-13jun.store/news/life/135729.html?tg=5 👉 Не работает ссылка? Попробуйте эту , из Беларуси — с VPN. 📲 Скачайте наше приложение для Android или iOS .",514e9432ba4a26306471731a387003fb27128f1c3f5f7c56bc289ef81e27822f,692,false,396,inline_text,,,,качество услуги,
1.0,https://news.zerkalo.io/accidents/135788.html,Zerkalo.io,Беларусь,2026-09-04T09:50:01+00:00,telegram:https://t.me/s/zerkalo_io,Беларусам начали продавать несуществующие поездки в аэропорт.,REJECT,relevance_rejected,possible,нет связки социальной темы и проблемы,"TITLE: Беларусам начали продавать несуществующие поездки в аэропорт.
TEXT: Беларусам начали продавать несуществующие поездки в аэропорт. Как работает схема? https://zerkalo-13jun.store/news/accidents/135788.html?tg=5 👉 Не работает ссылка? Попробуйте эту , из Беларуси — с VPN. 📲 Скачайте наше приложение для Android или iOS .",62d702cfef28481a9ab28be3877fb957e107e7c41d082bb8f59ca34bd6fe96bb,325,false,250,inline_text,,,общественный транспорт,качество услуги,
1.0,https://news.zerkalo.io/life/135780.html,Zerkalo.io,Беларусь,2026-09-04T08:29:35+00:00,feed:https://news.zerkalo.io/rss/life.rss | telegram:https://t.me/s/zerkalo_io,Больше двух суток в пути. Беларуска съездила в автобусный тур в Грузию - сколько это стоит,REJECT,relevance_rejected,possible,нет связки социальной темы и проблемы,"TITLE: Больше двух суток в пути. Беларуска съездила в автобусный тур в Грузию - сколько это стоит
SUMMARY: «Границы, кстати, прошли очень быстро. Туда - за 3 часа 20 минут, обратно - за полтора часа».
TEXT: Беларуска съездила в автобусный тур в Грузию — сколько это стоит? Больше двух суток в пути. https://zerkalo-13jun.store/news/life/135780.html?tg=5 👉 Не работает ссылка? Попробуйте эту , из Беларуси — с VPN. 📲 Скачайте наше приложение для Android или iOS .",fc80f22bbe84cfe399765715a68d6651bb4791fa6ff91ba8f6e8d977909eace1,462,false,255,inline_text,,,общественный транспорт,качество услуги,
1.0,https://news.zerkalo.io/accidents/135786.html,Zerkalo.io,Беларусь,2026-09-04T09:40:29+00:00,telegram:https://t.me/s/zerkalo_io,"Брестчанин смог обмануть десяток человек, которые хотели снять его квартиру.",REJECT,relevance_rejected,needs_text,нет связки социальной темы и проблемы,"TITLE: Брестчанин смог обмануть десяток человек, которые хотели снять его квартиру.
TEXT: Брестчанин смог обмануть десяток человек, которые хотели снять его квартиру. Взял у них 14 тысяч рублей. https://zerkalo-13jun.store/news/accidents/135786.html?tg=5 👉 Не работает ссылка? Попробуйте эту , из Беларуси — с VPN. 📲 Скачайте наше приложение для Android или iOS .",f48e8631a29d93931e221473531b1cf1a88057759b0ebcfbd3fc825fd4f20bb7,363,false,273,inline_text,,,,качество услуги,
1.0,https://news.zerkalo.io/life/135778.html,Zerkalo.io,Беларусь,2026-09-04T07:46:27+00:00,feed:https://news.zerkalo.io/rss/life.rss | telegram:https://t.me/s/zerkalo_io,"В Горках подростков готовили к нападению на первоклассников с ножом, молотком и топором - МВД",REJECT,relevance_rejected,possible,нет связки социальной темы и проблемы,"TITLE: В Горках подростков готовили к нападению на первоклассников с ножом, молотком и топором - МВД
SUMMARY: Сотрудник Департамента охраны МВД на входе в школу или колледж может попросить показать содержимое сумки, рюкзака и даже карманов.
TEXT: За три учебных дня с досмотрами на входе в беларусских школах изъяли почти два десятка запрещенных предметов. Ножи, гильзы и даже заточки. https://zerkalo-13jun.store/news/life/135778.html?tg=5 👉 Не работает ссылка? Попробуйте эту , из Беларуси — с VPN. 📲 Скачайте наше приложение для Android или iOS .",69aed958d7fe80bdab6228d2b20d926be4dcf4390453e9a5a2bbc10cca2be19c,549,false,302,inline_text,Могилевская область,Горки,школа/детский сад,качество услуги,горки|education|service_quality
1.0,https://news.zerkalo.io/world/135783.html,Zerkalo.io,Беларусь,2026-09-04T08:57:23+00:00,telegram:https://t.me/s/zerkalo_io,В Непале двоих человек нашли живыми в тоннеле спустя девять дней после схода оползня.,REJECT,relevance_rejected,needs_text,нет связки социальной темы и проблемы,"TITLE: В Непале двоих человек нашли живыми в тоннеле спустя девять дней после схода оползня.
TEXT: В Непале двоих человек нашли живыми в тоннеле спустя девять дней после схода оползня. «Не паникуйте, мы вас спасаем». https://zerkalo-13jun.store/news/world/135783.html?tg=5 👉 Не работает ссылка? Попробуйте эту , из Беларуси — с VPN. 📲 Скачайте наше приложение для Android или iOS .",54dac65089fe3b444d173762c6e96c63f9caab36c5ec34d9e50b93e35b57d81b,381,false,282,inline_text,,,,качество услуги,
1.0,https://news.zerkalo.io/accidents/135779.html,Zerkalo.io,Беларусь,2026-09-04T08:01:04+00:00,telegram:https://t.me/s/zerkalo_io,Жительница Гродно возглавляла попечительский совет школы и присвоила добровольные взносы.,REJECT,relevance_rejected,possible,нет связки социальной темы и проблемы,"TITLE: Жительница Гродно возглавляла попечительский совет школы и присвоила добровольные взносы.
TEXT: Жительница Гродно возглавляла попечительский совет школы и присвоила добровольные взносы. «От безысходности». https://zerkalo-13jun.store/news/accidents/135779.html?tg=5 👉 Не работает ссылка? Попробуйте эту , из Беларуси — с VPN. 📲 Скачайте наше приложение для Android или iOS .",64afc33ebaf319ff8940144035cd6bb89e901d6f1534b83752c2d02d07f71818,381,false,278,inline_text,Гродненская область,Гродно,школа/детский сад,качество услуги,гродно|education|service_quality
1.0,https://news.zerkalo.io/cellar/135784.html,Zerkalo.io,Беларусь,2026-09-04T09:11:29+00:00,telegram:https://t.me/s/zerkalo_io,Коллекционер отдал огромную сумму за странную «лисью голову» и не прогадал.,REJECT,relevance_rejected,needs_text,нет связки социальной темы и проблемы,"TITLE: Коллекционер отдал огромную сумму за странную «лисью голову» и не прогадал.
TEXT: Коллекционер отдал огромную сумму за странную «лисью голову» и не прогадал. Оказалось, это вовсе не лиса. https://zerkalo-13jun.store/news/cellar/135784.html?tg=5 👉 Не работает ссылка? Попробуйте эту , из Беларуси — с VPN. 📲 Скачайте наше приложение для Android или iOS .",5dc523506a78b9fb8f23c365976379068200124dcd2b01f2d4bc751abf7b495d,360,false,271,inline_text,,,,качество услуги,
1.0,https://news.zerkalo.io/world/135781.html,Zerkalo.io,Беларусь,2026-09-04T08:21:49+00:00,telegram:https://t.me/s/zerkalo_io,Первая иностранная авиакомпания отменила рейсы в Россию после предупреждении Зеленского.,REJECT,relevance_rejected,needs_text,политическая тема: зеленск,"TITLE: Первая иностранная авиакомпания отменила рейсы в Россию после предупреждении Зеленского.
TEXT: Первая иностранная авиакомпания отменила рейсы в Россию после предупреждении Зеленского. «Безопасность всегда имеет приоритет над коммерческими соображениями». https://zerkalo-13jun.store/news/world/135781.html?tg=5 👉 Не работает ссылка? Попробуйте эту , из Беларуси — с VPN. 📲 Скачайте наше приложение для Android или iOS .",1b09c70d43220049f459b4d68671dce8150d92c3189d85753c487c8822824081,426,false,324,inline_text,,,,,
1.0,https://t.me/zerkalo_io/173591,Zerkalo.io,Беларусь,2026-09-04T08:11:05+00:00,telegram:https://t.me/s/zerkalo_io,Поиск!,REJECT,relevance_rejected,needs_text,нет связки социальной темы и проблемы,"TITLE: Поиск!
TEXT: Поиск! Ищем женщину, которая развелась с «идеальным мужем», и теперь родственники и друзья ее осуждают. Если это похоже на описание вашей истории и вы готовы ею поделиться, пишите @zerkalo_editor — это анонимно.",9e153cdd5bef85f63af06001c3b60ed0c16df589bd08280a6e0ae5e9a5cea495,231,false,211,inline_text,,,,,
1.0,https://news.zerkalo.io/world/135785.html,Zerkalo.io,Беларусь,2026-09-04T09:45:28+00:00,telegram:https://t.me/s/zerkalo_io,Представители Трампа Уиткофф и Кушнер приедут в Москву и Киев.,REJECT,relevance_rejected,needs_text,нет связки социальной темы и проблемы,"TITLE: Представители Трампа Уиткофф и Кушнер приедут в Москву и Киев.
TEXT: Представители Трампа Уиткофф и Кушнер приедут в Москву и Киев. Стали известны вероятные даты. https://zerkalo-13jun.store/news/world/135785.html?tg=5 👉 Не работает ссылка? Попробуйте эту , из Беларуси — с VPN. 📲 Скачайте наше приложение для Android или iOS .",4f3e60297be7f9ad9ff3d94620d5a8a8ace786e3dc5242d0d01e4738293ee578,334,false,258,inline_text,,,,качество услуги,
1.0,https://t.me/zamkadomby/67519,Беларусь за МКАДом,Беларусь,2026-09-04T09:08:13+00:00,telegram:https://t.me/s/zamkadomby,В,REJECT,relevance_rejected,needs_text,нет связки социальной темы и проблемы,"TITLE: В
TEXT: 🏫 💸 В #Гродно глава школьного попечительского совета присвоила 3640 BYN родительских взносов 32-летнюю жительницу Гродно подозревают в мошенничестве. По данным карателей, женщина забрала себе добровольные пожертвования, собранные на нужды одной из местных школ. Подозреваемая объяснила поступок тяжелым материальным положением: она одна воспитывает ребёнка и осталась без средств после увольнения. В отношении женщины возбуждено уголовное дело за мошенничество. 📹 YouTube ❗️ поддержать канал на ☕️",ada7d24e4e155abfa621ca6dedf602da382769ba045d9bf92524c0166678c50e,512,false,497,inline_text,Гродненская область,Гродно,школа/детский сад,,
1.0,https://t.me/zamkadomby/67518,Беларусь за МКАДом,Беларусь,2026-09-04T08:07:02+00:00,telegram:https://t.me/s/zamkadomby,"Ножи, заточки и гильзы: за три дня в беларусских школах изъяли 18 опасных предметов",REJECT,relevance_rejected,possible,нет связки социальной темы и проблемы,"TITLE: Ножи, заточки и гильзы: за три дня в беларусских школах изъяли 18 опасных предметов
TEXT: 🔪 🚨 Ножи, заточки и гильзы: за три дня в беларусских школах изъяли 18 опасных предметов С 1 сентября в учреждениях образования Беларуси карателям официально разрешили выборочно досматривать учащихся без присутствия родителей. И вот подоспели первые результаты шмонов: За 3 учебных дня: 🚫 Выявлено 18 фактов проноса запрещённых вещей. 📦 Изъяты вейпы, зажигалки, а также холодное оружие и боеприпасы: ножи, заточки и гильзы. ❓ Подбросили ради премии или беларусская школа — логово боевиков? 📹 YouTube ❗️ поддержать канал на ☕️",1a5e05d8e52bd580a0394f9252b407c9b1cad75c6a8c56ef4702f579324f6851,621,false,524,inline_text,,,школа/детский сад,опасность/безопасность,беларусь|education|safety
1.0,https://www.belnovosti.by/tehnologii/v-belarusi-za-sutki-zablokirovali-operacii-po-72-schetam-moshenniki-vse-eshche-oruduyut,Белновости,Беларусь,2026-09-04T09:00:00+00:00,feed:https://www.belnovosti.by/all_rss.xml | homepage | sitemap:https://www.belnovosti.by/googlenews.xml,В Беларуси за сутки заблокировали операции по 72 счетам. Мошенники все еще орудуют,REJECT,relevance_rejected,possible,нет связки социальной темы и проблемы,"TITLE: В Беларуси за сутки заблокировали операции по 72 счетам. Мошенники все еще орудуют
SUMMARY: За сутки белорусская милиция предотвратила сотни попыток телефонного мошенничества. Несмотря на массовую атаку аферистов, правоохранителям удалось заморозить счета, заблокировать фишинговые сайты и задержать пособников преступников.
TEXT: За сутки белорусская милиция предотвратила сотни попыток телефонного мошенничества. Несмотря на массовую атаку аферистов, правоохранителям удалось заморозить счета, заблокировать фишинговые сайты и задержать пособников преступников. Подробности обнародованы в официальном телеграм-канале пресс-службы МВД. В МВД подвели итоги очередных суток борьбы с киберпреступностью. Всего за минувший день зафиксировано более трех сотен обращений граждан о попытках обмана. Несмотря на активность злоумышленников, правоохранителям и бдительным белорусам удалось предотвратить львиную долю хищений. До стадии реального ущерба дошло лишь 27 инцидентов, связанных с использованием информационно-коммуникационных технологий. Отдел организации обработки мошеннических операций МВД провел точечную работу по зачистке цифрового пространства. Силовики инициировали блокировку шести фишинговых ресурсов. Речь идет о фальшивых интернет-магазинах и клонах банковских сервисов, которые визуально неотличимы от оригиналов. Параллельно с этим был перекрыт кислород финансовым потокам аферистов: заблокирована возможность платежей в адрес 58 иностранных реквизитов, а также приостановлены расходные операции по 72 счетам, использовавшимся для вывода похищенных средств. Не остались без внимания и «пехотинцы» криминального бизнеса. Оперативники задержали двух курьеров, работавших в интересах телефонных мошенников. Именно такие люди обычно забирают наличные у жертв для последующей передачи в общий теневой «котел». Анализ способов совершения преступлений показывает, что классика жанра не сдает позиции. На первом месте по-прежнему вишинг — звонки от имени должностных лиц, где жертву запугивают потерей денег или уголовной ответственностью. Далее в списке популярных у преступников схем идут обман при покупке товаров в интернете, хищения через социальные сети и псевдоторговля на финансовых биржах. В ведомстве подчеркивают: работа по выявлению и пресечению мошеннических действий продолжается в круглосуточном режиме. Гражданам напоминают золотое правило: предложения сверхбыстрого заработка или покупки товаров по подозрительно низким ценам — это почти гарантированный путь к потере собственных сбережений. А лучший способ борьбы с телефонным аферистом — немедленно прекратить разговор и сообщить о случившемся в милицию по короткому номеру 102.",6ade3b2b68f7254dba578b285e1ebf783e719f7add3430eef95bfda3ff98e8f0,2662,false,2324,source_specific,,,,,
1.0,https://www.belnovosti.by/politika/v-belarusi-obnovili-spisok-specialnostey-dlya-voinskogo-ucheta-zhenshchin-kogo-kasayutsya,Белновости,Беларусь,2026-09-04T07:45:00+00:00,feed:https://www.belnovosti.by/all_rss.xml | homepage | sitemap:https://www.belnovosti.by/googlenews.xml,"В Беларуси обновили список специальностей для воинского учета женщин. Кого касаются изменения и как быть тем, чья специальность появилась в списке только в 2026 году",REJECT,relevance_rejected,needs_text,нет связки социальной темы и проблемы,"TITLE: В Беларуси обновили список специальностей для воинского учета женщин. Кого касаются изменения и как быть тем, чья специальность появилась в списке только в 2026 году
SUMMARY: В Беларуси в 2026 году вступил в силу обновленный перечень специальностей, по которым женщины подлежат воинскому учету. Соответствующее постановление опубликовано на Национальном правовом портале.
TEXT: В Беларуси в 2026 году вступил в силу обновленный перечень специальностей, по которым женщины подлежат воинскому учету. Соответствующее постановление опубликовано на Национальном правовом портале. Нововведение касается исключительно медицинских и ветеринарных направлений подготовки и затрагивает гражданок республики, достигших 19-летнего возраста. Минобороны утвердило новую редакцию документа, регулирующего воинский учет для женщин. Актуальный перечень стал шире и конкретнее: теперь в него включены не только классические врачебные специальности, но и узкие направления переподготовки среднего медперсонала. Под действие новых правил попадают следующие категории: Под обязательный учет теперь подпадают обладательницы дипломов по направлениям «Лечебное дело», «Сестринское дело», «Медико-диагностическое дело» и «Фармация». Отдельной строкой идет и «Ветеринарная медицина» — девушкам с квалификацией фельдшера ветеринарной медицины также придется посетить военкомат. Здесь изменения коснулись как бакалавриата, так и магистратуры (непрерывного образования). В списке значатся «Лечебное дело», «Медико-профилактическое дело», «Медико-диагностическое дело» и «Фармация». Важно: учету подлежат не только врачи общей практики, но и узкие специалисты, получившие диплом по этим направлениям, а также провизоры. Это самый заметный блок обновлений. Если раньше акцент делался на базовом образовании, то теперь военкоматы ждут и тех, кто прошел курсы переподготовки. Речь о следующих квалификациях: – помощник врача по амбулаторно-поликлинической помощи; – медицинская сестра-анестезист; – рентгенолаборант; – операционная медицинская сестра; – военный фельдшер (специальность «Медицинское обеспечение воинской деятельности»). Разъяснения для тех, кто получил профессию раньше В Минобороны понимают, что появление новых пунктов в перечне может вызвать вопросы у тех, кто окончил учебу не в 2026 году, а ранее. Официальный представитель ведомства подполковник Наталья Гаврусик прокомментировала алгоритм действий для этой группы граждан. Согласно разъяснению, если ваша специальность появилась в списке только сейчас, но диплом был получен ранее, то есть если вам на момент 1 января 2026 года 20 и более лет и вы дипломированный специалист, на учет становиться не нужно. Всем остальным девушкам, попадающим под новые критерии (со специальностью из обновленного перечня), необходимо самостоятельно обратиться в военный комиссариат по месту жительства для уточнения данных и прохождения процедуры постановки на учет.",7cdbd117561acd71c0bfb8e6d7e160438a2b21c561d08c641bddb46b24160d9a,2895,false,2510,source_specific,,,,,
1.0,https://www.belnovosti.by/diety/ovoshchnaya-tarelka-kak-obedinit-pomidory-perec-i-baklazhany-v-odnom-priyome-pishchi-bez,Белновости,Беларусь,2026-09-04T09:43:00+00:00,feed:https://www.belnovosti.by/all_rss.xml,"Овощная тарелка: как объединить помидоры, перец и баклажаны в одном приёме пищи без тяжести",REJECT,relevance_rejected,possible,нет связки социальной темы и проблемы,"TITLE: Овощная тарелка: как объединить помидоры, перец и баклажаны в одном приёме пищи без тяжести
SUMMARY: Вы нарезаете баклажаны, перец, помидоры — классическое летнее трио. Жарите всё вместе на сковороде. Через 20 минут на тарелке — маслянистая каша, которая лежит камнем в желудке.
TEXT: Вы нарезаете баклажаны, перец, помидоры — классическое летнее трио. Жарите всё вместе на сковороде. Через 20 минут на тарелке — маслянистая каша, которая лежит камнем в желудке. Вы думаете: «Эти овощи слишком тяжёлые для ужина». А они просто не умеют дружить, если их неправильно приготовить. Есть способ, который делает это трио лёгким, даже если вы съедаете целую тарелку. Баклажан — губка. Он впитывает масло, как бумажное полотенце. При жарке на сковороде один баклажан может впитать до 100 мл масла. Это 900 лишних калорий. Масло делает блюдо тяжёлым, даже если вы используете оливковое. Секрет лёгкости — не дать баклажану впитать масло. Для этого его либо запекают, либо предварительно обрабатывают солью и дают стечь жидкости, либо обжаривают на сухой сковороде без масла до мягкости. Только после этого его можно соединять с помидорами и перцем. Тогда трио остаётся лёгким, а не жирным. Баклажаны содержат соланин — вещество, которое в больших количествах раздражает кишечник. Кислота томатов нейтрализует его действие. Вот почему баклажаны с помидорами — не просто вкусное сочетание, а физиологически правильное. К тому же помидоры богаты ликопином, который в паре с маслом усваивается лучше. Если вы запекаете баклажаны с помидорами, вы одновременно снижаете соланиновую нагрузку и повышаете усвоение антиоксидантов. Перец добавляет витамин С, который помогает усвоению железа из баклажанов и томатов. Трио становится не просто едой, а комплексом. Нарежьте баклажаны кружками, посыпьте солью, оставьте на 20 минут, чтобы вышла горечь. Промойте, обсушите. Запеките в духовке при 200 °C до мягкости — 15–20 минут. Перец запеките отдельно, снимите кожицу. Помидоры нарежьте дольками, удалите семена — они дают лишнюю воду и кислоту, которая разжижает блюдо. Соберите слоями: баклажаны, перец, помидоры. Сбрызните оливковым маслом, посыпьте чесноком и зеленью. Запеките ещё 10 минут. Всё. Никакой сковороды, никакого избыточного масла. Овощи сохраняют структуру, вкусы не смешиваются в кашу. Вы либо перетушили, либо не удалили семена и лишнюю влагу из помидоров. Семена дают горечь и жидкость. Удалите их, прежде чем отправлять помидоры в блюдо. Также не накрывайте крышкой при запекании — выходит пар, и овощи остаются плотными, а не разваренными. Да, но не мясо. Добавьте тофу или нут — они не перегружают пищеварение в сочетании с овощами. Тофу запекается вместе с овощами, нут можно добавить в конце. Белок делает блюдо полноценным, но не утяжеляет, как жирное мясо. Уменьшите количество масла до 1 столовой ложки на порцию. Добавьте больше зелени — она улучшает пищеварение. И не ешьте это блюдо с хлебом. Крахмал в сочетании с клетчаткой овощей может вызвать брожение. Только овощи и белок. Тогда тяжести не будет. Не смешивайте, а собирайте. Не жарьте, а запекайте. Добавляйте кислоту, но не переборщите с маслом. Трио будет лёгким, если вы не дадите баклажану впитать лишний жир. Проверьте завтра. Если вы сделаете всё правильно, тарелка с баклажанами, перцем и помидорами не будет лежать камнем. Она будет таять, а не давить. И вы сможете есть это даже на ужин, не боясь тяжести. Потому что правильная подготовка — это половина успеха. А вторая половина — не жадничать с маслом. Статья носит ознакомительный и справочный характер, она не является медицинской рекомендацией. Если Вам требуется медицинская консультация, постановка диагноза, консультируйтесь с квалифицированным врачом.",64dbf178fe3adde868e19a010e402276f086b337b352a46c4e81da1961803d70,3693,false,3401,source_specific,,,,,
1.0,https://www.belnovosti.by/v-mire/ocherednoy-incident-v-germanii-u-elektropodstancii-nashli-pohozhiy-na-puskovoe-ustroystvo,Белновости,Беларусь,2026-09-04T09:00:00+00:00,feed:https://www.belnovosti.by/all_rss.xml | sitemap:https://www.belnovosti.by/googlenews.xml,Очередной инцидент в Германии. У электроподстанции нашли похожий на пусковое устройство предмет,REJECT,relevance_rejected,needs_text,нет связки социальной темы и проблемы,"TITLE: Очередной инцидент в Германии. У электроподстанции нашли похожий на пусковое устройство предмет
SUMMARY: Очередной инцидент случился в Германии. В городе Дормаген (земля Северный Рейн-Вестфалия), расположенном между Кельном и Дюссельдорфом, прохожий обнаружил подозрительный предмет.
TEXT: Очередной инцидент случился в Германии. В городе Дормаген (земля Северный Рейн-Вестфалия), расположенном между Кельном и Дюссельдорфом, прохожий обнаружил подозрительный предмет. Нечто, что напоминало пусковое устройство, находилось на территории электроподстанции. Полиция начала проверку на предмет возможного саботажа. Нарушения энергоснабжения и атак на объект не зафиксировано, – пишет «Белта». Полиция Германии усилила бдительность на фоне череды инцидентов на объектах критической инфраструктуры. В случае с Дормагеном, по данным DPA, найденный прохожим вечером предмет пока проходит экспертизу. Правоохранители не зафиксировали ни попыток проникновения, ни сбоев в подаче тока, однако характер находки вызывает вопросы. Ситуация развивается на фоне более серьезных событий в других регионах. В Бранденбурге ведется расследование возможной диверсии на подстанции «Прайлак» в районе Шпрее-Найсе. Там были найдены самодельные взрывные устройства. Следствие допускает, что преступники планировали масштабное отключение электричества на энергоблоке E. Глава МВД Бранденбурга Ян Редман уже заявил о вероятной связи между несколькими атаками. Кроме того, сбой произошел на подстанции в Бергхайме под Кельном, где поблизости также лежали пусковые устройства и пиротехника. Эти происшествия воскресили в памяти январское ЧП в Берлине, когда часть столицы на несколько суток осталась без света из-за повреждения кабеля. Ответственность за тот инцидент возложили на левых экстремистов. Сейчас полиция проверяет письмо с признанием ответственности за последние попытки диверсий.",32b9290cb82bd20c74a0a4601bcb476b0bafc6428927441c175333bdcbf34699,1871,false,1574,source_specific,,,,,
1.0,https://www.belnovosti.by/lyubov-i-semya/pochemu-muzhskoe-molchanie-posle-raboty-ne-vsegda-ravnodushie-sposob-vosstanovitsya,Белновости,Беларусь,2026-09-04T08:43:00+00:00,feed:https://www.belnovosti.by/all_rss.xml,"Почему мужское молчание после работы — не всегда равнодушие, а способ восстановиться, и как на это правильно реагировать",REJECT,relevance_rejected,needs_text,нет связки социальной темы и проблемы,"TITLE: Почему мужское молчание после работы — не всегда равнодушие, а способ восстановиться, и как на это правильно реагировать
SUMMARY: Вы спрашиваете: «Как прошёл день?», а он бросает односложное «нормально» и утыкается в телефон. Вы чувствуете отвержение. Думаете: «Я ему не нужна, он меня игнорирует».
TEXT: Вы спрашиваете: «Как прошёл день?», а он бросает односложное «нормально» и утыкается в телефон. Вы чувствуете отвержение. Думаете: «Я ему не нужна, он меня игнорирует». А он просто не может говорить. Не потому что злой. Потому что его мозг перегружен. И ему нужно 30–40 минут тишины, чтобы перезагрузиться. Когда мужчина работает, его мозг находится в режиме высокой концентрации. Он решает задачи, принимает решения, фильтрует информацию. Когда он возвращается домой, его префронтальная кора (центр логики и самоконтроля) истощена. Амигдала (центр эмоций) ещё активна. Чтобы переключиться, ему нужно время. Он не выбирает молчание — оно возникает как защитный механизм. Если вы начинаете задавать вопросы, вы заставляете его мозг работать дальше. Он не может. Он просто выключается. Автор удивлён, как много женщин воспринимают это молчание как отвержение. А это просто усталость, которой не дают названия. Многие мужчины говорят: «Я хочу побыть один, когда прихожу домой». Это не про то, что жена надоела. Это про то, что мужской мозг иначе восстанавливается. Женщины снижают стресс через разговор. Мужчины — через действие или отдых. Исследования показывают, что 40 минут пассивного отдыха после работы снижают уровень кортизола у мужчин на 30%. Это не каприз, это физика. Вопрос к читателю: вы когда-нибудь замечали, что он становится разговорчивее после того, как поел или просто посидел в тишине? Это не случайность. Это его способ перезагрузки. Когда он приходит домой, скажите: «Я рада, что ты пришёл. Отдохни, я пока приготовлю ужин». И дайте ему 30 минут. Не задавайте вопросов. Не ждите ответа. Просто оставьте его с телефоном, телевизором, книгой. Через 30–40 минут он сам подойдёт и спросит: «Как твой день?» или начнёт говорить о работе. Если вы не дадите ему этих 30 минут, он будет молчать и дальше, но уже с раздражением. Потому что вы заставляете его работать, когда он не может. Самая частая ошибка — интерпретировать молчание как личную атаку. Вы начинаете спрашивать: «Что случилось?», «Ты злишься?», «Я что-то не так сделала?». Он слышит это как давление и ещё больше закрывается. Вы получаете стену, которую сами построили. Правильно: не спрашивать, что случилось. Спросить: «Ты хочешь поговорить или побыть один?». Это даёт ему выбор. Он чувствует контроль. И чаще выбирает поговорить через 10 минут, потому что вы дали ему пространство. Если молчание затягивается на весь вечер, возможно, у него был очень тяжёлый день или он перегружен хронически. Попробуйте подойти, положить руку на плечо и сказать: «Я вижу, что тебе тяжело. Если захочешь поговорить, я здесь». И отойдите. Дайте ему пространство. Если он не выходит из молчания через час, спросите: «Ты хочешь, чтобы я была рядом, или тебе нужно побыть одному?». Это без давления, даёт ему контроль и часто помогает. С друзьями он не должен быть уязвимым. Это лёгкий разговор. С вами — он может бояться, что вы попросите его быть эмоциональным, когда он не может. Это не про вас, это про его страх не справиться с ожиданиями. Если он говорит с друзьями, значит, ему не нужна тишина для восстановления — ему нужен лёгкий контакт без обязательств. Нет. Когда он восстановится, он сам начнёт разговор. Если вы даёте ему пространство, он чувствует безопасность и доверие. Он не прячется, он просто перезагружается. Если вы начнёте давать ему это время регулярно, он будет приходить в себя быстрее и, скорее всего, станет более разговорчивым, потому что не будет чувствовать давления. Вы не поощряете молчание, вы даёте ему возможность быть с вами по-настоящему. Молчание после работы — не равнодушие, а восстановление. 30–40 минут тишины снижают кортизол на 30%. Не перебивайте его восстановление вопросами. Дайте ему время. Не воспринимайте молчание как отвержение. Просто скажите: «Ты можешь отдохнуть, я здесь». И ждите. Через полчаса он придёт сам. И скажет то, что вы хотели услышать. Потому что вы дали ему возможность быть с вами, а не против вас.",a3ff7c0f48421ad95378d4ece6980a093df1e30c00454865459d3f93acffe138,4241,false,3929,source_specific,,,,,
1.0,https://www.belnovosti.by/krasota-i-zdorove/rabotaet-dazhe-vo-vremya-sna-kak-umnoe-kolco-sledit-za-vashim-organizmom-cherez,Белновости,Беларусь,2026-09-04T08:35:00+00:00,feed:https://www.belnovosti.by/all_rss.xml,Работает даже во время сна. Как умное кольцо следит за вашим организмом через пот,REJECT,relevance_rejected,needs_text,нет связки социальной темы и проблемы,"TITLE: Работает даже во время сна. Как умное кольцо следит за вашим организмом через пот
SUMMARY: Инженеры из Калифорнийского университета в Сан-Диего собрали кольцо, которое вытаскивает биомаркеры прямо из кожи. Без игл, без проколов, без полосок с реагентом.
TEXT: Инженеры из Калифорнийского университета в Сан-Диего собрали кольцо, которое вытаскивает биомаркеры прямо из кожи. Без игл, без проколов, без полосок с реагентом. Надел — и оно работает. Звучит как сцена из фантастики, но тесты уже идут на живых людях. Главный трюк устройства — гидрогелевый сенсор. Он запускает осмос: влага сама просачивается из кожи за счет разницы концентраций. Потеть ради гаджета не нужно. Кольцо собирает пот у офисного работника, у лежачего пациента, у человека во сне. И одновременно отслеживает до четырех параметров. Вы когда-нибудь задумывались, сколько всего плавает в вашем поту? Глюкоза там есть всегда. Лактат, алкоголь, мочевая кислота — тоже. Проблема была в другом: как вытащить эту влагу без физической нагрузки. Калифорнийцы решили задачку через гидрогель. Он работает как насос, который не нужно включать. Сенсор притягивает межклеточную жидкость и потоотделение из верхнего слоя эпидермиса. Человек сидит за столом — кольцо спокойно анализирует. Человек спит — данные пишутся. Никакого трения, нагрева, пота в три ручья. Это не первая попытка встроить биосенсинг в носимое устройство. Но предыдущие платформы либо требовали интенсивной тренировки, либо давали один показатель за раз. Здесь — мультиплекс. Четыре канала параллельно. Причем чипы калибруются персонально, под конкретную кожу и пот конкретного человека. Потому что у каждого свой химический фон. Разработчики прогнали кольцо рядом с непрерывными мониторами глюкозы. Результаты совпали. Отклонения — в пределах погрешности. Кетоны сверяли с коммерческими приборами. Тоже сошлось. Для диабетиков 1 типа точность глюкозного канала критична. Ошибка в 1–2 ммоль/л — это другая доза инсулина. Другая жизнь, если уж прямо. Пока устройство показывает корректные значения и на здоровых волонтерах, и на людях с подтвержденным диагнозом. Калибровка держится около двух месяцев. Потом сенсор нужно перенастроить или заменить блок. 12 часов автономной работы — скромно по меркам часов. Но достаточно, чтобы закрыть день или ночь. В перспективе инженеры хотят продлить сессию и расширить панель биомаркеров. Глюкоза — основной метаболический маркер. Лактат показывает, как ткани переносят нагрузку и кислородное голодание. Алкоголь в поте появляется почти синхронно с кровью. Витамин C — индикатор диеты и иммунного статуса. Мочевая кислота предупреждает о подагре, метаболическом синдроме, проблемах почек. Кетоны — то самое «запасное топливо», которое организм сжигает на кетодиете или при нехватке инсулина. Четыре слота на все шесть параметров. Пользователь сам выбирает, что мониторить сегодня. Кетоны и глюкозу перед едой? Алкоголь и лактат после тренировки? Комбинаторика гибкая. Вы верите, что кольцо заменит глюкометр? Не спешите. Пока это исследовательский прототип. Но направление ясное: неинвазивный мониторинг съезжает с лабораторных столов прямо на палец. Да. Гидрогелевый сенсор вытягивает влагу из кожи за счет осмоса. Человеку не нужно бегать, нервничать или сидеть в сауне. Устройство собирает пот даже во сне. Кольцо не требует проколов и тест-полосок. Оно пишет данные непрерывно, до 12 часов подряд, и параллельно может отслеживать лактат, алкоголь или кетоны — в зависимости от настроенной панели. Тесты сравнивали кольцо с CGM и коммерческими кетометрами. Показатели совпадали на здоровых добровольцах и на пациентах с диабетом 1 типа. Исследование опубликовано командой Калифорнийского университета в Сан-Диего. Кольцо уже умеет больше, чем любой фитнес-браслет, и делает это без проколов. Одна калибровка — два месяца работы. Четыре биомаркера одновременно. Двенадцать часов непрерывных данных. Следующий шаг за массовым производством. Статья носит ознакомительный и справочный характер, она не является медицинской рекомендацией. Если Вам требуется медицинская консультация, постановка диагноза, консультируйтесь с квалифицированным врачом.",9a893ea6eee3c1e271d1f8d126f68f6c390744546f9adbbd08db6cb086811ed0,4123,false,3856,source_specific,,,,,
1.0,https://www.belnovosti.by/politika/uitkoff-i-kushner-edut-v-moskvu-i-kiev-nazvany-daty,Белновости,Беларусь,2026-09-04T09:25:00+00:00,feed:https://www.belnovosti.by/all_rss.xml | sitemap:https://www.belnovosti.by/googlenews.xml,Уиткофф и Кушнер едут в Москву и Киев. Названы даты,REJECT,relevance_rejected,possible,нет связки социальной темы и проблемы,"TITLE: Уиткофф и Кушнер едут в Москву и Киев. Названы даты
SUMMARY: Американская переговорная группа в лице Стивена Уиткоффа и Джареда Кушнера планирует провести серию встреч в Москве и Киеве. По данным ТАСС, сначала делегация посетит российскую столицу, а уже на следующий день, 6 сентября, прибудет на Украину.
TEXT: Американская переговорная группа в лице Стивена Уиткоффа и Джареда Кушнера планирует провести серию встреч в Москве и Киеве. По данным ТАСС, сначала делегация посетит российскую столицу, а уже на следующий день, 6 сентября, прибудет на Украину. Информагентство ссылается на информацию, полученную от своих источников. Если сведения достоверны, то это будет первый визит представителей администрации Трампа такого уровня в обе столицы в рамках одного турне. О планах американских представителей посетить обе столицы сообщил источник ТАСС. Согласно этим данным, график выстроен таким образом, чтобы за короткий промежуток времени провести консультации с обеими сторонами конфликта. Первая остановка — Москва. Ожидается, что переговорщики прибудут туда 5 сентября. Основная цель визита не раскрывается, однако логика поездки указывает на стремление синхронизировать позиции перед возможными дальнейшими шагами. На следующий день, 6 сентября, делегация должна переместиться в Киев. Эту часть графика подтвердил в своем Telegram-канале депутат Верховной рады Алексей Гончаренко*. Уиткофф и Кушнер, скорее всего, прибудут в Киев в воскресенье, — написал Гончаренко*, отметив вероятностный характер информации. Состав делегации примечателен. Стивен Уиткофф, официально занимающий пост спецпосланника президента США на Ближнем Востоке, в последние месяцы активно вовлечен в украинское направление. Он уже неоднократно встречался с Владимиром Путиным в Москве, что делает его одной из ключевых фигур непубличного диалога между Вашингтоном и Кремлем. Джаред Кушнер, будучи зятем Дональда Трампа, формально не занимает постов в текущей администрации, однако сохраняет влияние как доверенное лицо. Его участие в переговорах такого уровня подчеркивает высокую степень доверия к миссии со стороны Белого дома и неформальный характер каналов связи. Данный визит происходит на фоне продолжающихся попыток администрации США добиться прекращения огня. Челночный формат (Москва — Киев) позволяет оперативно сверять часы и обсуждать технические детали, которые невозможно согласовать дистанционно. Приезд делегации именно в эти даты может свидетельствовать о попытке ускорить переговорный трек до наступления нового политического сезона. Подробности повестки встреч пока не разглашаются. *Внесен в РФ в перечень террористов и экстремистов",6bea85c3be35fe7eda0c361d3c88e522e2511e5b7edbff50471b74a5061b1c57,2637,false,2318,source_specific,,,,,
1.0,https://www.belnovosti.by/lyudi-i-sobytiya/chelovecheskie-mini-mozgi-prozhili-pochti-6-let-i-zapomnili-svoy-vozrast,Белновости,Беларусь,2026-09-04T08:10:00+00:00,feed:https://www.belnovosti.by/all_rss.xml,Человеческие «мини-мозги» прожили почти 6 лет. И запомнили свой возраст,REJECT,relevance_rejected,needs_text,нет связки социальной темы и проблемы,"TITLE: Человеческие «мини-мозги» прожили почти 6 лет. И запомнили свой возраст
SUMMARY: Принято считать, что выращенные в чашке Петри клетки живут по простому сценарию: родились, поделились, умерли. Никакой биографии. Никакого прошлого.
TEXT: Принято считать, что выращенные в чашке Петри клетки живут по простому сценарию: родились, поделились, умерли. Никакой биографии. Никакого прошлого. Однако гарвардские биологи заставили человеческие мозговые органоиды прожить почти шесть лет и выяснили неприятную для старых теорий вещь. Клетки не просто выживали. Они отсчитывали время. Как старики, которые точно помнят дату своего рождения, даже если календаря в лаборатории никто не вешал. Поддерживать жизнь органоида шесть лет никто не планировал. Такие структуры гибнут от нехватки кислорода, накопления отходов, простого стресса. А тут — шесть лет. Исследовательская группа, работавшая по протоколам долгосрочного культивирования, регулярно обновляла среду и следила за формированием нейронных связей. Результат получился похожим на медленную съёмку развития настоящего мозга. Клетки глии, предшественники нейронов, зрелые возбуждающие и тормозные нейроны — всё это появлялось в той же последовательности, что и у человеческого эмбриона. Только растянуто было на годы. Разница между «молодым» и «старым» органоидом оказалась не косметической. Менялась сама молекулярная машинерия. Один из ключевых маркеров — профиль экспрессии генов, связанных с созреванием синапсов. У пятилетних культур он был ближе к тканям взрослого человека. У годовалых — к тканям ребёнка. При этом никто не ускорял процесс искусственно. Среда была одинаковой для всех возрастов. Получается, темп развития задавали сами клетки. Химерные органоиды, собранные из клеток разного биологического возраста, вели себя как город со смешанным населением. Старые клетки не начинали жизнь заново. Они шли дальше по своей программе. Через две недели в химере уже появлялись типы нейронов, на которые у молодых культур уходили месяцы. Вопрос простой: кто хранит память о возрасте? ДНК одна и та же у новорождённой клетки и у её «пожилой» соседки. Меняется не последовательность, а упаковка. Эпигенетические метки, доступность хроматина, активность регуляторных участков — вот те механические часы, которые тикают внутри каждого ядра. Авторы работы заметили: у старых клеток уже сняты запреты с генов, которые у молодых ещё заблокированы. Поэтому старый нейрон, попав в новую среду, не тратит время на повторное прохождение детства. Он идёт прямиком к производству зрелых форм. Исследователи называют это клеточной памятью о времени. Жёсткий, почти бюрократический порядок. Ни одна клетка не сдаёт экзамены заново. Остался вопрос, который не даёт спать. Если органоид ведёт календарь, помнит ли он события? Не просто возраст — а историю? Пока ответа нет. Никто не проверял, можно ли стереть такую память или перезапустить таймер. Но сама возможность существования долгоживущих клеточных моделей меняет правила в нейробиологии. Органоиды давно используют для тестирования лекарств и моделирования болезней. Шестилетние культуры открывают другой класс задач — изучение возрастных изменений без вскрытия настоящего мозга. Болезнь Альцгеймера, накопление белковых агрегатов, потеря синапсов — всё это можно наблюдать в системе, которая сама чувствует свой возраст. Для фармкомпаний это означает тест-платформы с долгой жизнью. Вместо трёх месяцев — шесть лет наблюдений. Вместо мышиных моделей — человеческие клетки. Разница в точности прогноза может оказаться колоссальной. Скепсис тоже нужен. Органоид не мыслит. Это не мозг в банке, который смотрит сны. В нём нет сосудов, иммунных клеток, настоящей архитектуры коры. Поэтому любые результаты придётся перепроверять на животных и, однажды, на людях. Но осадочек остаётся. Клетки, которые никогда не были частью тела, ведут себя так, будто помнят своё место в чужом календаре. Это не память в бытовом смысле. Речь о сохранении эпигенетического состояния — набора молекулярных меток на ДНК и белках-гистонах. Старая клетка сохраняет этот профиль и при переносе в новую среду. Инерция, но очень стабильная. В теории — да, перепрограммированием. Технологии частичного эпигенетического омоложения уже существуют. Но на мозговых органоидах с шестилетним стажем их пока не отрабатывали. Современные органоиды лишены сенсорных входов и не обладают сознанием. Опасности как от биологического оружия нет. Этическая дискуссия, впрочем, будет нарастать по мере усложнения моделей. Органоид — не ребёнок. Не личность. Но система, которая в шесть лет помнит, что ей шесть, заставляет иначе смотреть на слово «развитие». Биологи получили инструмент с долгой памятью. Теперь его нужно не сломать.",34b71445ad03ac394d04fefa43d8fc8fe1cb3ffcf3974af2983f662d29be98dd,4690,false,4447,source_specific,,,,,
1.0,https://ru.belsat.eu/95214781/litva-ne-zafiksirovala-ugrozy-iz-belarusi,Белсат,Беларусь,2026-09-04T08:12:00+00:00,feed:https://ru.belsat.eu/rss,Разведка Литвы не зафиксировала роста угрозы со стороны Беларуси,REJECT,relevance_rejected,needs_text,нет связки социальной темы и проблемы,"TITLE: Разведка Литвы не зафиксировала роста угрозы со стороны Беларуси
SUMMARY: Литва видит, что на территории Беларуси есть российские военные объекты, но новых маневренных частей, которые представляли бы прямую угрозу Литве, Латвии или Польше, там пока не видят.
TEXT: Мы обрабатываем ваши данные для демонстрации контента или рекламы и измеряем демонстрацию такого контента или рекламы, чтобы получить представление о работе нашего веб-сайта. Мы предоставляем эту информацию своим партнерам на основании согласия и законных интересов. Вы можете воспользоваться своим правом на согласие с законными интересами или возражение против них в соответствии с конкретной целью ниже или на уровне партнера, перейдя по ссылке, расположенной под каждой целью. Ваши настройки будут переданы нашим поставщикам, придерживающимся стандарта Transparency and Consent Framework. Дополнительная информация Файлы cookie или аналогичные онлайн-идентификаторы устройства (например, идентификаторы на основе входа в систему, случайно назначенные идентификаторы, сетевые идентификаторы) вместе с другой информацией (например, тип браузера и информации, язык, размер экрана, поддерживаемые технологии и т. д.) могут храниться или считываться на вашем устройстве, чтобы распознавать его каждый раз, когда оно подключается к приложению или веб-сайту, для одной или нескольких целей, описанных здесь. Эти файлы cookie позволяют нам подсчитывать количество посещений и источников трафика, чтобы оценивать и улучшать работу нашего веб-сайта. Благодаря им мы знаем, какие страницы являются наиболее и наименее популярными, и видим, каким образом посетители перемещаются по веб-сайту. Все данные, собираемые при помощи этих cookie, группируются в статистику, а значит, являются анонимными. Если вы не одобрите использование этих файлов cookie, у нас не будет данных о посещении вами нашего веб-сайта. Эти файлы cookie настраиваются через наш веб-сайт нашими партнерами по рекламе. Они могут использоваться этими компаниями для сбора данных о ваших интересах и отображения для вас актуальной рекламы на других веб-сайтах. Они работают посредством уникальной идентификации вашего браузера и устройства. Если вы не одобрите использование этих файлов cookie, вам не будет демонстрироваться наша адресная реклама на различных веб-сайтах. Реклама, демонстрируемая вам на этом сервисе, может быть основана на ограниченных данных, таких как используемый вами веб-сайт или приложение, ваше примерное местоположение, тип вашего устройства или контент, с которым вы взаимодействуете (или с которым вы взаимодействовали), (например, для ограничения количества показов вам рекламы). Информация о вашей деятельности на этом сервисе (например, формы, которые вы отправляете, контент, который вы просматриваете) может храниться и объединяться с другой информацией о вас (например, информацией о вашей предыдущей деятельности на этом сервисе и других веб-сайтах или приложениях) или аналогичных пользователях. Затем она используется для создания или совершенствования профиля о вас (который может включать в себя возможные интересы и личные аспекты). Ваш профиль может использоваться (в том числе позднее) этой и другими организациями для демонстрации рекламы, которая кажется более актуальной на основании ваших возможных интересов. Реклама, продемонстрированная вам на этом сервисе, может быть основана на ваших рекламных профилях, которые могут отражать вашу деятельность на этом сервисе или других веб-сайтах или приложениях (например, формы, которые вы отправляете, контент, который вы просматриваете), возможных интересах и личных аспектах. Информация о вашей деятельности на этом сервисе (например, формы, которые вы отправляете, нерекламный контент, который вы просматриваете) может храниться и объединяться с другой информацией о вас (например, о вашей предыдущей деятельности на этом сервисе или других веб-сайтах или приложениях) или аналогичных пользователях. Затем это используется для создания или совершенствования профиля о вас (который может включать в себя, например, возможные интересы и личные аспекты). Ваш профиль может быть использован (в том числе позднее) для демонстрации контента, который кажется более актуальным с учетом ваших возможных интересов, например, путем адаптации порядка отображения контента, чтобы вам было еще проще найти контент, соответствующий вашим интересам. Контент, предложенный вам на этом сервисе, может быть основан на ваших профилях персонализации контента, которые могут отражать вашу деятельность на этом или других сервисах (например, отправляемые вами формы, контент, который вы просматриваете), возможные интересы и личные аспекты, например, путем адаптации порядка отображения контента, чтобы вам было еще проще найти (нерекламный) контент, который соответствует вашим интересам. Информация о том, какую рекламу вам демонстрируют и как вы взаимодействуете с ней, может быть использована для определения того, насколько хорошо реклама сработала на вас или других пользователях, и были ли достигнуты цели рекламы. Например, видели ли вы рекламу, нажали ли вы на нее, заставила ли она вас купить продукт или посетить веб-сайт и т. д. Это очень полезно для понимания актуальности рекламных кампаний. Информация о том, какой контент продемонстрирован вам и как вы взаимодействуете с ним, может быть использована для определения того, достиг ли (нерекламный) контент, например, целевой аудитории и соответствует ли он вашим интересам. Например, читаете ли вы статью, смотрите видео, слушаете подкаст или смотрите описание продукта, сколько времени вы провели на этом сервисе, какие веб-страницы вы посещаете и т. д. Это очень полезно для понимания актуальности (нерекламного) контента, который вам показывается. Отчеты могут создаваться на основе комбинации наборов данных (таких как профили пользователей, статистика, маркетинговые исследования, данные аналитики) о вашем взаимодействии и взаимодействии других пользователей с рекламным или (нерекламным) контентом для выявления общих характеристик (например, чтобы определить, какая целевая аудитория более восприимчива к рекламной кампании или к определенному контенту). Информация о вашей деятельности на этом сервисе, например, ваше взаимодействие с рекламой или контентом, может быть очень полезной для совершенствования продуктов и сервисов, а также для создания новых продуктов и сервисов на основе взаимодействия с пользователями, типа аудитории и т. д. Эта конкретная цель не включает в себя разработку или совершенствование профилей и идентификаторов пользователей. Контент, продемонстрированный вам на этом сервисе, может быть основан на ограниченных данных, таких как веб-сайт или приложение, которые вы используете, ваше примерное местоположение, тип вашего устройства или контент, с которым вы взаимодействуете (или с которым вы взаимодействовали) (например, для ограничения количества раз демонстрации вам видеоролика или статьи). С вашего согласия ваше точное местоположение (в радиусе менее 500 м) может быть использовано в целях, описанных в настоящем уведомлении. С вашего согласия могут быть запрошены и использованы определенные характеристики, специфичные для вашего устройства, чтобы отличать его от других устройств (например, установленные шрифты или плагины, разрешение вашего экрана) в целях, описанных в этом уведомлении. Эти файлы cookie позволяют предоставлять улучшенную функциональность и персонализацию, например для онлайн-чатов и видеороликов. Они могут настраиваться нами или сторонними поставщиками, услуги которых содержатся на наших страницах. Если вы не одобрите использование этих файлов cookie, то, возможно, некоторые или все эти функции будут работать ненадлежащим образом. Ваши данные могут использоваться для мониторинга и предотвращения необычных и, возможно, мошеннических действий (например, в отношении рекламы, кликов ботов на объявления), а также для обеспечения правильной и безопасной работы систем и процессов. Они также могут использоваться для устранения любых проблем, с которыми",1704e71c02fd95c9746b95f942d8c62185b9b08a4393153657f498a9cb50fd61,7996,true,9825,generic_html,,,,опасность/безопасность,
1.0,https://ru.belsat.eu/95214149/navodnenie-v-nepale,Белсат,Беларусь,2026-09-04T07:29:00+00:00,feed:https://ru.belsat.eu/rss,Через девять дней после наводнения в Непале с глубины 170 метров вытащили живых людей,REJECT,relevance_rejected,needs_text,нет связки социальной темы и проблемы,"TITLE: Через девять дней после наводнения в Непале с глубины 170 метров вытащили живых людей
SUMMARY: 4 сентября из тоннеля на глубине 170 метров, который соединен с гидроэлектростанцией на реке Тришули в Непале, где произошло смертельное наводнение, вытащили двух работников.
TEXT: Мы обрабатываем ваши данные для демонстрации контента или рекламы и измеряем демонстрацию такого контента или рекламы, чтобы получить представление о работе нашего веб-сайта. Мы предоставляем эту информацию своим партнерам на основании согласия и законных интересов. Вы можете воспользоваться своим правом на согласие с законными интересами или возражение против них в соответствии с конкретной целью ниже или на уровне партнера, перейдя по ссылке, расположенной под каждой целью. Ваши настройки будут переданы нашим поставщикам, придерживающимся стандарта Transparency and Consent Framework. Дополнительная информация Файлы cookie или аналогичные онлайн-идентификаторы устройства (например, идентификаторы на основе входа в систему, случайно назначенные идентификаторы, сетевые идентификаторы) вместе с другой информацией (например, тип браузера и информации, язык, размер экрана, поддерживаемые технологии и т. д.) могут храниться или считываться на вашем устройстве, чтобы распознавать его каждый раз, когда оно подключается к приложению или веб-сайту, для одной или нескольких целей, описанных здесь. Эти файлы cookie позволяют нам подсчитывать количество посещений и источников трафика, чтобы оценивать и улучшать работу нашего веб-сайта. Благодаря им мы знаем, какие страницы являются наиболее и наименее популярными, и видим, каким образом посетители перемещаются по веб-сайту. Все данные, собираемые при помощи этих cookie, группируются в статистику, а значит, являются анонимными. Если вы не одобрите использование этих файлов cookie, у нас не будет данных о посещении вами нашего веб-сайта. Эти файлы cookie настраиваются через наш веб-сайт нашими партнерами по рекламе. Они могут использоваться этими компаниями для сбора данных о ваших интересах и отображения для вас актуальной рекламы на других веб-сайтах. Они работают посредством уникальной идентификации вашего браузера и устройства. Если вы не одобрите использование этих файлов cookie, вам не будет демонстрироваться наша адресная реклама на различных веб-сайтах. Реклама, демонстрируемая вам на этом сервисе, может быть основана на ограниченных данных, таких как используемый вами веб-сайт или приложение, ваше примерное местоположение, тип вашего устройства или контент, с которым вы взаимодействуете (или с которым вы взаимодействовали), (например, для ограничения количества показов вам рекламы). Информация о вашей деятельности на этом сервисе (например, формы, которые вы отправляете, контент, который вы просматриваете) может храниться и объединяться с другой информацией о вас (например, информацией о вашей предыдущей деятельности на этом сервисе и других веб-сайтах или приложениях) или аналогичных пользователях. Затем она используется для создания или совершенствования профиля о вас (который может включать в себя возможные интересы и личные аспекты). Ваш профиль может использоваться (в том числе позднее) этой и другими организациями для демонстрации рекламы, которая кажется более актуальной на основании ваших возможных интересов. Реклама, продемонстрированная вам на этом сервисе, может быть основана на ваших рекламных профилях, которые могут отражать вашу деятельность на этом сервисе или других веб-сайтах или приложениях (например, формы, которые вы отправляете, контент, который вы просматриваете), возможных интересах и личных аспектах. Информация о вашей деятельности на этом сервисе (например, формы, которые вы отправляете, нерекламный контент, который вы просматриваете) может храниться и объединяться с другой информацией о вас (например, о вашей предыдущей деятельности на этом сервисе или других веб-сайтах или приложениях) или аналогичных пользователях. Затем это используется для создания или совершенствования профиля о вас (который может включать в себя, например, возможные интересы и личные аспекты). Ваш профиль может быть использован (в том числе позднее) для демонстрации контента, который кажется более актуальным с учетом ваших возможных интересов, например, путем адаптации порядка отображения контента, чтобы вам было еще проще найти контент, соответствующий вашим интересам. Контент, предложенный вам на этом сервисе, может быть основан на ваших профилях персонализации контента, которые могут отражать вашу деятельность на этом или других сервисах (например, отправляемые вами формы, контент, который вы просматриваете), возможные интересы и личные аспекты, например, путем адаптации порядка отображения контента, чтобы вам было еще проще найти (нерекламный) контент, который соответствует вашим интересам. Информация о том, какую рекламу вам демонстрируют и как вы взаимодействуете с ней, может быть использована для определения того, насколько хорошо реклама сработала на вас или других пользователях, и были ли достигнуты цели рекламы. Например, видели ли вы рекламу, нажали ли вы на нее, заставила ли она вас купить продукт или посетить веб-сайт и т. д. Это очень полезно для понимания актуальности рекламных кампаний. Информация о том, какой контент продемонстрирован вам и как вы взаимодействуете с ним, может быть использована для определения того, достиг ли (нерекламный) контент, например, целевой аудитории и соответствует ли он вашим интересам. Например, читаете ли вы статью, смотрите видео, слушаете подкаст или смотрите описание продукта, сколько времени вы провели на этом сервисе, какие веб-страницы вы посещаете и т. д. Это очень полезно для понимания актуальности (нерекламного) контента, который вам показывается. Отчеты могут создаваться на основе комбинации наборов данных (таких как профили пользователей, статистика, маркетинговые исследования, данные аналитики) о вашем взаимодействии и взаимодействии других пользователей с рекламным или (нерекламным) контентом для выявления общих характеристик (например, чтобы определить, какая целевая аудитория более восприимчива к рекламной кампании или к определенному контенту). Информация о вашей деятельности на этом сервисе, например, ваше взаимодействие с рекламой или контентом, может быть очень полезной для совершенствования продуктов и сервисов, а также для создания новых продуктов и сервисов на основе взаимодействия с пользователями, типа аудитории и т. д. Эта конкретная цель не включает в себя разработку или совершенствование профилей и идентификаторов пользователей. Контент, продемонстрированный вам на этом сервисе, может быть основан на ограниченных данных, таких как веб-сайт или приложение, которые вы используете, ваше примерное местоположение, тип вашего устройства или контент, с которым вы взаимодействуете (или с которым вы взаимодействовали) (например, для ограничения количества раз демонстрации вам видеоролика или статьи). С вашего согласия ваше точное местоположение (в радиусе менее 500 м) может быть использовано в целях, описанных в настоящем уведомлении. С вашего согласия могут быть запрошены и использованы определенные характеристики, специфичные для вашего устройства, чтобы отличать его от других устройств (например, установленные шрифты или плагины, разрешение вашего экрана) в целях, описанных в этом уведомлении. Эти файлы cookie позволяют предоставлять улучшенную функциональность и персонализацию, например для онлайн-чатов и видеороликов. Они могут настраиваться нами или сторонними поставщиками, услуги которых содержатся на наших страницах. Если вы не одобрите использование этих файлов cookie, то, возможно, некоторые или все эти функции будут работать ненадлежащим образом. Ваши данные могут использоваться для мониторинга и предотвращения необычных и, возможно, мошеннических действий (например, в отношении рекламы, кликов ботов на объявления), а также для обеспечения правильной и безопасной работы систем и процессов. Они также могут использоваться для устранения любых проблем, с",08f383410748636e2c0906c6e24d93b9f92f7c57c1c961f0c809cf57f5d5ab37,7998,true,9825,generic_html,,,,,
1.0,https://t.me/nashaniva/121130,Наша Ніва,Беларусь,2026-09-04T07:51:14+00:00,telegram:https://t.me/s/nashaniva,25‑гадовага каардынатара IT-праектаў па вяртанні з Польшчы асудзілі за «садзейнічанне экстрэмізму»,REJECT,relevance_rejected,needs_text,нет связки социальной темы и проблемы,"TITLE: 25‑гадовага каардынатара IT-праектаў па вяртанні з Польшчы асудзілі за «садзейнічанне экстрэмізму»
TEXT: 25‑гадовага каардынатара IT-праектаў па вяртанні з Польшчы асудзілі за «садзейнічанне экстрэмізму» Ярамір Пуціцкі працаваў у буйных кампаніях сектара інфармацыйных тэхналогій і жыў у Польшчы. Нядаўна стала вядома пра вынесены яму прысуд у Мінскім гарадскім судзе. https://nashaniva.com/403776 Без VPN — https://storage.googleapis.com/nashaniva-by/read.html?page=/403776",c53a8152f7a42a3305d81394848959b4b58678a62e2bc000a0ad1f4121091113,481,false,369,inline_text,,,,повреждение/плохое состояние,
1.0,https://t.me/nashaniva/121136,Наша Ніва,Беларусь,2026-09-04T09:39:23+00:00,telegram:https://t.me/s/nashaniva,Беларускі брэнд замовіў вышыўку на адзенні — ім прыслалі партыю з недарэчнай памылкай у цытаце Якуба Коласа,REJECT,relevance_rejected,needs_text,нет связки социальной темы и проблемы,"TITLE: Беларускі брэнд замовіў вышыўку на адзенні — ім прыслалі партыю з недарэчнай памылкай у цытаце Якуба Коласа
TEXT: Беларускі брэнд замовіў вышыўку на адзенні — ім прыслалі партыю з недарэчнай памылкай у цытаце Якуба Коласа «Самая недарэчная сітуацыя, якая магла здарыцца з беларускім брэндам адзення», — скардзіцца ў інстаграме стваральніца Up to you Таццяна Хахлова. https://nashaniva.com/403857 Без VPN — https://storage.googleapis.com/nashaniva-by/read.html?page=/403857",381122a7adad236e4ab14c37a2ae76efcd5a50239ea0a38f442b9b68ab2b4621,479,false,358,inline_text,,,,,
1.0,https://t.me/nashaniva/121131,Наша Ніва,Беларусь,2026-09-04T08:13:41+00:00,telegram:https://t.me/s/nashaniva,Маці паскардзілася на траўмы 5‑гадовага сына ў псіхіятрычнай бальніцы Гомеля,KEEP,included,strong,,"TITLE: Маці паскардзілася на траўмы 5‑гадовага сына ў псіхіятрычнай бальніцы Гомеля
TEXT: Маці паскардзілася на траўмы 5‑гадовага сына ў псіхіятрычнай бальніцы Гомеля Што адказалі дактары? https://nashaniva.com/403853 Без VPN — https://storage.googleapis.com/nashaniva-by/read.html?page=/403853",e892e1afc0950bc3a870cbdf11203fdc8884db63cbd91eda8c960669818daecc,294,false,204,inline_text,Гомельская область,Гомель,медицина,опасность/безопасность,гомель|healthcare|safety
1.0,https://t.me/nashaniva/121132,Наша Ніва,Беларусь,2026-09-04T08:35:58+00:00,telegram:https://t.me/s/nashaniva,Першая замежная авіякампанія спыніла палёты ў Расію пасля папярэджання Зяленскага пра небяспеку ў небе,REJECT,relevance_rejected,needs_text,политическая тема: зяленск,"TITLE: Першая замежная авіякампанія спыніла палёты ў Расію пасля папярэджання Зяленскага пра небяспеку ў небе
TEXT: Першая замежная авіякампанія спыніла палёты ў Расію пасля папярэджання Зяленскага пра небяспеку ў небе https://nashaniva.com/403854 Без VPN — https://storage.googleapis.com/nashaniva-by/read.html?page=/403854",7fc95262ddd5c96e4d85c2718daf5b0c09abb7095ad09586c87c3092931c9f6f,324,false,208,inline_text,,,,условия труда,
1.0,https://t.me/nashaniva/121134,Наша Ніва,Беларусь,2026-09-04T09:20:42+00:00,telegram:https://t.me/s/nashaniva,У Непале праз дзевяць дзён пасля паводкі выратавалі двух рабочых,REJECT,relevance_rejected,needs_text,нет связки социальной темы и проблемы,"TITLE: У Непале праз дзевяць дзён пасля паводкі выратавалі двух рабочых
TEXT: У Непале праз дзевяць дзён пасля паводкі выратавалі двух рабочых Мужчын дасталі з тунэлю гідраэлектрастанцыі. https://nashaniva.com/403859 Без VPN — https://storage.googleapis.com/nashaniva-by/read.html?page=/403859",b01f74a3586e7872bbc50f133b3696a1da480ef1d94e3d825fcac79d492fe8a8,293,false,215,inline_text,,,,,
1.0,https://t.me/nashaniva/121133,Наша Ніва,Беларусь,2026-09-04T08:59:25+00:00,telegram:https://t.me/s/nashaniva,Урад Мелоні пабіў рэкорд знаходжання ва ўладзе ў пасляваеннай Італіі,REJECT,relevance_rejected,needs_text,нет связки социальной темы и проблемы,"TITLE: Урад Мелоні пабіў рэкорд знаходжання ва ўладзе ў пасляваеннай Італіі
TEXT: Урад Мелоні пабіў рэкорд знаходжання ва ўладзе ў пасляваеннай Італіі У пятніцу ўрад Джорджы Мелоні адзначае 1413 дзён бесперапыннага знаходжання ва ўладзе, які стаў самым доўгачасовым урадам у гісторыі Італьянскай Рэспублікі пасля Беніта Мусаліні. https://nashaniva.com/403856 Без VPN — https://storage.googleapis.com/nashaniva-by/read.html?page=/403856",9f371f8841fce642f873a00303368f3d28d3a84a05319088c4d7678894cd8774,435,false,353,inline_text,,,,,
1.0,https://pozirk.online/ru/news/202410,Позірк,Беларусь,2026-09-04T09:43:22+00:00,homepage,Инсценировано нападение на руководство МВД — в рамках проверки боеготовности | Pozirk,REJECT,relevance_rejected,needs_text,нет связки социальной темы и проблемы,"TITLE: Инсценировано нападение на руководство МВД — в рамках проверки боеготовности | Pozirk
TEXT: 4 сентября, Позірк . В рамках проверки боеготовности внутренних войск (ВВ) силовики “в кратчайшие сроки вычислили и задержали напавшую на руководство МВД группу”, заявила пресс-служба ведомства. Министр Иван Кубраков, подводя итоги первых суток учений на тематическом совещании, “дал оценку действиям военнослужащих 7-й отдельной специальной милицейской бригады, бойцов других спецподразделений внутренних войск“ (не уточняется, какую именно. — “Позірк“. ). “Предполагаемые преступники“, совершившие “нападение на руководство“ ведомства, были задержаны “буквально в течение 20 минут, несмотря на то, что, скрылись в лесу”. Также обсуждалось обеспечение безопасности подразделений на местах и “качественного проведения мобилизации“. В частности, от военных комиссариатов принято пять единиц боевой техники, в ВВ направлено около ста военнообязанных (в том числе пять офицеров), “разработаны и утверждены расписание занятий <…> на весь период сборов и план сдачи зачетов по физической и огневой подготовке“. Во время инспекции 1-го отдельного стрелкового батальона 7-й отдельной специальной милицейской бригады (в/ч 5524) в Орше (Витебская область) все подразделения были переведены в полную боевую готовность, отчитался Кубраков. По его словам, выявлены “некоторые проблемные моменты — они касаются в большей степени тылового обеспечения“. Накануне в рамках поверки отработался сценарий прорыва белорусской границы на внедорожниках. О том, что госсекретарь Совета безопасности Александр Вольфович передал Кубракову распоряжение о “приведении в боевую готовность в соответствии с предназначением“ 7-й спецбригады ВВ МВД, стало известно 2 сентября. Внутренние войска были активно задействованы в подавлении массовых протестов в 2020 году, привлекались к разгонам уличных акций и в прежние годы. С конца 2022 года в составе ВВ МВД активно создаются новые спецподразделения, в первую очередь из числа контрактников, ранее отслуживших во внутренних войсках. Тренировками бойцов спецотрядов ВВ занимались действующие и бывшие боевики российской ЧВК “Вагнер“.",b242cae2ee8938475c7db792533fceb09f23ae18a48a4aacfc48100040f8045d,2150,false,2051,source_specific,,,,,
1.0,https://pozirk.online/ru/news/202394,Позірк,Беларусь,2026-09-04T08:57:54+00:00,homepage | telegram:https://t.me/s/pozirkonline,Литовская разведка не видит роста военной угрозы со стороны Беларуси — советник президента,REJECT,relevance_rejected,needs_text,политическая тема: ціханоўск,"TITLE: Литовская разведка не видит роста военной угрозы со стороны Беларуси — советник президента
TEXT: Літоўская выведка не бачыць росту ваеннай пагрозы з боку Беларусі — дарадца прэзідэнта Літва на дадзены момант не валодае інфармацыяй пра рост ваеннай пагрозы з боку Беларусі і не можа пацвердзіць заявы дэмакратычнага лідара Святланы Ціханоўскай пра будаўніцтва новай ваеннай інфраструктуры ў краіне, заявіў галоўны дарадца прэзідэнта краіны Дэйвідас Матулёніс . ""З боку Беларусі на сённяшні дзень мы не бачым узрослай пагрозы. Так, ёсць пэўныя расійскія ваенныя аб'екты, але новых манеўраных частак, якія ўяўлялі б прамую пагрозу Літве, Латвіі або Польшчы, мы дакладна не бачым"", — цытуе Матулёніса LRT. Выведка Літвы адсочвае сітуацыю ў Беларусі і ""неадкладна зверне ўвагу на магчымае засяроджванне расійскіх войскаў"", сказаў ён. ✅ Падрабязнасці 🗝 Без VPN 📷 Вільнюс. Фота: ""Позірк""",535883eafdea8e3a893afbcb29f60ddc53fe6d2c2f2ad157b69c67c669e41860,887,false,783,inline_text,,,,опасность/безопасность,
1.0,https://pozirk.online/ru/news/202402,Позірк,Беларусь,2026-09-04T09:41:11+00:00,homepage | telegram:https://t.me/s/pozirkonline,"МАРТ недоволен обилием импорта овощных консервов — производство огурцов падает, квашеной капусты остается на прежнем уровне",REJECT,relevance_rejected,needs_text,нет связки социальной темы и проблемы,"TITLE: МАРТ недоволен обилием импорта овощных консервов — производство огурцов падает, квашеной капусты остается на прежнем уровне
TEXT: МАРТ недоволен обилием импортных овощных консервов: производство огурцов падает, квашеной капусты — не растет “Необходимые меры“ по увеличению доли продаж отечественных овощных консервов на потребительском рынке обсуждены на “рабочей встрече под руководством заместителя министра антимонопольного регулирования и торговли Светланы Короткевич “, сообщила пресс-служба МАРТ. По данным ведомства, ассортимент белорусских овощных консервов в крупных торговых сетях “насчитывает до 179 разновидностей, тогда как импортных предложений почти в три раза больше — до 505“. 👆 27 августа Короткевич на тематическом семинаре пообещала “серьезный спрос“ за выполнение показателей по итогам 2026-го“ по “насыщению полок“ товарами белорусской продукции. ✅ Подробности 🗝 Без VPN 📷 Иллюстративное фото: magnific.com",a3837c2b1f8312820083aaa4a602ed64510f751579271055441364aaf2bfd129,935,false,798,inline_text,,,магазин/торговля,,
1.0,https://pozirk.online/ru/news/202406,Позірк,Беларусь,2026-09-04T09:27:12+00:00,homepage,Министр образования оправдывает досмотр в школах: 1 сентября дети пытались пронести ножи | Pozirk,REJECT,relevance_rejected,possible,нет связки социальной темы и проблемы,"TITLE: Министр образования оправдывает досмотр в школах: 1 сентября дети пытались пронести ножи | Pozirk
TEXT: 4 сентября, Позірк . В школах речь не идет о “тотальном досмотре“ учеников на входе, заявил госСМИ министр образования Андрей Иванец, комментируя соответствующие нововведения. По его мнению, родители должны перед выходом ребенка в школу убедиться, что в его сумке нет ножа или других запрещенных предметов. “Уже 1 сентября та работа, которую мы провели совместно с МВД, показала, что, к сожалению, у нас <…> были выявлены дети, которые пытались пронести в школу ножи“, — сказал чиновник. 27 августа со ссылкой на начальника Департамента охраны МВД Александра Шепелева сообщалось, что его представители смогут проводить досмотр учащихся в присутствии педагогического работника (согласно постановлению правительства от 19 июня 2026 года № 307 “Об осуществлении охранной деятельности“). Ранее требовалось присутствие законного представителя ребенка. Заместитель министра образования Владимир Долженков сообщил , что к началу учебного года недостатки устранены в 2 тыс. школ. Говоря о безопасности учащихся, замминистра отметил, что все учреждения образования оборудованы тревожными кнопками, “достаточно большое количество“ — системами видеонаблюдения“.",1c86fa1bf5dfc4c7e955f17bfe8a8b339c3feac6d612d013d94c551e68491aa3,1261,false,1150,source_specific,,,школа/детский сад,,
1.0,https://pozirk.online/be/news/202397,Позірк,Беларусь,2026-09-04T07:03:14+00:00,telegram:https://t.me/s/pozirkonline,"У жніўні тэмпература паветра ў Беларусі вагалася ад 2,6 да 40,3 градуса",REJECT,relevance_rejected,needs_text,нет связки социальной темы и проблемы,"TITLE: У жніўні тэмпература паветра ў Беларусі вагалася ад 2,6 да 40,3 градуса
TEXT: У жніўні тэмпература паветра ў Беларусі вагалася ад 2,6 да 40,3 градуса Жнівень 2026 года ў Беларусі быў на 0,4 градуса цяплейшым за кліматычную норму (18,4 градуса супраць 18), паведамляе Белгідрамет у месячным аглядзе. Адзначаецца, што такая і больш высокая сярэднямесячная тэмпература паветра ў жніўні рэгіструецца адзін раз у два-тры гады. Самы гарачы жнівень быў у 2010 годзе з сярэднямесячнай тэмпературай 20,8 градуса, самы халодны — у 1987 годзе (14,3). ☝️ Максімальнага значэння (40,3) тэмпература паветра дасягнула 6 жніўня ў Мазыры, што стала рэкордам для апошняга месяца лета. Абнавіліся месячныя рэкорды таксама ў Лельчыцах (39,6), Жыткавічах (38,9), Васілевічах (38,6), Пінску (38,3), на станцыі Палеская ў Лунінецкім раёне (37,8), у Брэсце (37,6), Пружанах (36). ✅ Падрабязнасці 🗝 Без VPN 📷 ""Позірк""",a0a18e29a9bf5603c0685b06f3ba256a2ce2446f9eb01ea0533470ed132d0a3a,899,false,814,inline_text,,,,условия труда,
1.0,https://charter97.org/ru/news/2026/9/4/697243,Хартия-97,Беларусь,2026-09-04T08:32:52+00:00,feed:https://charter97.org/ru/rss/society/,Армейский эксперимент Лукашенко обернулся неудобным выводом,REJECT,relevance_rejected,needs_text,политическая тема: лукашенко,"TITLE: Армейский эксперимент Лукашенко обернулся неудобным выводом
SUMMARY: Вольфович неожиданно заговорил об ответственности руководителей.
TEXT: Вольфович неожиданно заговорил об ответственности руководителей. Глава Совбеза Александр Вольфович поделился выводами о «перевоспитании» проштрафившихся сельчан , пишет «Салідарнасць» . «В нашей стране нет абсолютно равнодушных людей. С ними просто нужно работать. Людей поставили в армейские рамки, у них четкий, жесткий распорядок», — заявил Александр Вольфович, посещая 30-ю отдельную железнодорожную бригаду в Слуцке. Здесь на сборах оказалась одна из двух групп работников сельского хозяйства, сформированных из 500 человек, собранных по всей стране. Вторая команда собрана на базе 103-й отдельной гвардейской воздушно-десантной бригады в Витебске: это те, кто подлежит призыву и приписаны к военным комиссариатам. С ними уже проведены мероприятия по слаживанию, восстановлению навыков военно-учетной специальности. По словам Вольфовича, сейчас они вместе с представителями ССО «выполняют задачи по прикрытию южных рубежей»: выполняют мероприятия по фортификационному оборудованию местности, учебно-боевые задачи по патрулированию особо опасных направлений украинско-белорусской границы. Глава Совбеза поделился увиденным в железнодорожной бригаде: Было интересно пообщаться с этой категорией граждан и заслушать командиров. По отзывам командиров, они добросовестно выполняют задачи, стараются быть образцовыми военнослужащими. Вот, что значит армейский быт, уклад, четкая постановка задач, спрос. Людей поставили в армейские рамки, у них четкий, жесткий распорядок. При этом чиновник любопытно сместил акцент, переведя фокус с рядовых работников, оказавшихся по капризу Лукашенко в армии, на их начальство: «Где руководитель четко ставит задачи, определенные рубежи на день, на неделю — там есть результат. Там и уборка идет слаженно, вовремя, там и дело спорится. Точно так же и здесь». Эти слова красноречиво перекликаются с признанием правителя, прозвучавшим на прошлой неделе: Мы не смогли их организовать. А в армии Хренин со своими офицерами организовал их деятельность и просит их наградить. Может ли опыт аграрного сектора быть перенесен на другие отрасли? Вольфович, похоже, прозрачно намекнул на то, что все возможно: «Сегодня жизнь заставляет каждого гражданина Республики Беларусь выполнять свои задачи качественно, точно и в срок. Это касается всех: военных, учителей, врачей, ну и тем более руководителей сельхозпредприятий».",16593556b07644f587ae19b7083c9623d5a65370731c2a69654605ae42204808,2492,false,2345,generic_html,,,,,
1.0,https://charter97.org/ru/news/2026/9/4/697253,Хартия-97,Беларусь,2026-09-04T09:32:20+00:00,feed:https://charter97.org/ru/rss/society/,В Беларуси расширили список профессий для воинского учета женщин,REJECT,relevance_rejected,needs_text,нет связки социальной темы и проблемы,"TITLE: В Беларуси расширили список профессий для воинского учета женщин
SUMMARY: Под армейский учет попадает все больше специальностей.
TEXT: Под армейский учет попадает все больше специальностей. В Беларуси обновили перечень специальностей, по которым женщины подлежат первоначальному приему на воинский учет. Документ опубликован на Национальном правовом интернет-портале. В Министерстве обороны объяснили, кого коснутся изменения и что делать тем, чья специальность появилась в списке только в 2026 году. Как пояснила официальный представитель Министерства обороны Беларуси подполковник Наталья Гаврусик , сам перечень существует уже много лет. «Обновился он лишь потому, что в медицине появились новые специальности, а некоторые начали называться иначе», - рассказала она. Как и прежде, государство учитывает как военнообязанных женщин, достигших 19 лет и получивших специальность, которая входит в перечень. При этом Минобороны отдельно разъяснило ситуацию для тех, чья специальность попала в список только после нынешнего обновления. «Если на момент 1 января 2026 года вы уже дипломированный специалист и вам 20 и более лет, на учет становиться не нужно», - подчеркнула Гаврусик. Остальным девушкам, которые получат специальность из обновленного перечня, необходимо обратиться в военкомат по месту жительства. С собой нужно взять паспорт, копию диплома и фотографию, а на месте написать заявление. В перечень вошли специальности среднего специального образования «Ветеринарная медицина», «Лечебное дело», «Сестринское дело», «Медико-диагностическое дело» и «Фармация». Для общего высшего образования указано «Сестринское дело». Среди специальностей специального высшего образования - «Лечебное дело», «Медико-профилактическое дело», «Медико-диагностическое дело» и «Фармация». Также в перечне есть специальности переподготовки на базе среднего специального образования: «Амбулаторно-поликлиническая помощь», «Анестезиология», «Рентгенология», «Хирургия» и «Медицинское обеспечение воинской деятельности». Обновленный перечень определяет специальности, необходимые для Вооруженных Сил, других войск и воинских формирований, по которым женщины с 19-летнего возраста подлежат первоначальному приему на воинский учет.",36a111aeb31110b161b939714753a73ef43e5cee2b65a002b3e29da929aead0c,2219,false,2077,generic_html,,,,,
1.0,https://charter97.org/ru/news/2026/9/4/697245,Хартия-97,Беларусь,2026-09-04T08:51:20+00:00,feed:https://charter97.org/ru/rss/society/,В Лошицком парке Минска началась большая реставрация,REJECT,relevance_rejected,possible,нет связки социальной темы и проблемы,"TITLE: В Лошицком парке Минска началась большая реставрация
SUMMARY: Из руин восстановят старинную мельницу и каплицу XVIII века.
TEXT: Из руин восстановят старинную мельницу и каплицу XVIII века. Туристический потенциал Лошицкого усадебно-паркового комплекса расширят. В парке грядут очередные обновления: уже началось восстановление сразу двух исторических построек – старинной мельницы и каплицы, которые сохранились до нашего времени в разрушенном состоянии. Подробности о ходе работ сообщили в «Минскстрое». Ранее в парке была восстановлена историческая застройка XVIII–XIX веков на ул. Чижевских, 17 и в пер. Чижевских, 5 и 6. Реконструкцию выполняло СУ-19 треста № 1, оно же занимается каплицей и мельницей. К работам приступили на двух объектах одновременно, отметили в «Минскстрое». Сейчас строители усиливают фундаменты мельницы, армируя и бетонируя их снаружи и изнутри. Далее предстоит гидроизоляция и обратная засыпка. Следующий этап – устройство буронабивных свай во внутреннем контуре здания. Обнажены фундаменты сохранившегося фрагмента каплицы и открыты фундаменты утраченной части здания. Они из бутового камня. Также будут усилены снаружи и изнутри. Параллельно ведется подсыпка склона и формирование откосов – изначально площадка была не очень удобной, сейчас – уже лучше. Вместе со строителями трудятся и археологи. Хотя время не пощадило оба объекта, им хотят вернуть прежний облик, так что предстоит еще много работы. При этом в будущем восстановленное здание планируется использовать для различных целей. Как именно преобразятся объекты Согласно планам мельница будет трехэтажной с мансардой, а рядом добавят одноэтажную пристройку. Однако главной деталью станет настоящий рабочий мельничный механизм – через некоторое время там снова будут делать выпечку. Вернут мельнице и ее главную узнаваемую деталь – водяное колесо. Его установят в выложенном камнями русле сухого ручья, где также оборудуют резервуар с водой. Внутри здания расположатся музейно-экскурсионная зона, дегустационный, обеденный и банкетный залы. Рядом разместят летнее кафе и сувенирный павильон. От каплицы XVIII века сохранились лишь два относительно небольших фрагмента стен северо-восточного и восточного фасадов. Воссоздавать здание будут в кирпиче, а одним из исторических ориентиров станет акварельный пейзаж Юзефа Пешки . Каплице хотят вернуть прежние габариты и архитектурные элементы, включая историческую форму кровли с треугольными фронтонами. В дальнейшем внутри разместятся музейные экспозиции.",161d9852bca572bf40ca1567ccae9ed55e8af9dbbc813b5a76000e1fb6969538,2501,false,2365,generic_html,Минск,Минск,озеленение/покос,,
1.0,https://charter97.org/ru/news/2026/9/4/697251,Хартия-97,Беларусь,2026-09-04T09:21:17+00:00,feed:https://charter97.org/ru/rss/economics/,Крупнейший банк Беларуси вводит ограничения по карточкам,REJECT,relevance_rejected,needs_text,нет связки социальной темы и проблемы,"TITLE: Крупнейший банк Беларуси вводит ограничения по карточкам
SUMMARY: Белорусам стоит проверить свое мобильное приложение уже сейчас.
TEXT: Белорусам стоит проверить свое мобильное приложение уже сейчас. Клиенты Беларусбанка начали получать уведомления о введении ограничений по карточкам. Как это будет работать на практике, объяснили в официальном Telegram-канале банка . Новшество касается тех, кто пользуется приложением M-Belarusbank и имеет доступ не к своим картам. «Действительно, пользователи приложения имели такую возможность. Это было удобно, чтобы помогать родственникам распоряжаться счетом или вести совместный бюджет. Но для предупреждения мошеннических операций такой опции скоро больше не будет», – объяснили в Беларусбанке. До 1 октября не свои карты нужно удалить. Если этого не сделать, то перестанут работать все добавленные карты (в том числе и ваша). Для этого надо зайти в приложение и выполнить следующий алгоритм: «Карты» → «Выбрать карту» → «Настройки» → «Удалить карту». Как помогать родственникам дальше Чтобы не потерять возможность дальше помогать родственникам, нужно оформить дополнительную карту к счету другого лица и зарегистрировать ее в приложении. «Такая карта оформляется в любом отделении банка. Оформляет тот, чей счет. Родственные связи не важны», – подчеркнули в Беларусбанке. Когда карта будет готова, то ее можно добавить в приложение. И можно будет дальше пользоваться общим счетом или помогать родственнику совершать финансовые операции.",2acdd7ee9e6dbad8e8b54508b9213d345aeddb266c3c2ff1259fef7bb68aeaea,1489,false,1346,generic_html,,,,,
1.0,https://charter97.org/ru/news/2026/9/4/697236,Хартия-97,Беларусь,2026-09-04T07:53:20+00:00,feed:https://charter97.org/ru/rss/society/,Лявон Вольский: Белорусская школа все больше превращается в армию,KEEP,included,possible,,"TITLE: Лявон Вольский: Белорусская школа все больше превращается в армию
SUMMARY: Музыкант объяснил, как детей приучают к казарменным порядкам.
TEXT: Музыкант объяснил, как детей приучают к казарменным порядкам. Белорусские школы все больше превращаются в учреждения с жесткой дисциплиной, едиными требованиями к внешнему виду и элементами армейского порядка. Музыкант Лявон Вольский в колонке для Budzma.org объясняет, как система образования постепенно пришла к такой модели. Одна белорусская школа опубликовала на своем сайте список требований к внешнему виду учеников. У мальчиков волосы не должны закрывать уши и глаза. Окрашивание полностью запрещено. Нельзя использовать гель и лак, которые создают «слишком заметный вид». Не говоря уже о выбривании узоров на голове. Недопустимо! @gazetaby Красить волосы нельзя, распускать — тоже. Одна из школ в Беларуси опубликовала список требований к внешнему виду учеников #новостибеларуси #беларусьсейчас #белтикток #медыясалідарнасть #gazetaby ♬ оригинальный звук - Салідарнасць (gazetaby) У девочек длинные волосы обязательно должны быть собраны в хвост или косу. Нельзя носить слишком длинные серьги и другую крупную бижутерию, которая бросается в глаза. Запрещены также макияж и маникюр с ярким покрытием. Короче, подготовься и встреть День знаний в приличном, соответствующем виде. «По просьбам трудящихся» уменьшили количество белорусского языка Все разворачивалось постепенно. Сначала уменьшили количество часов белорусского языка, естественно, «по просьбам трудящихся»: мол, языки похожи, дети путаются и в итоге ни одного языка нормально не знают. Надо признать, что часть родителей с энтузиазмом подхватила это абсурдное утверждение: мол, действительно, так детям будет легче. Белорусский оказался на уровне чего-то необязательного — было видно, что государство делает крутой разворот в сторону России, все возвращается на российские рельсы, так зачем обременять себя ненужными знаниями? Потом, после долгих и мучительных родов, появился на свет наследник комсомола белорусского разлива — БРСМ. Была поставлена цель — загнать в государственную молодежную организацию всех учащихся, как когда-то было с комсомолом. Членам обещали льготы, например бесплатный вход на дискотеку, говорили, что будет легче с получением высшего образования — у членов БРСМ якобы будет приоритет при поступлении. Ничего подобного, разумеется, не было. Родителям говорили: «Вы же не хотите, чтобы ваша дочь или сын были белой вороной? Вон в классе почти все в БРСМ, только парочка детей змагаров — нет. Вы что, хотите уподобиться этим оппозиционерам, БНФовцам?!» Родители опускали глаза и бормотали: «Ну, если уже все там, пусть и мой вступает». В итоге обещания не сбылись, а членство свелось к ежемесячным поборам и возможности карьерного роста для особо активных членов организации. Школьная форма и распределение Появились школьная форма и требования к внешнему виду в колледжах и лицеях. Сначала наиболее демократически настроенные родители были против, но со временем смирились: «Мы же носили форму, и ничего страшного с нами не произошло». Потом незаметно подкралось распределение. Снова звучали возмущенные голоса: «Мы что, возвращаемся в Советский Союз?! Пусть студент сам выбирает, куда ему идти работать!» Но время шло, голоса стихали, и теперь никто уже и представить не может высшее или среднее специальное образование без этого крепостного распределения... После нашумевшей публикации о внешнем виде учеников в социальных сетях поднялся шум — говорили о Северной Корее, об армии и тюрьме, возмущались... В конце концов публикацию с сайта убрали. Но это не значит, что требования к внешнему виду изменились. И не только в отдельно взятой барановичской школе, которая опубликовала эту информацию, — в любом учебном заведении. Отрасти длинные волосы, если ты мальчик, покрась их, проколи ухо — и ты вызовешь волну хейта со стороны учителей. То же самое начнется, если девочка сделает окрашивание волос, броский макияж, пирсинг... Мальчику будут приписывать нетрадиционную ориентацию, девочке — «легкое поведение». Могут вызвать родителей и, в худшем случае, если родители встанут на сторону ребенка, обратиться к безжалостным социальным службам... И чему тут удивляться? В стране — культ армии и силовых структур. А в этих профессиях есть определенный дресс-код. Все знают какой. А ты как потенциальный защитник Отечества должен ему соответствовать. И ты как будущая мать-героиня, которая должна родить потенциальных защитников Отечества, — тоже. Вопросы есть? Нет. Тогда вольно, разойтись, всем подготовиться к торжественной линейке!",38bcd4aeee2c6c325c1cd811a4446c2cd2df49d492e2ab37d9fa12a5b021d53b,4579,false,4429,generic_html,,,школа/детский сад,,
1.0,https://charter97.org/ru/news/2026/9/4/697239,Хартия-97,Беларусь,2026-09-04T08:09:36+00:00,feed:https://charter97.org/ru/rss/economics/,Российский бизнес начал массово «сбегать» в Китай,REJECT,relevance_rejected,needs_text,нет связки социальной темы и проблемы,"TITLE: Российский бизнес начал массово «сбегать» в Китай
SUMMARY: Китайские партнеры активно способствуют этому процессу.
TEXT: Китайские партнеры активно способствуют этому процессу. Российские компании с Дальнего Востока начали рассматривать перенос бизнеса в Китай из-за высоких налогов и стоимости кредитов. Китайские партнеры предлагают предпринимателям кредиты примерно под 3%, более низкие налоги и гранты на капитальные расходы, узнал Dialog.UA . Об этом сообщил глава «Опоры России» Александр Калинин . По его словам, китайские партнеры уже активно предлагают дальневосточным компаниям регистрироваться в промышленных и технологических парках КНР. «Наши товарищи из Китая уже переманивают дальневосточные компании перерегистрироваться в китайских промпарках, технопарках – через реку, грубо говоря», – сказал Калинин на полях Восточного экономического форума. Интерес российского бизнеса к переезду в Китай подтвердили и в компании «Деловые решения и технологии» (ДРТ, бывший Deloitte в РФ). Сейчас в КНР работают около 3800 организаций с российским участием.",353e205a50045fa85e291a0bac4f70dcc370d1fdc49d77d6233ff2624cf8edeb,1068,false,940,generic_html,,,,,
1.0,https://bgmedia.site/news/brestchanin-kvartira-moshennichestvo-11-chelovek,BGmedia,Брестская область,2026-09-04T08:10:22+00:00,feed:https://bgmedia.site/feed/ | homepage,Брестчанин сдавал занятую квартиру и обманул 11 человек на 14 тысяч рублей — BGmedia,REJECT,relevance_rejected,needs_text,нет связки социальной темы и проблемы,"TITLE: Брестчанин сдавал занятую квартиру и обманул 11 человек на 14 тысяч рублей — BGmedia
SUMMARY: Молодой человек размещал объявление об аренде квартиры своего отца, получал деньги и обещал скорое заселение.
TEXT: В Бресте осудили 20-летнего местного жителя, который обманул 11 человек более чем на 14 тысяч рублей. Молодой человек предлагал в аренду квартиру, где сам жил с женой и которую на самом деле не собирался освобождать. Кроме того, он получил деньги за музыкальную колонку, которой у него не было. Уголовное дело рассмотрел 27 августа суд Ленинского района Бреста. На скамье подсудимых оказался ранее неоднократно судимый 20-летний брестчанин. По материалам дела, молодой человек решил таким способом улучшить финансовое положение семьи. Он разместил на торговой интернет-площадке объявление о сдаче квартиры, принадлежавшей его отцу. При этом сам обвиняемый жил в этой квартире вместе с супругой и фактически не мог сдать ее другим людям. Как установил суд, выполнять свои обязательства он изначально не собирался. Заинтересовавшимся жильем мужчина предлагал передать деньги лично либо перевести их на банковскую карту. После получения оплаты он уверял будущих жильцов, что квартира вскоре освободится и тогда они смогут заселиться. Позже брестчанин использовал еще одну схему. Он разместил объявление о продаже музыкальной колонки по заниженной цене. В действительности такой колонки у него не было, однако деньги от покупателя он получил. Полученные средства мужчина тратил на личные нужды, а часть использовал, чтобы возвращать деньги предыдущим потерпевшим. По данным суда, схема действовала с августа 2025 года по апрель 2026-го. За это время брестчанин обманул 11 человек на общую сумму 14 147,07 рубля. В суде молодой человек полностью признал вину, раскаялся и добровольно возместил потерпевшим причиненный ущерб. Его признали виновным по ч. 2 ст. 209 УК (мошенничество, совершенное повторно) и ч. 3 ст. 209 УК (мошенничество, совершенное повторно, в крупном размере). По первому обвинению суд назначил два года лишения свободы, по второму — три года лишения свободы и штраф в размере 50 базовых величин, или 2 250 рублей. По совокупности преступлений наказание составило три года лишения свободы со штрафом в 2 250 рублей. Однако у брестчанина оставалась неотбытая часть наказания по предыдущему приговору. В итоге по совокупности приговоров суд окончательно назначил ему 3 года и 3 месяца лишения свободы в исправительной колонии усиленного режима и штраф 2 250 рублей. Приговор пока не вступил в законную силу, может быть обжалован или опротестован. Будь на связи и в безопасности: подключи BGlobal VPN Наш канал в Telegram . Присоединяйтесь! Есть о чем рассказать? Пишите в наш Telegram-бот . Это анонимно и быстро Eсли вы нашли ошибку, пожалуйста, выделите фрагмент текста и нажмите Ctrl+Enter .",910763d5746ab8f69fdde4f10ed750564d6217cb9244702192a8d496cc687a6f,2823,false,2606,source_specific,,,,,
1.0,https://bgmedia.site/society/chto-proishodit-v-zhenskih-konsultacziyah-smolevichej-i-molodechno,BGmedia,Брестская область,2026-09-04T08:37:20+00:00,feed:https://bgmedia.site/feed/ | homepage,"На бумаге все работает, а люди стоят часами: очередное медицинское хамство в регионах спровоцировало скандал — BGmedia",KEEP,included,possible,,"TITLE: На бумаге все работает, а люди стоят часами: очередное медицинское хамство в регионах спровоцировало скандал — BGmedia
SUMMARY: Пациентка в Смолевичах не попала к своему гинекологу из-за отпуска. Узнали, почему больница не предупреждает о замене.
TEXT: Жительница Смолевичей пожаловалась на работу женской консультации Смолевичской ЦРБ. По словам женщины, она пришла на прием к своему врачу в назначенное время, но узнала, что специалист ушел в отпуск. Пациентку направили в другой кабинет, однако попасть на прием и там не получилось. Своим возмущением женщина поделилась в Instagram. Заведующая женской консультацией Смолевичской ЦРБ, врач акушер-гинеколог Валентина Дорошевич объяснила , как организовано замещение специалистов. Сейчас в консультации принимают четыре врача. За пациентами закреплены два участка. Если врач уходит в отпуск или на больничный, его пациенты должны попасть к другому специалисту. Медицинские карты передают заменяющему врачу, а назначенный прием, как утверждают в ЦРБ, не отменяют и не переносят. То есть формально система предусмотрена. Но именно здесь возникает важный вопрос: если прием остается в силе, почему пациентке приходится самой выяснять, к кому идти? В Смолевичской ЦРБ объясняют, что по телефону беременных обычно не обзванивают из-за плановой замены врача. Связываются с пациентками в экстренных случаях — например, когда анализы показывают проблему или требуется срочная индивидуальная консультация. В консультации на учете находятся более 150 беременных. Для плановых осмотров для них предусмотрено утреннее время — с 8:00 до 11:00. С точки зрения учреждения, порядок понятен. Для пациента — не всегда. Человек приходит в назначенный день и рассчитывает увидеть своего врача. Вместо этого ему предлагают другой кабинет, другого специалиста и уже на месте приходится разбираться, что делать дальше. Для медицинской системы это может выглядеть как обычная рабочая ситуация. Для беременной женщины — как потерянное время, лишние переживания и ощущение, что ее просто отправляют от одного кабинета к другому. Похожая ситуация недавно возникла в Молодечно. Недавно журналисты BGmedia писали, что жительница пожаловалась на длинные очереди к гинекологу во время прохождения медкомиссии. Свою историю она рассказала в Threads. По словам женщины, попасть к гинекологу в женской консультации в течение недели было практически невозможно: запись, как она утверждала, была расписана примерно на полтора месяца. В итоге пришлось идти в поликлинику и ждать приема в живой очереди. Ожидание заняло несколько часов. Женщина писала, что провела под кабинетом с 9.00 до 12.45. Кроме того, ее возмутило, что некоторых людей, по ее словам, принимали вне очереди, поскольку они были медработниками. Из-за очереди возникла цепочка проблем: пациентка едва успела к терапевту по талону, а затем уже не смогла вовремя попасть в доврачебный кабинет. Из поликлиники она вышла почти в два часа дня. Обе истории показывают одну и ту же проблему — разрыв между тем, как медицинская система организована «на бумаге», и тем, как ее воспринимает обычный человек. В Смолевичах пациентке объяснили, что замена врача предусмотрена и прием не отменяется. В Молодечно причиной очередей назвали традиционный конец августа и массовые медосмотры. Все объяснения выглядят логично. Но пациенту от этого не становится проще. Медицина — это не только наличие кабинетов, врачей и расписаний. Это еще и нормальная коммуникация с людьми. Особенно когда речь идет о женской консультации и беременности. Здесь лишняя нервотрепка точно не должна становиться частью обычного приема. Будь на связи и в безопасности: подключи BGlobal VPN Наш канал в Telegram . Присоединяйтесь! Есть о чем рассказать? Пишите в наш Telegram-бот . Это анонимно и быстро Eсли вы нашли ошибку, пожалуйста, выделите фрагмент текста и нажмите Ctrl+Enter .",6111fc4d92ecd5a0e7d0c267634996e39c3dac9f761f9568369ea4f54631e7a9,3835,false,3575,source_specific,Минская область,Молодечно,медицина,общественный резонанс,
1.0,https://t.me/binklbinkl/29212,Брест Live,Брестская область,2026-09-04T08:13:06+00:00,telegram:https://t.me/s/binklbinkl,Что происходит с картошкой фри в,KEEP,included,needs_text,,"TITLE: Что происходит с картошкой фри в
TEXT: 😖 Что происходит с картошкой фри в Mak.by ? Посетители регулярно жалуются на её качество К нам обратился подписчик с жалобой на картошку фри в Mak.bу. Мы решили проверить, единичная ли это история, и посмотрели отзывы о разных точках сети. Оказалось, похожих претензий хватает: кому-то попадается сухая и пережаренная картошка, кому-то — холодная, размокшая или, наоборот, недожаренная. Причём некоторые посетители писали, что пытались поменять картошку прямо в ресторане, но сотрудники отвечали, что с ней всё нормально. А уже после публичных отзывов Mak.bу извинялся и предлагал разобраться в ситуации. С обратной связью у сети, кстати, всё неплохо: на жалобы отвечают, а в отдельных случаях связываются с посетителями и компенсируют заказ. Правда, чтобы ситуацию рассмотрели, обычно просят указать дату, адрес ресторана, весь состав заказа, номер телефона и ещё отправить это всё на почту 😅 Mak.bу на жалобы отвечает и старается разбираться с каждым случаем. Бывает, что после общения с поддержкой посетители удаляют негативные отзывы. Но сама история с картошкой тянется уже не первый месяц — похожие претензии продолжают появляться снова и снова. А вы сталкивались с подобным?",abc53edd1b74e03bc380e51d7a620211b8f5dc7160fa633c11d42e05c558c2b3,1227,false,1181,inline_text,,,,качество услуги,
1.0,https://brestcity.com/blog/zelenyj-shhit,БрестСИТИ,Брестская область,2026-09-04T08:14:18+00:00,homepage,"""Зеленый щит"" проведут в Столинском районе - что это такое",REJECT,relevance_rejected,needs_text,нет связки социальной темы и проблемы,"TITLE: ""Зеленый щит"" проведут в Столинском районе - что это такое
TEXT: Для стабилизации обстановки с пожарами в природных экосистемах в период с 8 по 12 сентября на территории Столинского района пройдет специальное профилактическое мероприятие «Зеленый щит», направленное на предупреждение загораний в природных экосистемах и минимизацию их последствий, а также повышение уровня культуры безопасности жизнедеятельности у населения (справочно: с начала текущего года на территории района зарегистрировано 81 загорание в природных экосистемах). В рамках данного мероприятия работники МЧС совместно с заинтересованными субъектами профилактики выступят в трудовых коллективах, проведут рейдовые мероприятия и разъяснительную работу среди населения по предупреждению загораний в природных экосистемах и административной ответственности за выжигание сухой растительности, стерни и трав на корню, напомнят гражданам правила безопасного разведения костра и уборки на приусадебной территории. Столинский районный отдел по чрезвычайным ситуациям призывает граждан соблюдать правила пожарной безопасности при наведении порядка на приусадебных участках, а также при использовании мангалов, грилей, барбекю. Наш канал в Viber и Telegram . Присоединяйтесь! Есть о чем рассказать? Пишите в наш Telegram-бот . Это анонимно и быстро Больше новостей... Наш канал в Viber и Telegram . Присоединяйтесь! Есть о чем рассказать? Пишите в наш Telegram-бот . Это анонимно и быстро",e31ad6a7c654d8019233959ddfd5097c8644e3758dc233a61548b100c80b0ff0,1456,false,1384,generic_html,Брестская область,Столин,,условия труда,
1.0,https://brestcity.com/blog/platili-ni-za-chto,БрестСИТИ,Брестская область,2026-09-04T08:42:28+00:00,homepage,Белорусу 4 года платили ни за что – как так получилось,REJECT,relevance_rejected,needs_text,нет связки социальной темы и проблемы,"TITLE: Белорусу 4 года платили ни за что – как так получилось
TEXT: Ущерб на 24 тысячи: главный бухгалтер фиктивно устроила своего мужа на работу. Минчанка на протяжении четырех лет оформляла фиктивные начисления заработной платы своему супругу, который фактически никакой работы для предприятия не выполнял. Оперативниками Минского РУВД установлена 54-летняя жительница столицы, которая, занимая должность главного бухгалтера в одной из компаний Минского района, в период с 2021 по 2025 год, систематически злоупотребляла своими служебными полномочиями. Женщина формировала электронные платежные поручения, к которым прилагались списки работников на перечисление заработной платы и иных выплат. В эти документы вносились заведомо подложные записи о начислении денежных средств на имя ее супруга, якобы за выполнение им трудовых обязанностей. При этом мужчина никаких ничего в интересах организации не выполнял и оплате его «труд» не подлежал. Компании причинен ущерб на сумму свыше 24 тысяч рублей. Следователями возбуждено уголовное дело за хищение путем злоупотребления служебными полномочиями. Наш канал в Viber и Telegram . Присоединяйтесь! Есть о чем рассказать? Пишите в наш Telegram-бот . Это анонимно и быстро Больше новостей... Наш канал в Viber и Telegram . Присоединяйтесь! Есть о чем рассказать? Пишите в наш Telegram-бот . Это анонимно и быстро",f017e3feba625aed3a6995e0ae863fa146e4398b8222651fe4c1770c52cc8777,1358,false,1290,generic_html,,,труд/оплата труда,,
1.0,https://brestcity.com/blog/trenazher-simulyator,БрестСИТИ,Брестская область,2026-09-04T09:30:28+00:00,homepage,В Бресте для обучения водителей автобусов стали использовать тренажер-симулятор,REJECT,relevance_rejected,possible,нет связки социальной темы и проблемы,"TITLE: В Бресте для обучения водителей автобусов стали использовать тренажер-симулятор
TEXT: В Бресте для обучения водителей автобусов стали использовать тренажер-симулятор. Об этом корреспонденту БЕЛТА сообщили в КУП ""Брестский общественный транспорт"". ""Подготовку водителей осуществляют специализированные организации. Мы с 2021 года получили соответствующее разрешение, организовали на базе нашего предприятия учебный центр, который входит в состав службы безопасности движения. Можем осуществлять повышение квалификации водителей автобусов, подготовку водителей категории I, т.е. водителей троллейбусов"", - рассказали на предприятии. Теперь водители автобусов могут учиться и оттачивать навыки вождения с помощью передовых технологий. ""Брестский общественный транспорт"" совместно с Брестским государственным техническим университетом создали тренажер-симулятор рабочего места водителя автобуса МАЗ, работающего на городских маршрутах. За дело взялись в прошлом году. ""Программное обеспечение разработали в БрГТУ. Закупка оборудования и реализация - наша. Для водителей автобусов создали виртуальный полигон. Внесены все упражнения, которые необходимо выполнить водителю на практическом занятии"", - пояснили специалисты. Тренажер представляет собой пространство, идентичное кабине автобуса. Водитель выполняет упражнения, а компьютер строго и беспристрастно фиксирует каждое действие за рулем. Таким образом можно отработать практические навыки, в том числе езды по городским улицам, подъезда к остановочному пункту, посадки/высадки пассажиров. Тренажер-симулятор брестчане начали использовать нынешним летом. В планах сделать такие же возможности для обучения водителей троллейбусов. Общественный транспорт Бреста с 1 сентября перешел на осенне-зимнее расписание. В этот период пассажиропоток на городских маршрутах традиционно возрастает. К слову, ожидается, что до конца года областной центр получит десять электробусов. Наш канал в Viber и Telegram . Присоединяйтесь! Есть о чем рассказать? Пишите в наш Telegram-бот . Это анонимно и быстро Больше новостей... Наш канал в Viber и Telegram . Присоединяйтесь! Есть о чем рассказать? Пишите в наш Telegram-бот . Это анонимно и быстро",8994fb3ccf8098ccf1b0f679dcd1fa04f2490e1c9a52e2e0bda0d7324f005141,2187,false,2094,generic_html,Брестская область,Брест,общественный транспорт,,
1.0,https://brestcity.com/blog/devushki-xoteli-podrabotku,БрестСИТИ,Брестская область,2026-09-04T08:17:55+00:00,homepage,Девушки хотели найти подработку — лишились iPhone,REJECT,relevance_rejected,needs_text,нет связки социальной темы и проблемы,"TITLE: Девушки хотели найти подработку — лишились iPhone
TEXT: В Советское РУВД Минска обратились две девушки — 18 и 19 лет. Они стали жертвами кибермошенников, пытаясь найти работу в интернете. 18-летняя минчанка откликнулась на вакансию по продвижению товаров на маркетплейсе. «Работодатель» предложил установить приложение, а затем убедил выйти из личного iCloud и войти по чужим данным. Спустя два часа iPhone заблокировали. 19-летняя студентка также искала подработку. После выполнения нескольких простых заданий её пригласили на видеозвонок с «специалистом», который убедил выйти из своего iCloud и войти в чужой аккаунт. Вскоре девушка потеряла доступ к смартфону. За разблокировку устройства мошенники потребовали у второй заявительницы перевести деньги в сумме 860 рублей. Девушка платить отказалась и обратилась в милицию. По данным фактам возбуждены уголовные дела. Запомните: никогда не вводите на своём iPhone чужие данные Apple ID или iCloud и не отключайте Face ID/Touch ID по просьбе посторонних. Приложения устанавливайте только из официальных источников. Источник информации: Милиция Минска. Наш канал в Viber и Telegram . Присоединяйтесь! Есть о чем рассказать? Пишите в наш Telegram-бот . Это анонимно и быстро Больше новостей... Наш канал в Viber и Telegram . Присоединяйтесь! Есть о чем рассказать? Пишите в наш Telegram-бот . Это анонимно и быстро",429406509f453a9189369136f201904f2b3d6d406e2ab602022e6e955a2f3431,1370,false,1307,generic_html,Минск,Минск,,,
1.0,https://brestcity.com/blog/zhiloj-dom-gorel-2,БрестСИТИ,Брестская область,2026-09-04T07:53:39+00:00,homepage,Жилой дом горел в д.Бульково под Брестом - благодаря АПИ спасены два человека,REJECT,relevance_rejected,needs_text,нет связки социальной темы и проблемы,"TITLE: Жилой дом горел в д.Бульково под Брестом - благодаря АПИ спасены два человека
TEXT: Вчера поздно вечером (3 сентября) на линию 112 поступило сообщение о загорании жилого дома в деревне Бульково. На момент прибытия к месту происшествия подразделений МЧС происходило открытое горение в жилище. Выяснилось, что хозяин и его жена самостоятельно покинули опасную зону, проснувшись от звука сработавшего автономного пожарного извещателя. Они не пострадали. Ликвидировали пожар спасатели. Причина случившегося устанавливается. На месте происшествия работало 4 единицы техники МЧС. Наш канал в Viber и Telegram . Присоединяйтесь! Есть о чем рассказать? Пишите в наш Telegram-бот . Это анонимно и быстро Больше новостей... Наш канал в Viber и Telegram . Присоединяйтесь! Есть о чем рассказать? Пишите в наш Telegram-бот . Это анонимно и быстро",94f7dc06f87fb086ac9a5084ca7d7a512db63249d6d0477aa09bec0e8247e355,841,false,750,generic_html,Брестская область,Брест,,опасность/безопасность,
1.0,https://brestcity.com/blog/luchshij-karavaj-vyberut,БрестСИТИ,Брестская область,2026-09-04T07:28:08+00:00,homepage,"Лучший каравай выберут на областных ""Дажынках"" в Барановичском районе",REJECT,relevance_rejected,needs_text,нет связки социальной темы и проблемы,"TITLE: Лучший каравай выберут на областных ""Дажынках"" в Барановичском районе
TEXT: Лучший каравай выберут на фестивале-ярмарке тружеников села Брестской области ""Дажынкі"". Праздник 5 сентября пройдет в агрогородке Жемчужный Барановичского района. Об этом корреспонденту БЕЛТА сообщили в Брестском облисполкоме. Оригинальные караваи для ""Дажынак"" испекли талантливые мастера всех 16 районов Брестской области. В полете фантазии и использовании ингредиентов хлебопеков не ограничивали. С помощью кулинарного искусства они отразили трудолюбие сельчан, богатство урожая, особенности и культуру своего района. В деталях можно рассматривать каждый каравай. Мастера, например, их украсили съедобными колосьями, васильками, маками, подсолнухами и другими цветами, гроздьями рябины, фигурками аистов - верных спутников аграриев в поле. Пекари также отразили темы Года белорусской женщины и 30-летия праздника ""Дажынкі"". Так, почти 20-килограммовый каравай Пинского района испекли работники Пинского кооппрома. С момента замешивания теста до получения ароматных коржей ушло около десяти часов, почти двое суток понадобилось на украшение. Всего было использовано около 14 кг муки, 5 кг сахара, яиц и других ингредиентов. Над караваем Кобринского района колдовали кондитеры Кобринского хлебозавода. Каждая мелочь получилась говорящей о труде сельчан и уважении белорусов к хлебу. Каравай Дрогичинского района испекла жительница городского поселка Антополь. Женщина работает бухгалтером, но уже более 30 лет увлекается выпечкой. Увидеть караваи районов Брестской области гости смогут на выставке. Оценит экспонаты организационный комитет. На ""Дажынках"" в Жемчужном точки общественного питания заработают в 9.00 и будут принимать гостей почти до полуночи. Торговые ряды на фестивале растянутся примерно на 1,5 км. Предприятия-производители проведут дегустации своей продукции. Для гостей, помимо угощений, готовят всевозможные развлечения и акции. На празднике обустроят множество локаций, где каждый по своему вкусу и возрасту найдет что-то увлекательное. В торжественной обстановке будут чествовать тружеников села: комбайнеров, водителей, агрономов, операторов зерносушильных комплексов и других специалистов. Развлекать публику на сцене будут белорусские сольные исполнители и коллективы, артисты из Пензы. Завершится вечер дискотекой и ярким фейерверком. Наш канал в Viber и Telegram . Присоединяйтесь! Есть о чем рассказать? Пишите в наш Telegram-бот . Это анонимно и быстро Больше новостей... Наш канал в Viber и Telegram . Присоединяйтесь! Есть о чем рассказать? Пишите в наш Telegram-бот . Это анонимно и быстро",0cfb8c12d6fb3df2f31537a26fedeb777afea757ad21bb977a54ce5454c98821,2606,false,2523,generic_html,Брестская область,Барановичи,пищевая продукция,условия труда,барановичи|food_product|work_conditions
1.0,https://brestcity.com/blog/konflikt-mamy-rebenka-invalida,БрестСИТИ,Брестская область,2026-09-04T09:25:14+00:00,homepage,Откуда у ребенка травмы? Конфликт мамы и Гомельской областной психиатрической больницы,KEEP,included,possible,,"TITLE: Откуда у ребенка травмы? Конфликт мамы и Гомельской областной психиатрической больницы
TEXT: Мать пятилетнего мальчика с инвалидностью заявила в Threads, что ее сын получил травмы во время лечения в детском психиатрическом отделении №7 Гомельской областной клинической психиатрической больницы. Женщина утверждает, что после выписки заметила у ребенка гематомы на лице и за ухом. В больнице прокомментировали инцидент, подтвердив, что мальчик получил легкую травму в результате стычки с другим пациентом. Ребенок находился в отделении с 10 по 25 августа — там ему подтверждали диагноз и подбирали лечение. По словам матери, родители не могут находиться вместе с детьми в этом отделении. Утром 25 августа, перед тем как забрать сына, женщина позвонила в больницу. Ей сообщили, что накануне ночью другой ребенок ударил ее сына по щеке и после этого у мальчика остался синяк. Однако после приезда мать обнаружила у ребенка гематомы не только на щеке, но также в районе мочки уха, за ухом и под глазом. По словам женщины, ее сын не разговаривает и не смог объяснить, что произошло. Она попросила пригласить руководство отделения и предоставить книгу замечаний и предложений. Жалобу мать написала, однако, по ее словам, с главным врачом или его заместителем ей пообщаться не удалось. В тот же день женщина обратилась в милицию и прошла с ребенком судебно-медицинское обследование. Также она направила обращение в Минздрав. Мать утверждает, что после выписки заметила изменения в поведении сына. По ее словам, ребенок стал закрывать голову при резких движениях, воспроизводить на игрушечной машинке действия, похожие на укладывание спать с ударами, также у него появилось недержание. В больнице сообщили, что по обращению матери начата внутренняя проверка. Главный врач учреждения Александр Цитко заявил в комментарии «Гомельской правде», что окончательные выводы можно будет сделать только после ее завершения. Правовую оценку произошедшему, по его словам, дадут по итогам проверки милиции. — По имеющейся информации, инцидент с пятилетним сыном Анастасии произошел в холле отделения на глазах медицинского персонала. В результате импульсивного и спонтанного поведения другого ребенка мальчик получил легкую травму. Дети были моментально разъединены, конфликт завершен. Пациент был сразу же осмотрен специалистами, никаких серьезных повреждений не было. Все время дальнейшего лечения у ребенка сохранялось благополучное соматическое состояние, жалоб он не высказывал, жизни его ничего не угрожало, — уточнил главврач. В больнице также пояснили, что видеонаблюдение в отделении не ведется, при этом пациенты круглосуточно находятся под наблюдением медперсонала. Что касается совместного пребывания детей с родителями, главный врач сослался на законодательство. По его словам, госпитализация пациентов регулируется статьей 25 Закона Республики Беларусь «О здравоохранении». В учреждении отметили, что стараются ограничивать присутствие посторонних в отделениях из-за требований психиатрической безопасности, конфиденциальности пациентов и защиты персональных данных. Источник информации: Егор Корытько, Onliner . Наш канал в Viber и Telegram . Присоединяйтесь! Есть о чем рассказать? Пишите в наш Telegram-бот . Это анонимно и быстро Больше новостей... Наш канал в Viber и Telegram . Присоединяйтесь! Есть о чем рассказать? Пишите в наш Telegram-бот . Это анонимно и быстро",769d6030a5bff98102b275e4bbe1c7aa79b872fe17531522b98757a609fec65d,3373,false,3273,generic_html,Гомельская область,Гомель,медицина,опасность/безопасность,гомель|healthcare|safety
1.0,https://brestcity.com/blog/pentagon-rassleduet,БрестСИТИ,Брестская область,2026-09-04T07:40:00+00:00,homepage,Пентагон расследует возможную гибель военных из-за вакцин от COVID-19,REJECT,relevance_rejected,needs_text,нет связки социальной темы и проблемы,"TITLE: Пентагон расследует возможную гибель военных из-за вакцин от COVID-19
TEXT: Министр здравоохранения США Роберт Кеннеди-младший и глава Пентагона Пит Хегсет инициировали расследование о возможной гибели американских военнослужащих в результате обязательной вакцинации от COVID-19. Об этом пишет издание Politico со ссылкой на судебные показания военного врача Терезы Лонг. ""Военный врач заявила в федеральном суде Вирджинии, что сотрудничает с министром здравоохранения и министром обороны с целью расследовать, умирали ли военнослужащие от вакцин против COVID-19 после того, как президент Джо Байден ввел обязательную вакцинацию для военных в 2021 году"", - пишет издание. Лонг заявила, что изучает вопрос о том, были ли 2544 неподтвержденных случая смерти среди военнослужащих, зарегистрированных в системе отчетности о побочных эффектах вакцин, вызваны вакцинами против COVID-19. Она также сообщила, что лично ей известно о 28 летальных исходах, предположительно вызванных прививками, однако раскрывать дополнительные детали запрещено. Она напомнила, что одним из подтвержденных побочных эффектов мРНК-вакцин от Pfizer и Moderna является повышение риска миокардита, то есть воспаления сердечной мышцы. В докладе Пентагона от 2026 года, оценивающем состояние здоровья военнослужащих, находящихся на действительной службе после вакцинации от COVID-19, говорится, что число случаев миокардита и перикардита увеличилось после вакцинации. При этом в докладе не упоминаются случаи смерти. Лонг заявила, что пересматривает данные, лежащие в основе отчета и в двух военных медицинских базах. В одной из них подчеркивается резкий рост числа заболеваний среди военнослужащих в 2021 году. Ранее Кеннеди-младший назвал вакцины от COVID-19 ""самыми смертоносными вакцинами в истории"". Он отменил рекомендацию правительства о ежегодной вакцинации большинства американцев. Обязательную вакцинацию личного состава в 2021 году ввел президент Джо Байден. После чего Министерство обороны уволило почти 9 тыс. военнослужащих, отказавшихся от вакцинации против COVID-19 до того, как Конгресс обязал оборонное ведомство отменить это правило в законе 2022 года. Наш канал в Viber и Telegram . Присоединяйтесь! Есть о чем рассказать? Пишите в наш Telegram-бот . Это анонимно и быстро Больше новостей... Наш канал в Viber и Telegram . Присоединяйтесь! Есть о чем рассказать? Пишите в наш Telegram-бот . Это анонимно и быстро",c245f9a7aab22ebc1205a357e22efae9d2a1ebc75f391f25ba71f740c91239f6,2406,false,2323,generic_html,,,медицина,,
1.0,https://brestcity.com/blog/pered-vyxodnymi-vezd-v-es,БрестСИТИ,Брестская область,2026-09-04T08:04:02+00:00,homepage,Перед выходными более тысячи транспортных средств ожидают въезда в ЕС,REJECT,relevance_rejected,needs_text,нет связки социальной темы и проблемы,"TITLE: Перед выходными более тысячи транспортных средств ожидают въезда в ЕС
TEXT: Как сообщил 4 сентября Пограничный комитет Беларуси, более 455 фур фиксируется перед погранпереходами Бобровники (Берестовица) и Кукурыки (Козловичи). Их контролирующие службы за сутки оформили только 27% грузового транспорта. Въезда в Литву перед пунктами пропуска ожидают 330 большегрузов. Сопредельная сторона приняла на свою территорию 25% грузовиков от нормы. Наибольшая очередь легковых автомобилей фиксируется на польском направлении. По состоянию на 10:00 перед Тересполем (Брест) и Кузницей Белостоцкой (Брузги) въезда в Польшу ожидают 240 легковых авто. За сутки сопредельная сторона приняла на свою территорию 31% авто. Въезда в Литву через пункт пропуска Мядининкай (Каменный Лог) ожидают 60 легковых транспортных средств. Наш канал в Viber и Telegram . Присоединяйтесь! Есть о чем рассказать? Пишите в наш Telegram-бот . Это анонимно и быстро Больше новостей... Наш канал в Viber и Telegram . Присоединяйтесь! Есть о чем рассказать? Пишите в наш Telegram-бот . Это анонимно и быстро",147142d40e71f45e2e2f140b5896f419b325231fc5fd516f927c10e14c8b9917,1078,false,995,generic_html,,,,,
1.0,https://brestcity.com/blog/sumka-bez-prismotra,БрестСИТИ,Брестская область,2026-09-04T09:26:47+00:00,homepage,Сумка осталась без присмотра: история о планшете и чужой «смелости»,REJECT,relevance_rejected,needs_text,нет связки социальной темы и проблемы,"TITLE: Сумка осталась без присмотра: история о планшете и чужой «смелости»
TEXT: В оперативно-дежурную службу Жабинковского РОВД обратилась 23‑летняя жительница Кобринского района. Девушка сообщила, что на автомобильной парковке у железнодорожной станции "" Жабинка "" она оставила сумку с личными вещами, а сама уехала. На место происшествия незамедлительно выбыли сотрудники правоохранительных органов, которые выяснили, что из сумки был похищен планшет стоимостью около 550 белорусских рублей. В кратчайшие сроки милиционеры установили личность подозреваемого. Им оказался неработающий, ранее судимый 42-летний житель Минской области. В беседе с правоохранителями он пояснил, что находясь в состоянии алкогольного опьянения и прогуливаясь по привокзальной территории заметил стоящую на тротуаре ручную кладь и решил проверить её содержимое. Обнаружив в сумке самое ценное - планшет, он похитил его и продал, а деньги потратил на личные нужды. Похищенное изъято. Следователями дана правовая оценка, возбуждено уголовное дело по ч.2 ст.205 УК Республики Беларусь. Санкция статьи предусматривает до 4 лет лишения свободы. Наш канал в Viber и Telegram . Присоединяйтесь! Есть о чем рассказать? Пишите в наш Telegram-бот . Это анонимно и быстро Больше новостей... Наш канал в Viber и Telegram . Присоединяйтесь! Есть о чем рассказать? Пишите в наш Telegram-бот . Это анонимно и быстро",a9b1ac2218c88b80c0ab939337105eeb1ffc29ed3c70fe44c74ab24a0d1a5be8,1380,false,1299,generic_html,Брестская область,Кобрин,парковка/машино-места,,
1.0,https://virtualbrest.ru/news191002.php,Виртуальный Брест,Брестская область,2026-09-04T07:59:09+00:00,feed:https://virtualbrest.ru/rss/news.php | sitemap:https://virtualbrest.ru/sitemap.xml | sitemap:https://virtualbrest.ru/sitemap_new.xml | sitemap:https://virtualbrest.ru/sitemap_yandex.xml,В Беларуси накопали более 500 тыс. тонн сахарной свеклы,REJECT,relevance_rejected,needs_text,нет связки социальной темы и проблемы,"TITLE: В Беларуси накопали более 500 тыс. тонн сахарной свеклы
SUMMARY: Сахарная свекла в Беларуси убрана с 12% площадей, картофель - с 8%. Об этом БЕЛТА сообщили в пресс-службе Минсельхозпрода. Сахарной свеклы накопано 517 тыс. т средней урожайностью 409 ц/га. В разрезе областей получено: в Минской - 274 тыс. т, Гродненской - 184 тыс. т, Могилевской - 37 тыс. т, Брестской - 22 тыс. т. ""Регионы убирают темпами, превышающими прошлогодние"", - отметили в пресс-службе. Картофеля накопано 64 тыс. т средней урожайностью 364 ц/га. Больше всего в Могилевской области - 27 тыс. т. Затем идут Брестская (15 тыс. т), Минская - (8 тыс. т), Гомельская (7 тыс. т), Витебская (4 тыс. т), Гродненская (3 тыс. т). По зерновым в сельскохозяйственных организациях и крестьянско-фермерских хозяйствах намолочено с учетом рапса 9 млн 159 тыс. т. В разрезе областей: в Минской - 2 млн 409 тыс. т, Гродненской - 1 млн 840 тыс. т, Брестской - 1 млн 671 тыс. т, Могилевской - 1 млн 196 тыс. т, Гомельской - 1 млн 92 тыс. т, Витебской - 951 тыс. т. Убрано культур на зерно (с учетом рапса, без кукурузы) на площади 2 млн 459 тыс. га, что составляет почти 99% от общей площади в 2 млн 497 тыс. га. Запахано под сев озимых зерновых 492 тыс. га, что составляет 33% от плана в 1,5 млн га. В счет госзаказа поставлено: продовольственного зерна - 653 тыс. т (более 98% от плана в 663 тыс. т), пивоваренного ячменя - более 93 тыс. т (109% от плана в 86 тыс. т). Кукуруза на силос и зеленый корм убрана с 8% площадей, что составляет 77 тыс. га. Скошено трав вторым укосом на площади 918 тыс. га, что составляет 91% от плана. Заготовлено сена 571 тыс. т (80% от плана), силоса - больше 2 млн т (10% от плана), травяных кормов - 4 млн 317 тыс. т кормовых единиц (43% от плана), сенажа - 12 млн 363 тыс. т (86% от плана). Накоплено минеральных удобрений (азотных, фосфорных, калийных) под озимый сев 163% к плану.... подробности
TEXT: Сахарная свекла в Беларуси убрана с 12% площадей, картофель - с 8%. Об этом БЕЛТА сообщили в пресс-службе Минсельхозпрода. Сахарной свеклы накопано 517 тыс. т средней урожайностью 409 ц/га. В разрезе областей получено: в Минской - 274 тыс. т, Гродненской - 184 тыс. т, Могилевской - 37 тыс. т, Брестской - 22 тыс. т. ""Регионы убирают темпами, превышающими прошлогодние"", - отметили в пресс-службе. Картофеля накопано 64 тыс. т средней урожайностью 364 ц/га. Больше всего в Могилевской области - 27 тыс. т. Затем идут Брестская (15 тыс. т), Минская - (8 тыс. т), Гомельская (7 тыс. т), Витебская (4 тыс. т), Гродненская (3 тыс. т). По зерновым в сельскохозяйственных организациях и крестьянско-фермерских хозяйствах намолочено с учетом рапса 9 млн 159 тыс. т. В разрезе областей: в Минской - 2 млн 409 тыс. т, Гродненской - 1 млн 840 тыс. т, Брестской - 1 млн 671 тыс. т, Могилевской - 1 млн 196 тыс. т, Гомельской - 1 млн 92 тыс. т, Витебской - 951 тыс. т. Убрано культур на зерно (с учетом рапса, без кукурузы) на площади 2 млн 459 тыс. га, что составляет почти 99% от общей площади в 2 млн 497 тыс. га. Запахано под сев озимых зерновых 492 тыс. га, что составляет 33% от плана в 1,5 млн га. В счет госзаказа поставлено: продовольственного зерна - 653 тыс. т (более 98% от плана в 663 тыс. т), пивоваренного ячменя - более 93 тыс. т (109% от плана в 86 тыс. т). Кукуруза на силос и зеленый корм убрана с 8% площадей, что составляет 77 тыс. га. Скошено трав вторым укосом на площади 918 тыс. га, что составляет 91% от плана. Заготовлено сена 571 тыс. т (80% от плана), силоса - больше 2 млн т (10% от плана), травяных кормов - 4 млн 317 тыс. т кормовых единиц (43% от плана), сенажа - 12 млн 363 тыс. т (86% от плана). Накоплено минеральных удобрений (азотных, фосфорных, калийных) под озимый сев 163% к плану.",d6f31e6c37c613a39fb1c250d353071e47c7cc517f5e93fc884b69d5d9da799c,3714,false,1810,generic_html,Могилевская область,,озеленение/покос,,
1.0,https://virtualbrest.ru/news191005.php,Виртуальный Брест,Брестская область,2026-09-04T08:05:08+00:00,feed:https://virtualbrest.ru/rss/news.php | sitemap:https://virtualbrest.ru/sitemap.xml | sitemap:https://virtualbrest.ru/sitemap_new.xml | sitemap:https://virtualbrest.ru/sitemap_yandex.xml,В Германии у электроподстанции нашли похожий на пусковое устройство предмет,REJECT,relevance_rejected,strong,иностранная тема в заголовке: герман,"TITLE: В Германии у электроподстанции нашли похожий на пусковое устройство предмет
SUMMARY: Полиция Германии заподозрила саботаж после обнаружения подозрительного предмета на электроподстанции в городе Дормаген между Кельном и Дюссельдорфом. Об этом сообщает DPA со ссылкой на представителя полиции. Предмет обнаружил прохожий в четверг вечером. Его экспертиза еще не завершена. По предварительной информации, он может быть пусковым устройством. Нападения на подстанцию не зафиксировано, перебоев с подачей электричества не было. За последние дни произошло сразу несколько атак на объекты электроснабжения - в Бранденбурге и Северном Рейне-Вестфалии. Министр внутренних дел Бранденбурга Ян Редман заявил, что считает вероятной связь между этими попытками диверсий. Власти федеральной земли Бранденбург сообщили о начале расследования возможной диверсии на подстанции ""Прайлак"" в районе Шпрее-Найсе. Там были обнаружены самодельные взрывные устройства. Следствие не исключает, что целью злоумышленников было масштабное отключение электроэнергии на энергоблоке E. В настоящее время полиция проверяет письмо с признанием о взятии на себя ответственности. Произошел сбой на подстанции в Бергхайме под Кельном. Здесь поблизости также были обнаружены пусковые устройства и пиротехника. Данные инциденты напомнили о массовом отключении электроэнергии в Берлине в январе текущего года, когда часть столицы на несколько дней осталась без электричества. Ответственность за повреждение центрального силового кабеля тогда возложили на левых экстремистов.... подробности
TEXT: Полиция Германии заподозрила саботаж после обнаружения подозрительного предмета на электроподстанции в городе Дормаген между Кельном и Дюссельдорфом. Об этом сообщает DPA со ссылкой на представителя полиции. Предмет обнаружил прохожий в четверг вечером. Его экспертиза еще не завершена. По предварительной информации, он может быть пусковым устройством. Нападения на подстанцию не зафиксировано, перебоев с подачей электричества не было. За последние дни произошло сразу несколько атак на объекты электроснабжения - в Бранденбурге и Северном Рейне-Вестфалии. Министр внутренних дел Бранденбурга Ян Редман заявил, что считает вероятной связь между этими попытками диверсий. Власти федеральной земли Бранденбург сообщили о начале расследования возможной диверсии на подстанции ""Прайлак"" в районе Шпрее-Найсе. Там были обнаружены самодельные взрывные устройства. Следствие не исключает, что целью злоумышленников было масштабное отключение электроэнергии на энергоблоке E. В настоящее время полиция проверяет письмо с признанием о взятии на себя ответственности. Произошел сбой на подстанции в Бергхайме под Кельном. Здесь поблизости также были обнаружены пусковые устройства и пиротехника. Данные инциденты напомнили о массовом отключении электроэнергии в Берлине в январе текущего года, когда часть столицы на несколько дней осталась без электричества. Ответственность за повреждение центрального силового кабеля тогда возложили на левых экстремистов.",cb06f33ae3cd71de9aeebb7eca2c0abfc2901ba045e46063218230240a1d4f71,3014,false,1450,generic_html,,,жилой дом/двор,отключение/перебои,
1.0,https://virtualbrest.ru/news191008.php,Виртуальный Брест,Брестская область,2026-09-04T08:08:33+00:00,feed:https://virtualbrest.ru/rss/news.php | sitemap:https://virtualbrest.ru/sitemap.xml | sitemap:https://virtualbrest.ru/sitemap_new.xml | sitemap:https://virtualbrest.ru/sitemap_yandex.xml,Крупнейший банк Беларуси с октября вводит ограничения по карточкам,REJECT,relevance_rejected,possible,нет связки социальной темы и проблемы,"TITLE: Крупнейший банк Беларуси с октября вводит ограничения по карточкам
SUMMARY: Пока новые правила не начали действовать, стоит проверить свое мобильное приложение. Иначе карты просто перестанут работать. Клиенты Беларусбанка начали получать уведомления о введении ограничений по карточкам. Как это будет работать на практике, объяснили в официальном Telegram-канале банка. Новшество касается тех, кто пользуется приложением M-Belarusbank и имеет доступ не к своим картам. ""Действительно, пользователи приложения имели такую возможность. Это было удобно, чтобы помогать родственникам распоряжаться счетом или вести совместный бюджет. Но для предупреждения мошеннических операций такой опции скоро больше не будет"", – объяснили в Беларусбанке. До 1 октября не свои карты нужно удалить. Если этого не сделать, то перестанут работать все добавленные карты (в том числе и ваша). Для этого надо зайти в приложение и выполнить следующий алгоритм: ""Карты"" ->""Выбрать карту"" -> ""Настройки"" -> ""Удалить карту"". Как помогать родственникам дальше Чтобы не потерять возможность дальше помогать родственникам, нужно оформить дополнительную карту к счету другого лица и зарегистрировать ее в приложении. ""Такая карта оформляется в любом отделении банка. Оформляет тот, чей счет. Родственные связи не важны"", – подчеркнули в Беларусбанке. Когда карта будет готова, то ее можно добавить в приложение. И можно будет дальше пользоваться общим счетом или помогать родственнику совершать финансовые операции. Что меняют банки в сентябре С началом месяца вступают в силу важные изменения в банковской сфере страны. Собрали все самые главные новшества в один обзор. Банки могут радикально менять условия обслуживания клиентов или вносить, на первый взгляд, мелкие, но очень важные коррективы в свою работу. ... подробности
TEXT: Пока новые правила не начали действовать, стоит проверить свое мобильное приложение. Иначе карты просто перестанут работать. Клиенты Беларусбанка начали получать уведомления о введении ограничений по карточкам. Как это будет работать на практике, объяснили в официальном Telegram-канале банка. Новшество касается тех, кто пользуется приложением M-Belarusbank и имеет доступ не к своим картам. ""Действительно, пользователи приложения имели такую возможность. Это было удобно, чтобы помогать родственникам распоряжаться счетом или вести совместный бюджет. Но для предупреждения мошеннических операций такой опции скоро больше не будет"", – объяснили в Беларусбанке. До 1 октября не свои карты нужно удалить. Если этого не сделать, то перестанут работать все добавленные карты (в том числе и ваша). Для этого надо зайти в приложение и выполнить следующий алгоритм: ""Карты"" ->""Выбрать карту"" -> ""Настройки"" -> ""Удалить карту"". Как помогать родственникам дальше Чтобы не потерять возможность дальше помогать родственникам, нужно оформить дополнительную карту к счету другого лица и зарегистрировать ее в приложении. ""Такая карта оформляется в любом отделении банка. Оформляет тот, чей счет. Родственные связи не важны"", – подчеркнули в Беларусбанке. Когда карта будет готова, то ее можно добавить в приложение. И можно будет дальше пользоваться общим счетом или помогать родственнику совершать финансовые операции. С началом месяца вступают в силу важные изменения в банковской сфере страны. Собрали все самые главные новшества в один обзор. Банки могут радикально менять условия обслуживания клиентов или вносить, на первый взгляд, мелкие, но очень важные коррективы в свою работу.",17b4ca726a7b306997a8ddae8271b48bb8b100bddebc38c09a3f6a1ad992ea6c,3486,false,1676,generic_html,,,связь/интернет,,
1.0,https://virtualbrest.ru/news191003.php,Виртуальный Брест,Брестская область,2026-09-04T08:03:59+00:00,feed:https://virtualbrest.ru/rss/news.php | sitemap:https://virtualbrest.ru/sitemap.xml | sitemap:https://virtualbrest.ru/sitemap_new.xml | sitemap:https://virtualbrest.ru/sitemap_yandex.xml,Лучший каравай выберут на областных «Дажынках» в Барановичском районе,REJECT,relevance_rejected,needs_text,нет связки социальной темы и проблемы,"TITLE: Лучший каравай выберут на областных «Дажынках» в Барановичском районе
SUMMARY: Лучший каравай выберут на фестивале-ярмарке тружеников села Брестской области ""Дажынкі"". Праздник 5 сентября пройдет в агрогородке Жемчужный Барановичского района. Об этом корреспонденту БЕЛТА сообщили в Брестском облисполкоме. Оригинальные караваи для ""Дажынак"" испекли талантливые мастера всех 16 районов Брестской области. В полете фантазии и использовании ингредиентов хлебопеков не ограничивали. С помощью кулинарного искусства они отразили трудолюбие сельчан, богатство урожая, особенности и культуру своего района. В деталях можно рассматривать каждый каравай. Мастера, например, их украсили съедобными колосьями, васильками, маками, подсолнухами и другими цветами, гроздьями рябины, фигурками аистов - верных спутников аграриев в поле. Пекари также отразили темы Года белорусской женщины и 30-летия праздника ""Дажынкі"". Так, почти 20-килограммовый каравай Пинского района испекли работники Пинского кооппрома. С момента замешивания теста до получения ароматных коржей ушло около десяти часов, почти двое суток понадобилось на украшение. Всего было использовано около 14 кг муки, 5 кг сахара, яиц и других ингредиентов. Над караваем Кобринского района колдовали кондитеры Кобринского хлебозавода. Каждая мелочь получилась говорящей о труде сельчан и уважении белорусов к хлебу. Каравай Дрогичинского района испекла жительница городского поселка Антополь. Женщина работает бухгалтером, но уже более 30 лет увлекается выпечкой. Увидеть караваи районов Брестской области гости смогут на выставке. Оценит экспонаты организационный комитет. На ""Дажынках"" в Жемчужном точки общественного питания заработают в 9.00 и будут принимать гостей почти до полуночи. Торговые ряды на фестивале растянутся примерно на 1,5 км. Предприятия-производители проведут дегустации своей продукции. Для гостей, помимо угощений, готовят всевозможные развлечения и акции. На празднике обустроят множество локаций, где каждый по своему вкусу и возрасту найдет что-то увлекательное. В торжественной обстановке будут чествовать тружеников села: комбайнеров, водителей, агрономов, операторов зерносушильных комплексов и других специалистов. Развлекать публику на сцене будут белорусские сольные исполнители и коллективы, артисты из Пензы. Завершится вечер дискотекой и ярким фейерверком.... подробности
TEXT: Лучший каравай выберут на фестивале-ярмарке тружеников села Брестской области ""Дажынкі"". Праздник 5 сентября пройдет в агрогородке Жемчужный Барановичского района. Об этом корреспонденту БЕЛТА сообщили в Брестском облисполкоме. Оригинальные караваи для ""Дажынак"" испекли талантливые мастера всех 16 районов Брестской области. В полете фантазии и использовании ингредиентов хлебопеков не ограничивали. С помощью кулинарного искусства они отразили трудолюбие сельчан, богатство урожая, особенности и культуру своего района. В деталях можно рассматривать каждый каравай. Мастера, например, их украсили съедобными колосьями, васильками, маками, подсолнухами и другими цветами, гроздьями рябины, фигурками аистов - верных спутников аграриев в поле. Пекари также отразили темы Года белорусской женщины и 30-летия праздника ""Дажынкі"". Так, почти 20-килограммовый каравай Пинского района испекли работники Пинского кооппрома. С момента замешивания теста до получения ароматных коржей ушло около десяти часов, почти двое суток понадобилось на украшение. Всего было использовано около 14 кг муки, 5 кг сахара, яиц и других ингредиентов. Над караваем Кобринского района колдовали кондитеры Кобринского хлебозавода. Каждая мелочь получилась говорящей о труде сельчан и уважении белорусов к хлебу. Каравай Дрогичинского района испекла жительница городского поселка Антополь. Женщина работает бухгалтером, но уже более 30 лет увлекается выпечкой. Увидеть караваи районов Брестской области гости смогут на выставке. Оценит экспонаты организационный комитет. На ""Дажынках"" в Жемчужном точки общественного питания заработают в 9.00 и будут принимать гостей почти до полуночи. Торговые ряды на фестивале растянутся примерно на 1,5 км. Предприятия-производители проведут дегустации своей продукции. Для гостей, помимо угощений, готовят всевозможные развлечения и акции. На празднике обустроят множество локаций, где каждый по своему вкусу и возрасту найдет что-то увлекательное. В торжественной обстановке будут чествовать тружеников села: комбайнеров, водителей, агрономов, операторов зерносушильных комплексов и других специалистов. Развлекать публику на сцене будут белорусские сольные исполнители и коллективы, артисты из Пензы. Завершится вечер дискотекой и ярким фейерверком.",7f37cdfd36148d130c4c1ee7f6ad6df716c9f292cdd67db038afec39f90c0002,4632,false,2262,generic_html,Брестская область,Барановичи,пищевая продукция,условия труда,барановичи|food_product|work_conditions
1.0,https://virtualbrest.ru/news191007.php,Виртуальный Брест,Брестская область,2026-09-04T08:07:29+00:00,feed:https://virtualbrest.ru/rss/news.php | sitemap:https://virtualbrest.ru/sitemap.xml | sitemap:https://virtualbrest.ru/sitemap_new.xml | sitemap:https://virtualbrest.ru/sitemap_yandex.xml,Множественные выбросы плазмы произошли на Солнце,REJECT,relevance_rejected,possible,нет связки социальной темы и проблемы,"TITLE: Множественные выбросы плазмы произошли на Солнце
SUMMARY: Для того, чтобы сформировались риски для Земли, активность на Солнце должна продержаться еще 4–5 суток. Резкая активность фиксируется на Солнце, главным ее признаком являются множественные выбросы плазмы, об этом сообщили в Лаборатории солнечной астрономии Института космических исследований (ИКИ) РАН. ""Судя по всему, источники взрывов располагаются за краем Солнца, на обратной стороне, и пока не видны с Земли"", – отметили ученые. С текущей позиции солнечное вещество пока не способно достичь Земли. Для формирования рисков для планеты активность на солнце должна продержаться еще 4–5 суток. За этот время скрытые активные области, ответственные за взрывы, должны будут появиться на видимой стороне звезды и приблизиться к линии Солнце – Земля. Однако, по данным специалистов, предварительное представление о происходящем можно будет получить уже через сутки или двое – за это время расположенные за краем Солнца группы пятен пересекут линию горизонта и станут видны.... подробности
TEXT: Для того, чтобы сформировались риски для Земли, активность на Солнце должна продержаться еще 4–5 суток. Резкая активность фиксируется на Солнце, главным ее признаком являются множественные выбросы плазмы, об этом сообщили в Лаборатории солнечной астрономии Института космических исследований (ИКИ) РАН. ""Судя по всему, источники взрывов располагаются за краем Солнца, на обратной стороне, и пока не видны с Земли"", – отметили ученые. С текущей позиции солнечное вещество пока не способно достичь Земли. Для формирования рисков для планеты активность на солнце должна продержаться еще 4–5 суток. За этот время скрытые активные области, ответственные за взрывы, должны будут появиться на видимой стороне звезды и приблизиться к линии Солнце – Земля. Однако, по данным специалистов, предварительное представление о происходящем можно будет получить уже через сутки или двое – за это время расположенные за краем Солнца группы пятен пересекут линию горизонта и станут видны.",1d9f47cdea4d7c4ab695038f38cabc5e66e77fb9ced92f6f5801d48da1e52b6a,2027,false,970,generic_html,,,жилой дом/двор,,
1.0,https://virtualbrest.ru/news191006.php,Виртуальный Брест,Брестская область,2026-09-04T08:06:06+00:00,feed:https://virtualbrest.ru/rss/news.php | sitemap:https://virtualbrest.ru/sitemap.xml | sitemap:https://virtualbrest.ru/sitemap_new.xml | sitemap:https://virtualbrest.ru/sitemap_yandex.xml,Не только зерно: в Беларуси готовятся к уборке арбузов,REJECT,relevance_rejected,strong,нет связки социальной темы и проблемы,"TITLE: Не только зерно: в Беларуси готовятся к уборке арбузов
SUMMARY: Белорусским аграриям осталось совсем немного до завершения уборки зерновых культур, на очереди - поля с кукурузой. Практически 99,1% зерновых уже убрано, осталось убрать примерно 13 тыс. гектаров гречихи, сообщил журналистам начальник главного управления растениеводства Минсельхозпрода Беларуси Николай Лешик, передает корреспондент Sputnik. Также осталось убрать и немного более одной тысячи гектаров проса. Есть и другие культуры, которые, в силу биологических особенностей созревают немножко позже. ""Всего осталось таких культур убирать порядка трех тысяч гектаров. В ближайшие день-два уборка зерновых и зернобобовых будет завершена"", – сказал он. Представитель министерства отметил, что это будет зависеть от погоды. Затем останется убрать на зерно только кукурузу – порядка 390 тыс. га. Ожидается, что ее будет заготовлено около 2 млн 300 тысяч тонн. Начали аграрии и уборку сахарной свеклой – в это году немного раньше. Лешик напомнил о рекорде прошлого года. В этом году ожидается меньший объем, но тоже немалый – 5,8 млн тонн. С учетом мощности, которые есть сейчас у перерабатывающих заводов и было решено начать уборку на 5 дней раньше, чем было в 2025-м. Уборка картофеля тоже начата. ""О закладке на хранение картофеля говорить рано, темпы незначительные, но уборка ведется"", – пояснил Лешик. Кроме того, на склады и прилавки магазинов поступят отечественные капуста, лук, свекла, морковь, зеленый горошек и другое. ""В принципе уже готовы небольшие объемы к уборке нашего любимого арбуза белорусского"", – добавил начальник управления. Помимо того, определено заложить в стабилизационные фонды определено порядка 27 тысяч тонн яблок зимних сортов. В целом прогнозируется урожай примерно 170-175 тыс. тонн. Ранних сортов собрали уже около 7 тыс. тонн, их поставили как в торговые сети, так и переработчикам. ... подробности
TEXT: Белорусским аграриям осталось совсем немного до завершения уборки зерновых культур, на очереди - поля с кукурузой. Практически 99,1% зерновых уже убрано, осталось убрать примерно 13 тыс. гектаров гречихи, сообщил журналистам начальник главного управления растениеводства Минсельхозпрода Беларуси Николай Лешик, передает корреспондент Sputnik. Также осталось убрать и немного более одной тысячи гектаров проса. Есть и другие культуры, которые, в силу биологических особенностей созревают немножко позже. ""Всего осталось таких культур убирать порядка трех тысяч гектаров. В ближайшие день-два уборка зерновых и зернобобовых будет завершена"", – сказал он. Представитель министерства отметил, что это будет зависеть от погоды. Затем останется убрать на зерно только кукурузу – порядка 390 тыс. га. Ожидается, что ее будет заготовлено около 2 млн 300 тысяч тонн. Начали аграрии и уборку сахарной свеклой – в это году немного раньше. Лешик напомнил о рекорде прошлого года. В этом году ожидается меньший объем, но тоже немалый – 5,8 млн тонн. С учетом мощности, которые есть сейчас у перерабатывающих заводов и было решено начать уборку на 5 дней раньше, чем было в 2025-м. ""О закладке на хранение картофеля говорить рано, темпы незначительные, но уборка ведется"", – пояснил Лешик. Кроме того, на склады и прилавки магазинов поступят отечественные капуста, лук, свекла, морковь, зеленый горошек и другое. ""В принципе уже готовы небольшие объемы к уборке нашего любимого арбуза белорусского"", – добавил начальник управления. Помимо того, определено заложить в стабилизационные фонды определено порядка 27 тысяч тонн яблок зимних сортов. В целом прогнозируется урожай примерно 170-175 тыс. тонн. Ранних сортов собрали уже около 7 тыс. тонн, их поставили как в торговые сети, так и переработчикам.",4cc5af9e4ec93107602f2fa773249d818464adbd2c211eff9fd4c4a7102eb324,3700,false,1788,generic_html,,,магазин/торговля,очередь/задержка,беларусь|retail|queue_delay
1.0,https://virtualbrest.ru/news191001.php,Виртуальный Брест,Брестская область,2026-09-04T07:58:39+00:00,feed:https://virtualbrest.ru/rss/news.php | homepage | sitemap:https://virtualbrest.ru/sitemap.xml | sitemap:https://virtualbrest.ru/sitemap_new.xml | sitemap:https://virtualbrest.ru/sitemap_yandex.xml,Перечень специальностей для воинского учета женщин обновлен в Беларуси,REJECT,relevance_rejected,possible,нет связки социальной темы и проблемы,"TITLE: Перечень специальностей для воинского учета женщин обновлен в Беларуси
SUMMARY: В Беларуси обновлен перечень специальностей для воинского учета женщин. Это предусмотрено постановлением Министерства обороны №14 от 30 июля 2026 года, которое опубликовано на Национальном правовом интернет-портале, сообщает БЕЛТА. Документ устанавливает перечень специальностей, необходимых для Вооруженных Сил, других войск и воинских формирований, по которым получили подготовку и подлежат первоначальному приему на воинский учет граждане женского пола с 19-летнего возраста. В числе таких специальностей среднего специального образования ""ветеринарная медицина"" (квалификация ""фельдшер ветеринарной медицины""), ""лечебное дело"" (квалификация ""фельдшер-акушер. Помощник врача""), ""сестринское дело"" (квалификация ""медицинская сестра (медицинский брат)""), ""медико-диагностическое дело"" (квалификация ""фельдшер-лаборант""), ""фармация"" (квалификация ""фармацевт""). Перечень включает специальность общего высшего образования - это ""сестринское дело"" (квалификация ""медицинская сестра (медицинский брат)""). Также это специальности специального высшего образования: ""лечебное дело"" (квалификация ""врач""), ""медико-профилактическое дело"" (квалификация ""врач""), ""медико-диагностическое дело"" (квалификация ""врач""), ""фармация"" (квалификация ""провизор""). В перечне есть и специальности переподготовки руководящих работников и специалистов, имеющих среднее специальное образование: ""амбулаторно-поликлиническая помощь"" (квалификация ""помощник врача по амбулаторно-поликлинической помощи""), ""анестезиология"" (квалификация ""медицинская сестра (медицинский брат)-анестезист""), ""рентгенология"" (квалификация ""рентгенолаборант""), ""хирургия"" (квалификация ""медицинская сестра операционная (медицинский брат операционный)""), ""медицинское обеспечение воинской деятельности"" (квалификация ""военный фельдшер""). Как пояснила официальный представитель Министерства обороны Беларуси подполковник Наталья Гаврусик, перечень специальностей для постановки на воинский учет женщин существует многие годы. Обновился он лишь потому, что в медицине появились новые специальности, а некоторые начали называться иначе. Как и прежде, женщин, достигших 19 лет, получивших специальность, входящую в данный перечень, государство учитывает как военнообязанных. Тем женщинам, чья специальность в этом перечне появилась только в 2026 году и которые на 1 января 2026 года уже являлись дипломированными специалистами, достигшими 20 и более лет, на учет становиться не нужно. Всем остальным девушкам, которые получат специальность, входящую в обновленный перечень, нужно приехать в военкомат по месту жительства с паспортом, копией диплома, фотографией и написать заявление.... подробности
TEXT: В Беларуси обновлен перечень специальностей для воинского учета женщин. Это предусмотрено постановлением Министерства обороны №14 от 30 июля 2026 года, которое опубликовано на Национальном правовом интернет-портале, сообщает БЕЛТА. Документ устанавливает перечень специальностей, необходимых для Вооруженных Сил, других войск и воинских формирований, по которым получили подготовку и подлежат первоначальному приему на воинский учет граждане женского пола с 19-летнего возраста. В числе таких специальностей среднего специального образования ""ветеринарная медицина"" (квалификация ""фельдшер ветеринарной медицины""), ""лечебное дело"" (квалификация ""фельдшер-акушер. Помощник врача""), ""сестринское дело"" (квалификация ""медицинская сестра (медицинский брат)""), ""медико-диагностическое дело"" (квалификация ""фельдшер-лаборант""), ""фармация"" (квалификация ""фармацевт""). Перечень включает специальность общего высшего образования - это ""сестринское дело"" (квалификация ""медицинская сестра (медицинский брат)""). Также это специальности специального высшего образования: ""лечебное дело"" (квалификация ""врач""), ""медико-профилактическое дело"" (квалификация ""врач""), ""медико-диагностическое дело"" (квалификация ""врач""), ""фармация"" (квалификация ""провизор""). В перечне есть и специальности переподготовки руководящих работников и специалистов, имеющих среднее специальное образование: ""амбулаторно-поликлиническая помощь"" (квалификация ""помощник врача по амбулаторно-поликлинической помощи""), ""анестезиология"" (квалификация ""медицинская сестра (медицинский брат)-анестезист""), ""рентгенология"" (квалификация ""рентгенолаборант""), ""хирургия"" (квалификация ""медицинская сестра операционная (медицинский брат операционный)""), ""медицинское обеспечение воинской деятельности"" (квалификация ""военный фельдшер""). Как пояснила официальный представитель Министерства обороны Беларуси подполковник Наталья Гаврусик, перечень специальностей для постановки на воинский учет женщин существует многие годы. Обновился он лишь потому, что в медицине появились новые специальности, а некоторые начали называться иначе. Как и прежде, женщин, достигших 19 лет, получивших специальность, входящую в данный перечень, государство учитывает как военнообязанных. Тем женщинам, чья специальность в этом перечне появилась только в 2026 году и которые на 1 января 2026 года уже являлись дипломированными специалистами, достигшими 20 и более лет, на учет становиться не нужно. Всем остальным девушкам, которые получат специальность, входящую в обновленный перечень, нужно приехать в военкомат по месту жительства с паспортом, копией диплома, фотографией и написать заявление.",25201efb79d383183c8cd71358066846312fff599d43a8e024a41ae7fc647bc9,5367,false,2629,generic_html,,,,,
1.0,https://virtualbrest.ru/news191009.php,Виртуальный Брест,Брестская область,2026-09-04T08:15:44+00:00,feed:https://virtualbrest.ru/rss/news.php | sitemap:https://virtualbrest.ru/sitemap.xml | sitemap:https://virtualbrest.ru/sitemap_new.xml | sitemap:https://virtualbrest.ru/sitemap_yandex.xml,Польша продлевает ограничения на полеты вдоль границ с Беларусью и Украиной,REJECT,relevance_rejected,possible,нет связки социальной темы и проблемы,"TITLE: Польша продлевает ограничения на полеты вдоль границ с Беларусью и Украиной
SUMMARY: Польша продлевает ограничения на полеты вблизи границ с Беларусью и Украиной с 10 сентября на три месяца. Об этом сообщает польский портал Interia со ссылкой на Оперативное командование ВС Польши. ""С 10 сентября в восточной части Польши будет введена новая зона ограниченного воздушного движения EP R134, которая заменит существующую зону EP R131"", - отмечается в сообщении. Ограничения касаются полетов на высоте до 3 км от уровня земли. ""Это означает, что пассажирские самолеты, выполняющие полеты на больших высотах, не будут затронуты"", - поясняется в сообщении. Запрет на полеты в зоне EP R134 будет действовать круглосуточно, за исключением военных полетов, а также отдельных спасательных операций и операций по защите инфраструктуры. Как пояснили в командовании, данные меры необходимы для обеспечения системам противовоздушной обороны Польши свободы маневра и возможности ""оперативно реагировать на потенциальные угрозы"". Действующее на сегодняшний день ограничение на полеты вдоль границ с Беларусью и Украиной EP R131 было введено 10 июня текущего года, его срок истекает 9 сентября. Ограничения у восточной границы Польши действуют с сентября 2025 года, зона обновляется каждые три месяца. Согласно польскому законодательству, временное ограничение полетов может действовать не дольше трех месяцев. По истечении этого срока Польское агентство аэронавигационного обслуживания публикует извещение с новым кодом зоны, фактически продлевая ограничения еще на три месяца.... подробности
TEXT: Польша продлевает ограничения на полеты вблизи границ с Беларусью и Украиной с 10 сентября на три месяца. Об этом сообщает польский портал Interia со ссылкой на Оперативное командование ВС Польши. ""С 10 сентября в восточной части Польши будет введена новая зона ограниченного воздушного движения EP R134, которая заменит существующую зону EP R131"", - отмечается в сообщении. Ограничения касаются полетов на высоте до 3 км от уровня земли. ""Это означает, что пассажирские самолеты, выполняющие полеты на больших высотах, не будут затронуты"", - поясняется в сообщении. Запрет на полеты в зоне EP R134 будет действовать круглосуточно, за исключением военных полетов, а также отдельных спасательных операций и операций по защите инфраструктуры. Как пояснили в командовании, данные меры необходимы для обеспечения системам противовоздушной обороны Польши свободы маневра и возможности ""оперативно реагировать на потенциальные угрозы"". Действующее на сегодняшний день ограничение на полеты вдоль границ с Беларусью и Украиной EP R131 было введено 10 июня текущего года, его срок истекает 9 сентября. Ограничения у восточной границы Польши действуют с сентября 2025 года, зона обновляется каждые три месяца. Согласно польскому законодательству, временное ограничение полетов может действовать не дольше трех месяцев. По истечении этого срока Польское агентство аэронавигационного обслуживания публикует извещение с новым кодом зоны, фактически продлевая ограничения еще на три месяца.",a9ee008740ad6441635c8504636f18197dd18e74977f132fe594f4f0e0f1cb3a,3068,false,1477,generic_html,,,,,
1.0,https://virtualbrest.ru/news191004.php,Виртуальный Брест,Брестская область,2026-09-04T08:04:19+00:00,feed:https://virtualbrest.ru/rss/news.php | sitemap:https://virtualbrest.ru/sitemap.xml | sitemap:https://virtualbrest.ru/sitemap_new.xml | sitemap:https://virtualbrest.ru/sitemap_yandex.xml,Специальное профилактическое мероприятие «Зеленый щит» проведут в Столинском районе,REJECT,relevance_rejected,possible,нет связки социальной темы и проблемы,"TITLE: Специальное профилактическое мероприятие «Зеленый щит» проведут в Столинском районе
SUMMARY: В Столинском районе проведут специальное профилактическое мероприятие ""Зеленый щит"". Об этом сообщает БЕЛТА со ссылкой на Брестское областное управление МЧС. ""Для стабилизации обстановки с пожарами в природных экосистемах с 8 по 12 сентября на территории Столинского района пройдет специальное профилактическое мероприятие ""Зеленый щит"". Оно направлено на предупреждение загораний и минимизацию их последствий, а также повышение уровня культуры безопасности жизнедеятельности у населения"", - рассказали в Брестском областном управлении МЧС. Спасатели обратили внимание, что с начала года в Столинском районе зафиксировано 81 загорание в природных экосистемах. Работники МЧС и специалисты сопричастных ведомств проведут рейдовые мероприятия и пообщаются с трудовыми коллективами. Гражданам объяснят правила безопасного разведения костров и уборки на приусадебных территориях. Напомнят, что за выжигание сухой растительности, стерни и трав на корню грозит административная ответственность. ... подробности
TEXT: В Столинском районе проведут специальное профилактическое мероприятие ""Зеленый щит"". Об этом сообщает БЕЛТА со ссылкой на Брестское областное управление МЧС. ""Для стабилизации обстановки с пожарами в природных экосистемах с 8 по 12 сентября на территории Столинского района пройдет специальное профилактическое мероприятие ""Зеленый щит"". Оно направлено на предупреждение загораний и минимизацию их последствий, а также повышение уровня культуры безопасности жизнедеятельности у населения"", - рассказали в Брестском областном управлении МЧС. Спасатели обратили внимание, что с начала года в Столинском районе зафиксировано 81 загорание в природных экосистемах. Работники МЧС и специалисты сопричастных ведомств проведут рейдовые мероприятия и пообщаются с трудовыми коллективами. Гражданам объяснят правила безопасного разведения костров и уборки на приусадебных территориях. Напомнят, что за выжигание сухой растительности, стерни и трав на корню грозит административная ответственность.",82ed718260c0c731983c688046e649e7892a8258c7082b3a01fc6ec3b6834f15,2097,false,987,generic_html,Брестская область,Столин,,,
1.0,https://lnc.by/news/obshchestvo/voinskiy-uchet-zhenshchin-obnovlen-perechen-spetsialnostey-v-belarusi,Лунинецкие новости,Брестская область,2026-04-09T07:45:10+00:00,homepage,Воинский учет женщин: обновлен перечень специальностей в Беларуси,REJECT,relevance_rejected,needs_text,нет связки социальной темы и проблемы,"TITLE: Воинский учет женщин: обновлен перечень специальностей в Беларуси
TEXT: Общество Присяга Воинский учет женщин: обновлен перечень специальностей в Беларуси 04.09.2026 10:45 В Беларуси обновлен перечень специальностей для воинского учета женщин. Это предусмотрено постановлением Министерства обороны №14 от 30 июля 2026 года, которое опубликовано на Национальном правовом интернет-портале , сообщает БЕЛТА. Документ устанавливает перечень специальностей, необходимых для Вооруженных Сил, других войск и воинских формирований, по которым получили подготовку и подлежат первоначальному приему на воинский учет граждане женского пола с 19-летнего возраста. В числе таких специальностей среднего специального образования ""ветеринарная медицина"" (квалификация ""фельдшер ветеринарной медицины""), ""лечебное дело"" (квалификация ""фельдшер-акушер. Помощник врача""), ""сестринское дело"" (квалификация ""медицинская сестра (медицинский брат)""), ""медико-диагностическое дело"" (квалификация ""фельдшер-лаборант""), ""фармация"" (квалификация ""фармацевт""). Перечень включает специальность общего высшего образования - это ""сестринское дело"" (квалификация ""медицинская сестра (медицинский брат)""). Также это специальности специального высшего образования: ""лечебное дело"" (квалификация ""врач""), ""медико-профилактическое дело"" (квалификация ""врач""), ""медико-диагностическое дело"" (квалификация ""врач""), ""фармация"" (квалификация ""провизор""). В перечне есть и специальности переподготовки руководящих работников и специалистов, имеющих среднее специальное образование: ""амбулаторно-поликлиническая помощь"" (квалификация ""помощник врача по амбулаторно-поликлинической помощи""), ""анестезиология"" (квалификация ""медицинская сестра (медицинский брат)-анестезист""), ""рентгенология"" (квалификация ""рентгенолаборант""), ""хирургия"" (квалификация ""медицинская сестра операционная (медицинский брат операционный)""), ""медицинское обеспечение воинской деятельности"" (квалификация ""военный фельдшер""). Как пояснила официальный представитель Министерства обороны Беларуси подполковник Наталья Гаврусик, перечень специальностей для постановки на воинский учет женщин существует многие годы. Обновился он лишь потому, что в медицине появились новые специальности, а некоторые начали называться иначе. Как и прежде, женщин, достигших 19 лет, получивших специальность, входящую в данный перечень, государство учитывает как военнообязанных. Тем женщинам, чья специальность в этом перечне появилась только в 2026 году и которые на 1 января 2026 года уже являлись дипломированными специалистами, достигшими 20 и более лет, на учет становиться не нужно. Всем остальным девушкам, которые получат специальность, входящую в обновленный перечень, нужно приехать в военкомат по месту жительства с паспортом, копией диплома, фотографией и написать заявление. Подписывайтесь на наш канал в Telegram ← Предыдущая новость Следующая новость →",71d06302131f6093d90d67cfabb5e6e721e300320018241852efc47c400ec01a,2889,false,2810,generic_html,,,,,
1.0,https://lnc.by/news/mikashevichy/ne-stoit-riskovat-o-pryamom-puti-k-katastrofe-napomnili-spasateli-luninetskogo-rayona,Лунинецкие новости,Брестская область,2026-04-09T07:57:00+00:00,homepage,Не стоит рисковать! О прямом пути к катастрофе напомнили спасатели Лунинецкого района,REJECT,relevance_rejected,possible,нет связки социальной темы и проблемы,"TITLE: Не стоит рисковать! О прямом пути к катастрофе напомнили спасатели Лунинецкого района
TEXT: Микашевичи Новости района Общество Происшествия Не стоит рисковать! О прямом пути к катастрофе напомнили спасатели Лунинецкого района 04.09.2026 10:57 С начала года в природных экосистемах Лунинецкого района зарегистрировано 52 пожара на общей площади почти 11 гектаров. С целью предупреждения загораний и минимизации их последствий работники РОЧС напомнили о правилах безопасности. – Статистика неумолима: большинство природных пожаров происходит из-за человеческой халатности, – отмечает старший инспектор Марина Кочура. – Выжигание сухой растительности – это не просто вредная привычка, а прямой путь к катастрофе. Огонь распространяется молниеносно: от горящего сухостоя вспыхивают жилые дома, сараи, а затем пламя перекидывается на леса и торфяники. Причиной возгорания может стать даже брошенный окурок или обычное стекло, сработавшее как линза. Закон не запрещает жарить шашлыки на природе или сжигать мусор, но требует делать это с умом. Никогда не нужно оставлять костер без присмотра. Место желательно обкопать или использовать негорючую емкость (например, тот же мангал или железная бочка). Необходимо держать под рукой средства тушения – ведро с водой, песок либо огнетушитель. А еще – следить, чтобы искры не долетели до построек. По завершению нужно убедиться, что угли полностью потушены и не тлеют. Важно понимать: выжигать сухую растительность на корню категорически запрещено! За такие действия предусмотрены серьезные штрафы (по статье 16.40 Кодекса об административных правонарушениях Республики Беларусь – от 10 до 30 базовых величин). Если же костер разведен в неположенном месте, придется заплатить 12 базовых величин. В случае, если огонь нанесет крупный ущерб, дело может дойти и до уголовной ответственности. Не рискуйте своим имуществом и жизнью – будьте благоразумны и соблюдайте правила пожарной безопасности. Порядок на участке, равно как и отдых на природе, не должен стоить вам жилища и здоровья! Фото из архива Подписывайтесь на наш канал в Telegram Следующая новость →",29079b1c6a2299b9292373a2d8c688fd2400f401a9b706e91e487874c2ed00c4,2101,false,2002,generic_html,Брестская область,Лунинец,,,
1.0,https://media-polesye.com/news/beldzhi-do-kontsa-postavit-na-konvejer-novuyu-model,Медиа-Полесье,Брестская область,2026-09-04T09:18:48+00:00,feed:https://media-polesye.com/feed/ | homepage,«БелДжи» до конца поставит на конвейер новую модель — Media-Polesyе,REJECT,relevance_rejected,needs_text,нет связки социальной темы и проблемы,"TITLE: «БелДжи» до конца поставит на конвейер новую модель — Media-Polesyе
SUMMARY: «БелДжи» до конца поставит на конвейер новую модель. Речь идет о Cityray. Сейчас ведется лишь ее крупноузловая сборка. Об этом заявил директор завода Геннадий Свидерский. Сообщение «БелДжи» до конца поставит на конвейер новую модель появились сначала на Media-Polesyе .
TEXT: «БелДжи» до конца поставит на конвейер новую модель. Речь идет о Cityray. Сейчас ведется лишь ее крупноузловая сборка. Об этом заявил директор завода Геннадий Свидерский. «Есть уже новая модель City Ray, которую мы планируем поставить на конвейер в течение этого года и начало следующего года. То есть сейчас это крупноузловой сборка, но фактически идет изготовление оснастки. Ну, почему я говорю про эту модель? Это уже модель нового поколения. То есть если была предыдущая платформа, на которой строились машины, это CMA, то сейчас это новая платформа 3.0, на которой уже строится современный ряд, скажем, легковых автомобилей. В первом квартале, я надеюсь, что это будет реализовано», — сказал он. По его словам, на новой платформе уже сделан гибрид BelGee X80, который находится в продаже. «Поэтому мы планируем развивать по Х80 тоже и локализацию, и наращивать объемы производства. Ну и идет сборка двух электромобилей это и ЕХ2 и ЕХ5. Ну, тоже должен сказать, что такие машины, по моему, нравятся покупателям. Раньше, когда я узнал о том, что и ЕX2 это единственная модель, которой в Китае за месяц было продано 50 тыс. машин. То есть она на первом месте по спросу. Ну, кстати, то же самое происходит и в Республике Беларусь», — добавил он. Чтобы следить за важными новостями, подписывайтесь на наш канал в Telegram и группы в социальных сетях: Вк , Одноклассники , Facebook , Instagram , ТикТок .",cd15c07fc08efcbd2ee1eca156d0bedb96285abc9b76726937eaaa76074c69c7,1763,false,1403,generic_html,Витебская область,Поставы,,,
1.0,https://media-polesye.com/news/na-oblastnyh-dazhynkah-pinskij-rajon-predstavit-20-kilogrammovyj-karavaj,Медиа-Полесье,Брестская область,2026-09-04T08:48:00+00:00,feed:https://media-polesye.com/feed/ | homepage,На областных «Дажынках» Пинский район представит 20-килограммовый каравай — Media-Polesyе,REJECT,relevance_rejected,needs_text,нет связки социальной темы и проблемы,"TITLE: На областных «Дажынках» Пинский район представит 20-килограммовый каравай — Media-Polesyе
SUMMARY: Праздник 5 сентября пройдет в агрогородке Жемчужный Барановичского района. Сообщение На областных «Дажынках» Пинский район представит 20-килограммовый каравай появились сначала на Media-Polesyе .
TEXT: Праздник 5 сентября пройдет в агрогородке Жемчужный Барановичского района. Оригинальные караваи для «Дажынак» испекли талантливые мастера всех 16 районов Брестской области. Почти 20-килограммовый каравай Пинского района испекли работники Пинского кооппрома. С момента замешивания теста до получения ароматных коржей ушло около десяти часов, почти двое суток понадобилось на украшение. Всего было использовано около 14 кг муки, 5 кг сахара, яиц и других ингредиентов. Увидеть караваи районов Брестской области гости смогут на выставке. Оценит экспонаты организационный комитет. На «Дажынках» в Жемчужном точки общественного питания заработают в 9.00 и будут принимать гостей почти до полуночи. Торговые ряды на фестивале растянутся примерно на 1,5 км. Предприятия-производители проведут дегустации своей продукции. Для гостей, помимо угощений, готовят всевозможные развлечения и акции. На празднике обустроят множество локаций, где каждый по своему вкусу и возрасту найдет что-то увлекательное. В торжественной обстановке будут чествовать тружеников села: комбайнеров, водителей, агрономов, операторов зерносушильных комплексов и других специалистов. Чтобы следить за важными новостями, подписывайтесь на наш канал в Telegram и группы в социальных сетях: Вк , Одноклассники , Facebook , Instagram , ТикТок .",87cf77da24bfd496e0275aa45534ad13ea2641ca716f9e0b3e8cc9f5e6516cc1,1614,false,1306,generic_html,Брестская область,Барановичи,,,
1.0,https://media-polesye.com/news/nemnogo-dozhdya-i-silnyj-veter-v-vyhodnye,Медиа-Полесье,Брестская область,2026-09-04T09:13:10+00:00,feed:https://media-polesye.com/feed/ | homepage,Немного дождя и сильный ветер в выходные — Media-Polesyе,REJECT,relevance_rejected,needs_text,нет связки социальной темы и проблемы,"TITLE: Немного дождя и сильный ветер в выходные — Media-Polesyе
SUMMARY: Синоптики рассказали о погоде на Полесье в выходные. Сообщение Немного дождя и сильный ветер в выходные появились сначала на Media-Polesyе .
TEXT: Синоптики рассказали о погоде на Полесье в выходные. В субботу столбик термометра покажет ..+21 градус, утром кратковременный дождь, после обеда малооблачно. Порывы западного ветра будут достигать 17 м/с. В воскресенье ..+16..+17 градусов, дождь, сохранится ветер. Чтобы следить за важными новостями, подписывайтесь на наш канал в Telegram и группы в социальных сетях: Вк , Одноклассники , Facebook , Instagram , ТикТок .",cdf94af19709af425c2dff13fb1c2e276264a4a6519d143d4de115d606e7fa4b,641,false,421,generic_html,,,,,
1.0,https://t.me/orshaeu/11906,Orsha.eu,Витебская область,2026-09-04T08:30:48+00:00,telegram:https://t.me/s/orshaeu,Хто быў першым аршанцам?,REJECT,relevance_rejected,needs_text,нет связки социальной темы и проблемы,"TITLE: Хто быў першым аршанцам?
TEXT: Хто быў першым аршанцам? Беларускі гісторык шашак Віталь Аніська апублікаваў вынікі ўнікальнага даследавання пра першынствы Беларусі ў шашках. У тэксце мы знайшлі і цікавыя факты пра шашыстаў з Воршы. Упершыню прадстаўнік нашага гораду мог выступіць у ІІ чэмпіянаце БССР, які ладзілі ў Менску ў 1928 годзе. Аднак тады, падобна, як і ў Гомлі, у Воршы не знайшлі грошай на білеты і пражыванне для свайго шашыста, і прадстаўнік на турнір не прыехаў. Прозвішча чэмпіёна Воршы таго году невядомае. Затое ў ІІІ чэмпіянаце, які прайшоў у 1932 годзе, былі ўжо двое аршанцаў— Эзрохін і Розэнблюм. Пры гэтым апошні быў чэмпіёнам нашага гораду раней, а за тыдзень перад рэспубліканскім першынством стаў найлепшым шашыстам Менску і выступаў на турніры за сталіцу. Эзрохін скончыў спаборніцтвы ў групавым этапе, а вось Розэнблюм прайшоў у лік 11 фіналістаў. Там ён заняў 8-е месца. У 1933 годзе ў наступным шашачным першынстве ўпершыню выступіў прадстаўнік Горак Школьнік.",f24ac13295f842b2978dbd77c85b9a436e32448acbdc9102c9ba61fdcf256768,997,false,959,inline_text,,,,,
1.0,https://www.orshanka.by/?p=177200,Аршанская газета,Витебская область,2026-09-04T12:48:00+00:00,homepage,В торжественном открытии Дня белорусской письменности в Костюковичах примут участие около 600 артистов,REJECT,relevance_rejected,needs_text,нет связки социальной темы и проблемы,"TITLE: В торжественном открытии Дня белорусской письменности в Костюковичах примут участие около 600 артистов
TEXT: Около 600 артистов будут задействованы в торжественном открытии XXXIII Дня белорусской письменности 5-6 сентября в Костюковичах. Об этом журналистам рассказал главный режиссер Могилёвской областной филармонии Михаил Николаенко, передает корреспондент БЕЛТА. Множество тематических локаций, история белорусского книгопечатания и ее современное звучание — гостей праздника ждет интересная и насыщенная программа. Церемония торжественного открытия состоится в 12.00 на главной сцене праздника. — Главным художественным образом концерта «Родная мова — мова шчаслівых людзей» станет женщина — хранительница семейного очага, мама, учитель, — рассказал Михаил Николаенко. — Еще одним художественным образом представления станет символ Костюковичей — подкова, что изображена на гербе города. — Жил в Костюковичах такой Костюк. И попросил он беречь родной язык и землю, завещал передавать все это из поколения в поколение. Это и будет отражено в концерте через передачу свитка со славянской азбукой от предков нынешнему поколению детей с главным заветом — хранить и беречь белорусский язык, — отметил главный режиссер. На открытии задействовано около 600 артистов. Выступления будут сопровождаться живой музыкой в исполнении заслуженного коллектива Национального академического концертного оркестра Беларуси имени М. Я. Финберга. Знаковым событием концерта станет вручение Национальной литературной премии. Продолжит концертную часть в первый день праздника финал республиканского конкурса юных чтецов «Жывая класіка», который пройдет на главной сцене в 16.00. А в 19.30 всех приглашают на гала-концерт. Здесь назовут город, который будет принимать праздник в следующем году. После этого зрителей будет ждать яркая концертная программа и красочный фейерверк. Фото из архива «Аршанскай газеты». Фото носит иллюстративный характер.",95c7d06ac87f158cea675e680ad7f2a8f7ce67b1767d724118e6f22487161177,1936,false,1820,generic_html,,,,,
1.0,https://www.orshanka.by/?p=159484,Аршанская газета,Витебская область,2025-12-09T12:27:09+00:00,homepage,Максим Летецкий: «Реализация программы социально-экономического развития Беларуси на 2026–2030 годы позволит повысить качество жизни в стране»,REJECT,relevance_rejected,needs_text,нет связки социальной темы и проблемы,"TITLE: Максим Летецкий: «Реализация программы социально-экономического развития Беларуси на 2026–2030 годы позволит повысить качество жизни в стране»
TEXT: Максим Летецкий, электромеханик Оршанской дистанции сигнализации и связи РУП «Минское отделение Белорусской железной дороги»: – Впервые на Всебелорусском народном собрании предстоит принять программу социально-экономического развития Беларуси на 2026–2030 годы, и это действительно важный шаг. Для нас, работников железнодорожной отрасли, такая долгосрочная и открытая постановка задач имеет особое значение. Она задает четкое понимание того, куда движется страна и какие приоритеты будут определять развитие инфраструктуры. Среди основных направлений программы я выделил бы цифровизацию экономики – это основа для модернизации всех сфер, включая транспорт и связь. Важна и ориентация на сильные регионы: малые и средние города должны развиваться не меньше, чем крупные центры. Особое внимание уделено дорогам и транспортной инфраструктуре, что напрямую влияет на эффективность и безопасность железнодорожных перевозок. Отдельно стоит отметить вопросы доступного жилья, качества мобильной связи, развития туризма и повышения стандартов комфорта. Всё это создает условия, в которых людям проще жить и работать, а регионы становятся привлекательнее для жизни. Надеюсь, что реализация программы позволит укрепить экономику и повысить качество жизни в стране, а мы, железнодорожники, внесем свой вклад в ее выполнение. Полная перепечатка текста и фотографий запрещена. Частичное цитирование разрешено при наличии гиперссылки.",d06db811fe2005a769496a0f53199cc486d1baf6542b2a5dcf5df5520de271ac,1577,false,1421,generic_html,,,,,
1.0,https://www.orshanka.by/?p=177173,Аршанская газета,Витебская область,2026-09-04T11:55:50+00:00,homepage,"На предприятии «Зубревичи-АГРО» чествовали работников, которые внесли весомый вклад в проведение уборочной кампании",REJECT,relevance_rejected,needs_text,нет связки социальной темы и проблемы,"TITLE: На предприятии «Зубревичи-АГРО» чествовали работников, которые внесли весомый вклад в проведение уборочной кампании
TEXT: В СУП «Зубревичи-АГРО» чествовали работников, которые внесли весомый вклад в успешное проведение уборочной кампании 2026 года. Поздравления и заслуженные награды хлеборобы принимали прямо в поле. Там, где еще совсем недавно кипела напряженная работа. Уборочная кампания для аграриев – всегда особое время. Это ранние подъемы, длинные рабочие дни, постоянная ответственность за каждый гектар и каждую тонну выращенного урожая. И именно люди, их профессионализм, трудолюбие и умение работать одной командой становятся главной составляющей успеха. В СУП «Зубревичи-АГРО» нынешнюю жатву завершили 28 августа. Об итогах уборочной кампании журналисту «Аршанскай газеты» рассказал помощник главы КФХ «Старт-ТС» Андрей Константинов . – В этом году мы убрали 300 гектаров рапса, получили урожайность 50,7 центнера с гектара и намолотили 1 541 тонну маслосемян. Кроме того, убрали 900 гектаров озимых зерновых. Их валовой сбор составил 4 642 тонны при урожайности 51,6 центнера с гектара, – отметил Андрей Витальевич. – Конечно, всего этого удалось добиться благодаря нашим работникам. Тем, кто трудится непосредственно в хозяйстве, а также тем, кто пришел нам на помощь в период уборочной кампании. По решению райисполкома шефскую помощь хозяйству оказывали работники Оршанского лесхоза и Оршанского авиаремонтного завода. Все вместе работали на общий результат. Поздравить тружеников прямо в поле приехали председатель Оршанской районной профсоюзной организации Белорусского профессионального союза работников АПК Ольга Никитенкова , представители руководства и профсоюзного комитета СУП «Зубревичи-АГРО» и Оршанского лесхоза. Заслуженные слова благодарности и награды получили те, кто в нынешнюю страду достиг особенно высоких результатов. Среди них – механизатор Евгений Голубев , который намолотил тысячу тонн зерновых и рапса. Весомый вклад в проведение уборочной кампании внес и водитель Евгений Калошин . За время страды он перевез тысячу тонн рапса и тысячу тонн зерна. Особенно примечательно, что в сельскохозяйственной организации Евгений работает всего около полугода. Несмотря на небольшой трудовой стаж в хозяйстве, молодой механизатор уже успел зарекомендовать себя как ответственный, трудолюбивый и надежный работник. Первый сезон был для него непростым. Ранние подъемы, высокий темп работы, большая ответственность – ко всему этому необходимо было привыкнуть. Однако втянуться удалось достаточно быстро. Теплые слова прозвучали и в адрес механизатора Евгения Фёдорова , также преодолевшего значимый рубеж – тысячу тонн намолота. В день чествования он находился в служебной командировке в Могилёвской области, однако его труд и достигнутые результаты также отмечены. Не остались без внимания и те, кто в самый напряженный период пришел на помощь сельхозпредприятию. Среди них – тракторист-машинист Оршанского лесхоза Дмитрий Захаренко . Во время уборочной кампании он помогал аграриям на полях СУП «Зубревичи-АГРО» и достиг значительных производственных результатов: намолотил тысячу тонн рапса и тысячу тонн зерновых культур. Сам Дмитрий говорит о своем участии в уборочной кампании без лишних слов и пафоса. – Когда направили помогать хозяйству, я сразу согласился. Если надо помочь, я всегда готов протянуть руку помощи. Это обычное дело. Если есть необходимость, значит, нужно работать, – отметил Дмитрий Александрович. Высокие результаты стали подтверждением того, что от работы он не отлынивал, а добросовестно выполнял поставленные задачи. Еще одним героем нынешней жатвы стал работник ОАО «Оршанский авиаремонтный завод» Сергей Сидорович . Его участие в уборочной – еще один пример того, как в самый ответственный момент предприятия и организации района объединяют усилия ради общего дела. Символично, что церемония чествования проходила на так называемых президентских полях возле деревни Химы. Именно здесь в нынешнем году в экспериментальных целях была посеяна гречиха – культура, которая пока не является традиционной для выращивания в северном регионе. О том, как проходит эксперимент, рассказал главный агроном СУП «Зубревичи-АГРО» Вадим Гарбина . – Сейчас мы находимся на поле гречихи площадью 35 гектаров. Здесь посеяны два сорта культуры. Один из них – «дикуль», сорт российской селекции. Второй – «менка», белорусский сорт. Мы решили сравнить результаты выращивания сортов российской и белорусской селекции в наших условиях, – рассказал главный агроном. К уборке аграрии приступили с сорта «дикуль». Предварительные результаты, по словам Вадима Гарбина, вселяют оптимизм. По предварительной биологической урожайности этот сорт показывает около 29, а белорусский сорт «менка» – порядка 32 центнеров с гектара. На поле приезжали специалисты РНПЦ по земледелию, проводили необходимые анализы. Поэтому в хозяйстве рассчитывают получить хороший урожай. Для Оршанского района выращивание гречихи – опыт во многом новый, а потому требует особого внимания к технологии. Вадим Гарбина отметил, что гречиха в нашей полосе высевается в среднем во второй декаде мая, когда устанавливается достаточно теплая погода. После посева, еще до появления всходов, необходимо внести почвенный гербицид. Это важный момент, поскольку сама культура достаточно чувствительна к гербицидам, поэтому обработку необходимо провести до появления всходов. В дальнейшем особых сложностей нет, но важно соблюдать все технологические тонкости. Эксперимент на президентском поле позволит не только оценить урожайность различных сортов гречихи, но и определить, насколько перспективно выращивание этой культуры в условиях северного региона Беларуси. Цифры нынешней уборочной кампании говорят сами за себя. Тысячи тонн намолоченного зерна и рапса, высокая урожайность, своевременное завершение жатвы – всё это результат напряженного труда сотен людей. Механизаторы и водители, агрономы и специалисты, работники хозяйства и представители предприятий, пришедшие на помощь в горячую пору, – каждый внес свой вклад в общий успех. Именно поэтому слова благодарности, прозвучавшие прямо в поле, были адресованы всем, кто в эти напряженные летние дни трудился от рассвета до заката. Виктор СОСНОВСКИЙ. Фото автора. Полная перепечатка текста и фотографий запрещена. Частичное цитирование разрешено при наличии гиперссылки.",658b8628fd60f021a3d6bf192da7675f7c0c48754b821b027347f16515b2455e,6328,false,6199,generic_html,,,труд/оплата труда,,
1.0,https://vitebskspring.org/news/roznae/item/7853-vitsebskaya-gazeta-naekhala-na-zhanchynu-yakaya-raspavyala-pra-intsydent-u-tiktok-ne-patelefanavaushy-u-102,Витебская Весна,Витебская область,2026-08-13T05:46:47+00:00,homepage,"Віцебская газета “наехала” на жанчыну, якая распавяла пра інцыдэнт у TikTok, не патэлефанаваўшы ў 102 - Віцебская вясна",REJECT,relevance_rejected,needs_text,Evidence Binding: тема и проблема связаны только глубоко в тексте,"TITLE: Віцебская газета “наехала” на жанчыну, якая распавяла пра інцыдэнт у TikTok, не патэлефанаваўшы ў 102 - Віцебская вясна
TEXT: Зрэшты, інцыдэнтам было не рабаўніцтва, не крадзеж і тым больш не забойства: жанчына зняла відэа пра тое, які падлетак нешта кінуў уніз з моста цераз Віцьбу. Што гэта быў за прадмет, жанчына добра не разгледзела, і зрабіла выснову, што гэта мог быць камень. Паводзіны хлопца яна ацаніла як хуліганства, і гэтую выснову падтрымалі гледачы. Відэа “заляцела”, сабраўшы сотні каментароў. Трапіла яно і на вочы супрацоўнікам Кастрычніцкага РАУС, якія апыталі жанчыну і пачалі праверку па дадзеным інцыдэнце. Калі факт хуліганства пацвердзіцца, будзе распачата адміністратыўная справа супраць хлопца, які нешта кінуў з вышыні, не падумаўшы пра магчымыя наступствы. Праверка яшчэ не скончана, але міліцыя ўжо выказала прэтэнзіі: маўляў, аўтарка відэа мусіла адразу патэлефанаваць у 102. Аднак яшчэ далей пайшла гарадская газета “Витьбичи”: у публікацыі пра гэты выпадак жанчыне не падзякавалі за пільнасць, а прыгразілі адказнасцю “за размяшчэнне неправеранай інфармацыі з абвінавачаннямі” і зусім ужо не ветліва параілі “включать собственную голову и думать о последствиях, а не о лайках в интернете”.Здавалася б, адкуль такая ўвага да звычайнага відэароліка? Усё проста: менавіта TikTok стаў для многіх беларусаў сапраўднай магчымасцю паскардзіцца на нешта або распавесці пра праблемную сітуацыю. А ўлады і афіцыйныя СМІ гэтым вельмі незадаволеныя, бо праўда, якую яны хацелі б прыхаваць, тыкім чынам становіцца вядомай шырокай грамадскасці.Ёсць і яшчэ адна дэталь: Юбілейны мост, які фігуруе ў відэароліку, быў нядаўна на капісальным рамонце. Аднак залева, якая прайшла над горадам 6 жніўня, паказала, што працы былі зроблены няякасна - плітка паабапал апор на беразе &quot;паехала&quot; ў розныя бакі. Гэта заўважылі многія гараджане, і цяпер, верагодна, любыя згадкі пра гэты мост сталі &quot;занозай&quot; для ўладаў і мясцовай прэсы. Ганна Лугавая",d9df6640feb5d2a1fd7e8f4a4dd7f14d603b17048ea566f69d5551764e971311,1980,false,1847,json_ld,Витебская область,Витебск,,,
1.0,https://t.me/vitvestiby/89030,Витебские вести,Витебская область,2026-09-04T08:30:43+00:00,telegram:https://t.me/s/vitvestiby,"""Белорусы записывались целыми деревнями"".",REJECT,relevance_rejected,needs_text,политическая тема: репресс,"TITLE: ""Белорусы записывались целыми деревнями"".
TEXT: ""Белорусы записывались целыми деревнями"". Историк назвал самую массовую партию в Западной Беларуси ☝️ Самой массовой партией за всю историю партийного строительства в Западной Беларуси была Белорусская крестьянско-рабочая громада, которая провозгласила открытую борьбу с эксплуататорами на основе союза рабочих и крестьян. Об этом рассказал председатель Постоянной комиссии Палаты представителей по образованию, культуре и науке, историк Игорь Марзалюк в проекте БЕЛТА ""Настоящая история. Лекции Игоря Марзалюка"" . 🗣 Как отметил эксперт, в Западной Беларуси господствовали жесткий политический режим и полицейский террор. Репрессии в первую очередь коммунистов либо сочувствующих коммунистическому движению были обыденным делом. Впрочем, это не означает, что белорусы были пассивны и терпели подобное отношение. Бронислав Тарашкевич, создатель первой белорусской грамматики, писал следующее: из-за польских принуждений все белорусское, желая остаться белорусским, становилось одновременно и коммунистическим. ""Именно в это время Коммунистическая партия Западной Беларуси и Коммунистический союз молодежи Западной Беларуси объективно играли определяющую роль в сопротивлении. Это не значит, что не было Белорусской христианско-демократической партии. Вместе с тем, самым массовым движением было создание такой легальной революционно-демократической организации, как Белорусская крестьянско-рабочая громада, или БСРГ (аббревиатура образована от белорусскоязычного названия партии ""Беларуская сялянска-работніцкая грамада"", - подчеркнул Игорь Марзалюк . 👉 Подробнее на vitvesti.by . Сайт | TikTok | VK | Instagram | YouTube | ОК | Стикерпак ВВ | Чат-бот",cbdc7ca32f29445b436689001107190b3673abf332880bd37123b768e8c35a86,1705,false,1650,inline_text,,,,,
1.0,https://t.me/vitvestiby/89032,Витебские вести,Витебская область,2026-09-04T09:24:51+00:00,telegram:https://t.me/s/vitvestiby,«Каждый час на счету»: как искать пропавшего в лесу и как не пропасть самому,REJECT,relevance_rejected,needs_text,нет связки социальной темы и проблемы,"TITLE: «Каждый час на счету»: как искать пропавшего в лесу и как не пропасть самому
TEXT: «Каждый час на счету»: как искать пропавшего в лесу и как не пропасть самому ☝️ Осень — щедрая пора. Хочется запастись на зиму дарами леса. Но, прежде чем отправиться за грибами и ягодами, необходимо позаботиться о своей безопасности. Ведь если вы заблудитесь, все ваши труды будут сведены на нет, а родственникам — хлопоты и страдания . 🌲 Пропасть в лесу — всегда страшно. Современный человек не подготовлен к таким испытаниям. Сотрудники правоохранительных органов делают всё, чтобы поиски «потеряшек» были успешными. ✅ Но неприятностей можно избежать, если соблюдать рекомендации, как правильно организовать свой поход в лес. 👉 Подробнее на vitvesti.by . Сайт | TikTok | VK | Instagram | YouTube | ОК | Стикерпак ВВ | Чат-бот",948330f527560fd07e7d1fd7ee2939d88514af8dbace6801816f1ba0196124c2,818,false,728,inline_text,,,,опасность/безопасность,
1.0,https://t.me/vitvestiby/89031,Витебские вести,Витебская область,2026-09-04T08:35:33+00:00,telegram:https://t.me/s/vitvestiby,"В Витебской области на 4 сентября убрано 99,2 % от плана зерновых и зернобобовых культур.",REJECT,relevance_rejected,needs_text,нет связки социальной темы и проблемы,"TITLE: В Витебской области на 4 сентября убрано 99,2 % от плана зерновых и зернобобовых культур.
TEXT: 🚜 🌾 В Витебской области на 4 сентября убрано 99,2 % от плана зерновых и зернобобовых культур. 👉 Подробнее на vitvesti.by . Сайт | TikTok | VK | Instagram | YouTube | ОК | Стикерпак ВВ | Чат-бот",b2e214ed81e20b922977ac3c87a36fcd6022f8e072de8e0c9ef33921e359ba9e,296,false,193,inline_text,Витебская область,Витебск,,,
1.0,https://t.me/vitvestiby/89033,Витебские вести,Витебская область,2026-09-04T09:40:39+00:00,telegram:https://t.me/s/vitvestiby,Детский реабилитационно-оздоровительный центр «Жемчужина» в Лепельском районе встречает гостей!,REJECT,relevance_rejected,needs_text,нет связки социальной темы и проблемы,"TITLE: Детский реабилитационно-оздоровительный центр «Жемчужина» в Лепельском районе встречает гостей!
TEXT: Детский реабилитационно-оздоровительный центр «Жемчужина» в Лепельском районе встречает гостей! 🇧🇾 🇷🇺 Сегодня здесь проходит традиционный праздник «День Союзного государства в «Жемчужине». В числе почетных гостей – председатель Комиссии Парламентского Собрания по здравоохранению, председатель Постоянной комиссии Палаты представителей Национального собрания Республики Беларусь по здравоохранению, физической культуре, семейной и молодежной политике Валерий Малашко. Он поприветствовал собравшихся и отметил важность налаживания межнациональных связей с раннего детства . Сайт | TikTok | VK | Instagram | YouTube | ОК | Стикерпак ВВ | Чат-бот",406e6e477a540dbb75e580fafd615f07c072434c133d67612a08816555410bda,752,false,643,inline_text,Витебская область,Лепель,,,
1.0,https://www.pvestnik.by/a-vy-pomnite-kak-poyavilas-detskaya-ploshhadka-v-parke-u-kurgana-bessmertiya-v-polocke,Полацкі веснік,Витебская область,2026-09-04T08:58:37+00:00,feed:https://www.pvestnik.by/feed/ | homepage | sitemap:https://www.pvestnik.by/sitemap-pt-post-2026-09.xml,"А вы помните, как появилась детская площадка в парке у Кургана Бессмертия в Полоцке?",KEEP,included,strong,,"TITLE: А вы помните, как появилась детская площадка в парке у Кургана Бессмертия в Полоцке?
SUMMARY: День народного единства в 2021 году запомнился жителям Полоцка не только торжественными мероприятиями, но и по-настоящему добрым делом. В парке у Кургана Бессмертия открылась детская площадка, история создания которой заслуживает особого внимания. Всё началось с весенней санитарной вырубки: тогда из парка пришлось убрать несколько десятков аварийных тополей. Однако городские власти решили не превращать древесину в […]
TEXT: День народного единства в 2021 году запомнился жителям Полоцка не только торжественными мероприятиями, но и по-настоящему добрым делом. В парке у Кургана Бессмертия открылась детская площадка, история создания которой заслуживает особого внимания. Всё началось с весенней санитарной вырубки: тогда из парка пришлось убрать несколько десятков аварийных тополей. Однако городские власти решили не превращать древесину в обычные дрова, а подарить ей вторую жизнь. Так родилась идея создать из этих же деревьев игровое пространство для детей. Реализация проекта заняла около пяти месяцев. Основная работа легла на плечи мастера Константина Пахомовича, который трудился на базе учебно-опытного лесхоза Полоцкого лесного колледжа при активной поддержке местного ЖКХ. Мастер подошел к задаче творчески: вместо стандартных конструкций он создал композицию в природном стиле, которая идеально вписалась в ландшафт парка. Теперь на месте старых тополей красуются добротные деревянные качели, скамейки и песочницы. Площадка получилась не только экологичной, но и очень уютной. Она быстро стала любимым местом отдыха для семей с детьми, доказав, что при бережном и креативном подходе даже привычные городские ресурсы могут превратиться в нечто.",339727acb363af7a506e556c96c60acfdc43ab3f979897ca5a48ec23e7ca6426,1761,false,1232,source_specific,Витебская область,Полоцк,озеленение/покос,,
1.0,https://t.me/gomeltoday/162661,Gomel Today,Гомельская область,2026-09-04T07:46:24+00:00,telegram:https://t.me/s/gomeltoday,В Бобруйске слепой мужчина перепутал бутылки и выпил растворитель - он умер,REJECT,relevance_rejected,needs_text,нет связки социальной темы и проблемы,"TITLE: В Бобруйске слепой мужчина перепутал бутылки и выпил растворитель - он умер
TEXT: В Бобруйске слепой мужчина перепутал бутылки и выпил растворитель - он умер 🥹 49-летнего инвалида по зрению нашли без сознания дома на полу, а рядом стояла бутылка с растворителем. Бобруйчанина в тяжелом состоянии доставили в больницу с отравлением химическим веществом – в его анализах обнаружили ацетон и метанол. Спустя 5 недель мужчина скончался. Судебная экспертиза подтвердила, что он умер от отравления технической жидкостью. Выпил ее мужчина случайно, он попросту взял не ту бутылку. #Беларусь",211d7e1654bdc52b0d464d3506a6b6955617be6b32278ccd96dc10867d1ac713,590,false,501,inline_text,Могилевская область,Бобруйск,медицина,,
1.0,https://t.me/gomeltoday/162666,Gomel Today,Гомельская область,2026-09-04T09:05:26+00:00,telegram:https://t.me/s/gomeltoday,Во дворе на Головацкого убрали брошенную машину – ее посчитали автохламом,REJECT,relevance_rejected,possible,нет связки социальной темы и проблемы,"TITLE: Во дворе на Головацкого убрали брошенную машину – ее посчитали автохламом
TEXT: Во дворе на Головацкого убрали брошенную машину – ее посчитали автохламом А вы что думаете? 👇 Во многих гомельских дворах можно заметить машины со спущенными колесами и явными признаками «смерти». Они просто стоят и гниют, занимая парковку и портя вид на зеленых зонах. Одну из таких брошенных машин на днях забрали со двора дома №111 по улице Головацкого. Теперь металлолом больше не мозолит глаза, плюс освободилось лишнее парковочное место. Фото: «Гомельские ведомости» #Гомель",76afe7966003a617380c115ea10256bf2a8adcec8872331c0658debb7cc0ef0e,567,false,480,inline_text,Гомельская область,Гомель,жилой дом/двор,,
1.0,https://t.me/gomeltoday/162662,Gomel Today,Гомельская область,2026-09-04T08:02:31+00:00,telegram:https://t.me/s/gomeltoday,Жлобинчанка увидела на теле сына гематомы после выписки из гомельской психбольницы – что говорят в медучреждении?,KEEP,included,needs_text,,"TITLE: Жлобинчанка увидела на теле сына гематомы после выписки из гомельской психбольницы – что говорят в медучреждении?
TEXT: Жлобинчанка увидела на теле сына гематомы после выписки из гомельской психбольницы – что говорят в медучреждении? В социальных сетях жительница Жлобина пожаловалась на работу Гомельской областной психиатрической больницы. По словам женщины, с 10 по 25 августа ее ребенок лежал в учреждении здравоохранения, а после выписки мама увидела у сына гематомы возле уха, на щеке и под глазом. При этом у ребенка вторая группа инвалидности, у него атипичный аутизм. Пройти стационарное лечение предложили после очередного приема у врача. Маме сложно далось это решение – до этого она никогда не расставалась с ребенком на длительный срок, а с чужими людьми поведение сына может измениться. Опасения мамы подтвердились. Накануне выписки жлобинчанку предупредили, что ее ребенка ударила девочка – остались гематомы в районе уха и глаза. При этом психическое состояние мальчишки ухудшилось, он снова хуже спит и импульсивно реагирует на резкие движения. Еще одна из претензий мамы и комментаторов под ее постом, что родителей детей со специфическим диагнозом не пускают в отделение и не позволяют сопровождать на лечении. Мол, раньше была возможность попасть в дневной стационар, а сейчас в этом отказали. Женщина оставила запись в книге замечаний и предложений больницы, написала обращение на горячую линию Минздрава, сняла побои и подала заявление в милицию. Начата проверка. 📍 Что говорят в больнице? Как рассказал главврач Гомельской областной клинической психиатрической больницы Александр Цитко, в учреждении проводят внутреннюю проверку. Инцидент произошел в холле отделения на глазах медперсонала. Детей тут же развели, мальчика осмотрели, никаких серьезных повреждений у него не было. Почему ребенок не мог лежать в больнице вместе с мамой? «Мы стараемся минимизировать присутствие посторонних людей в отделениях. Это связано, в том числе, с техникой психиатрической безопасности, конфиденциальностью пациентов и защитой персональных данных», – подчеркнул главврач. Он добавил, что все пациенты круглосуточно находятся под наблюдением медперсонала. Сейчас проводится судебно-медицинская экспертиза. #Гомельщина",6ce61e67a5085b12b0d144dafabf7cc78116fd3da34c00118957c1c5b6d9dce0,2234,false,2107,inline_text,Гомельская область,,медицина,ограничение доступа,region:гомельская область|healthcare|access_restriction
1.0,https://t.me/gomeltoday/162665,Gomel Today,Гомельская область,2026-09-04T08:52:15+00:00,telegram:https://t.me/s/gomeltoday,"Многодетный отец довел семью до нищеты, начал воровать, а потом сам пошел в прокуратуру – что хотел?",REJECT,relevance_rejected,needs_text,нет связки социальной темы и проблемы,"TITLE: Многодетный отец довел семью до нищеты, начал воровать, а потом сам пошел в прокуратуру – что хотел?
TEXT: Многодетный отец довел семью до нищеты, начал воровать, а потом сам пошел в прокуратуру – что хотел? Житель Брестской области едва не довел семью до ручки – ни за что не платил, жил за счет жены, которая еще обеспечивала и четверых детей. Денег в семье ни на что не хватало. Причиной тому оказались азартные игры, на которые мужчина плотно подсел и проигрывал все деньги. За год белорус сделал более 2,5 тысячи игровых операций. Но стоит отдать мужчине должное – он все же проявил осознанность и сам обратился в прокуратуру с просьбой запретить ему посещать игорные заведение. И тут кое-что вскрылось: оказывается, на прежней работе мужчина украл 3 тысячи рублей на ставки. За это его судили. Но главное – ближайшие 3 года белорус не сможет посещать игорные заведения или играть онлайн. #Беларусь",a83355638f4e17db23d8b331c01d08abd6c095e10a30a890dbd862918bcb4573,910,false,796,inline_text,Брестская область,,,ограничение доступа,
1.0,https://t.me/gomeltoday/162664,Gomel Today,Гомельская область,2026-09-04T08:24:22+00:00,telegram:https://t.me/s/gomeltoday,Потом снова повторил «подвиг» и опять поехал кататься под шофе,REJECT,relevance_rejected,needs_text,нет связки социальной темы и проблемы,"TITLE: Потом снова повторил «подвиг» и опять поехал кататься под шофе
TEXT: Потом снова повторил «подвиг» и опять поехал кататься под шофе . Вышло дорого . В мае выпивший 40-летний местный житель попросил у знакомой машину. На перекрестке мужчина увидел автомобиль ГАИ и резко выжал педаль тормоза, что вызвало подозрения у сотрудников. Гомельчанина задержали и отвезли на медосвидетельствование, где подтвердилось, что он пьян. Тогда мужчину лишили водительских прав на 5 лет и оштрафовали на 9 тысяч рублей. Но этот случай местного жителя ничему не научил, и через месяц он снова сел за руль пьяным. Об этом в ГАИ сообщили очевидцы, и вскоре нарушителя задержали. Мужчина получил 1,5 года «домашней химии». Кроме того, его машину Toyota Camry конфисковали и выписали штраф в 11 250 рублей. #Гомель",bb8a1d45cfa7c14f1f60c75ccdc32666eaea30f60eb97c7634e3542c180113f2,799,false,723,inline_text,Гомельская область,Гомель,,,
1.0,https://belkagomel.by/2026/09/04/gomel-oceni-vyshli-novye-smart-chasy-ot-huawei,Белка,Гомельская область,2026-09-04T07:49:07+00:00,feed:https://belkagomel.by/feed/ | homepage | sitemap:https://belkagomel.by/post-sitemap.xml,"Гомель, оцени: вышли новые смарт-часы от Huawei",REJECT,relevance_rejected,possible,нет связки социальной темы и проблемы,"TITLE: Гомель, оцени: вышли новые смарт-часы от Huawei
SUMMARY: Huawei представила в Мюнхене широкую линейку новых высокотехнологичных продуктов для мирового рынка. Были продемонстрированы устройства в четырех категориях: смарт-часы, планшеты, смартфоны и аудио. Мероприятие подчеркнуло стремление... The post Гомель, оцени: вышли новые смарт-часы от Huawei first appeared on Городской журнал о Гомеле .
TEXT: Huawei представила в Мюнхене широкую линейку новых высокотехнологичных продуктов для мирового рынка. Были продемонстрированы устройства в четырех категориях: смарт-часы, планшеты, смартфоны и аудио. Мероприятие подчеркнуло стремление Huawei бесшовно интегрировать интеллектуальные технологии в повседневную жизнь, предоставляя пользователям возможность свободно и энергично заниматься своими увлечениями. Презентация прошла под лозунгом «В погоне за стихией», что отражало представление производителя о технологиях как о катализаторе для раскрытия энергии, смелых открытий и личного самовыражения. Представители Huawei подчеркнули, что новые продукты созданы для того, чтобы стать естественным продолжением жизни пользователей. Среди представленных новинок — смарт-часы серии Huawei Watch GT 7, флагманские умные часы Huawei Watch 6, новое поколение умных часов с функцией измерения артериального давления [1] Huawei Watch D3, флагманский планшет Huawei MatePad Pro 12”, беспроводные наушники Huawei FreeBuds Neo и молодежные смартфоны серии Huawei nova 16s. В центре внимания презентации оказалась серия смарт-часов Huawei Watch GT 7, получившая новый ремешок с удобным креплением EasyCross. Модель Huawei Watch GT 7 доступна в вариантах 46 мм и 41 мм с восемью цветовыми версиями, а Huawei Watch GT 7 Pro предлагает три цветовых варианта. Версия Про оснащена безелем из нанотехнологичной керамики и рамкой корпуса из титанового сплава для повышения долговечности. Любителям спорта серия Huawei Watch GT 7 предлагает инновационную систему определения поворотов и центробежной силы, а также новый режим зимних видов спорта в помещении и доступ к базе карт лыжных трасс, охватывающей более 3000 курортов по всему миру. Функции для велоспорта теперь включают планирование маршрута с учетом подъемов, предупреждения о крутых склонах и резких поворотах, а также функции на базе ИИ (пока недоступны в Европе). В области мониторинга здоровья доступны новые функции, такие как оценка физической готовности и умный анализ здоровья [2] , позволяющие давать четкие и действенные рекомендации по поддержанию хорошего самочувствия. Флагманские умные часы серии Huawei Watch 6 отличаются эргономичным дизайном, продвинутыми режимами тренировок и функцией анализа тренировок на базе ИИ. Часы поддерживают функции независимых звонков и навигации. Смарт-часы Huawei Watch D3 с функцией мониторинга артериального давления поддерживают измерение давления до и после тренировки, а также умные напоминания об измерении давления, что позволяет комплексно контролировать артериальное давление [3] . Huawei представила флагманский планшет MatePad Pro 12”, созданный для работы и творчества. Его толщина составляет всего 4,7 мм, а вес — 454 грамма. Он оснащен 12-дюймовым универсальным OLED-дисплеем PaperMatte, получил функции ИИ-конвертации речи в текст, улучшения почерка с помощью ИИ и жесты стилуса в воздухе. Все это позволяет пользователям плодотворно работать и заниматься творчеством в любое время и в любом месте. Что касается аудиоустройств, то Huawei выпустила беспроводные наушники Huawei FreeBuds Neo с новым дизайном и объемным звучанием с эффектом погружения, разработанные для современного образа жизни. В Мюнхене также дебютировала серия молодежных смартфонов Huawei nova 16s, которая подарит обновленный пользовательский опыт с расширенными возможностями портретной съемки. Ближе к концу мероприятия было объявлено о глобальном запуске конкурса GoPaint, который в этом году добавил новую категорию «Easy Creation» («Легкое творчество») для привлечения к художественному творчеству широкой аудитории. [1] Данное устройство не является медицинским оборудованием. Все данные и результаты мониторинга и рекомендации носят справочный характер и не должны использоваться в качестве основы для медицинской диагностики или лечения. [2] Все данные и результаты мониторинга и рекомендации носят справочный характер и не должны использоваться в качестве основы для медицинской диагностики или лечения [3] Данное устройство не является медицинским оборудованием. Все данные и результаты мониторинга и рекомендации носят справочный характер и не должны использоваться в качестве основы для медицинской диагностики или лечения.",8b8a110fdeb72678beabf48772cb65ac84ae767d5dba6fd891d3e387a55e0eec,4618,false,4208,generic_html,Гомельская область,Гомель,,,
1.0,https://www.gs.by/2026/09/04/4-znaka-zodiaka-kotorym-sentyabr-prineset-udachu-i-horoshie-novosti,Газета «Сильные Новости»,Гомельская область,2026-09-04T08:58:59+00:00,feed:https://www.gs.by/rss.xml | homepage | sitemap:https://www.gs.by/sitemap-news-ru.xml | sitemap:https://www.gs.by/sitemap-ru.xml,"4 знака зодиака, которым сентябрь принесет удачу и хорошие новости - GS.BY",REJECT,relevance_rejected,needs_text,нет связки социальной темы и проблемы,"TITLE: 4 знака зодиака, которым сентябрь принесет удачу и хорошие новости - GS.BY
SUMMARY: Для многих сентябрь ассоциируется с возвращением к рутине и рабочим обязанностям после летних отпусков. Однако астрологи утверждают, что для представителей четырех знаков зодиака начало осени станет временем новых возможностей, благоприятных известий и уверенного движения к целям.
TEXT: Сентябрь традиционно считается месяцем Дев, и в этом году представители этого знака могут ощутить значительный прилив энергии. Период чрезмерных раздумий и сомнений останется позади, что облегчит принятие важных решений. На деловом фронте ожидаются положительные сдвиги: замороженные проекты получат развитие, а инициативы будут оценены по достоинству. Это также подходящее время для смены работы или запуска собственного дела. В личной жизни одиноких Дев ждет интересное знакомство, а тех, кто состоит в отношениях, — преодоление разногласий и укрепление связи с партнером.",cfb3023afd0162aed8f2492e9b9f545209757530f461037f50fa644cb3b731f8,953,false,574,generic_html,,,,,
1.0,https://www.gs.by/2026/09/04/v-voronovskom-rayone-muzhchina-obokral-hozyayku-poka-predlagal-kupit-serviz,Газета «Сильные Новости»,Гомельская область,2026-09-04T08:42:13+00:00,feed:https://www.gs.by/rss.xml | homepage | sitemap:https://www.gs.by/sitemap-news-ru.xml | sitemap:https://www.gs.by/sitemap-ru.xml,"В Вороновском районе мужчина обокрал хозяйку, пока предлагал купить сервиз - GS.BY",REJECT,relevance_rejected,needs_text,криминальная/происшественная тема: краж,"TITLE: В Вороновском районе мужчина обокрал хозяйку, пока предлагал купить сервиз - GS.BY
SUMMARY: В одной из деревень Вороновского района задержан 29-летний мужчина, подозреваемый в краже. Злоумышленник вместе с сообщниками ходил по домам, пытаясь сбыть посуду.
TEXT: Зайдя в очередной дом, мужчина предложил 46-летней хозяйке приобрести чайный сервиз за 500 рублей. Женщина сочла цену завышенной и отказалась от покупки, сообщили в УВД Гродненского облисполкома. Собирая товар обратно, продавец попросил хозяйку помочь вынести тяжелую ношу на улицу. Пока женщина вышла вперед, мужчина воспользовался моментом и похитил ее кошелек, оставленный в прихожей. Обнаружив пропажу, хозяйка немедленно обратилась в милицию. Правоохранителям удалось задержать подозреваемого по горячим следам. В настоящее время в отношении него возбуждено уголовное дело по статье «Кража», ведутся следственные действия. Хищения чужих денежных средств происходят не только на улицах и в частных домах. Так, в Гродно правоохранители разбираются в обстоятельствах присвоения денежных средств председателем попечительского совета одной из школ.",b02d761ffe0f462ffcbca45a56ae2a6567a896ca1dab195a3e9613b3d492f611,1117,false,848,generic_html,,,,,
1.0,https://www.gs.by/2026/09/04/v-grodnenskom-rayone-nochyu-gorel-gruzovoy-maz,Газета «Сильные Новости»,Гомельская область,2026-09-04T08:55:02+00:00,feed:https://www.gs.by/rss.xml | homepage | sitemap:https://www.gs.by/sitemap-news-ru.xml | sitemap:https://www.gs.by/sitemap-ru.xml,В Гродненском районе ночью горел грузовой МАЗ - GS.BY,REJECT,relevance_rejected,needs_text,нет связки социальной темы и проблемы,"TITLE: В Гродненском районе ночью горел грузовой МАЗ - GS.BY
SUMMARY: Короткое замыкание могло стать причиной пожара грузовика под Гродно.
TEXT: Ночью в деревне Огородники Гродненского района произошел пожар грузового автомобиля. Сообщение о возгорании поступило на линию 112 в 23:07. Прибывшие спасатели увидели, что огнем охвачены кабина грузовика МАЗ и манипулятор, сообщает МЧС Гродно. По словам владельца, еще днем он припарковал автомобиль и ушел домой. О пожаре ему сообщили соседи. Работники МЧС ликвидировали возгорание. В результате пожара кабина автомобиля была уничтожена, также повреждена надстройка. По предварительной версии, причиной пожара могло стать короткое замыкание электропроводки в моторном отсеке. Как сообщили в МЧС, за восемь месяцев текущего года в Гродненской области зарегистрировано 74 пожара автомобилей.",72ca926116df010c144220538e999aafa9992f35378677ee9593ac11be9f9d2d,836,false,691,generic_html,Гродненская область,Гродно,,условия труда,
1.0,https://www.gs.by/2026/09/04/v-grodno-predsedatel-shkolnogo-popechitelskogo-soveta-prisvoila-sobrannye-dengi,Газета «Сильные Новости»,Гомельская область,2026-09-04T08:28:38+00:00,feed:https://www.gs.by/rss.xml | homepage | sitemap:https://www.gs.by/sitemap-news-ru.xml | sitemap:https://www.gs.by/sitemap-ru.xml,В Гродно председатель школьного попечительского совета присвоила собранные деньги - GS.BY,REJECT,relevance_rejected,possible,нет связки социальной темы и проблемы,"TITLE: В Гродно председатель школьного попечительского совета присвоила собранные деньги - GS.BY
SUMMARY: В Гродно возбуждено уголовное дело в отношении 32-летней женщины, занимавшей должность председателя попечительского совета одной из школ областного центра. Ее подозревают в хищении денежных средств на сумму 3640 рублей.
TEXT: По данным следствия, женщина полностью призналась в содеянном, объяснив свой поступок тяжелым материальным положением, сообщили в УВД Гродненского облисполкома. После увольнения с работы она осталась без средств к существованию, при этом на ее попечении находится ребенок. Деньги, собранные под предлогом благотворительности, были потрачены на личные нужды. В настоящее время в отношении подозреваемой возбуждено уголовное дело по статье «Мошенничество». Ведется следствие.",bdd2518df311279055e75100894f9d6b21c0329299409642bcb30de6302aca0b,805,false,473,generic_html,Гродненская область,Гродно,школа/детский сад,,
1.0,https://www.gs.by/2026/09/04/v-socialno-pedagogicheskom-centre-slonimskogo-rayona-novyy-direktor,Газета «Сильные Новости»,Гомельская область,2026-09-04T08:14:51+00:00,feed:https://www.gs.by/rss.xml | homepage | sitemap:https://www.gs.by/sitemap-news-ru.xml | sitemap:https://www.gs.by/sitemap-ru.xml,В социально-педагогическом центре Слонимского района новый директор - GS.BY,REJECT,relevance_rejected,possible,нет связки социальной темы и проблемы,"TITLE: В социально-педагогическом центре Слонимского района новый директор - GS.BY
SUMMARY: Директором государственного учреждения образования «Социально-педагогический центр Слонимского района» назначена Ирина Генриховна Криштопчик.
TEXT: Свой трудовой путь в Слонимском районе Ирина Криштопчик начинала учителем истории и географии. На протяжении ряда лет она работала заместителем директора по учебно-воспитательной работе в различных учреждениях образования района, отвечая за организацию педагогического процесса и координацию воспитательной деятельности, рассказали в управлении образования Слонимского райисполкома. Теперь на нее возложены обязанности по полному руководству центром, который оказывает социально-педагогическую и психологическую поддержку детям и семьям, находящимся в трудной жизненной ситуации. Кадровые обновления в системе образования Слонимского района продолжаются. Новый руководитель также недавно появился в детском саду № 6 г. Слонима.",0489c39594f62c7e91b8cd7454187b3adbd7ac6d0539d43c8f5bd674e1d0840f,967,false,727,generic_html,Гродненская область,Слоним,,,
1.0,https://www.gs.by/2026/09/04/poshla-v-les-za-gribami-i-propala-ustanovlena-prichina-smerti-zhitelnicy-polockogo-rayona,Газета «Сильные Новости»,Гомельская область,2026-09-04T09:12:34+00:00,feed:https://www.gs.by/rss.xml | homepage | sitemap:https://www.gs.by/sitemap-news-ru.xml | sitemap:https://www.gs.by/sitemap-ru.xml,Пошла в лес за грибами и пропала: установлена причина смерти жительницы Полоцкого района - GS.BY,REJECT,relevance_rejected,needs_text,нет связки социальной темы и проблемы,"TITLE: Пошла в лес за грибами и пропала: установлена причина смерти жительницы Полоцкого района - GS.BY
SUMMARY: Судебные эксперты завершили проверку по факту обнаружения тела человека в лесном массиве Полоцкого района.
TEXT: Тело женщины в начале июля нашел один из местных жителей, собиравший в лесу грибы. Прибывшая на место следственно-оперативная группа оперативно установила личность погибшей. Ею оказалась местная жительница 1940 года рождения, которая к тому моменту уже числилась как без вести пропавшая, рассказали в Государственном комиитете судебных экспертиз. Для точного установления причин трагедии была проведена судебно-медицинская экспертиза. Специалисты Новополоцкого межрайонного отдела Государственного комитета судебных экспертиз пришли к выводу, что смерть женщины наступила в результате общего переохлаждения организма. Эта трагедия в очередной раз напоминает о том, насколько опасен лес для пожилых людей, даже если они знают местность. К сожалению, похожий печальный финал поисков недавно зафиксировали и в Гродненской области: в Лидском районе найдена погибшей 74-летняя пенсионерка, пропавшая еще в 2024 году.",a0e3dd005b999435651458cfcbfdd98471441c195a77ca21bf18fa30eb9fbbd5,1137,false,911,generic_html,Витебская область,Полоцк,,,
1.0,https://www.hoiniki.by/?p=256900,Хойніцкія навіны,Гомельская область,2026-09-04T08:53:57+00:00,feed:https://www.hoiniki.by/?feed=rss2 | homepage,В торжественном открытии Дня белорусской письменности в Костюковичах примут участие около 600 артистов,REJECT,relevance_rejected,needs_text,нет связки социальной темы и проблемы,"TITLE: В торжественном открытии Дня белорусской письменности в Костюковичах примут участие около 600 артистов
SUMMARY: Около 600 артистов будут задействованы в торжественном открытии Дня белорусской письменности в Костюковичах. Об этом журналистам рассказал главный режиссер Могилёвской областной филармонии Михаил Николаенко, передаёт корреспондент БЕЛТА. XXXIII День белорусской письменности 5-6 сентября принимает город Костюковичи в Могилевской области. Множество тематических локаций, история белорусского книгопечатания и ее современное звучание — гостей праздника ждет интересная и […]
TEXT: Около 600 артистов будут задействованы в торжественном открытии Дня белорусской письменности в Костюковичах. Об этом журналистам рассказал главный режиссер Могилёвской областной филармонии Михаил Николаенко, передаёт корреспондент БЕЛТА . XXXIII День белорусской письменности 5-6 сентября принимает город Костюковичи в Могилевской области. Множество тематических локаций, история белорусского книгопечатания и ее современное звучание — гостей праздника ждет интересная и насыщенная программа. Одним из ярких акцентов республиканского мероприятия в первый день станет церемония торжественного открытия в 12.00 на главной сцене праздника. «Главным художественным образом концерта «Родная мова — мова шчаслівых людзей» станет женщина — хранительница семейного очага, мама, учитель, — рассказал Михаил Николаенко. — Еще один образ, который будет наполнять концерт — символ Костюковичей — подкова, что изображена на гербе». Начнется концерт с легенды. «Жил в Костюковичах такой Костюк. И попросил он беречь родной язык и землю, завещал передавать все это из поколения в поколение. Это и будет отражено в концерте через передачу свитка со славянской азбукой от предков нынешнему поколению детей с главным заветом — хранить и беречь белорусский язык», — отметил главный режиссер. На открытии задействовано около 600 артистов. Выступления будут сопровождаться живой музыкой в исполнении заслуженного коллектива Национального академического концертного оркестра Беларуси имени М. Я. Финберга. Еще одним знаковым событием концерта станет вручение Национальной литературной премии. Продолжит концертную часть в первый день праздника финал республиканского конкурса юных чтецов «Жывая класіка», который пройдет на главной сцене в 16.00. А в 19.30 всех приглашают на гала-концерт. Здесь назовут город, который будет принимать праздник в следующем году. После этого зрителей будет ждать яркая концертная программа и красочный фейерверк.",ba5a69fe8ff771424bcc8c2bca4f838045ebcfe703100a58b5add82f4a07e8cf,2521,false,1922,source_specific,Могилевская область,,,,
1.0,https://www.hoiniki.by/?p=256903,Хойніцкія навіны,Гомельская область,2026-09-04T09:00:06+00:00,feed:https://www.hoiniki.by/?feed=rss2 | homepage,"Кукуруза на зерно, сахарная свекла, картофель, яблоки. На какой урожай рассчитывают аграрии в Беларуси",REJECT,relevance_rejected,needs_text,нет связки социальной темы и проблемы,"TITLE: Кукуруза на зерно, сахарная свекла, картофель, яблоки. На какой урожай рассчитывают аграрии в Беларуси
SUMMARY: На какой урожай зерна кукурузы, сахарной свеклы, картофеля и яблок рассчитывают белорусские аграрии, рассказал журналистам начальник главного управления растениеводства Министерства сельского хозяйства и продовольствия Николай Лешик, передаёт корреспондент БЕЛТА. Аграрии практически завершили уборку зерновых и зернобобовых культур: остались порядка 13 тыс. га гречихи, чуть более тысячи га проса и отдельные участки, где растут люпин и […]
TEXT: На какой урожай зерна кукурузы, сахарной свеклы, картофеля и яблок рассчитывают белорусские аграрии, рассказал журналистам начальник главного управления растениеводства Министерства сельского хозяйства и продовольствия Николай Лешик, передаёт корреспондент БЕЛТА . Аграрии практически завершили уборку зерновых и зернобобовых культур: остались порядка 13 тыс. га гречихи, чуть более тысячи га проса и отдельные участки, где растут люпин и другие высокобелковые культуры, которые чуть дольше созревают в силу биологических особенностей. «В ближайшие день-два при благоприятных условиях уборка зерновых и зернобобовых будет завершена. Останется на зерно убрать только кукурузу — порядка 390 тыс. га. Планируется заготовить около 2,3 млн т зерна», — рассказал Николай Лешик. Также продолжается уборка льна. На 52% площадей льнотреста уже поднята, ее вывозят с полей. «Дождливая погода немного сдерживает работы. Технически готовы к поставленной задаче, механизм проговорен. Есть заверения на местах, что работа будет активизирована и завершена как требует технический регламент — до 25 сентября. Этот период наиболее благоприятный для вылежки тресты, ее заготовки, чтобы получить продукцию наиболее высокого качества», — добавил Николай Лешик. Раньше на пять дней, чем в 2025 году, сельхозорганизации приступили к уборке сахарной свеклы, чтобы завершить ее в оптимальные сроки. В прошлом сезоне получен рекордный урожай. «Текущий год в силу определенных погодных условий по Брестскому региону пока позволяет прогнозировать небольшое снижение по валу. Ожидаем собрать порядка 5,8 млн т корнеплодов», — рассказал Николай Лешик. Идет уборка картофеля, темпы пока незначительные. По статистике предыдущих лет, производство в личных подсобных хозяйствах оценивается на уровне 3 млн т, в крупных сельскохозяйственных и фермерских хозяйствах — в объеме порядка 900 тыс. — 1 млн т. В стабилизационные фонды будет направлено 60 тыс. т. Убрано около 27% овощей — 2,1 тыс. га, из которых 1,6 тыс. га занимает зеленый горошек. В небольших объемах собраны капуста, лук, свекла, морковь (ранние сорта, которые поставляются с августа в торговые объекты), кабачки, спаржа. Готовы аграрии и к уборке белорусских арбузов. Кроме того, ведется работа по закладке фундамента для урожая будущего года. Начался сев озимых. По основным культурам зерновых практически завершена поставка урожая по госзаказу. По овощной продукции в госзаказ включены огурцы и помидоры, которые будут производиться в межсезонный период в современных тепличных комбинатах, модернизированных или построенных с помощью государства. В стабилизационный фонд будет заложено порядка 27 тыс. т яблок. Год оказался благоприятным, прогнозируется урожай на уровне 170-175 тыс. т. «К уборке яблок ранних сортов уже приступили. На текущую дату, по оперативным данным, собрано порядка 7 тыс. т, которые поставлялись как на полки магазинов, так и на перерабатывающие предприятия», — добавил Николай Лешик.",b8c230f9082d7b8c6e3d1dd132bb2e35dead4abffd1e5fafdbe5760fa977369c,3510,false,2943,source_specific,,,,,
1.0,https://www.hoiniki.by/?p=256889,Хойніцкія навіны,Гомельская область,2026-09-04T07:48:18+00:00,feed:https://www.hoiniki.by/?feed=rss2 | homepage,Перечень специальностей для воинского учёта женщин обновлён в Беларуси,REJECT,relevance_rejected,needs_text,нет связки социальной темы и проблемы,"TITLE: Перечень специальностей для воинского учёта женщин обновлён в Беларуси
SUMMARY: В Беларуси обновлен перечень специальностей для воинского учета женщин. Это предусмотрено постановлением Министерства обороны №14 от 30 июля 2026 года, которое опубликовано на Национальном правовом интернет-портале, сообщает БЕЛТА. Документ устанавливает перечень специальностей, необходимых для Вооруженных Сил, других войск и воинских формирований, по которым получили подготовку и подлежат первоначальному приему на воинский учет граждане женского пола […]
TEXT: В Беларуси обновлен перечень специальностей для воинского учета женщин. Это предусмотрено постановлением Министерства обороны №14 от 30 июля 2026 года, которое опубликовано на Национальном правовом интернет-портале , сообщает БЕЛТА . Документ устанавливает перечень специальностей, необходимых для Вооруженных Сил, других войск и воинских формирований, по которым получили подготовку и подлежат первоначальному приему на воинский учет граждане женского пола с 19-летнего возраста. В числе таких специальностей среднего специального образования «ветеринарная медицина» (квалификация «фельдшер ветеринарной медицины»), «лечебное дело» (квалификация «фельдшер-акушер. Помощник врача»), «сестринское дело» (квалификация «медицинская сестра (медицинский брат)»), «медико-диагностическое дело» (квалификация «фельдшер-лаборант»), «фармация» (квалификация «фармацевт»). Перечень включает специальность общего высшего образования — это «сестринское дело» (квалификация «медицинская сестра (медицинский брат)»). Также это специальности специального высшего образования: «лечебное дело» (квалификация «врач»), «медико-профилактическое дело» (квалификация «врач»), «медико-диагностическое дело» (квалификация «врач»), «фармация» (квалификация «провизор»). В перечне есть и специальности переподготовки руководящих работников и специалистов, имеющих среднее специальное образование: «амбулаторно-поликлиническая помощь» (квалификация «помощник врача по амбулаторно-поликлинической помощи»), «анестезиология» (квалификация «медицинская сестра (медицинский брат)-анестезист»), «рентгенология» (квалификация «рентгенолаборант»), «хирургия» (квалификация «медицинская сестра операционная (медицинский брат операционный)»), «медицинское обеспечение воинской деятельности» (квалификация «военный фельдшер»). Как пояснила официальный представитель Министерства обороны Беларуси подполковник Наталья Гаврусик, перечень специальностей для постановки на воинский учет женщин существует многие годы. Обновился он лишь потому, что в медицине появились новые специальности, а некоторые начали называться иначе. Как и прежде, женщин, достигших 19 лет, получивших специальность, входящую в данный перечень, государство учитывает как военнообязанных. Тем женщинам, чья специальность в этом перечне появилась только в 2026 году и которые на 1 января 2026 года уже являлись дипломированными специалистами, достигшими 20 и более лет, на учет становиться не нужно. Всем остальным девушкам, которые получат специальность, входящую в обновленный перечень, нужно приехать в военкомат по месту жительства с паспортом, копией диплома, фотографией и написать заявление.",b492170df6a5d2dcdca90810565b115a8f26d6b65d727c3e49a48690757eda0d,3184,false,2631,source_specific,,,связь/интернет,,
1.0,https://www.hoiniki.by/?p=256896,Хойніцкія навіны,Гомельская область,2026-09-04T07:20:40+00:00,feed:https://www.hoiniki.by/?feed=rss2 | homepage,Требования к сбросу дождевых и талых вод от усадебной (жилой) застройки,KEEP,included,possible,,"TITLE: Требования к сбросу дождевых и талых вод от усадебной (жилой) застройки
SUMMARY: Официальное толкование новой редакцией Водного кодекса Республики Беларусь (в редакции Закона Республики Беларусь от 1 июня 2026 г. № 148-З) Министерства природных ресурсов и охраны окружающей среды Республики Беларусь в части сброса дождевых и талых вод от усадебной (жилой) застройки. В связи с широким обсуждением в социальных сетях вопросов, связанных со сбросом дождевых и талых […]
TEXT: Официальное толкование новой редакцией Водного кодекса Республики Беларусь (в редакции Закона Республики Беларусь от 1 июня 2026 г. № 148-З) Министерства природных ресурсов и охраны окружающей среды Республики Беларусь в части сброса дождевых и талых вод от усадебной (жилой) застройки. В связи с широким обсуждением в социальных сетях вопросов, связанных со сбросом дождевых и талых вод от усадебной (жилой) застройки, Министерство природных ресурсов и охраны окружающей среды Республики Беларусь сообщает следующее. Новой редакцией Водного кодекса Республики Беларусь (в редакции Закона Республики Беларусь от 1 июня 2026 г. № 148-З) не меняются действующие подходы к сбросу дождевых или талых вод гражданами. Как в новой, так и в действующей редакции Водного кодекса определено, что воды, образующиеся при выпадении жидких атмосферных осадков, таянии снега, которые поступают в водосточные желоба, трубы, кровельные сливы и другие подобные конструкции, установленные на зданиях, и которые далее отводятся с территории частного домовладения на рельеф местности, не являются сточными водами. Сброс таких вод на рельеф местности не является нарушением требований законодательства в области охраны и использования вод и основанием для применения мер административной ответственности к физическим лицам. Ж. ХАРЫТАНЧУК, инспектор райинспекции природных ресурсов и охраны окружающей среды. Фото из открытых интернет-источников, носит иллюстративный характер.",0d204a2c4ce11478dbf47bca18fb443fd69b42873aa3216efa655511543d35da,1936,false,1454,source_specific,,,,общественный резонанс,
1.0,https://t.me/shtodzien/3999,Штодзень Гомель,Гомельская область,2026-09-04T08:55:01+00:00,telegram:https://t.me/s/shtodzien,Гомельская сенсацыя з XVI стагоддзя?,REJECT,relevance_rejected,needs_text,нет связки социальной темы и проблемы,"TITLE: Гомельская сенсацыя з XVI стагоддзя?
TEXT: Гомельская сенсацыя з XVI стагоддзя? На залатым пярсцёнку 1565 года знайшлі назву горада 🔥 Амаль 460 гадоў таму нехта насіў залаты сыгнет, на якім польскі даследчык Адам Хмель больш за 100 год таму прачытаў ""з Гомеля"". І дата на ім — 1565 год. Гэтая маленькая рэч можа адразу змяніць два сюжэты з гісторыі горада. Пярсцёнак больш чым на 70 гадоў старэйшы за першыя вядомыя дакументальныя звесткі пра габрэйскую грамаду ў ваколіцах Гомеля. А форма ""Гомель/Homel"" на ім можа аказацца адной з найранейшых, надзейна датаваных самім XVI стагоддзем! 12 грамаў золата, 22 караты, халцэдон, загадкавы ўладальнік-левіт — і надпіс, які больш за стагоддзе чакае новай праверкі. ""Штодзень"" разбіраецца, што насамрэч можа расказаць таямнічы гомельскі пярсцёнак. 📌 Падрабязнасці: ""Гомель"" ужо ў 1565 г.: што хавае таямнічы залаты пярсцёнак ❗️ Для абыходу блакіроўкі чытаць тут 🙏🏻 Падтрымаць нас можна праз патрэон 👉 Дапамагчы нам адзінаразовым плацяжом: buymeacoffee Штодзень Фота: рэканструкцыя з дапамогаю ШІ",6adc9af411f1c7a9077fce5aa1e833d6f885a8a3aeb9409ec25c92d4eb54d98d,1046,false,996,inline_text,Гомельская область,Гомель,,,
1.0,https://hrodna.life/2026/09/04/belaruskamounyja-klasy,Hrodna.life,Гродненская область,2026-09-04T09:00:50+00:00,feed:https://hrodna.life/feed/ | homepage | sitemap:https://hrodna.life/news-sitemap.xml,У Гродне адкрылі два беларускамоўныя першыя класы. У іх вучацца 16 дзяцей,REJECT,relevance_rejected,possible,нет связки социальной темы и проблемы,"TITLE: У Гродне адкрылі два беларускамоўныя першыя класы. У іх вучацца 16 дзяцей
SUMMARY: У новым навучальным годзе ў Гродне сфарміравалі два першыя класы з беларускай мовай навучання. У школе № 34 у такі клас пайшлі пяць дзяцей, у школе № 32 — 11. Агулам па-беларуску будуць вучыцца 16 гродзенскіх першакласнікаў, што складае толькі 0,18% ад іх агульнай колькасці. Дзе адкрылі беларускамоўныя класы Беларускамоўны першы клас з пяці вучняў адкрылі ў [...]
TEXT: У новым навучальным годзе ў Гродне сфарміравалі два першыя класы з беларускай мовай навучання. У школе № 34 у такі клас пайшлі пяць дзяцей, у школе № 32 — 11. Агулам па-беларуску будуць вучыцца 16 гродзенскіх першакласнікаў, што складае толькі 0,18% ад іх агульнай колькасці. Беларускамоўны першы клас з пяці вучняў адкрылі ў сярэдняй школе № 34 у Кастрычніцкім раёне. Пра гэта паведаміла «Гродзенская праўда». Паводле выдання, бацькі яшчэ могуць падаць заяву, каб іх дзіця далучылася да класа. Яшчэ адзін клас з беларускай мовай навучання сфарміравалі ў сярэдняй школе № 32 імя Ц. Р. Ларыёнавай у Ленінскім раёне. У ім будуць займацца 11 дзяцей. У абедзвюх школах беларускамоўныя класы адкрывалі і раней. Напрыклад, у 2025/2026 навучальным годзе школу № 34 скончылі восем дзевяцікласнікаў, якія вучыліся па-беларуску. У школе № 34 усе асноўныя прадметы, асабліва ў пачатковых класах, будуць весці на беларускай мове. Вучняў цалкам забяспечылі неабходнымі падручнікамі і дапаможнікамі. Для некаторых заняткаў невялікі беларускамоўны клас могуць аб’ядноўваць з паралельнымі класамі. Напрыклад, гэта датычыцца фізкультуры, для якой патрэбна большая група дзяцей. Адміністрацыя школы сцвярджае, што ва ўстанове ёсць педагогі, якія могуць выкладаць усе прадметы па-беларуску. Першы клас будзе весці настаўніца Алена Серак, якая мае такі досвед. «Гарадзенская праваабарона» звярнула ўвагу , што ў горадзе з насельніцтвам 363 тыс. чалавек у беларускамоўныя першыя класы пайшлі толькі 16 дзяцей. Усяго ў першыя класы школ Гродна сёлета пайшлі больш за 9 тыс. дзяцей. Калі зыходзіць з гэтай лічбы, навучацца па-беларуску будзе менш за 0,18% першакласнікаў — прыкладна двое з кожнай тысячы. Праваабаронцы таксама параўналі сітуацыю з 1994 годам. На той момант у Гродне было 30 школ, а беларускамоўныя класы працавалі прыкладна ў палове з іх.",edc33d2ea44a61c60cccf0ccb73aaf6fc0e6045aeba30d585ca511a47699d909,2294,false,1832,source_specific,Гродненская область,Гродно,школа/детский сад,,
1.0,https://newgrodno.by/society/huawei-predstavila-smart-chasy-serii-huawei-watch-gt-7,NewGrodno,Гродненская область,2026-09-04T09:20:56+00:00,feed:https://newgrodno.by/feed/ | homepage | sitemap:https://newgrodno.by/news-sitemap.xml,Huawei представила смарт-часы серии Huawei Watch GT 7 и другие инновационные устройства для мирового рынка,REJECT,relevance_rejected,possible,нет связки социальной темы и проблемы,"TITLE: Huawei представила смарт-часы серии Huawei Watch GT 7 и другие инновационные устройства для мирового рынка
SUMMARY: Huawei представила в Мюнхене широкую линейку новых высокотехнологичных продуктов для мирового рынка. Были продемонстрированы устройства в четырех категориях: смарт-часы, планшеты, смартфоны и аудио. Мероприятие подчеркнуло стремление Huawei бесшовно интегрировать интеллектуальные технологии в повседневную жизнь, предоставляя пользователям возможность свободно и энергично заниматься своими увлечениями. Презентация прошла под лозунгом «В погоне за стихией», что отражало представление производителя … Сообщение Huawei представила смарт-часы серии Huawei Watch GT 7 и другие инновационные устройства для мирового рынка появились сначала на NewGrodno.By .
TEXT: Huawei представила в Мюнхене широкую линейку новых высокотехнологичных продуктов для мирового рынка. Были продемонстрированы устройства в четырех категориях: смарт-часы, планшеты, смартфоны и аудио. Мероприятие подчеркнуло стремление Huawei бесшовно интегрировать интеллектуальные технологии в повседневную жизнь, предоставляя пользователям возможность свободно и энергично заниматься своими увлечениями. Презентация прошла под лозунгом «В погоне за стихией», что отражало представление производителя о технологиях как о катализаторе для раскрытия энергии, смелых открытий и личного самовыражения. Представители Huawei подчеркнули, что новые продукты созданы для того, чтобы стать естественным продолжением жизни пользователей. Среди представленных новинок — смарт-часы серии Huawei Watch GT 7, флагманские умные часы Huawei Watch 6, новое поколение умных часов с функцией измерения артериального давления Huawei Watch D3, флагманский планшет Huawei MatePad Pro 12”, беспроводные наушники Huawei FreeBuds Neo и молодежные смартфоны серии Huawei nova 16s. В центре внимания презентации оказалась серия смарт-часов Huawei Watch GT 7, получившая новый ремешок с удобным креплением EasyCross. Модель Huawei Watch GT 7 доступна в вариантах 46 мм и 41 мм с восемью цветовыми версиями, а Huawei Watch GT 7 Pro предлагает три цветовых варианта. Версия Про оснащена безелем из нанотехнологичной керамики и рамкой корпуса из титанового сплава для повышения долговечности. Любителям спорта серия Huawei Watch GT 7 предлагает инновационную систему определения поворотов и центробежной силы, а также новый режим зимних видов спорта в помещении и доступ к базе карт лыжных трасс, охватывающей более 3000 курортов по всему миру. Функции для велоспорта теперь включают планирование маршрута с учетом подъемов, предупреждения о крутых склонах и резких поворотах, а также функции на базе ИИ (пока недоступны в Европе). В области мониторинга здоровья доступны новые функции, такие как оценка физической готовности и умный анализ здоровья, позволяющие давать четкие и действенные рекомендации по поддержанию хорошего самочувствия. Флагманские умные часы серии Huawei Watch 6 отличаются эргономичным дизайном, продвинутыми режимами тренировок и функцией анализа тренировок на базе ИИ. Часы поддерживают функции независимых звонков и навигации. Смарт-часы Huawei Watch D3 с функцией мониторинга артериального давления поддерживают измерение давления до и после тренировки, а также умные напоминания об измерении давления, что позволяет комплексно контролировать артериальное давление. Huawei представила флагманский планшет MatePad Pro 12”, созданный для работы и творчества. Его толщина составляет всего 4,7 мм, а вес — 454 грамма. Он оснащен 12-дюймовым универсальным OLED-дисплеем PaperMatte, получил функции ИИ-конвертации речи в текст, улучшения почерка с помощью ИИ и жесты стилуса в воздухе. Все это позволяет пользователям плодотворно работать и заниматься творчеством в любое время и в любом месте. Что касается аудиоустройств, то Huawei выпустила беспроводные наушники Huawei FreeBuds Neo с новым дизайном и объемным звучанием с эффектом погружения, разработанные для современного образа жизни. В Мюнхене также дебютировала серия молодежных смартфонов Huawei nova 16s, которая подарит обновленный пользовательский опыт с расширенными возможностями портретной съемки. Ближе к концу мероприятия было объявлено о глобальном запуске конкурса GoPaint, который в этом году добавил новую категорию «Easy Creation» («Легкое творчество») для привлечения к художественному творчеству широкой аудитории.",adb6cb4eb13005c4987ffb4bf2ed78686d39bfbc07b0971027b4ca3963be8744,4365,false,3580,json_ld,,,,,
1.0,https://newgrodno.by/incidents/v-grodno-glava-popechitelskogo-soveta-shkoly,NewGrodno,Гродненская область,2026-09-04T07:48:06+00:00,homepage | sitemap:https://newgrodno.by/news-sitemap.xml,"В Гродно глава попечительского совета школы присвоила деньги других родителей: говорит, от безысходности",REJECT,relevance_rejected,possible,нет связки социальной темы и проблемы,"TITLE: В Гродно глава попечительского совета школы присвоила деньги других родителей: говорит, от безысходности
TEXT: Председатель попечительского совета одной из школ областного центра подозревается в присвоении добровольных взносов. Общая сумма ущерба составила 3640 рублей. 32-летняя девушка призналась, что пошла на этот шаг от безысходности. По её словам, после увольнения с работы она осталась без средств к существованию, а также гражданка воспитывает ребёнка. Собранные якобы на добрые дела деньги гродненка потратила на личные нужды. В отношении подозреваемой возбуждено уголовное дело статье ""Мошенничество"", сообщает УВД Гродно.",cfa83f9c0683b5abbbe17e155411d0d32d7b6ec98569787444af3d4a5aa9e975,639,false,521,json_ld,Гродненская область,Гродно,школа/детский сад,,
1.0,https://newgrodno.by/society/den-goroda-v-grodno-kak-popast-na-prazdnichnye-ploshhadki,NewGrodno,Гродненская область,2026-09-04T09:08:36+00:00,feed:https://newgrodno.by/feed/ | homepage | sitemap:https://newgrodno.by/news-sitemap.xml,День города в Гродно: как попасть на праздничные площадки и что нельзя проносить,REJECT,relevance_rejected,needs_text,Evidence Binding: тема и проблема связаны только глубоко в тексте,"TITLE: День города в Гродно: как попасть на праздничные площадки и что нельзя проносить
SUMMARY: В Гродно 5 сентября вводятся временные ограничения на вход в центральную часть города в связи с празднованием Дня города. Торжественные мероприятия пройдут на площади Советской и площади Ленина. Охрану общественного порядка с раннего утра и до завершения всех праздничных событий обеспечат сотрудники органов внутренних дел. В центре города будет организована режимная территория безопасности с металлическими … Сообщение День города в Гродно: как попасть на праздничные площадки и что нельзя проносить появились сначала на NewGrodno.By .
TEXT: В Гродно 5 сентября вводятся временные ограничения на вход в центральную часть города в связи с празднованием Дня города. Торжественные мероприятия пройдут на площади Советской и площади Ленина. Охрану общественного порядка с раннего утра и до завершения всех праздничных событий обеспечат сотрудники органов внутренних дел. В центре города будет организована режимная территория безопасности с металлическими мобильными турникетами и пропускной системой. Доступ граждан в зону будет осуществляться через 18 контрольно-пропускных пунктов. Схема размещения КПП: ул. Дзержинского (у Центра занятости); вход в парк Жилибера со стороны ул. Академической; ул. Ожешко (у университета); перекрёсток ул. Социалистической и Карбышева; ул. Виленская (у ЗАГСа); ул. Митрополита Филарета (у горисполкома); 7–8. ул. Советская (у универмага); ул. Тельмана; ул. Найдуса; ул. Доминиканская (у памятника маршалу Д.В. Соколовскому); 12–13. Молодёжный центр «Гродно» (с двух сторон); ул. Замковая (у Дворца Текстильщиков); ул. Октябрьская; пл. Советская (на пересечении с ул. Калючинской); ул. Стефана Батория; ул. Мостовая. Для маломобильных граждан и родителей с колясками оборудованы четыре специальных пропускных пункта с отдельной очередью — на улицах Дзержинского, Ожешко, Социалистической и Октябрьской. Эти КПП будут отмечены оранжевыми куполами. День города в Гродно: схема перекрытий и мест для парковки Организаторы настоятельно рекомендуют заранее ознакомиться с программой праздника и изменениями в маршрутах общественного транспорта. Чтобы ускорить прохождение досмотра, желательно иметь при себе минимум вещей. На время проведения мероприятий запрещено проносить: оружие, боеприпасы, взрывчатые вещества и их муляжи; любые предметы, которые могут угрожать безопасности окружающих; домашних животных; велосипеды и средства персональной мобильности (самокаты, гироскутеры и др.); алкогольные и слабоалкогольные напитки, пиво. Граждане в состоянии алкогольного или наркотического опьянения к участию в мероприятиях не допускаются. Правоохранители призывают жителей и гостей города сохранять бдительность. При обнаружении подозрительных предметов не трогайте их — немедленно сообщите в милицию по телефону 102 или обратитесь к ближайшему наряду. @Neman102",0f27a883b6a752188a2d84da684cfd222ec85105c886fa7cfdbe1cf58bebec6d,2889,false,2247,json_ld,Гродненская область,Гродно,,опасность/безопасность,
1.0,https://newgrodno.by/society/krupnejshij-bank-belarusi-s-oktyabrya-vvodit-ogranicheniya-po-kartochkam,NewGrodno,Гродненская область,2026-09-04T08:25:03+00:00,feed:https://newgrodno.by/feed/ | homepage | sitemap:https://newgrodno.by/news-sitemap.xml,Крупнейший банк Беларуси с октября вводит ограничения по карточкам,REJECT,relevance_rejected,needs_text,нет связки социальной темы и проблемы,"TITLE: Крупнейший банк Беларуси с октября вводит ограничения по карточкам
SUMMARY: Беларусбанк предупредил клиентов о новых ограничениях по банковским картам. Подробности механизма их действия раскрыты в официальном Telegram-канале финансового учреждения. Новшество касается тех, кто пользуется приложением M-Belarusbank и имеет доступ не к своим картам. «Действительно, пользователи приложения имели такую возможность. Это было удобно, чтобы помогать родственникам распоряжаться счетом или вести совместный бюджет. Но для предупреждения мошеннических … Сообщение Крупнейший банк Беларуси с октября вводит ограничения по карточкам появились сначала на NewGrodno.By .
TEXT: Беларусбанк предупредил клиентов о новых ограничениях по банковским картам. Подробности механизма их действия раскрыты в официальном Telegram-канале финансового учреждения. Новшество касается тех, кто пользуется приложением M-Belarusbank и имеет доступ не к своим картам. ""Действительно, пользователи приложения имели такую возможность. Это было удобно, чтобы помогать родственникам распоряжаться счетом или вести совместный бюджет. Но для предупреждения мошеннических операций такой опции скоро больше не будет"", – объяснили в Беларусбанке. До 1 октября не свои карты нужно удалить. Если этого не сделать, то перестанут работать все добавленные карты (в том числе и ваша). Для этого надо зайти в приложение и выполнить следующий алгоритм: ""Карты"" →""Выбрать карту"" → ""Настройки"" → ""Удалить карту"". Как помогать родственникам дальше Чтобы не потерять возможность дальше помогать родственникам, нужно оформить дополнительную карту к счету другого лица и зарегистрировать ее в приложении. ""Такая карта оформляется в любом отделении банка. Оформляет тот, чей счет. Родственные связи не важны"", – подчеркнули в Беларусбанке. Когда карта будет готова, то ее можно добавить в приложение. И можно будет дальше пользоваться общим счетом или помогать родственнику совершать финансовые операции. Что меняют банки в сентябре С началом месяца вступают в силу важные изменения в банковской сфере страны. Собрали все самые главные новшества в один обзор. Банки могут радикально менять условия обслуживания клиентов или вносить, на первый взгляд, мелкие, но очень важные коррективы в свою работу. Очередная порция изменений начнет действовать с 1 сентября. Однако новшества могут появляться и в течение месяца. О самом важном из уже известного – читайте в обзоре. Источник: Tochka.by",78cf01b209dd460b0aef256e5f2f3161ed71b25fb61824dc198d17b3c0214cee,2440,false,1767,json_ld,,,,,
1.0,https://newgrodno.by/society/pod-grodno-nochyu-gorel-gruzovik-maz,NewGrodno,Гродненская область,2026-09-04T08:02:56+00:00,homepage | sitemap:https://newgrodno.by/news-sitemap.xml,Под Гродно ночью горел грузовик МАЗ: причина – короткое замыкание,REJECT,relevance_rejected,needs_text,нет связки социальной темы и проблемы,"TITLE: Под Гродно ночью горел грузовик МАЗ: причина – короткое замыкание
TEXT: 3 сентября в 23:07 на линию 112 поступило сообщение о возгорании грузового автомобиля в деревне Огородники. Прибывшие на место спасатели установили, что пламя охватило кабину грузовика МАЗ, а также манипуляторную установку. Владелец рассказал, что еще днем припарковал автомобиль и ушел домой, о возгорании ему сообщили соседи. Спасатели ликвидировали пожар. Огнем уничтожена кабина, повреждена надстройка. Вероятнее всего, причиной огненного ЧП стало короткое замыкание электропроводки в моторном отсеке. В России пресекли контрабанду 6,7 млн пачек сигарет из Беларуси — организатор задержан За 8 месяцев текущего года в Гродненской области зарегистрировано 74 так называемых «автопожара». По статистике в большинстве случаев, возгорание в автомобиле начинается под капотом – из-за короткого замыкания электропроводки или неисправности топливной системы. Горят порой машины и из-за непотушенных сигарет, выброшенных из водительского окна и затянутых потоком воздуха внутрь. Во избежание нештатных ситуаций рекомендуем следить за исправностью транспортного средства, своевременно проходить техосмотр, а ремонт доверять только специалистам. Если вы обнаружили возгорание автомобиля, немедленно вызывайте спасателей по номерам 101 или 112! Пока они в пути, пробуйте тушить самостоятельно. Для этого приоткройте капот, в появившуюся щель вставьте шланг огнетушителя и сбейте пламя. Лишь после этого можно осторожно открывать капот, чтобы избежать притока воздуха и усиления горения. Если не удалось справиться с огнем в течение первой минуты, отойдите на безопасное расстояние и ожидайте прибытия спасателей.",e5e4c29111d8f8536b87c7ee78c9bb69e82ce9f1663d22ae24db897866c21c40,1684,false,1605,json_ld,Гродненская область,Гродно,,,
1.0,https://newgrodno.by/society/polsha-prodlevaet-ogranicheniya-na-polety-vdol-granits-s-belarusyu-i-ukrainoj,NewGrodno,Гродненская область,2026-09-04T09:48:59+00:00,feed:https://newgrodno.by/feed/ | homepage | sitemap:https://newgrodno.by/news-sitemap.xml,Польша продлевает ограничения на полеты вдоль границ с Беларусью и Украиной,REJECT,relevance_rejected,needs_text,нет связки социальной темы и проблемы,"TITLE: Польша продлевает ограничения на полеты вдоль границ с Беларусью и Украиной
SUMMARY: Польша с 10 сентября продлевает действующие ограничения на авиаполёты в приграничных зонах с Беларусью и Украиной. Новый срок ограничений составит три месяца. Информацию со ссылкой на Оперативное командование Вооружённых сил Польши опубликовал портал Interia, рассказывает БЕЛТА. «С 10 сентября в восточной части Польши будет введена новая зона ограниченного воздушного движения EP R134, которая заменит существующую … Сообщение Польша продлевает ограничения на полеты вдоль границ с Беларусью и Украиной появились сначала на NewGrodno.By .
TEXT: Польша с 10 сентября продлевает действующие ограничения на авиаполёты в приграничных зонах с Беларусью и Украиной. Новый срок ограничений составит три месяца. Информацию со ссылкой на Оперативное командование Вооружённых сил Польши опубликовал портал Interia, рассказывает БЕЛТА. ""С 10 сентября в восточной части Польши будет введена новая зона ограниченного воздушного движения EP R134, которая заменит существующую зону EP R131"", - отмечается в сообщении. Ограничения касаются полетов на высоте до 3 км от уровня земли. ""Это означает, что пассажирские самолеты, выполняющие полеты на больших высотах, не будут затронуты"", - поясняется в сообщении. Запрет на полеты в зоне EP R134 будет действовать круглосуточно, за исключением военных полетов, а также отдельных спасательных операций и операций по защите инфраструктуры. Белорус пытался провезти в Польшу сигареты, спрятанные в рулонах рубероида Как пояснили в командовании, данные меры необходимы для обеспечения системам противовоздушной обороны Польши свободы маневра и возможности ""оперативно реагировать на потенциальные угрозы"". Действующее на сегодняшний день ограничение на полеты вдоль границ с Беларусью и Украиной EP R131 было введено 10 июня текущего года, его срок истекает 9 сентября. Ограничения у восточной границы Польши действуют с сентября 2025 года, зона обновляется каждые три месяца. Согласно польскому законодательству, временное ограничение полетов может действовать не дольше трех месяцев. По истечении этого срока Польское агентство аэронавигационного обслуживания публикует извещение с новым кодом зоны, фактически продлевая ограничения еще на три месяца.",c5acafb942a66e6de48230671663635e9b2156cdda0f262b8539c70bd6846db1,2274,false,1635,json_ld,,,,,
1.0,https://newgrodno.by/society/v-shhuchinskom-rajone-sobirayut-plody-vesom-ot-100-grammov,NewGrodno,Гродненская область,2026-09-04T08:46:07+00:00,feed:https://newgrodno.by/feed/ | homepage | sitemap:https://newgrodno.by/news-sitemap.xml,Сливы-гиганты: в Щучинском районе собирают плоды весом от 100 граммов,REJECT,relevance_rejected,needs_text,нет связки социальной темы и проблемы,"TITLE: Сливы-гиганты: в Щучинском районе собирают плоды весом от 100 граммов
SUMMARY: В Щучинском районе проходит уборка слив, сообщает корреспондент БЕЛТА. В саду Гродненского зонального института растениеводства НАН Беларуси под эту культуру отведено около 1 гектара. В коллекции местных специалистов находится примерно 10 сортов с разными сроками созревания. «Начали мы сбор сливы с сорта «Комета ранняя» в конце июля, плод крупный, косточка хорошо отделяется. И постепенно собирали … Сообщение Сливы-гиганты: в Щучинском районе собирают плоды весом от 100 граммов появились сначала на NewGrodno.By .
TEXT: В Щучинском районе проходит уборка слив, сообщает корреспондент БЕЛТА. В саду Гродненского зонального института растениеводства НАН Беларуси под эту культуру отведено около 1 гектара. В коллекции местных специалистов находится примерно 10 сортов с разными сроками созревания. «Начали мы сбор сливы с сорта ""Комета ранняя"" в конце июля, плод крупный, косточка хорошо отделяется. И постепенно собирали урожай других сортов по мере созревания. Это и ""Заречная ранняя"", и ""Чачакская ранняя"" – сорта интродуцированные, районированные у нас в Беларуси. Они очень хорошо себя зарекомендовали, сливы также крупные, очень хорошо отделяется косточка, дали хороший урожай. Далее пошли сорта ""Заречная"", ""Награда Неманская"" (он в этом году очень урожайным показал себя) и ""Венгерка-богатырская"", у них уже чуть попозже срок созревания. Они тоже собраны и реализованы через нашу торговую сеть», – рассказала заведующая отделом садоводства Гродненского зонального института растениеводства Инна Синкевич. Цветная капуста и брокколи: в Щучинском районе собрали первый пробный урожай Сейчас же местные работники приступили к сбору сливы сорта ""Эмпресс"". Плоды его очень крупные, больше куриного яйца, вес превышает 100 г. ""Этот сорт находится еще на стадии созревания. Идет выборочный сбор. Планируем, что уже на следующей неделе мы полностью соберем этот сорт. Эта слива пользуется спросом, помимо его красивого вида и вкуса, она может чуть дольше полежать"", - отметила Инна Синкевич. В Щучинском зональном институте растениеводства уже собрали порядка 4 т слив, здесь рассчитывают, что после сбора поздних плодов общий сбор составит порядка 5 т. ""Год для слив получился урожайным, - констатировала заведующая отделом садоводства. - В этот раз впервые дружно заплодоносили все сорта. Иногда бывает, что один сорт плодоносит, второй нет, ему чего-то не хватает, может быть, опыления или погода не благоприятствует во время цветения (ранневесенние заморозки, дожди обильные или засуха). А в этом году общее плодоношение такое, как нечасто бывает"". Для того, чтобы слива выросла хорошая, важен температурный режим, отсутствие обильных осадков, обращать внимание стоит и на защиту от болезней. Инна Синкевич поделилась важными нюансами: ""Конечно, должна быть погода комфортная для оплодотворения. Если будет холодно, ветрено, то очень быстро облетает цветок, насекомые не летают. И в таких условиях, как правило, оплодотворение не происходит. Важно, чтобы рядом были сорта опылители - те, что цветут в одно и то же время, например алыча. Так они смогут переопылять друг друга"". Полностью сбор слив, а его ведут от двух до четырех человек в зависимости от объема, здесь планируют завершить уже на следующей неделе. Кстати, плоды, замечают специалисты, пользуются популярностью у населения - они оценили по достоинству выращиваемые сорта. Сливы, говорят специалисты, очень разные. Есть те, у которых более выраженный сладкий вкус, есть с кислинкой. Каждому - свое. В зональном институте растениеводства сейчас также пора сбора яблок, этим здесь заняты уже вторую неделю. Возвратные морозы, к счастью, не повлияли на будущий урожай. К слову, в промышленном изучении здесь находится 15 сортов яблок. Недавно здесь завершили сбор поздних сортов голубики, которая в этом году дала хороший урожай: с около 2,5 га собрали 2,7 т ягоды.",5fefcb0acbd32d7470fc01423d77d5d88e7752d822293f7f859d6d9805a2c940,3917,false,3307,json_ld,,,,,
1.0,https://newgrodno.by/society/v-bobrujske-invalid-po-zreniyu-prinyal-rastvoritel-za-vodu,NewGrodno,Гродненская область,2026-09-04T08:09:37+00:00,homepage | sitemap:https://newgrodno.by/news-sitemap.xml,Смертельный глоток: в Бобруйске инвалид по зрению принял растворитель за воду,REJECT,relevance_rejected,possible,нет связки социальной темы и проблемы,"TITLE: Смертельный глоток: в Бобруйске инвалид по зрению принял растворитель за воду
TEXT: 49-летнего бобруйчанина, инвалида по зрению, нашли в бессознательном состоянии на полу собственного дома. Рядом с ним находилась бутылка из-под растворителя. В тяжёлом состоянии мужчина был госпитализирован бригадой скорой помощи. В больнице ему диагностировали острое пероральное отравление химическим веществом, а в анализах крови обнаружили ацетон и метанол. Несмотря на оказываемую медицинскую помощь, мужчина скончался в больнице спустя пять недель. Для установления точной причины смерти в Бобруйском межрайонном отделе Государственного комитета судебных экспертиз проведена судебная медицинская экспертиза. Эксперт подтвердил отравление технической жидкостью, содержащей метанол и ацетон. Осложнилось отравление развитием целого ряда патологических процессов в органах желудочно-кишечного тракта, синдромом полиорганной недостаточности, воспалительными процессами в дыхательной системе, что привело к развитию респираторного дистресс-синдрома (неспособности легких поддерживать функцию газообмена), который и стал непосредственной причиной смерти мужчины. Также экспертами-химиками управления Государственного комитета судебных экспертиз по Могилевской области исследовано жидкое содержимое бутылки с этикеткой «растворитель 646», изъятой в доме погибшего. В ее составе обнаружены такие токсические соединения как метанол, бензол, толуол и этилбензон, которые являются компонентами растворителя. Под Гродно ночью горел грузовик МАЗ: причина – короткое замыкание Проверкой Бобруйского межрайонного отдела Следственного комитета установлено, что смерть мужчины не имеет криминального характера – опасную жидкость он употребил случайно. Судебные эксперты напоминают: во избежание отравлений в быту храните технические жидкости в специально отведенных местах, снабжайте их записками «не пить! опасно!», не переливайте их в бутылки из-под пищевых напитков.",3af83eaf0f72f7f2dc7a68a1439bad07540cc185b18241c5676e45f21c0a560a,1949,false,1858,json_ld,Могилевская область,Бобруйск,,,
1.0,https://t.me/blizkoby/25014,Blizko.by,Минск,2026-09-04T08:50:41+00:00,telegram:https://t.me/s/blizkoby,Более 700 кг мясной и молочной продукции вернули из России в Беларусь – в чем проблема?,REJECT,relevance_rejected,needs_text,нет связки социальной темы и проблемы,"TITLE: Более 700 кг мясной и молочной продукции вернули из России в Беларусь – в чем проблема?
TEXT: Более 700 кг мясной и молочной продукции вернули из России в Беларусь – в чем проблема? В отношении владельцев товаров составили протоколы об административных правонарушениях. Подробнее",c7fb0cdbd9d8f6c21c78f07e0e45e1d03cf5be097011a704d164d5ecbf8199ea,286,false,185,inline_text,,,,,
1.0,https://t.me/blizkoby/25015,Blizko.by,Минск,2026-09-04T09:38:39+00:00,telegram:https://t.me/s/blizkoby,Мошенники придумали новый способ обмана белорусов – схема связана с перевозками,REJECT,relevance_rejected,needs_text,нет связки социальной темы и проблемы,"TITLE: Мошенники придумали новый способ обмана белорусов – схема связана с перевозками
TEXT: Мошенники придумали новый способ обмана белорусов – схема связана с перевозками Что на сей раз? Подробнее",d221344eb1c88d6ba99081ebd57a2b210021692f68a030d0a10407c63d063053,198,false,105,inline_text,,,,,
1.0,https://t.me/blizkoby/25013,Blizko.by,Минск,2026-09-04T08:33:20+00:00,telegram:https://t.me/s/blizkoby,Председатель школьного попечительского совета в Гродно присвоила добровольные взносы от родителей,REJECT,relevance_rejected,possible,нет связки социальной темы и проблемы,"TITLE: Председатель школьного попечительского совета в Гродно присвоила добровольные взносы от родителей
TEXT: Председатель школьного попечительского совета в Гродно присвоила добровольные взносы от родителей Пошла на такой шаг от безысходности. Подробнее",30ef444f1a5aee77f832deb9faed37a62e8010c65f4d2ea55ad2fe04bbe5c846,255,false,144,inline_text,Гродненская область,Гродно,школа/детский сад,,
1.0,https://citydog.io/post/kv-warsaw-art,CityDog,Минск,2026-09-04T07:57:24+00:00,feed:https://citydog.io/rss/ | homepage,"«Квартиросъемка»: «Зачем мне какие-то плакаты, когда у меня есть собственные картины?» Художница из Минска нашла в Варшаве квартиру своей мечты – и наполнила ее красотой",REJECT,relevance_rejected,needs_text,нет связки социальной темы и проблемы,"TITLE: «Квартиросъемка»: «Зачем мне какие-то плакаты, когда у меня есть собственные картины?» Художница из Минска нашла в Варшаве квартиру своей мечты – и наполнила ее красотой
SUMMARY: Беларуская художница Дина уже восемь лет живет в Варшаве. Последние годы она снимает двухуровневую квартиру, которая стала и ее мастерской, и галереей. Сегодня в рубрике «Квартиросъемка» заглядываем в очень красивое пространство, наслаждаемся искусством и рассматриваем детали. Читать дальше
TEXT: Беларуская художница Дина уже восемь лет живет в Варшаве. Последние годы она снимает двухуровневую квартиру, которая стала и ее мастерской, и галереей. Сегодня в рубрике «Квартиросъемка» заглядываем в очень красивое пространство, наслаждаемся искусством и рассматриваем детали. «Я всегда вдохновлялась парижскими квартирами» – Я из Минска, переехала в Варшаву восемь лет назад, чтобы учиться филологии, – рассказывает Дина. – Просто был интерес сменить локацию – почему бы не попробовать, раз есть такая возможность? С тех пор Польша стала моим домом, здесь построилась вся моя жизнь. Прежде я жила в обычных симпатичных квартирах, где не было ничего особенного. Но я обожаю Париж, это мое место силы: город, о котором я мечтаю и куда часто сбегаю. Там я заряжаюсь энергией и мотивируюсь. Я всегда вдохновлялась парижскими квартирами, просторными и с высокими потолками, где много искусства, книг. Каждый раз, когда я там оказывалась, думала: вау, вот бы жить в такой квартире, в подобном доме на последнем этаже. Года 4-5 назад я искала квартиру в Варшаве и потратила на это три месяца, подошла к вопросу выбора квартиры очень скрупулезно. Все квартиры были обычные, невзрачные, ничего в них не цепляло. А мне важно, чтобы вокруг было уютно, чтобы мне хотелось в этом пространстве думать, мыслить, создавать. «Именно тут создавались мои лучшие работы: это пространство, в котором хочется творить» – Эта квартира на тот момент не подходила мне по бюджету, но я зашла в нее просто посмотреть – и поняла, что это то самое место, где я могу жить. Пару недель я общалась с риелтором и добилась своего: переехала сюда и почувствовала себя здесь обалденно. Именно тут создавались мои лучшие работы, потому что это пространство, в котором хочется творить. Это каменица 1914 года, прошедшая реновацию. Квартира двухуровневая, второй этаж достраивали как раз во время реновации. До меня здесь никто не жил, тут не было никакой чужой энергии, я могла все это пропитать только собой. Два этажа – одно из главных преимуществ квартиры. Они особо не разделяются между собой, например, дверями. Тут идеально жить одной (хотя, когда у меня был молодой человек, мы жили вдвоем – и тоже было комфортно). Из-за двух этажей по-разному падает свет, поэтому я рисую и внизу, и наверху. «Под разные картины, под разные настроения я периодически передвигаю мебель» – Это многофункциональное пространство: и квартира, и мастерская, и моя галерея. Под разные картины, под разные настроения я периодически передвигаю мебель. Например, у меня диван то стоит в одном месте, то в другом, это видно на фото. Чаще всего эти перестановки просто из-за картин, потому что сегодня мне захотелось рисовать в этом углу, послезавтра – в другом. Классно, что пространство это позволяет. Я обожаю собирать у себя дома друзей. Это могут быть ужины, завтраки – что угодно. Обычно я всё красиво сервирую, у меня куча винтажной посуды, которую я ищу на разных барахолках. Большая плюшевая собака как арт-объект – Сейчас у меня, можно сказать, две собаки. Во-первых, есть пес по имени Лави, который обожает здесь жить, бегать. Самый частый вопрос – не падает ли он с лестницы, точнее, просто со второго этажа. Высота потолков – 4 метра: если бы он упал, вряд ли бы выжил... Но на самом деле падал один раз только робот-пылесос. И, кстати, он выжил, с ним всё в порядке. А большая белая плюшевая собака – это пуфик, он выдерживает до 85 килограммов, возможно больше, но мы не экспериментировали. Мои родители сами производят мягкую мебель на заказ в Беларуси, у них можно сделать любые кровати, диваны, и специально по моей просьбе они сделали эту собаку. Это мягкий арт-объект, мой холст – дальше я с ней что-то придумаю, нарисую, создам свой дизайн. Другой такой не существует. Кстати, когда я везла собаку через границу, таможенники задавали миллион вопросов: что это такое? зачем тебе плюшевая собака? «Мои картины заполнили пространство и стали частью квартиры» – Когда я заезжала сюда, здесь были декорации в виде картин. И я сама была одержима тема, чтобы повесить тут французские винтажные плакаты, афиши, брошюры сороковых и пятидесятых годов. Я покупала их в книжных магазинчиках на Сене в Париже. Но потом поняла: зачем мне какие-то плакаты, когда у меня есть собственные картины? Повесила одну, потом появилась вторая, третья... Сейчас их штук 15-16 просто рассредоточенных по дому, они заполнили пространство и стали частью этой квартиры. Периодически стараюсь вывозить их куда-нибудь в галерею. Картины постоянно меняются. Кто-то заходит в гости – и видит одно пространство, а через неделю оно уже выглядит по-другому.",5a7ee55d03e3f17b4eaddd59c09475c61b09f39826c42f6833d7099a288343ab,5069,false,4585,json_ld,Минск,Минск,,,
1.0,https://citydog.io/post/zaden-obyski-v-mogileve,CityDog,Минск,2026-09-04T07:31:00+00:00,feed:https://citydog.io/rss/ | homepage,"Правозащитники: в Могилеве КГБ пришел с обысками к людям, которые недавно ездили в ЕС",REJECT,relevance_rejected,needs_text,нет связки социальной темы и проблемы,"TITLE: Правозащитники: в Могилеве КГБ пришел с обысками к людям, которые недавно ездили в ЕС
SUMMARY: За последние две недели августа в Могилеве зафиксировали несколько случаев, когда сотрудники КГБ приходили к людям, недавно побывавшим в странах Евросоюза. Об этом 3 сентября сообщили правозащитники. Читать дальше
TEXT: За последние две недели августа в Могилеве зафиксировали несколько случаев, когда сотрудники КГБ приходили к людям, недавно побывавшим в странах Евросоюза. Об этом 3 сентября сообщили правозащитники. Правозащитники утверждают, что сотрудников КГБ интересовали люди, которые недавно ездили в страны ЕС. В частности, их спрашивали, есть ли у них контакты с представителями беларуских демсил. Кроме того, силовики проверяли технику. В первую очередь – телефоны. Силовики осматривали их в присутствии самих владельцев. О задержаниях пока ничего неизвестно. Ранее правозащитники сообщали как минимум о 40 обысках у беларусов, связанных с *ГУ (беларуские силовики называют его «экстремистской организацией»).",6c573abdcd44371f156475b6463080e86738a11ba8c3d4c11bdbb0233b3f3604,1024,false,702,json_ld,Могилевская область,Могилев,,,
1.0,https://news.kraj.by/20260904/83-letnyuyu-zhenshhinu-ishhut-v-lesu-postavskie-spasateli,Kraj.by,Минская область,2026-09-04T08:54:02+00:00,homepage,"83-летнюю женщину ищут в лесу поставские спасатели, 04.09.2026",REJECT,relevance_rejected,possible,нет связки социальной темы и проблемы,"TITLE: 83-летнюю женщину ищут в лесу поставские спасатели, 04.09.2026
TEXT: В лесу недалеко от деревни Ясево Поставского района спасатели МЧС 4 сентября ищут 83-летнюю пенсионерку. Сообщение о том, что пожилая женщина потерялась, поступило сегодня ночью. Ясево – деревня в составе Камайского сельсовета. Находится в 17 километрах от Постав на юго-запад. С севера к Ясево примыкает лес и автодорога местного значения Н3319 «Ясево – Яковичи». По информации пресс-службы МЧС Беларуси, 4 сентября в 03:08 поставским спасателям потупило сообщение о том, что в лесном массиве возле деревни Ясево потерялась женщина 1943 года рождения. Сразу после сообщения о происшествии в поисковой операции были задействованы семь единиц техники и 20 человек. Из них – пять единиц техники и 14 работников МЧС. В Витебском областном управлении МЧС 4 сентября в 10:11 сообщили Kraj.by, что оперативные поиски результатов не принесли. Пенсионерку продолжают искать.",cb6f839535fabea3bc21d6e1d6e0adecc88ab83996acf354e03ce50697fb7f01,942,false,866,generic_html,Витебская область,Поставы,,,
1.0,https://dzr.by/04092026/snachala-uchilas-teper-uchit,Дзяржынская праўда,Минская область,2026-09-04T09:24:39+00:00,homepage,"Сначала училась, теперь – учит! Как жительница Дзержинского района стала преподавателем сельскохозяйственной академии в Горках - 04.09.2026",REJECT,relevance_rejected,needs_text,нет связки социальной темы и проблемы,"TITLE: Сначала училась, теперь – учит! Как жительница Дзержинского района стала преподавателем сельскохозяйственной академии в Горках - 04.09.2026
TEXT: К 27 годам Татьяна Чистякова прошла путь от выпускницы до преподавателя. Начинала с практики в хозяйстве, а сегодня обучает студентов на кафедре экономической теории в БГСХА, найдя ту самую золотую середину между педагогической строгостью и человеческим участием. Уроженка Дзержинского района рассказала, как осуществила мечту детства, почему абитуриентам стоит присмотреться к академии и какие соцсети помогают в поисках будущих первокурсников. Сильное влияние на Татьяну оказало детство, проведенное в родном агрогородке Путчино. Пример бабушки – Ядвиги Иосифовны Радевич , много лет работавшей учителем начальных классов, всегда был для нее ориентиром. – Я видела, как многие с трепетом вспоминали школьное время под ее началом, – рассказывает девушка. – С каким уважением и теплотой отзывались о своем учителе. Тогда я поняла, что педагогика – это не просто работа, а миссия. Возможность оставить след в человеческой душе. И захотела повторить путь бабушки – стать учителем начальных классов. Это была детская мечта. В старших классах интересы Татьяны изменились. Ее все больше увлекали математика, геометрия, физика, задачи, требующие логики и точности. Появилось ощущение, что будущая профессия должна быть связана с расчетами и аналитикой. Выбор места учебы тоже складывался постепенно. О Белорусской государственной сельскохозяйственной академии Татьяна узнала во время профориентационной встречи в школе. Заинтересовалась. Но окончательное решение пришло уже в выпускном классе. – Моя мама работала бухгалтером. И я подумала: бухгалтер один в семье уже есть, значит, нужен экономист, – улыбается Татьяна. – Поэтому выбрала для себя экономический факультет. Учеба в академии стала временем, когда она не только получила диплом, но встретила и будущего мужа. Однако после выпуска в Горках она не осталась – ждала отработка в родном «Путчино». Эти годы закалили характер и дали бесценный практический опыт. А когда трудовые обязательства остались позади, она снова переступила порог академии уже в роли преподавателя. Это стало возвращение к тому, о чем мечталось в детстве. Только на уровень выше: не школа, а высшее учебное заведение и кафедра экономической теории. Начало преподавательства далось непросто. Одно дело – самому сидеть за партой, отвечать у доски и сдавать экзамены, а совсем другое – выйти к аудитории, где десятки студентов ждут объяснений, оценки и ответов на вопросы. Татьяна признается: первые занятия были волнительными. – Большую роль сыграла поддержка коллектива и постепенное вхождение в работу. Нагрузку давали доступную, без перегрузки, – рассказывает она. Собственный студенческий опыт помогал лучше понимать аудиторию. Она хорошо помнила, как трудно порой было отвечать даже на обычном занятии, а уж на зачетах и экзаменах тем более. Поэтому особенно обращала внимание на тех, кто волновался и боялся ошибиться. – Экономическая теория может показаться студентам абстрактной и далекой от повседневной жизни. Но если рассказывать о ней через знакомые ситуации – например, спрос и предложение объяснить на примере чашки кофе и выпечки в любимой кофейне, – сложные понятия становятся ближе, – уверена Татьяна. – Я придерживаюсь мнения, что, если объясняешь какую-то теорию, нужен конкретный пример. И не обязательно – про трактор и картошку. Молодой преподаватель нередко оказывается ровесником старших студентов (а порой и моложе, если речь о заочниках). Это легко создает ощущение неформального общения, однако Татьяна убеждена: дистанция должна сохраняться всегда. – Граница между преподавателем и студентом остается. Это безусловно, никаких дружб и товариществ не допускается, – категорична преподаватель. Вместе с тем профессиональная дистанция не отменяет доброжелательный контакт, юмор, открытость и внимание. Студенты могут задавать вопросы на перерывах, заимствовать опыт и даже моментами дискутировать. – Такая связь должна быть, надо ловить этот контакт преподавателя и студента, – рассуждает девушка. Однако, будучи куратором группы, Татьяна понимает: иногда эта грань становится чуть тоньше, когда речь идет о проблемах за порогом аудитории. Куратор следит не только за учебными вопросами, но и помогает первокурсникам освоиться, обращает внимание на их настроение. – Проблемы у студентов бывают разными: трудности в семье, переживания из-за отношений, одиночество, неуверенность в себе. В таких обстоятельствах куратор оказывается первым взрослым, к которому студент готов обратиться. При необходимости подключаются другие специалисты. Родителям тоже важно понимать, что происходит с повзрослевшим ребенком, оставшимся в другом городе. И куратор становится связующим звеном между семьей и академией. Нынешняя вступительная кампания стала для Татьяны не только профессиональной обязанностью, но и личным опытом. Она участвовала в поиске абитуриентов и решила задействовать для этого… социальные сети. Писала о специальностях, наборе, условиях обучения, отвечала на вопросы в личных сообщениях. Неожиданно эффективной площадкой оказался Threads. – Сама до сих пор удивлена, как результативно это сработало, – признается она. Публикации помогли привлечь внимание и довести до этапа поступления несколько семей. При этом будущих студентов интересовали не только проходные баллы и перечень экзаменов. Они задавали неочевидные вопросы: где находятся общежития и учебные корпуса, как организовано питание, сложно ли с логистикой в столицу? – Официальный сайт и приемная комиссия, конечно же, дают всю необходимую информацию. Однако личный разговор позволяет узнать больше: как устроена студенческая жизнь (а она у нас очень насыщенная!), кто поможет первокурснику освоиться, чем заняться после занятий. Именно такое человеческое общение помогает семье принять окончательное решение. В этом году, по словам Татьяна, набор был закрыт по всем специальностям, в том числе по целевым направлениям. Конкуренция за места наблюдалась и на экономическом факультете, где она преподает. Татьяна советует будущим студентам начинать этот этап с осознанного выбора профессии. – Нужно тщательно выбирать профессию, с которой ты хочешь связать свою жизнь, – говорит она. – Нельзя ориентироваться только на низкий проходной балл или поступать «куда-нибудь», лишь бы получить диплом. Абитуриенту стоит поговорить с людьми, которые уже работают в этой сфере. Если подросток пока не понимает, что ему нравится, не нужно принимать первое попавшееся решение: можно воспользоваться профориентационными тестами, посетить дни открытых дверей, пообщаться со студентами. Тем, кто уже поступил, она советует не откладывать учебу. – С первого курса нужно относиться к занятиям серьезно, – настаивает Татьяна. – Учеба всегда на первом месте. Если в самом начале что-то упустить, то потом будет уже сложнее догнать. При этом студенческая жизнь в академии не ограничивается аудиториями. Здесь можно заниматься спортом, творчеством, вокалом, танцами, музыкой. Участие в мероприятиях влияет и на рейтинг студента, который может учитываться при дальнейшем распределении. В студенческие годы Татьяна тоже была активной: выступала на сцене, пела, танцевала, была ведущей. – Было очень интересно, — вспоминает она. – Удавалось совмещать учебу, общественную активность и даже подработку. К сельскому хозяйству Татьяна относится без скепсиса. Она считает, что молодым специалистам здесь действительно есть место и возможности для профессионального роста. – В сельское хозяйство можно и нужно идти. Предоставляются все условия, – уверена она. – Работа в отрасли позволяет получить практический опыт, понять специфику профессии, а затем решить, куда двигаться дальше – в управление, науку, образование или производство. Сама Татьяна нашла комфортное сочетание двух сторон своей личности: любви к расчетам и интереса к общению с людьми. На вопрос, не мешает ли молодой возраст серьезной профессии, отвечает спокойно: «Возраст все изменит. Но он не",a85a72113174bc4a5c066e117f68872c17db03a304752d15886ca2893c218a1d,7996,true,8551,generic_html,,,,,
1.0,https://mlyn.by/04092026/avianosczy-est-a-moryakov-ne-hvataet-chto-proishodit-s-vms-ssha-posle-istorii-s-iranom,Минская правда,Минская область,2026-09-04T08:47:00+00:00,homepage,"Авианосцы есть, а моряков не хватает – что происходит с ВМС США после истории с Ираном - 04.09.2026",REJECT,relevance_rejected,possible,иностранная тема в заголовке: сша,"TITLE: Авианосцы есть, а моряков не хватает – что происходит с ВМС США после истории с Ираном - 04.09.2026
TEXT: В 80-е годы прошлого века мощь американских ВМС находилась на пике: новые авианосцы, эсминцы, линкоры и слаженные экипажи, готовые до конца бороться за живучесть своих судов в любых ситуациях. Исходя из последних скандалов с американскими авианосцами, считающимися основной ударной силой ВМС в обычной войне, очень похоже, что сейчас от былой мощи и боеготовности экипажей не осталось и следа. В июне случился пожар в прачечной авианосца «Джеральд Форд». Встроенная автономная система пожаротушения не сработала, а экипаж образца 2026 года абсолютно полностью провалил борьбу за живучесть судна, что в подобной ситуации не допустила команда образца 1987 года, когда произошёл подобный случай. Тогда с системой пожаротушения тоже возникла проблема, а один из офицеров авианосца заявил журналистам: «Система жизнеобеспечения на судне — это не техника, а каждый из нас». Поэтому тогда последствий, подобных нынешним, не было. А в начале нынешнего лета часть корабля выгорела настолько, что из-за потери спальных мест «Джеральд Форд» был вынужден досрочно вернуться на базу, не выполнив этим самым боевую задачу. В середине августа пресса всего мира, освещая иранскую авантюру американцев, писала о бедствиях, постигших авианосец «Авраам Линкольн», которые возникли не столько из-за проблем с сантехникой, кондиционерами и прочими удобствами, а по причине длительного нахождения флагмана авианосной группы в море без захода в порт и неукомплектованности корабля достаточным количеством личного состава. «Авраам Линкольн» покинул базу в Сан-Диего в ноябре прошлого года, имея боевые задачи в Тихом океане и в Южно-Китайском море. Поход должен был продлиться шесть месяцев, но в начале марта авианосец перенаправили без захода в порт в Персидский залив для ведения боевых действий против Ирана. Американские СМИ вели бравурные репортажи с борта авианосца, но на деле обстановка была совершенно иной: мало того, что 5 тысяч членов команды несли службу в экстремальных условиях, находясь на вахте по 16 часов в сутки, так им пришлось в прямом смысле голодать, поскольку провизии на борту банально не хватало. В итоге были попытки суицида среди моряков, что не удивительно, ибо служба на судне такого типа для представителей многих строевых должностей считается экстремальной даже в мирное время, а тут — непосредственное участие в боевых действиях, когда цена ошибки — это не только потеря самолётов или гибель пилотов, но и срыв боевой задачи, поставленной перед авианосной группой. Сейчас «Авраам Линкольн» находится в порту таиландской Паттайи после более чем 260-дневного рекордного незапланированного похода, а пятитысячная команда размещена по отелям курортного города, выросшего в 70-е годы из рыбацкой деревушки, где побывали на отдыхе сотни тысяч американских военнослужащих, воевавших во Вьетнаме. Пятитысячный десант незапланированных американских туристов оказался крупнейшим с 1975 года, когда пал Сайгон, чему местные воротилы турбизнеса и сопутствующих ему «отраслей» несказанно рады, ибо с началом войны с Ираном Паттайя переживает не лучшие времена. Эпопея с двумя авианосцами показала, что в военно-морском ведомстве США далеко не всё в порядке. Авианосцев, вроде бы, пруд пруди, но почему-то заменить «Авраам Линкольн» было нечем. Сейчас, когда авианосец находится на отдыхе, его сменил «Джордж Вашингтон», но американцы задаются вопросом, почему сейчас, а не двумя-тремя месяцами раньше? Оказывается, что авианосцев, вроде бы, достаточно, но не хватает военнослужащих. На пришедший на смену «Аврааму Линкольну» «Джордж Вашингтон» для укомплектования команды по штатам военного времени «дёрнули» несколько сотен резервистов из запаса. Если «Вашингтон» останется в походе также надолго, как «Линкольн», моряки-резервисты потеряют работу, которую имели в мирной жизни, что чревато серьёзными социальными последствиями для их семей. Обвинять во всём Трампа несправедливо. Походы боевых кораблей сроком более чем на 200 суток стали нормой задолго до него. Нести такую службу вдали от дома желающих особо не было. Тогда решили снизить возраст рекрутов в ВМС, поскольку не вся молодёжь изначально социально устроена, а служба предоставляет серьёзные льготы после окончания контракта и выхода в запас. Но моряков всё равно не хватает. И не только моряков, даже морских десантников. Известно, что во время последней войны в Афганистане для несения караульной службы на берегу направляли даже гидроакустиков с подводных лодок, ибо их столько не нужно, пока субмарина находится на рейде, а не в открытом море. Тогда о дефиците личного состава никто не задумывался, пока это не продемонстрировали последние события. Справедливости ради отметим, что война с Ираном по своему напряжению для ВМС не сравнима с войнами прошлого, но даже она привела к тому, что проблемы ВМС обсуждаются в Конгрессе. А пока в самом военно-морском ведомстве проблему дефицита кадров уверены, что решили следующим образом: построили и уже спустили на воду безэкипажный корабль типа «Мародёр», что позволит отвязать численность надводных кораблей от численности личного состава. К чему это приведёт, увидим тогда, когда американцы придумают на свою голову новую бессмысленную военную авантюру, которая, к сожалению, вполне реальна, ибо стремление к мировому господству требует жертв.",9512f77aed411d8d5d7a43cc6b603ecd3e83a0c4179d66c401598dd2aa726f13,5371,false,5258,generic_html,,,,отсутствие/нехватка,
1.0,https://mlyn.by/04092026/brokkoli-i-goluboj-syr-gotovim-nezhnyj-krem-sup-po-reczeptu-narochanskih-syrodelov,Минская правда,Минская область,2026-09-04T09:15:00+00:00,homepage,Брокколи и голубой сыр – готовим нежный крем-суп по рецепту нарочанских сыроделов - 04.09.2026,REJECT,relevance_rejected,needs_text,нет связки социальной темы и проблемы,"TITLE: Брокколи и голубой сыр – готовим нежный крем-суп по рецепту нарочанских сыроделов - 04.09.2026
TEXT: Хотите приготовить необычное и вкусное блюдо с сыром с голубой плесенью? Предлагаем попробовать нежный крем-суп из брокколи, картофеля и сливок. Проверенным рецептом с narachanka.by поделилась ведущий специалист Нарочанского производственного участка Минского молочного завода №1 Екатерина Мисуно. Для приготовления понадобятся: — Брокколи разберите на соцветия, — рассказывает Екатерина Мисуно. — Картофель нарежьте кусочками среднего размера, а лук и чеснок мелко измельчите. В кастрюле разогрейте растительное масло на среднем огне. Затем добавьте лук и чеснок и обжаривайте их в течение 4–5 минут. Когда лук и чеснок обжарятся, добавьте в кастрюлю подготовленные картофель и брокколи. Посолите ингредиенты и залейте их горячей водой. После того как суп закипит, уменьшите огонь и варите овощи еще 20–25 минут . Снимите кастрюлю с огня и добавьте сливки. После этого тщательно измельчите все ингредиенты погружным блендером до однородной кремовой консистенции. Сыр с голубой плесенью раскрошите, добавьте в готовый суп и хорошо перемешайте. Подавать крем-суп рекомендуется с дополнительными ломтиками сыра с голубой плесенью и сухариками.",3995fc29daf3f7c7950d1a091a6fb37ab603f1450e20d6ac12e83ff11c5c98a6,1249,false,1141,generic_html,,,,,
1.0,https://mlyn.by/31082026/sroki-otkrytiya-srednej-shkoly-n10-v-zhodino-perenosyatsya-uks-nazval-novuyu-datu,Минская правда,Минская область,2026-08-31T13:39:00+00:00,homepage,Сроки открытия средней школы №10 в Жодино переносятся: УКС назвал новую дату - 31.08.2026,REJECT,relevance_rejected,possible,Evidence Binding: тема и проблема связаны только глубоко в тексте,"TITLE: Сроки открытия средней школы №10 в Жодино переносятся: УКС назвал новую дату - 31.08.2026
TEXT: Жители 8-го и 9-го микрорайонов Жодино, ожидавшие, что новая школа №10 распахнет свои двери уже 1 сентября этого года, были вынуждены скорректировать свои планы. Несмотря на то, что ранее подрядчики заявляли о высоких темпах и планах встретить День знаний 2026 года в новом здании, реальность внесла свои коррективы. Теперь официально подтверждено, что открытие переносится на следующий учебный год. Ситуация на объекте долгое время оставалась предметом беспокойства горожан. Визуально казалось, что стройка далека от завершения, и эти опасения оказались небеспочвенными. Как выяснилось, процесс тормозили технические проблемы, вызванные ошибками предыдущего подрядчика. Как сообщил директор управления капитального строительства города Жодино Владимир Зорич, прежняя организация допустила нарушения при монтаже конструкций, что поставило под угрозу надежность всего здания. «Были проблемы с предыдущей подрядной организацией, там допустили ошибки, были нарушены монтаж конструкций, правильность их установки. Вот сейчас выполнены работы по усилению», — прокомментировал ситуацию представитель УКС. Сейчас, по словам специалистов, строительство перешло в активную фазу исправления недочетов и завершения основных работ. Чтобы наверстать упущенное время, на площадку привлекли дополнительные силы. «Мы добавили ещё участников строительства, всего над проектом работают три подрядные организации», — пояснили в УКС. На объекте продолжаются ключевые работы, которые обеспечат защиту здания от непогоды и позволят перейти к внутренней отделке. Строители закрывают тепловой контур: устанавливают окна и завершают устройство кровли. Параллельно ведутся каменные работы, начинается черновая отделка и прокладка инженерных систем. На прямой вопрос о том, ждать ли открытия в этом году, в управлении капитального строительства ответили однозначно: нет. Согласно официальному комментарию, окончание работ и ввод школы в эксплуатацию запланировано на второй квартал 2027 года. Несмотря на перенос сроков, масштаб проекта остается впечатляющим. Школа №10 рассчитана на 930 учащихся и призвана разгрузить соседние учреждения образования, куда сейчас вынуждены ходить дети из разных районов, преодолевая пешком более двух километров. В здании появятся просторный 25-метровый бассейн, спортзал, актовый зал и вместительная столовая. На данный момент на объекте ежедневно трудятся порядка 50 человек, работы ведутся без остановки, однако исправление ошибок неизбежно сдвинуло график на 2027 год.",0fb6badd2fc649940786f30b624961053a8a44d5d219786cc4346a213cb1b8be,2582,false,2479,generic_html,Минская область,Жодино,школа/детский сад,,
1.0,https://mlyn.by/04092026/chto-stalo-s-matkovskoy-shkoloy-posle-zakrytiya-kuda-pereveli-detey-i-gde-teper-rabotayut-pedagogi,Минская правда,Минская область,2026-09-04T08:15:00+00:00,homepage,"Что стало с Матьковской школой после закрытия, куда перевели детей и где теперь работают педагоги - 04.09.2026",KEEP,included,possible,,"TITLE: Что стало с Матьковской школой после закрытия, куда перевели детей и где теперь работают педагоги - 04.09.2026
TEXT: В TikTok появилось видео бывшей Матьковской школы в Вилейском районе. Автор ролика называет ее «заброшенной» и пишет, что школа, которая когда-то была центром жизни, теперь забыта. Корреспондент «МП» решила разобраться, что на самом деле произошло с учреждением после закрытия в 2024 году — куда делись ученики и педагоги и кому сегодня принадлежит здание. Матьковская базовая школа прекратила работу в 2024 году. На момент принятия решения здесь учились всего 20 школьников и пять воспитанников дошкольной группы. Сейчас дети продолжают обучение в других школах, педагоги и работники трудоустроены, а здание бывшей школы уже перешло в частные руки. В управлении по образованию и спорту Вилейского райисполкома пояснили, что при таком малом количестве учащихся содержание здания, оплата труда педагогического коллектива и обслуживающего персонала стали экономически нецелесообразными. Таким образом, школа прекратила свое существование в рамках оптимизации сети учреждений общего среднего образования региона. Вопрос о ликвидации школы прорабатывался на протяжении всего года. Администрация провела ряд встреч с педагогическим коллективом и законными представителями учащихся, обсудив все организационные детали. Закрытие школы не оставило без работы ее сотрудников. Всех педагогов и работников, которые не достигли пенсионного возраста, удалось трудоустроить. Теперь дети из Селища продолжают обучение в школе агрогородка Вязынь. Для их комфортной и безопасной доставки к месту учебы организован регулярный транспортный подвоз в Стешицкую среднюю школу. К слову, в этом году там учатся лишь 10 школьников и двое дошкольников из агрогородка Матьковцы и прилегающих к нему деревень. Здание Матьковской школы было продано с аукциона и сменило владельца, перейдя в частные руки. Теперь оно числится на балансе сторонней организации и выведено из подчинения управления по образованию и спорту Вилейского райисполкома. Вся ответственность за его функционирование и благоустройство теперь возложена на нового собственника. В управлении отмечают, что закрытие школ в деревнях связано с сокращением числа детей. Дальнейшая судьба зданий, оставшихся без школ, решается индивидуально. Их продают, передают на баланс другим структурам или используют по новому назначению.",da5c119b3a0b9ae3fad10847d63c83c06e0551cdf6c7be746d0310e6a47092e1,2384,false,2260,generic_html,,,школа/детский сад,отсутствие/нехватка,
1.0,https://pristalica.by/04092026/v-derevne-cznyanka-ogon-unichtozhil-hozpostrojku,Прысталічча,Минская область,2026-09-04T08:59:45+00:00,homepage,В деревне Цнянка огонь уничтожил хозпостройку - 04.09.2026,REJECT,relevance_rejected,needs_text,нет связки социальной темы и проблемы,"TITLE: В деревне Цнянка огонь уничтожил хозпостройку - 04.09.2026
TEXT: 3 сентября в Минском районе произошел пожар в хозяйственной постройке. Сообщение о возгорании поступило спасателям в 15:22. Как сообщили в Минском районном отделе по чрезвычайным ситуациям, инцидент случился в деревне Цнянка. Прибывшие на место подразделения МЧС констатировали, что пламя успело значительно распространиться по площади строения. В результате пожара кровля постройки уничтожена полностью. Огонь также повредил стены и находившееся внутри имущество по всей площади помещения. Причина возгорания устанавливается. Однако в качестве основной версии специалисты рассматривают нарушение правил эксплуатации электросетей и электрооборудования, а именно — короткое замыкание электропроводки. Спасатели призывают жителей строго соблюдать правила пожарной безопасности: Если вы стали очевидцем возгорания, немедленно звоните по номерам 101 или 112 . Для раннего обнаружения угрозы МЧС рекомендует установить автономные пожарные извещатели в каждой жилой комнате. Прибор среагирует на малейший дым на самой ранней стадии, еще до появления открытого огня, и оповестит вас громким сигналом, что может спасти жизнь и имущество.",9b90435a5e24eae98e88d587a91125719ce3c0a849bcf24abc6e9c84326f2437,1201,false,1129,generic_html,Минск,Минск,,,
1.0,https://pristalica.by/04092026/nashli-magazin-klad-pod-minskom-s-tovarami-deshevle-chem-na-marketplejsah,Прысталічча,Минская область,2026-09-04T09:20:01+00:00,homepage,"Нашли магазин-клад под Минском с товарами дешевле, чем на маркетплейсах - 04.09.2026",REJECT,relevance_rejected,possible,нет связки социальной темы и проблемы,"TITLE: Нашли магазин-клад под Минском с товарами дешевле, чем на маркетплейсах - 04.09.2026
TEXT: В эпоху онлайн-шопинга найти место, где можно не только потрогать товар руками, но и заплатить за него меньше, чем на популярных маркетплейсах, это большая удача. Мы как раз обнаружили такой магазин под Минском: ассортимент на все случаи жизни и цены, от которых приятно удивляешься. Рассказываем, что можно найти в каждом отделе. В этом отделе глаза действительно разбегаются. Собраться на природу будет проще простого: мангалы, шампуры, решетки, а также уголь и розжиг. Из посуды — кастрюли от 32 рублей, сковороды от 27, а набор мисок, тарелок и салатников можно приобрести всего за 20 рублей. Для удобства приготовления еды в наличии терки с отсеком для крошек, овощерезки и мясорубка. Лопатки, щипцы, штопоры, вилки и ножи — словом, все, что требуется на любой кухне. Особого внимания заслуживает набор кухонной утвари по цене 28,99 рубля. Кухонные весы, термосы и чайники от 10 рублей. Формы для выпечки, шпажки, трубочки и нитки для мяса стоят буквально копейки. Перчатки для духовки и прихватки дополняют картину полного кухонного счастья. Отдельно выделим электрическую спиральную плитку за 25,99 — идеальный вариант для дачи или выездной кухни. И обязательно присмотритесь к чайной паре «как на Вайлдберриз», всего за 21,99 рубля будет радовать вас осенними вечерами. Здесь можно вооружиться для поддержания безупречной чистоты по минимальной цене. Швабры стоят от 12 рублей, вантузы и щетки — в широком ассортименте. Сушилка для белья обойдется в 49,99 рублей. Любительницам шитья пригодится швейная машинка за 32,99. Для ванной комнаты — шторы с крючками, коврики и шланги. Есть чехлы для гладильной доски и стиральной машины, сетка для глажки, губки и тряпки, в том числе антибактериальные. Из полезных мелочей — органайзеры, лотки для еды и контейнеры. Подушки за 21,99, одеяла за 26,99 и хлопковое постельное белье от 50 рублей сделают сон особенно приятным. Мужской отдел тоже не подкачал. Здесь найдутся дрели, фиксаторы, отвертки и наборы ключей. Пилы — от 4 до 15 рублей, в наличии отрезные диски по металлу. Пассатижи, клеевой пистолет и монтажная лента — всё в наличии. Наборы кисточек и средств для обработки доступны по приятным ценам. Рабочие перчатки и вовсе можно купить за 99 копеек. Водителям пригодятся универсальные обезжириватели, антигели и смазки. В наличии очистители двигателя и баллончики с краской. Зеркала для машины, стеклоочистители, омыватели и автомобильные дождевики представлены по ценам ниже рыночных. Этот отдел впечатляет не меньше. Колонки, в том числе огромные, с подсветкой, микрофоны, наушники — выбор на любой вкус. Кольцевая лампа здесь стоит всего 19,99 рубля. Караоке система будет стоить 62,99 рубля. Нужна клавиатура или мышка? Есть и они, а также коврики и геймпады. В ассортименте — провода, переходники, флешки. Вентиляторы, торшеры и лампы обойдутся в 20–40 рублей. Фонарики и налобные лампы пригодятся как в походе, так и при ремонте. Удивительно, но здесь также продается печатная машинка за 48,99 и бинокли. Детский уголок — настоящее праздничное пространство. Мягкие игрушки, развивашки и настольные игры. Например, популярная «Мафия» стоит всего 20–30 рублей. Есть детские рюкзаки. Обратите внимание на развивающие наборы — они продаются по цене всего 9,99 рубля! Огромный выбор канцелярии, набор ручек можно приобрести за 2,99. Тут же — всё для праздника: украшения, гирлянды, свечи и декор. Картины, масла, ароматы для дома тоже ждут своих покупателей. Здесь огромный выбор тапочек и носков, всего 2–3 рубля за пару. Женские и плечевые сумки — от 21 до 40 рублей, рюкзаки и ремни — по 20–30 рублей. Шляпы и панамы — по 9–12 рублей, дождевики — по 7–9. Полотенца — от 5 рублей. Очки, даже с диоптриями, стоят всего 20 рублей. Есть даже чемоданы для путешествий. Фены — от 20 до 54 рублей, мужские бритвы и триммеры. Бигуди, расчески, резинки, заколки — по минимальным ценам. Зубные щетки, включая электрические, и ирригаторы — большая редкость в обычных магазинах, а здесь они стоят совсем недорого. Косметички, зеркала, массажеры для лица и спины — для полного релакса. Соль для ванн, свечи и духи завершают картину. Любителям физиопроцедур пригодится дарсонваль за 23,99 рубля. Магазин Stop price находится в ТРЦ DiaMond Сity и работает каждый день с 10:00 до 21:00.",1f4d1bd921dc9dc98689fd25a0cb658893897eecf3bf48c62a1f4277bbaf5d20,4333,false,4235,generic_html,Минск,Минск,магазин/торговля,,
1.0,https://pristalica.by/04092026/semya-iz-kolodishhej-poluchila-podarok-ot-prezidenta,Прысталічча,Минская область,2026-09-04T08:21:13+00:00,homepage,Семья из Колодищей получила подарок от Президента - 04.09.2026,REJECT,relevance_rejected,needs_text,нет связки социальной темы и проблемы,"TITLE: Семья из Колодищей получила подарок от Президента - 04.09.2026
TEXT: В Беларуси продолжается республиканский проект «Трэці — Бацькаў». «Бацькава кашуля» вновь нашла новую семью, на этот раз из агрогородка Колодищи. Торжественное вручение прошло в музее народных традиций и быта «Родная хата» Колодищанской средней школы № 2. Мероприятие объединило представителей власти и местных жителей. Председатель Минского районного отделения партии «Белая Русь» Андрей Боровиков совместно с председателем Колодищанского сельисполкома Ларисой Штраус встретились с семьей Янушкевич . Место для церемонии выбрали не случайно — оно призвано подчеркнуть неразрывную связь народных белорусских традиций с современными семейными ценностями. Героями события стали Анастасия и Дмитрий Янушкевич , которые воспитывают троих сыновей. Для молодой семьи визит гостей и вручение подарков от Минского отделения «Белой Руси» стали полной неожиданностью и теплым сюрпризом. Родители отметили, что внимание со стороны государства и общественных организаций вдохновляет и поддерживает их в непростом, но важном деле воспитания детей. Андрей Боровиков особо подчеркнул, что проведение таких мероприятий играет важную роль в поддержке многодетных семей и сохранении преемственности семейных ценностей и вновь напоминают о важности вековых семейных устоев.",61cd1bbcbe03ae36c36287c448f69dfabd63278b3bcc28fdf46d10734ae4ece8,1330,false,1254,generic_html,,,,,
1.0,http://slutsk-gorod.by/novosti/item/slutsk-okazalsya-sredi-samykh-sukhikh-gorodov-belarusi-po-itogam-avgusta,Слуцк-Город,Минская область,,homepage,Слуцк оказался среди самых сухих городов Беларуси по итогам августа,REJECT,relevance_rejected,needs_text,Evidence Binding: тема и проблема связаны только глубоко в тексте,"TITLE: Слуцк оказался среди самых сухих городов Беларуси по итогам августа
TEXT: В Слуцке за август выпало всего 22 мм осадков — город оказался рядом с тройкой самых сухих точек наблюдения в Беларуси. При этом в отдельных районах страны за тот же месяц зафиксировали более 110 мм. Нехватка влаги была заметна в Слуцке еще в середине августа. SlutskGorod писал , что верхний 10-сантиметровый слой почвы здесь пересох, а ранее случчане обращали внимание на заметное снижение уровня воды в Случи. Меньше осадков, чем в Слуцке, зафиксировали в нескольких точках страны. В Костюковичах выпало 14 мм, или 25% климатической нормы, в Жлобине и Житковичах — по 18 мм, в Березино — 20 мм. На другом конце погодной картины оказались Лепель и Витебск, где за месяц выпало по 113 мм. В Верхнедвинске зафиксировали 112 мм, Березинском заповеднике — 109 мм, Полоцке — 107 мм, Гродно — 106 мм. При этом именно Гродно сильнее всего превысил свою климатическую норму — там показатель достиг 186%. В среднем по 48 опорным метеостанциям за месяц выпало 54,5 мм осадков при норме 65,2 мм — это 83,6% от обычного августовского количества. Дефицит зафиксировали на 32 станциях, еще на 16 показатели оказались выше нормы. По температуре август, напротив, оказался немного теплее обычного. Среднее значение составило +18,3°C при норме +17,9°C. Наибольшее положительное отклонение отмечалось в Мозыре — +1,3°C, Лельчицах — +1,2°C, Пинске и Василевичах — +1,1°C. Немного прохладнее климатической нормы было только на отдельных северных станциях: в Езерище и Лепеле — на 0,2°C. Данные приведены по результатам климатического мониторинга 48 опорных метеостанций Беларуси за август. Вечерняя программа развернется у городского Дома культуры, где выступит кавер-группа Bezlimit. Собрали расписание по времени — материал будет дополняться. Случчане уже замечали установленные в микрорайоне знаки автобусных остановок и присылали фотографии в редакцию. Теперь автопарк опубликовал схему движения и время рейсов. На разработку технологии ушло около полутора лет. Первые новинки уже получили Гран-при и золотую медаль на конкурсе в России. Ущерб сельхозпредприятию превысил 55 000 рублей, а дело главного энергетика дошло до суда. На фермах области тем временем расширяют цифровой контроль за поголовьем и технологическими процессами. Таких МАЗ-303 в местном автопарке раньше не было. Машины рассчитаны на 95 пассажиров и оборудованы для перевозки людей на инвалидных колясках.",b5dc8f444fa4e5667b885a91b6452dd1fe0d861a2f697b01baec3d1fea7353b7,2442,false,2361,generic_html,Минская область,Слуцк,,,
1.0,https://smolevichi-24.by/04092026/zhiteli-uliczy-polevoj-stradayut-ot-hlamovozov,Смолевичи-24,Минская область,2026-09-04T08:20:00+00:00,homepage,Жители улицы Полевой страдают от хламовозов - 04.09.2026,REJECT,relevance_rejected,possible,криминальная/происшественная тема: ровд,"TITLE: Жители улицы Полевой страдают от хламовозов - 04.09.2026
TEXT: Вывезли старый диван к чужому дому? Выбросили спиленные ветки или строительные блоки прямо на зеленую зону? Считаете, что «никто не видел»? Смолевичское ЖКХ предупреждает: каждая несанкционированная свалка возле контейнерных площадок может обойтись нарушителям в круглую сумму — штрафы достигают 30 базовых величин для граждан и до 200 базовых величин для юрлиц. В редакцию обратилась Наталья Жигимонт, жительница дома № 8 по улице Полевой. Проблема, с которой столкнулись люди, знакома многим: площадка для сбора ТБО обустроена хорошо, коммунальщики даже установили специальный прицеп для строительного мусора. Однако жильцы частного сектора с соседних улиц превратили эту территорию в свалку крупногабаритного хлама. Старые матрасы, ветки, сантехника, развалившаяся мебель — всё это везут на машинах и сгружают прямо на зеленую зону, где жильцы своими силами обустроили детскую площадку. — Всё это лежит, гниет, появляется неприятный запах, — возмущается женщина. — Мы сами делаем для детей зону отдыха, а приезжие рядом устраивают помойку! У нас крысы уже лазят! Наталья предоставила фото, от которых внутри холодеет. Выехав на место, мы увидели ухоженную придомовую территорию: свежий асфальт, аккуратная детская зона с батутом. Контейнерный прицеп был заполнен не в полной мере. Но рядом лежали свежие кучи спиленных веток. По словам заместителя директора Смолевичского ЖКХ Натальи Никитиной, бункер вывозится регулярно, а завалы вокруг площадки коммунальщикам приходится расчищать раз в месяц. Интересно, что при этом контейнер зачастую стоит пустой, а рядом, на зеленой зоне-свалка. Многие «хламовозы» уверены: привез ночью на машине старый шифер или кресло, вывалил рядышком — и концы в воду. Но сегодня привлечь к ответственности за выброс мусора проще, чем кажется. Фиксировать правонарушение имеют право не только сотрудники ЖКХ, инспекции природных ресурсов и милиция, но и любые неравнодушные граждане. А люди на Полевой,8 бдительные. Алгоритм наказания работает жестко и быстро: 1. Неравнодушные жильцы фиксируют факт выброса мусора на фото или видео. 2. В кадр попадает лицо нарушителя или регистрационный номер его автомобиля. 3. Материалы направляются в РОВД 4. По номеру машины за считанные часы устанавливается владелец, на которого оформляется протокол. Складирование крупногабаритных отходов, старой мебели, бытовой техники и растительных остатков (веток, листвы) возле контейнеров или за пределами площадок ТКО влечет штраф до 30 базовых величин. Напоминаем, что законодательство Республики Беларусь предусматривает суровые санкции за нарушение правил обращения с отходами (ст. 16.44 КоАП РБ). Выброс мусора из автомобиля или привоза его на авто вне санкционированных мест (ч. 3-1 ст. 16.44 КоАП РБ) — для физических лиц штраф составит от 10 до 30 базовых величин (от 400 до 1200 рублей), для индивидуальных предпринимателей эта сумма выше: до 100 базовых величин (до 4000 рублей). Для юридических лиц — до 200 базовых величин (до 8000 рублей). Складирование крупногабаритных отходов, старой мебели, бытовой техники и растительных остатков (веток, листвы) возле контейнеров или за пределами площадок ТКО влечет штраф до 30 базовых величин. Загрязнение контейнерных площадок — это не просто экологический проступок, это прямое ущемление прав жильцов на чистую и безопасную среду. К слову, в отделе экологии напоминают: растительный мусор (сухие ветки, листву) на личных сжигать можно, а вот сваливать его под чужие окна — нет. Если вывозите крупогабаритный бесплатно – потрудитесь уложить его в контейнер, предназначенный для этих целей. Позвоните в ЖКХ, узнайте, когда его очистят, чтобы безболезненно вывезти старье. Жильцы дома по улице Полевой уже наладили фотоохоту на «мусорных нелегалов». Фотографии с номерами машин регулярно теперь будут отправляться в правоохранительные органы.",4ccae9e8e26573df357c9eaf1cf9dd0fbd968e9469e721537cbc1a769ae86219,3879,false,3809,generic_html,,,дорога/улица,общественный резонанс,
1.0,https://smolevichi-24.by/04092026/sotrudniki-vodokanala-pomogli-vospitannikam-czkroir-podgotovitsya-k-shkole,Смолевичи-24,Минская область,2026-09-04T09:20:00+00:00,homepage,Сотрудники водоканала помогли воспитанникам ЦКРОиР подготовиться к школе - 04.09.2026,REJECT,relevance_rejected,possible,нет связки социальной темы и проблемы,"TITLE: Сотрудники водоканала помогли воспитанникам ЦКРОиР подготовиться к школе - 04.09.2026
TEXT: На днях воспитанников Центра коррекционно-развивающего обучения и реабилитации (ЦКРОиР) навестили сотрудники Смолевичского водоканала. Приехали не с пустыми руками – к 1 сентября коллектив передал центру набор канцелярии и материалов для творчества. – Мы рады, что имеем возможность помочь ребятам подготовиться к учебному году, – отметила заместитель директора КУП «Смолевичский водоканал» Алеся Битель. – Хочется, чтобы эти подарки помогали им учиться, развиваться и каждый день открывать для себя что-то новое. Смолевичский ЦКРОиР – место особенное . Здесь обучаются и проходят реабилитацию дети с тяжелыми и множественными нарушениями развития. С каждым ребенком ежедневно работают опытные педагоги, дефектологи, психологи и воспитатели. Именно поэтому альбомы, краски, пластилин, карандаши и другие принадлежности для творчества – это не просто канцелярия, а важный рабочий инструмент. Пусть этот подарок сделает будни ребят чуточку ярче, светлее и интереснее.",ff996973e472340f4b8c8c98190b1ebbc00a90960c652788201d67b1c9aad66a,1064,false,965,generic_html,,,школа/детский сад,,
1.0,https://zorkanews.by/04092026/17-sentyabrya-1939-goda-den-kotoryj-vernul-belorusam-zemlyu-yazyk-i-budushhee,Чырвоная зорка,Минская область,2026-09-04T09:40:22+00:00,homepage,"17 сентября 1939 года: день, который вернул белорусам землю, язык и будущее - 04.09.2026",REJECT,relevance_rejected,needs_text,нет связки социальной темы и проблемы,"TITLE: 17 сентября 1939 года: день, который вернул белорусам землю, язык и будущее - 04.09.2026
TEXT: В календаре государственных праздников Беларуси сравнительно недавно появилась дата, которая быстро стала одной из ключевых. День народного единства, учреждённый в 2021 году, не привязан к громкому юбилею или военной победе в привычном смысле. Его смысл глубже: это день, когда белорусская нация, разделённая границей почти на два десятилетия, снова стала единой. Чтобы понять, почему 17 сентября имеет для Беларуси такое значение, нужно вернуться к 1921 году. Рижский мирный договор , подведший черту под советско-польской войной, разделил белорусские земли на две части. Западная Белоруссия отошла к Польше, Восточная — к БССР. Следующие восемнадцать лет для западных белорусов стали временем национального угнетения . Польские власти рассматривали эти территории как аграрный придаток: крестьяне работали на износ, многие жили в крайней нужде. В фольклоре того времени хлеб делили на три сорта — «белый, чёрный и никакой». Проводилась политика полонизации : закрывались белорусские школы и издания, ограничивалось использование родного языка, на активистов и православное духовенство оказывалось судебное и полицейское давление. Многим пришлось пройти через стены Березы-Картузской . Около 10 тысяч заключённых сидели в карцерах, терпели побои и унижение польских надзирателей. В это же время простые сельчане мечтали о том, без чего сейчас невозможно представить жизнь белоруса. О своей земле, хлебе на столе, родном языке в школах, возможности трудиться и зарабатывать. Цифра в 10 тысяч узников — только один из эпизодов репрессивной системы. За ней стоят реальные люди, которые платили свободой за желание говорить на родном языке и жить на своей земле. Освободительный поход Красной Армии в сентябре 1939 года положил конец польскому господству на этих территориях. Западная и Восточная Белоруссия воссоединились. Миллионы людей получили возможность жить в едином государстве, говорить на родном языке, учиться в белорусских школах и строить общее будущее. Это событие сложно переоценить. Разделение нации по искусственной границе на восемнадцать лет могло иметь необратимые последствия — ассимиляция, утрата языка, размывание национальной идентичности. Воссоединение вернуло белорусам целостность. В суверенной Беларуси идея учреждения Дня народного единства впервые прозвучала на шестом Всебелорусском народном собрании , которое прошло под лозунгом «Единство. Развитие. Независимость». Это не случайность: в условиях, когда национальная идентичность и суверенитет вновь стали предметом общественной дискуссии, государство сочло нужным закрепить в календаре дату, которая связывает историческую память с современностью. Функция праздника — преемственность поколений и напоминание о том, что единство нации не гарантировано само по себе. Оно было завоёвано — и об этом говорят не только документы, но и семейные истории. День народного единства — это повод задуматься о том, что территориальная и культурная целостность белорусской нации — результат усилий тех, кто сопротивлялся полонизации, сидел в тюрьмах за родной язык и дождался воссоединения. И задача нынешних поколений — не растерять то, что было построено на этом фундаменте.",2378eece2ccf5f22be0dc3cd34577fa549ce952ef6bbcf9332caa0c733c26e71,3245,false,3143,generic_html,,,,,
1.0,https://zorkanews.by/04092026/brusnika-v-tope-zhiteli-uzdenshhiny-delyatsya-kadrami-iz-lesa,Чырвоная зорка,Минская область,2026-09-04T08:26:02+00:00,homepage,Брусника в топе: жители Узденщины делятся кадрами из леса - 04.09.2026,REJECT,relevance_rejected,needs_text,нет связки социальной темы и проблемы,"TITLE: Брусника в топе: жители Узденщины делятся кадрами из леса - 04.09.2026
TEXT: На Узденщине вовсю идет сезон «тихой охоты» за ягодами. Брусника, которую по праву называют «ягодой бессмертия», поспела в лесах. Местные жители активно делятся в социальных сетях снимками своих «уловов» и рецептами. Наталья Былина из Узды предпочитает собирать ягоду своими руками. Для нее брусника – это не просто лесной урожай, а основа для кулинарных шедевров. Из собранных ягод Наталья варит ароматное варенье и готовит изысканные соусы к мясу, превращая привычные блюда в праздничные. Наталья Кошелевич тоже из райцентра не представляет жизни без лесных прогулок, но любит совмещать приятное с полезным. Глядя на землю, усыпанную красной россыпью спелой брусники, она отмечает, что это настоящее загляденье. Кроме эстетического удовольствия, Наталья прекрасно знает и о лечебной пользе ягоды, которая помогает укрепить здоровье, и самого растения. Для стабилизации сахара в крови : 1 ч. л. листьев брусники, лавровый лист, 200 мл горячей воды. Настоять 15 минут. Пить один раз в день через 20 минут после еды. Для снижения давления : 1 ст. л листьев брусники, 1 ч.л. мелисы, 300 мл горячей воды. Настоять 15 минут. Пить два раза в день по 100 мл после еды. А вот Валентина Шераш из Узды собирает бруснику для самых дорогих людей – своих внуков и детей. Она делает из ягоды вкусные заготовки, чтобы радовать родных зимой. Женщина уверена: то, что сделано с любовью, – это не только вкусно, но и полезно. Сестры Ирина и Лилия из Толкачевичей щедро делятся урожаем. Они собирают ароматную бруснику не только для своей семьи, но и для других, даря частичку летнего тепла и здоровья окружающим. Особое внимание Лилия Лаврентьевна обращает на полезные свойства ягод. – Мы часто забываем о том, что растёт у нас под ногами. А ведь брусника – это природное лекарство, – говорит она. – Если регулярно есть её или пить морс, давление приходит в норму. И никакие таблетки не нужны. В этом году брусника, действительно, радует своим изобилием. Напоминаем, что сезон сбора ягоды в области официально открыт с 14 августа, так что у всех желающих еще есть время отправиться в лес за этой ценной кладовой витаминов.",7ec1ad570e7679210fc94ab03c8b4cfad72ac88cc61b8eafe6918a6efe4f65e9,2189,false,2105,generic_html,,,,,
1.0,https://t.me/esoligorsk/29705,Электронный Солигорск,Минская область,2026-09-04T08:21:17+00:00,telegram:https://t.me/s/esoligorsk,Государственному лесохозяйственному учреждению «Старобинский лесхоз» на постоянную работу требуется навальщик-свальщик лесоматериалов.,REJECT,relevance_rejected,needs_text,нет связки социальной темы и проблемы,"TITLE: Государственному лесохозяйственному учреждению «Старобинский лесхоз» на постоянную работу требуется навальщик-свальщик лесоматериалов.
TEXT: 🌲 Государственному лесохозяйственному учреждению «Старобинский лесхоз» на постоянную работу требуется навальщик-свальщик лесоматериалов. ▪️ Заработная плата от 2 400 до 3 500 бел.руб. Вопросы по телефонам: 📲 +375 44 599 59 28 — мастер погрузочно-разгрузочных работ; 📲 +375 174 24 50 98 — отдел кадров. Подробнее по ссылке",e7bc529726957f52c13cc3e9c0c4269bc2bec03a36bf3bf7c1df7a9c69dcc89d,469,false,321,inline_text,,,труд/оплата труда,,
1.0,https://t.me/esoligorsk/29706,Электронный Солигорск,Минская область,2026-09-04T09:03:12+00:00,telegram:https://t.me/s/esoligorsk,От грузового транспорта до комфортабельных автобусов: история развития городского транспорта в Солигорске,REJECT,relevance_rejected,possible,нет связки социальной темы и проблемы,"TITLE: От грузового транспорта до комфортабельных автобусов: история развития городского транспорта в Солигорске
TEXT: От грузового транспорта до комфортабельных автобусов: история развития городского транспорта в Солигорске Эта история о том, как развивался городской транспорт Солигорска. Началось всё в конце 50-х, когда в деревенском поле был заложен первый символический камень нового города. Тогда не было ни вокзалов, ни автобусных маршрутов, - люди добирались на стройку пешком или в грузовиках. Но город рос с каждым годом: появились первые автобусы, экспрессы, талонная оплата, а позже - современный вокзал и централизованная продажа билетов. Переходите на сайт - там все подробно 🔥 Все обьявления Cолигорска",5e8e6a684c903db67841dcbcedc69e70c18a5b9e8af5bbfc08eb14f31431bf12,718,false,599,inline_text,Минская область,Солигорск,общественный транспорт,,
1.0,https://t.me/esoligorsk/29707,Электронный Солигорск,Минская область,2026-09-04T09:51:14+00:00,telegram:https://t.me/s/esoligorsk,Скрининг образований кожи — когда каждый миллиметр под контролем!,REJECT,relevance_rejected,needs_text,нет связки социальной темы и проблемы,"TITLE: Скрининг образований кожи — когда каждый миллиметр под контролем!
TEXT: 🔥 Скрининг образований кожи — когда каждый миллиметр под контролем! 🔥 👆 В медицинском центре «Приватный Лекарь» осмотр происходит с помощью профессионального дерматоскопа DermLite DL 5 plus — это золотой стандарт точности в диагностике образований кожи. Что входит: ✅ осмотр всех новообразований (родинки, папилломы, подозрительные участки); ✅ оценка структуры и рисков; ✅ рекомендации по наблюдению или удалению. ⏱️ Длительность процедуры: 30 мину. Безопасность вашей кожи — «Приватного Лекаря» задача! Контактные телефоны: ☎️ +375 174 33 33 77 или 📲 +375 29 105-66-22 А1 Режим работы: Пн-пт: 07:00-20:00 Сб: 08:00-19:00 Вс: 9:00-18:00 Инстаграм 📍 Адрес: Солигорск, ул. Октябрьская 48 🥰 Медицинскому центру «Приватный Лекарь» доверяют самое ценное! 🥰",25d24c82be322f949445518ca96ad9df2aa79800c0032cd0451d98a61623bf02,830,false,751,inline_text,Минская область,Солигорск,медицина,опасность/безопасность,солигорск|healthcare|safety
1.0,https://m-media.storage.googleapis.com/index.html?p=141158.html,M-Media архив,Могилёвская область,,homepage,Mogilev.media — незалежнае выданне пра Магілёў,REJECT,relevance_rejected,needs_text,нет связки социальной темы и проблемы,"TITLE: Mogilev.media — незалежнае выданне пра Магілёў
TEXT: Жніво без ураджайнасці, кадры без чахарды: пра што Ісачанка далажыў Лукашэнку 3 верасня, 2026 Масавая ўборка збожжавых на Магілёўшчыне завершана – пра гэта старшыня аблвыканкама Анатоль Ісачанка далажыў Лукашэнку. У дакладзе ёсць гектары і працэнты: застаецца ўбраць каля 1,8 тысячы гектараў позняспелай пшаніцы, кукуруза...",7bdb189af86e71b1d07d06738f834d2ea66221867661e6f4ed3a1e6b3d43a86b,384,false,324,generic_html,Могилевская область,Могилев,,,
1.0,https://m-media.storage.googleapis.com/index.html?p=141164.html,M-Media архив,Могилёвская область,,homepage,Mogilev.media — незалежнае выданне пра Магілёў,REJECT,relevance_rejected,needs_text,нет связки социальной темы и проблемы,"TITLE: Mogilev.media — незалежнае выданне пра Магілёў
TEXT: Жніво без ураджайнасці, кадры без чахарды: пра што Ісачанка далажыў Лукашэнку 3 верасня, 2026 Масавая ўборка збожжавых на Магілёўшчыне завершана – пра гэта старшыня аблвыканкама Анатоль Ісачанка далажыў Лукашэнку. У дакладзе ёсць гектары і працэнты: застаецца ўбраць каля 1,8 тысячы гектараў позняспелай пшаніцы, кукуруза...",7bdb189af86e71b1d07d06738f834d2ea66221867661e6f4ed3a1e6b3d43a86b,384,false,324,generic_html,Могилевская область,Могилев,,,
1.0,https://masheka.by/history_mogilev/4536-istorija-mogileva-zaschitnikov-otechestva-chtim-no-s-oshibkami.html,MASHEKA,Могилёвская область,,homepage,"История Могилева: защитников отечества чтим, но с ошибками » MASHEKA - информационный портал Могилёва. Новости Могилева, интервью с могилевчанами",REJECT,relevance_rejected,needs_text,нет связки социальной темы и проблемы,"TITLE: История Могилева: защитников отечества чтим, но с ошибками » MASHEKA - информационный портал Могилёва. Новости Могилева, интервью с могилевчанами
TEXT: Продолжим исследование мемориала на проспекте Шмидта в Могилеве . Воины захороненные здесь подразделяются на три категории: военнопленные, участники обороны Могилева в 1941 году и участники освобождения Могилева в 1944 году. Как гласит паспорт, захоронено 183 военнопленных, это те, кто попал в плен находясь тяжелораненым в военных госпиталях и умер от ран. Имена известны лишь потому, что сохранились записи ЗАГС времен оккупации. Можно предположить, что все эти люди – участники обороны Могилева. Известно, что в момент захвата Могилева гитлеровцами, в госпиталях находилось около четырех тысяч раненых, в большинстве тяжело. Правда, медсестра, которая работала в госпитале военнопленных, утверждает, что умерших хоронили на городском кладбище. Памятник на братской могиле воинов погибших при освобождении Могилева. С него и начался мемориал по пр.Шмидта Вызывает вопросы и список солдат и офицеров убитых в ходе освобождения Могилева. В перечне 37 человек и по неизвестной причине из разных подразделений. Из списков безвозвратных потерь следует, что эти люди были захоронены в разных местах и ни один из них в районе Луполово или на территории аэродрома, где сейчас расположен мемориал. И это вполне объяснимо: немцы не стали оборонять Луполово, а отошли за Днепр после чего взорвали мост. Получается, что эта братская могила – результат послевоенного перезахоронения из одиночных могил. Но тогда должны где-то в архивах сохраниться соответствующие документы. Странно только, что выбрали такое пустынное в то время место. Но самое удивительное – это список бойцов и командиров, павших при обороне Могилева. В нем 49 фамилий. Кто читал книгу «Солдатами были все», может убедиться, что эти имена в списке совпадают с именами упомянутых в книге участников обороны города. Все они по данным архива Министерства обороны СССР, а теперь РФ, числятся как пропавшие без вести. В списке три военных врача 172-й стрелковой дивизии - Кузнецов, Паршин и Пашанин. Они не погибли в июле 1941 года при обороне Могилева, а были казнены немцами 17 ноября 1941 года на Советской площади как подпольщики. Военный врач Кисилев К.Н был переправлен в 1942 году из Могилева в партизаны, в одном из боев был схвачен карателями и казнен. Командир артиллерийского полка полковник Живолуп И.Ф. погиб по показаниям свидетелей в бою на Минском шоссе. Капитан Петр Антоневич, начальник штаба 340-го артполка. Пропал без вести при обороне Могилева в июле 1941 года В списке из 49 имен, 23 взяты из записей писателя К.Симонова по итогам посещения района боев 388-го стрелкового полка и 340- го легкоартиллерийского полка. А попали они в записную книжку писателя лишь потому, что отличились в боях. И все числятся пропавшими без вести. Кстати авторы паспорта поленились внимательно прочитать книгу «Солдатами были все». Там они нашли бы много имен военнослужащих действительно погибших при обороне Могилева. Впрочем, они даже то, что нашли, не сумели без ошибок переписать. В результате лейтенант Рихтер стал Рихтором, красноармеец Амракулов - Амракушевым, сержант Тарасевич – Тарасовичем, политрук Бордун – Бородуном, политрук Макушкин – Макушиным. А похороненный на пр.Шмидта лейтенант Михаил Возгрин вообще оказался жив, выстоял в плену и даже приезжал в Могилев после войны. Лейтенант Михаил Возгрин, командир батареи 340-го артполка. Попал в плен при обороне Могилева в июле 1941 года Многим могилевчанам знакомо имя командира 388-го стрелкового полка полковника Кутепова С.Ф. В честь его даже названа одна из улиц в Могилеве. Что с ним случилось в последний день обороны города, никто точно не знает. То ли его убили диверсанты, то ли он попал в плен и потом бежал к партизанам. Официально он числится пропавшим без вести. А вот в Могилеве его похоронили дважды. Один раз на пр.Шмидта, а другой – на Буйничском поле. Об этом нас информирует «Объединенный банк данных защитников отечества, погибших и захороненных на территории Могилевской области в годы Великой отечественной войны (1941-1945)». Есть ещё один вариант. В книге «Память Могилев» на стр. 303 можно узнать, что полковник Кутепов погиб в бою 12 июля 1941 года и похоронен возле д.Тишовка. Только вот официально такого захоронения не существовало в 1998 году, когда появилась книга, не существует оно и в наши дни. Полковник Семен Кутепов, командир 388-го стрелкового полка.Пропал без вести при обороне Могилева в июле 1941 года Кстати, «повезло» не только полковнику. Военврач 3-го ранга из состава медсанбата 172-й стрелковой дивизии Пашанин Федор Ионович тоже оказался в двух братских могилах: на пр.Шмидта и на Буйничском поле. Хотя, как уже отмечалось выше, был казнен в ноябре 1941 года. Да, паспорта на воинские захоронения оформлялись в 1990 году. Страна разваливалась, а тут какие-то паспорта. Работу выполнили, но тяп-ляп, лишь бы отчитаться перед начальством и поставить галочку. Прошло тридцать лет, давно живем в другой стране. Было время пересмотреть паспорта, устранить ошибки, добавить новую информацию. Но оказывается это никому не надо. Гораздо проще прочесть очередную пафосную речь на очередном мероприятии перед зевающими от скуки слушателями. Леонид Плоткин , специально для сайта masheka.by",740603b660279df41fac261ee49f8e63b601099f3dca1627d788081c49455048,5310,false,5151,source_specific,Могилевская область,Могилев,кладбище/мемориал,,
1.0,https://masheka.by/history_mogilev/7611-istorija-mogileva-progulka-na-teplohode-po-dnepru.html,MASHEKA,Могилёвская область,,homepage,"История Могилева: прогулка на теплоходе по Днепру » MASHEKA - информационный портал Могилёва. Новости Могилева, интервью с могилевчанами",REJECT,relevance_rejected,needs_text,нет связки социальной темы и проблемы,"TITLE: История Могилева: прогулка на теплоходе по Днепру » MASHEKA - информационный портал Могилёва. Новости Могилева, интервью с могилевчанами
TEXT: В середине 50-х годов прошлого века в Могилеве развлечений было немного. Особенно зимой. А вот летом оживал парк им.Горького с его танцплощадкой и летним кинотеатром. В солнечные дни многолюдно было на городских пляжах. Новинкой для Могилева стали прогулки на теплоходе по Днепру пользовавшиеся большой популярностью. Теплоход ходил по маршруту Могилев - Любуж. Могилев. Днепр. 50-е годы ХХ-го века. Судя по этому фото, теплоход плывет в сторону Буйничи. В популярной песне Ю.Антонова белый теплоход тихо отчаливает от шумной пристани. Белый теплоход в Могилеве был, а вот пристани не наблюдалось. Это уже в этом веке на Днепре построили причал на левом берегу, хотя с давних времен все суда в Могилеве швартовались к правому берегу. В 50-е годы всё было проще: теплоход подходил прямо к берегу, глушил двигатель, матросы перебрасывали на берег узкий деревянный трап и по нему не спеша пассажиры перебирались на судно. Случилось и мне один раз прокатиться на этом теплоходе. В конце мая, перед окончанием учебного года наша учительница решила вывезти класс на природу. И вот мы поперлись пешком через весь город на Днепр. Теплоход уже ждал нас. Мы погрузились и теплоход, развернувшись на 180 градусов, поплыл на север в сторону Любужа. Всё плавание заняло 20-25 минут. Полдня мы провели, отбиваясь от комаров, на сыром, не просохшем после весеннего паводка лугу. Потом ещё попали под майский ливень. Теплоход за нами почему-то не приплыл и пришлось добираться до Могилева на попутках. Но для нас, четвероклассников, такое короткое, но необычное путешествие было большим событием и запомнилось на всю жизнь. Могилев. 50-е годы ХХ-го века. Прогулочный теплоход на Днепре. Фото из семейного архива Г.Свидерского (г.Минск) На фото мы видим столпотворение на верхней палубе, пассажиры не торопятся спуститься вниз, где их ждут сидения. Нет, лучше уж постоять вверху, откуда хорошо наблюдать проплывающие мимо берега. На фото видно, что теплоход не имеет названия. Такое в те времена случалось часто. По фото можно также определить, что это прогулочный теплоход типа «Москвич» проекта 544. Подобные суда выпускались долгое время на многих предприятиях, в том числе и в Бобруйске на судоремонтном заводе. Причем в мелководном варианте специально для рек Беларуси. Теплоход, а его ещё называли речной трамвай, вмещал 130 пассажиров, имел скорость хода 17-20 км в час. Экипаж состоял из двух человек. Леонид Плоткин , специально для сайта Masheka.by",5095e5f7a39bedadd943577e30a7da77426852919103d54c2a754ee8c61c3ee3,2591,false,2441,source_specific,Могилевская область,Могилев,река/озеро/берег,,
1.0,https://masheka.by/mogilev/18325-kak-prazdnovali-novyj-god-v-mogileve-v-nachale-hh-go-veka.html,MASHEKA,Могилёвская область,,homepage,"Как праздновали Новый год в Могилеве в начале ХХ-го века » MASHEKA - информационный портал Могилёва. Новости Могилева, интервью с могилевчанами",REJECT,relevance_rejected,needs_text,нет связки социальной темы и проблемы,"TITLE: Как праздновали Новый год в Могилеве в начале ХХ-го века » MASHEKA - информационный портал Могилёва. Новости Могилева, интервью с могилевчанами
TEXT: Новый год в Могилеве праздновали примерно также,как и сейчас,но только с меньшим размахом. Покупались подарки и елочные украшения.Если в наше время для детей проводятся новогодние утренники,то в 1904 году в Могилеве устраивались новогодние вечера.Ниже несколько объявлений в газете «Могилевские губернские ведомости» за последние дни декабря. Леонид Плоткин,специально для сайта masheka.by",35880d106c111fcf3b80e08c31324edf0158d55440db965bb7da4814c460d675,546,false,389,source_specific,Могилевская область,Могилев,,,
1.0,https://masheka.by/mogilevchane/1609-tatyana-kozlovskaya-associaciya-predprinimateley-mogileva.html,MASHEKA,Могилёвская область,,homepage,"Татьяна Козловская - Ассоциация предпринимателей Могилева » MASHEKA - информационный портал Могилёва. Новости Могилева, интервью с могилевчанами",REJECT,relevance_rejected,needs_text,нет связки социальной темы и проблемы,"TITLE: Татьяна Козловская - Ассоциация предпринимателей Могилева » MASHEKA - информационный портал Могилёва. Новости Могилева, интервью с могилевчанами
TEXT: В Могилеве существует довольно много сообществ, которые помогают решать те или иные проблемы. Однако к большому сожалению, мы мало о них знаем. И сегодня мы бы хотели рассказать об одном из подобных объединений - Ассоциации предпринимателей Могилева. А поможет нам в этом председатель объединения - Татьяна Козловская. Здравствуйте, Татьяна. Первым делом, попрошу Вас рассказать немного о себе. Чем занимаетесь, что Вас связывает с Могилевом? Здравствуйте, Юрий. Я коренная могилевчанка, индивидуальный предприниматель. Основной вид деятельности – оказание бухгалтерских, информационных и консультационных услуг. Сначала я работала главным бухгалтером на крупных предприятиях. Потом решила стать индивидуальным предпринимателем в этой сфере. Люблю Могилев и рада делать все возможное для его развития. Спасибо. Давайте теперь поговорим об Ассоциации предпринимателей Могилева. Что из себя представляет данное объединение и какое у него официальное название? Организация называется «Общественное объединение предпринимателей Могилевской области», но если кратко – то это бизнес ассоциация. Она была создана в 2003 году довольно крупными предпринимателями. Однако в силу занятости в своих сферах, заниматься им не было времени. Я пришла в объединение в 2004 году и активно включилась в его работу. Ассоциация занимается оказанием информационных, консультационных услуг. Организацией семинаров, встреч. Но главное с чем мы себя позиционируем – это помощь и защита бизнеса. К нам часто приходят с актами проверок, мы их рассматриваем, смотрим есть ли действительно какие-то основания для штрафов, помогаем с оформлением соответствующей документации. Для членов ассоциации вся эта помощь оказывается бесплатно. Получается ассоциации предпринимателей Могилева уже 15 лет. А сколько на данный момент участников она в себя включает? Это в основном представители бизнеса в Могилеве или из других регионов тоже есть участники? На данный момент количество постоянных участников около 40 человек. Хотя людей «при объединении» гораздо больше - около 200. Проблема в том, что про взносы они вспоминают только тогда, когда начинаются проверки и нужна наша помощь. Также они могут принимать участие в наших мероприятиях, как правило, за символическую плату. Однако сейчас у нас разрабатывается новая стратегия объединения и работу с такими людьми мы будем прекращать. Раз уж мы затронули тему взносов, можете рассказать сколько составляет годовой взнос участника ассоциации и как вообще можно стать участником объединения? Стать очень просто. Достаточно написать заявление о вступлении, написать свою мотивацию и заполнить небольшую информационную анкету. Членский взнос составляет 100 долларов в год по курсу нацбанка на дату оплаты. Татьяна, есть ли возможности у ассоциации предпринимателей Могилева решать вопросы на более высоком уровне? Например, вносить какие-нибудь предложения по изменению в законодательстве в сторону улучшения работы предпринимателей или деятельность ограничивается индивидуальной помощью участникам ассоциации при различного рода проверках? Да, лоббирование интересов бизнеса тоже часть работы нашей ассоциации, и мы стараемся работать над улучшением бизнес климата. Люди, которые разрабатывают нормативные документы, как правило, далеки от реальной работы бизнеса. И если появляются какие-то неправомерные решения – мы собираем все заинтересованные стороны, разбираем проблему, пишем обращения в соответствующие инстанции и помогаем ее решить. Сейчас, например, мы решили вопрос по поводу санстанций. Также решили проблему с грузоперевозчиками, которые раньше штрафовались на сумму перевозимого груза. Были случаи, когда при успешном взаимодействии с другими организациями, например, с республиканской конфедерацией предпринимательства, мы совместно решали вопросы и на законодательном республиканском уровне. А вот недавно были резонансные изменения в законодательстве в области междугородных перевозок. Насколько я понял, там были сильно затронуты интересы частных перевозчиков. Вы как-то реагировали на это? Это первый случай, когда мы не вмешиваемся. Дело в том, что к нам маршрутчики не обращались. У них есть свое объединение, которое занимается вопросами перевозок. Дело в том, что, когда к нам не обращаются, мы не имеем право что-либо делать. Мы можем обращаться только от лица членов нашей ассоциации. Хотя, конечно, мы возмущены, что вводятся такие законодательные акты, которые прежде всего предусматривают интересы государственных перевозчиков. Здесь самое главное, чтобы учитывались интересы пассажиров. Я сама часто пользуюсь услугами междугородных маршруток и это, действительно, удобно, когда можно позвонить и договориться о месте и времени выезда. Татьяна, можете поделиться планами дальнейшего развития ассоциации? Сейчас мы планируем сделать упор на популяризацию ассоциации. Показать людям, чем мы занимаемся и как мы это делаем. Также сейчас рассматриваем варианты развития дисконтной системы между участниками ассоциации. Но в любом случае, нужно помнить, что наша ассоциация, как и любые другие общественные объединения, создана не для заработка, а для совместного решения проблем. Кстати, а с какими проблемами Вы сталкиваетесь внутри объединения? Основная проблема – это потребительское отношение. «А что я от этого получу?», «А давайте вы сначала мне поможете, а я потом заплачу взносы», или «решите мою проблему, а потом я вступлю в организацию». Но потом, когда мы уже решаем проблему появляются другие вопросы – «а зачем мне вступать в ассоциацию, если проблема уже решена?». Я считаю это неправильно, поэтому мы будем, скорее всего, использовать более прагматичный подход. Да, это справедливо. И в заключение последний традиционный вопрос – что бы Вы пожелали читателям нашего портала и могилевчанам, особенно тем, у которых есть бизнес? Всем читателям портала, конечно же, здоровья и удачи. А вот тем, кто имеет свой бизнес или планирует его создавать, хотелось бы пожелать больше успешных стартов, плодотворной работы без проблем и штрафов. Для этого приглашаю, приходите к нам, и мы попытаемся помочь на любом уровне создания и развития вашего бизнеса. С нами работают высококвалифицированные специалисты, к которым с любыми вопросами можно обратиться и получить квалифицированную помощь. Наша сила – в нашем объединении для совместного решения проблем бизнеса. Спасибо огромное, что уделили время. Со своей стороны, хочу пожелать успешного развития ассоциации предпринимателей Могилева и побольше активных и интересных участников! Вниманию читателей: если Вы хотите вступить в ряды ассоциации предпринимателей Могилева или уточнить любые вопросы, связанные с ее работой - смело звоните по следующим телефонам. +375 29 745-10-45 +375 29 345-10-45 E-mail: oopmo@list.ru Сайт: klubip.by Юрий Ретроман , специально для портала Masheka.by Фотографии предоставлены ассоциацией предпринимателей Могилева.",c518082ae9655ca787d6aa93de2aa026909d215f9ffd0e6012caeeace33f3bea,7005,false,6847,source_specific,Могилевская область,Могилев,река/озеро/берег,,
1.0,https://masheka.by/mogilevchane/182-cvety-v-mogileve-intervyu-s-tatyanoy-aleksandrovnoy-ogorodnikovoy.html,MASHEKA,Могилёвская область,,homepage,"Татьяна Огородникова. Цветы в Могилеве » MASHEKA - информационный портал Могилёва. Новости Могилева, интервью с могилевчанами",REJECT,relevance_rejected,needs_text,нет связки социальной темы и проблемы,"TITLE: Татьяна Огородникова. Цветы в Могилеве » MASHEKA - информационный портал Могилёва. Новости Могилева, интервью с могилевчанами
TEXT: Домашние цветы и растения вносят в нашу жизнь красоту, разнообразие и гармонию. Всегда приятно в холодный зимний день насладиться красотой живых цветов, а уход за ними отвлекает от городской суеты и бытовых проблем. Многие могилевчане занимаются разведением цветов, однако среди жителей нашего города есть люди, для которых данное занятие не просто хобби. Сегодня мы побеседуем с Татьяной Александровной Огородниковой, в коллекции которой находится около 400 сортов домашних цветов. Здравствуйте, Татьяна Александровна. По традиции начнем наше интервью с представления. Расскажите немного о себе, о своих увлечениях. Добрый день. Как видите, на сегодняшний день, моим основным увлечением являются мои дети и цветы. Хотя не всегда было так. Я закончила БГПУ в Минске, некоторое время работала за границей, потом получала второе высшее образование . На тот момент я не видела себя цветоводом. Хотелось путешествовать, смотреть мир. Однако родилась дочь Анна и через два года сын Иван. Декретный отпуск затянулся на 6 лет. Как раз на этот период и приходится начало моего коллекционирования сенполий. Почему Вы решили заняться разведением цветов? Любовь к цветам у Вас была с детства или это увлечение возникло недавно? С чего все началось? Особой любви с детства к цветам я не испытывала. Были другие увлечения и интересы. Все началось с покупки обычной голландской фиалки в цветочном магазине. Потом заметила другую фиалку по цвету и форме цветка купила и ее. Потом стала целенаправленно искать фиалки хоть чуть-чуть отличающиеся друг от друга. На тот момент я еще не представляла, какое многообразие сортов существует в мире сенполий. На сегодняшний день в нашей коллекции порядка 400 сортов. Последнее время мы стали уделять особое внимание химерным сортам сенполий. И пополнять коллекцию эксклюзивными сортами, которые не передаются при размножении листовым черенком. Скажите, Татьяна, почему особое внимание Вы уделяете именно фиалкам? Может быть, есть какая-то интересная история, связанная с этим или это просто Ваши любимые цветы? Я не сразу выделила для себя фиалку из всех растений. Изначально было много и других цветов в нашем доме. Однако постепенно фиалки вытеснили и хлорофитум и кактусы и сансевьерию. У фиалок много преимуществ перед другими комнатными растениями – это и неприхотливость и компактность и многообразие сортов - сейчас в мире зарегистрировано более восьми тысяч сортов - что способствует коллекционированию, и декоративность и способность цвести практически весь год. Особая черта фиалок – их гипоаллергенность . Они не пахнут и не переопыляются. Что особо важно если в доме есть ребенок или человек страдающий от аллергии. Фиалки прекрасно размножается черенками и это способствует их активному распостронению. Нашим читателям будет интересно узнать, насколько могилевчане интересуются цветами. Проводятся ли в городе какие-нибудь цветочные выставки и вообще как Вы оцениваете развитие цветочного рынка в Могилеве? Я думаю, почти в каждом доме можно найти несколько различных растений, в том числе и фиалки. Все любят цветы. Это оживляет интерьер. На работе создает более уютную атмосферу. Помогает расслабиться, отвлечься. Цветы способны сблизить сотрудников и соседей. Что касается выставок, то это достаточно сложный организационный процесс. Я сама проводила пару выставок в Могилеве. Мне хотелось показать сортовое многообразие этих растений. Какие они могут быть и как могут выглядеть если за ними правильно ухаживать. Честно говоря, меня порадовала реакция посетителей. Многие из них даже не верили что цветы настоящие. Переспрашивали, трогали листву. Рассказывали о своих цветах и их проблемах. Некоторые впервые узнали, что у каждого сорта есть свое официально зарегистрированное название. В Могилеве много цветочных магазинов. На цветы всегда есть спрос. Как на срезанные, так и на горшечные. Это прекрасный подарок по поводу и без повода . Однако минусы больших магазинов по продаже горшечных растений очевидны. Там продают массу различных цветов, и порой, продавец не имеет даже общего представления о продаваемом им растении. Он не в состоянии дать правильную рекомендацию покупателю. А это очень важно. Особенно если хочешь, чтобы растение и дальше росло и радовало тебя и твоих близких. Да и специфика массового выгона растений несколько иная чем у коллекционеров. Так для массовой реализации при помощи стимуляторов и перекорма удобрениями - получают прекрасные, цветущие шапочкой растения, но «одноразовые». Стимуляторы и неконтролируемые подкормки истощают цветок очень быстро и на выходе цветы просто сгорают. Какие бы полезные советы Вы бы могли дать людям, которые решили заняться разведением фиалок? С какими возможными проблемами они могут столкнуться? Прежде всего, если Вы решили заняться разведением фиалок , надо отдавать себе отчет, что здесь нельзя действовать по алгоритму. Тут посадил, тут полил. Их надо любить и понимать. Цветы очень чувствительны к настроению и отношению человека, который за ними ухаживает. У каждой фиалки свои потребности – кто-то любит солнце, кто-то тень, одну надо поливать чаще другую реже. Очень хорошо было бы понять природу и строение этого растения. Тогда и ухаживать за ними будет легче. Не экономьте на посадочном материале – это залог Вашего успеха. Черенок со слабой больной фиалки не даст хорошего результата. Да и опасность заражения всей Вашей коллекции различными болезнями возрастает. Покупайте качественный грунт, удобрения. Любите Ваши растения и они порадуют Вас ярким и длительным цветением. В заключении, наша традиционная рубрика – пожелания. Что бы Вы хотели пожелать читателям нашего портала и жителям Могилева? Любите себя и своих близких. Учитесь получать радость и удовольствие от своей жизни. Цените свое время. Удачи Вам и Процветания. Спасибо за интервью, мы также желаем Вам удачи и пополнения коллекции новыми сортами цветов, которые бы радовали Вас и Ваших близких! Юрий Ретроман , специально для портала masheka.by",109b644d8dcb5668a551e3562c104a687330a1530bf8f9524bb53f092571ea85,6072,false,5933,source_specific,Могилевская область,Могилев,,,
1.0,https://t.me/MAYDAYMog/6074,MAYDAY TEAM,Могилёвская область,2026-09-04T09:03:17+00:00,telegram:https://t.me/s/MAYDAYMog,Начальником ивацевичской исправительной колонии №22 “Волчьи норы” назначили офицера из Новосадов,REJECT,relevance_rejected,needs_text,нет связки социальной темы и проблемы,"TITLE: Начальником ивацевичской исправительной колонии №22 “Волчьи норы” назначили офицера из Новосадов
TEXT: 👮 Начальником ивацевичской исправительной колонии №22 “Волчьи норы” назначили офицера из Новосадов . 🔻 С 1 сентября начальником ИК-22 стал Дмитрий Нестерович , который ранее в звании подполковника внутренней службы работал в ИК-14 строгого режима в Борисовском районе (д. Новосады) заместителем начальника по исправительному процессу. В Новосадах Дмитрий Нестерович курировал проекты дистанционных богословских курсов для заключённых и видеоконференций между осуждёнными и их детьми - совместно с Борисовской библиотекой – в рамках которых узники читали малышам книги. Также он организовывал видеостримы для школьников, на которых осуждённые за наркопреступления предупреждали подростков о последствиях наркомании. 📍 Напомним, прежний начальник ИК-22 Виктор Свирид 24 июля с почестями был отправлен на пенсию по достижении 50-летнего возраста. Временно выполнял обязанности начальника один из его замов Александр Шелест , но он не был утверждён в должности.",4350106e97ba700eadc14aa919e20646a05c63a053dccf4134af26dd58780a35,1067,false,957,inline_text,Брестская область,Ивацевичи,,,
1.0,https://bobr.by/news/newscompany/198671,Вечерний Бобруйск,Могилёвская область,2026-09-04T08:19:45+00:00,homepage,«Бобруйскагромаш» расширяет сотрудничество с Ганой,REJECT,relevance_rejected,needs_text,нет связки социальной темы и проблемы,"TITLE: «Бобруйскагромаш» расширяет сотрудничество с Ганой
TEXT: 3 сентября &amp;laquo;Бобруйскагромаш&amp;raquo; посетили представители компании &amp;laquo;Ghana Heavy Equipment Limited&amp;raquo; из Республики Гана. Гостям были продемонстрированы производственные мощности, а также выпускаемая холдингом линейка сельскохозяйственной техники. В ходе проведенных переговоров, под руководством генерального директора Олега Корсака, были намечены направления двустороннего взаимодействия, определена номенклатура и условия поставок белорусской техники в африканский регион. Отметим, что &amp;laquo;Бобруйскагромаш&amp;raquo; ранее поставлял в Гану бороны полунавесные тяжелые дисковые. Местные фермеры высоко оценили ее функциональность по эффективной и быстрой подготовке почвы к посеву, снижая время и затраты на обработку. bobruiskagromach.com",5b29d708698a7f6e8556418c8fb0d3d4c691b85cf9888a8f8d17527d66716c41,843,false,779,json_ld,Могилевская область,Бобруйск,,,
1.0,https://bobr.by/news/newscompany/198672,Вечерний Бобруйск,Могилёвская область,2026-09-04T08:31:19+00:00,homepage,Делегация из Объединенной Республики Танзания на «Бобруйскагромаш»,REJECT,relevance_rejected,needs_text,нет связки социальной темы и проблемы,"TITLE: Делегация из Объединенной Республики Танзания на «Бобруйскагромаш»
TEXT: &amp;laquo;Бобруйскагромаш&amp;raquo; посетила делегация сельскохозяйственных кооперативов и Министерства сельского хозяйства Объединенной Республики Танзания. &amp;laquo;Бобруйскагромаш&amp;raquo; посетила делегация сельскохозяйственных кооперативов и Министерства сельского хозяйства Объединенной Республики Танзания. Основная цель визита &amp;ndash; ознакомление с производственными мощностями Общества. Кроме того, представителям делегации была продемонстрирована линейка техники, представленная на выставочной площадке. В ходе переговоров, проведенных под руководством генерального директора Олега Корсака, африканские партнеры обозначили приоритет развития механизации и усовершенствования технологических процессов по обработке сельскохозяйственных земель в африканском регионе. &amp;laquo;Бобруйскагромаш&amp;raquo; в свою очередь предложил поставку комплекса сельскохозяйственной техники для обработки почвы и внесения удобрений, а также для приготовления и раздачи кормов и широкую линейку тракторных прицепов и полуприцепов. bobruiskagromach.com &amp;nbsp;",bd433ce7b482e0eea4aa0727ce59f9ecfcbe4727fd0bcfa1329c1823dd1870c9,1147,false,1067,json_ld,Могилевская область,Бобруйск,,,
1.0,https://golk.by/v-torzhestvennom-otkrytii-dnya-belorusskoy-pismennosti-v-kostyukovichah-primut-uchastie-okolo-600-artistov.html,Голас Касцюкоўшчыны,Могилёвская область,2026-09-04T09:36:06+00:00,feed:https://golk.by/feed | homepage | sitemap:https://golk.by/sitemap-news.xml,В торжественном открытии Дня белорусской письменности в Костюковичах примут участие около 600 артистов,REJECT,relevance_rejected,needs_text,нет связки социальной темы и проблемы,"TITLE: В торжественном открытии Дня белорусской письменности в Костюковичах примут участие около 600 артистов
SUMMARY: Около 600 артистов будут задействованы в торжественном открытии XXXIII Дня белорусской письменности 5-6 сентября в Костюковичах. Об этом журналистам рассказал главный режиссер Могилевской областной филармонии Михаил Николаенко, передает корреспондент БЕЛТА. Множество тематических локаций, история белорусского книгопечатания и ее современное звучание — гостей праздника ждет интересная и насыщенная программа. Церемония торжественного открытия состоится в 12.00 на […] The post В торжественном открытии Дня белорусской письменности в Костюковичах примут участие около 600 артистов appeared first on Костюковичи. Новости .
TEXT: Около 600 артистов будут задействованы в торжественном открытии XXXIII Дня белорусской письменности 5-6 сентября в Костюковичах. Об этом журналистам рассказал главный режиссер Могилевской областной филармонии Михаил Николаенко, передает корреспондент БЕЛТА. Множество тематических локаций, история белорусского книгопечатания и ее современное звучание — гостей праздника ждет интересная и насыщенная программа. Церемония торжественного открытия состоится в 12.00 на главной сцене праздника. «Главным художественным образом концерта «Родная мова — мова шчаслівых людзей» станет женщина — хранительница семейного очага, мама, учитель, — рассказал Михаил Николаенко. — Еще одним художественным образом представления станет символ Костюковичей — подкова, что изображена на гербе города». Начнется концерт с легенды. «Жил в Костюковичах такой Костюк. И попросил он беречь родной язык и землю, завещал передавать все это из поколения в поколение. Это и будет отражено в концерте через передачу свитка со славянской азбукой от предков нынешнему поколению детей с главным заветом — хранить и беречь белорусский язык», — отметил главный режиссер. На открытии задействовано около 600 артистов. Выступления будут сопровождаться живой музыкой в исполнении заслуженного коллектива Национального академического концертного оркестра Беларуси имени М. Я. Финберга. Знаковым событием концерта станет вручение Национальной литературной премии. Продолжит концертную часть в первый день праздника финал республиканского конкурса юных чтецов «Жывая класіка», который пройдет на главной сцене в 16.00. А в 19.30 всех приглашают на гала-концерт. Здесь назовут город, который будет принимать праздник в следующем году. После этого зрителей будет ждать яркая концертная программа и красочный фейерверк.",da75b238f2aba514b1490c9ac354c72407b3e26eda7aa37f25147b9f376d15d0,2525,false,1777,generic_html,Могилевская область,,,,
1.0,https://t.me/mogilevonline/123778,Могилёв Online,Могилёвская область,2026-09-04T09:54:10+00:00,telegram:https://t.me/s/mogilevonline,«От безысходности»: глава школьного попечительского совета украла деньги родителей,REJECT,relevance_rejected,possible,нет связки социальной темы и проблемы,"TITLE: «От безысходности»: глава школьного попечительского совета украла деньги родителей
TEXT: «От безысходности»: глава школьного попечительского совета украла деньги родителей Об инциденте рассказали гродненские правоохранители. Председателя школьного попечительского совета обвиняют в присвоении добровольных взносов. Общая сумма составила 3640 рублей . 32-летняя девушка призналась, что пошла на это от безысходности. Говорит, после увольнения с работы осталась без денег с ребенком на руках. Собранные на «благие дела» средства гродненка потратила на свои нужды. На нее завели уголовное дело за мошенничество.",fea6a0839354e31043109b3232293c0a6c66675bfe5ab6c8fbaf790d38d666a8,615,false,519,inline_text,,,школа/детский сад,,
1.0,https://t.me/mogilevonline/123777,Могилёв Online,Могилёвская область,2026-09-04T09:16:58+00:00,telegram:https://t.me/s/mogilevonline,В Бобруйске инвалид по зрению выпил растворитель — за его жизнь боролись 5 недель,REJECT,relevance_rejected,possible,нет связки социальной темы и проблемы,"TITLE: В Бобруйске инвалид по зрению выпил растворитель — за его жизнь боролись 5 недель
TEXT: В Бобруйске инвалид по зрению выпил растворитель — за его жизнь боролись 5 недель 49-летнего мужчину с проблемами по здоровью нашли в бессознательном состоянии дома на полу. Рядом с ним находилась бутылка с растворителем. Пациента в тяжелом состоянии скорая доставила в больницу. При проведении анализов в организме обнаружились ацетон и метанол. Несмотря на лечение, мужчина умер в больнице спустя пять недель. Судебная медицинская экспертиза подтвердила отравление технической жидкостью — «растворителем 646». Осложнилось ситуация тем, что бобруйчанин «сжег» дыхательные пути и другие органы. Непосредственной причиной смерти стала неспособность легких поддерживать функцию газообмена. Проверкой СК установлено, что смерть мужчины не носит криминального характера — имея инвалидность по зрению, он употребил опасную жидкость случайно.",b883bae182fb7fb5cf029369440a47ad0ebc0c93e5d38e2e8bbb0890c4022e47,931,false,836,inline_text,Могилевская область,Бобруйск,медицина,,
1.0,https://t.me/mogilevonline/123774,Могилёв Online,Могилёвская область,2026-09-04T08:06:55+00:00,telegram:https://t.me/s/mogilevonline,В Могилеве машина сбила ребенка на велосипеде — мальчик в больнице,REJECT,relevance_rejected,possible,нет связки социальной темы и проблемы,"TITLE: В Могилеве машина сбила ребенка на велосипеде — мальчик в больнице
TEXT: В Могилеве машина сбила ребенка на велосипеде — мальчик в больнице Сегодня около 8:00 на перекрестке Крупской и Белинского 34-летняя могилевчанка на Opel при повороте сбила 10-летнего школьника. Ребенок пересекал проезжую часть, не спешившись. В результате ДТП несовершеннолетний с травмами доставлен в больницу. По правилам дорожного движения, детям до 14 лет строго запрещено выезжать на дорогу без сопровождения взрослых. Кроме того, пересекать проезжую часть можно только пешком, ведя велосипед рядом. Чтобы избежать трагедий, ГАИ просит провести с юными велосипедистами дополнительную беседу о неукоснительном соблюдении ПДД.",b7c3f7d3c6a4b9ceb85b6eae8e97b90426f4a996f3749c8c08b6a5e2e6e2cff7,710,false,630,inline_text,Могилевская область,Могилев,медицина,опасность/безопасность,могилев|healthcare|safety
1.0,https://t.me/mogilevonline/123776,Могилёв Online,Могилёвская область,2026-09-04T08:36:38+00:00,telegram:https://t.me/s/mogilevonline,В Непале спустя 10 дней после наводнения под завалами нашли выживших,REJECT,relevance_rejected,needs_text,последствия стихии без жалобы на работу служб: наводнен,"TITLE: В Непале спустя 10 дней после наводнения под завалами нашли выживших
TEXT: В Непале спустя 10 дней после наводнения под завалами нашли выживших Утром 4 сентября спасатели услышали голоса из глубины тоннеля ГЭС — и начали разбирать завал, пишет Reuters. К вечеру на поверхность вывели двоих: 30-летнего Санджая Саха и 45-летнего Кабира Махарджана. Их нашли в 170 метрах от входа, после чего экстренно эвакуировали вертолетом в Катманду. Спасательную операцию вели военные Непала и бойцы Вооруженной полиции. Главная сложность — входы в тоннели оказались запечатаны грязью и обломками после того, как река Бхоте-Коши вышла из берегов из-за оползня. Работы на других объектах гидроэнергетики продолжаются. Напомним, наводнение случилось утром 26 августа. По последним данным, погибло больше тысячи человек, около четырех тысяч числятся пропавшими без вести.",8ee0a1f9d1ccaeb191aa94cd689c89a3ccb7db4f0dc4ef247cb705e64fde738f,861,false,779,inline_text,,,река/озеро/берег,,
1.0,https://magilev.by/news/2026/09/04/doma-skuchno-hochetsya-priklyuchenij-kak-eshe-zhiteli-bobrujska-obyasnyali-svoe-zhelanie-ustroitsya-na-samoe-krylatoe-predpriyatie-rajona,МогилёвОнлайн,Могилёвская область,2026-09-04T07:00:40+00:00,homepage,«Дома скучно. Хочется приключений». Как еще жители Бобруйска объясняли свое желание устроиться на самое «крылатое» предприятие района,REJECT,relevance_rejected,needs_text,нет связки социальной темы и проблемы,"TITLE: «Дома скучно. Хочется приключений». Как еще жители Бобруйска объясняли свое желание устроиться на самое «крылатое» предприятие района
TEXT: Пока остальной мир дружно переворачивал календари «в день, когда горят костры рябин», птицефабрика Вишневка вновь проводила кадровый призыв. В четверг, 3 сентября, в управлении по труду, занятости и социальной защите Бобруйского горисполкома прошел очередной День предприятия. 03.09.2026. Городской центр занятости населения, 7, улица Гоголя, Ленинский район, Бобруйск, Могилёвская область, 213809, Беларусь. День предприятия Собраться «на том же месте в тот же час» вишневцы обещали еще в конце мая, во время предыдущего «дня». Он, кстати, прошел результативно. Плотно и надежно закрыты по одной вакансии грузчика и птицевода. Об этом рассказал специалист по кадрам предприятия Павел Пригара . – Люди работают на постоянной основе, оба бобруйчане. Нареканий к ним нет, – уточнил собеседник. 03.09.2026. Городской центр занятости населения, 7, улица Гоголя, Ленинский район, Бобруйск, Могилёвская область, 213809, Беларусь. День предприятия Но численный состав предприятия – величина не постоянная. На конец весны на фабрике работало 319 человек, сейчас 317. Открыто десять вакансий. Самые актуальные – птицевод и приемщик яиц. На эти специальности на три и четыре человека соответственно. Будут рады видеть и водителя категории С, а лучше СЕ, для работы на развозе комбикорма. 03.09.2026. Бобруйский район. ЗАО «Птицефабрика Вишневка». В прошлый раз предприятие активно искало трактористов. А кто ищет… За три прошедших месяца численность механизаторов увеличилась почти вдвое – с 6 до 11. Прирост, рассказал Павел Пригара, произошел во многом за счет жителей окрестных деревень. – Пришли и работники, которые раньше у нас трудились, – рассказал специалист по кадрам. 03.09.2026. Бобруйский район. ЗАО «Птицефабрика Вишневка». Работа тракториста пока самая высокооплачиваемая на предприятия. Со сверхурочными можно заработать и до 3500 – 4000 рублей. Средняя же по фабрике в пределах 2000 – 2500. Где на районе еще такую найдешь. Потому-то «вишневцы» и делают ставку на сельчан. В первую очередь, жителей окрестных деревень. Недавно, например, в Туголице провели тоже что-то вроде Дня предприятия. И также результативно. Четыре человека заявили о желании трудоустроиться. 03.09.2026. Бобруйский район. ЗАО «Птицефабрика Вишневка». Вопрос с подвозом там давно решен: у предприятия заключен договор с индивидуальным предпринимателем в сфере пассажирских перевозок. Забирает-привозит работников не только из Туголицы, но из соседних Лекерты, Вороновичей, Дубровы. 03.09.2026. Бобруйский район. ЗАО «Птицефабрика Вишневка». Долго скучать кадровику «Вишневки» не пришлось. Первый соискатель пришел на 10-й минуте. Мужчина в зрелом возрасте долго рассказывал свою историю. Ключевые слова – Россия, здоровье, мать – складывались в единый сюжет. – Алкоголем не злоупотребляете?, – поинтересовался Павел Пригара. – Как хобби его рассматриваю, но выпить могу. – Но вы же понимаете, что каждое утро наши работники проходят медицинский контроль. У нас с этим строго. – Понимаю, поэтому и пришел. 03.09.2026. Городской центр занятости населения, 7, улица Гоголя, Ленинский район, Бобруйск, Могилёвская область, 213809, Беларусь. День предприятия Зовут соискателя Виктор Александрович. 52 года. По образованию техник-строитель. Последние 8 месяцев официально не работает, до этого трудился в России. Смерть отца заставила вернуться в Бобруйск, здесь осталась мать. Одна. Проблемы со здоровьем – это зрение, которое налагает ряд ограничений. – Смотрел и другие варианты, но не по одному не подошел, – признался мужчина. 03.09.2026. Бобруйский район. ЗАО «Птицефабрика Вишневка». Птицефабрика предложила мужчине должность подсобного рабочего с зарплатой от 1000 рублей. Первый месяц по договору подряда, а там, если хорошо, себя зарекомендует, и на контракт можно перейти. 03.09.2026. Бобруйский район. ЗАО «Птицефабрика Вишневка». Прекрасная половина соискателей подтянулась ближе к исходу «дня». Кадровый потенциал предприятия изъявили желание усилить работница склада и птицевод. За курами-несушками будет присматривать пенсионерка. – Дома скучно, хочется приключений, – объяснила свой выбор женщина. 03.09.2026. Бобруйский район. ЗАО «Птицефабрика Вишневка». Все трое соискателей получили направление на медкомиссию и после ее прохождения должны приступить к работе. А сама птицефабрика продолжит активный поиск работников. В том числе в формате «Дня предприятия». Очередной запланирован на декабрь. 03.09.2026. Городской центр занятости населения, 7, улица Гоголя, Ленинский район, Бобруйск, Могилёвская область, 213809, Беларусь. День предприятия 03.09.2026. Бобруйский район. ЗАО «Птицефабрика Вишневка». 03.09.2026. Городской центр занятости населения, 7, улица Гоголя, Ленинский район, Бобруйск, Могилёвская область, 213809, Беларусь. День предприятия Собраться «на том же месте в тот же час» вишневцы обещали еще в конце мая, во время предыдущего «дня». Он, кстати, прошел результативно. Плотно и надежно закрыты по одной вакансии грузчика и птицевода. Об этом рассказал специалист по кадрам предприятия Павел Пригара . – Люди работают на постоянной основе, оба бобруйчане. Нареканий к ним нет, – уточнил собеседник. 03.09.2026. Городской центр занятости населения, 7, улица Гоголя, Ленинский район, Бобруйск, Могилёвская область, 213809, Беларусь. День предприятия Но численный состав предприятия – величина не постоянная. На конец весны на фабрике работало 319 человек, сейчас 317. Открыто десять вакансий. Самые актуальные – птицевод и приемщик яиц. На эти специальности на три и четыре человека соответственно. Будут рады видеть и водителя категории С, а лучше СЕ, для работы на развозе комбикорма. 03.09.2026. Бобруйский район. ЗАО «Птицефабрика Вишневка». В прошлый раз предприятие активно искало трактористов. А кто ищет… За три прошедших месяца численность механизаторов увеличилась почти вдвое – с 6 до 11. Прирост, рассказал Павел Пригара, произошел во многом за счет жителей окрестных деревень. – Пришли и работники, которые раньше у нас трудились, – рассказал специалист по кадрам. 03.09.2026. Бобруйский район. ЗАО «Птицефабрика Вишневка». Работа тракториста пока самая высокооплачиваемая на предприятия. Со сверхурочными можно заработать и до 3500 – 4000 рублей. Средняя же по фабрике в пределах 2000 – 2500. Где на районе еще такую найдешь. Потому-то «вишневцы» и делают ставку на сельчан. В первую очередь, жителей окрестных деревень. Недавно, например, в Туголице провели тоже что-то вроде Дня предприятия. И также результативно. Четыре человека заявили о желании трудоустроиться. 03.09.2026. Бобруйский район. ЗАО «Птицефабрика Вишневка». Вопрос с подвозом там давно решен: у предприятия заключен договор с индивидуальным предпринимателем в сфере пассажирских перевозок. Забирает-привозит работников не только из Туголицы, но из соседних Лекерты, Вороновичей, Дубровы. 03.09.2026. Бобруйский район. ЗАО «Птицефабрика Вишневка». Долго скучать кадровику «Вишневки» не пришлось. Первый соискатель пришел на 10-й минуте. Мужчина в зрелом возрасте долго рассказывал свою историю. Ключевые слова – Россия, здоровье, мать – складывались в единый сюжет. – Алкоголем не злоупотребляете?, – поинтересовался Павел Пригара. – Как хобби его рассматриваю, но выпить могу. – Но вы же понимаете, что каждое утро наши работники проходят медицинский контроль. У нас с этим строго. – Понимаю, поэтому и пришел. 03.09.2026. Городской центр занятости населения, 7, улица Гоголя, Ленинский район, Бобруйск, Могилёвская область, 213809, Беларусь. День предприятия Зовут соискателя Виктор Александрович. 52 года. По образованию техник-строитель. Последние 8 месяцев официально не работает, до этого трудился в России. Смерть отца заставила вернуться в Бобруйск, здесь осталась мать. Одна. Проблемы со здоровьем – это зрение, которое налагает ряд ограничений. – Смотрел и другие варианты, но не по одному не подошел, – признался мужчина. 03.09.2026. Бобруйский",df70ded70087854a4c4748adec161cdfc28ae2a9000ba69d05ddb0237cc9ec6c,7995,true,45248,generic_html,Могилевская область,Бобруйск,,,
1.0,https://magilev.by/news/2026/09/04/kuda-shodit-v-mogileve-i-ne-tolko-v-blizhajshie-vyhodnye-5-6-sentyabrya-nash-gid,МогилёвОнлайн,Могилёвская область,2026-09-04T09:00:00+00:00,homepage,Куда сходить в Могилеве и не только в ближайшие выходные – 5-6 сентября: наш гид,REJECT,relevance_rejected,needs_text,нет связки социальной темы и проблемы,"TITLE: Куда сходить в Могилеве и не только в ближайшие выходные – 5-6 сентября: наш гид
TEXT: Итак, что есть интересного: Дзень беларускага пісьменства ў горадзе Касцюковічы У праграме свята: уручэнне Нацыянальнай літаратурнай прэміі; фестываль кнігі і прэсы Беларусі; выстава-прэзентацыя ўнікальных кніжных рарытэтаў; фінал рэспубліканскага конкурсу юных чытальнікаў «Жывая класіка»; творчыя сустрэчы і аўтограф-сесіі з беларускімі пісьменнікамі і публіцыстамі; аўтэнтычныя народныя абрады, рамёствы, песенная і вусная творчасць рэгіёнаў; сямейныя забаўкі, народная кухня і вулічная ежа; вячэрні святочны гала-канцэрт і феерверк. КАЛІ: 5 і 6 верасня (субота і нядзеля), пачатак у суботу ў 12.00 ДЗЕ: горад Касцюковічы КОЛЬКІ КАШТУЕ: уход вольны. Концерт выходного дня на пешеходке Могилева Выступят в вечернем концерте коллективы и исполнители Могилевской детской школы искусств №1 имени Лученка. КОГДА: 5 сентября (суббота), начало в 17.00. ГДЕ: ул. Ленинская, 34 СКОЛЬКО СТОИТ: вход свободный. Выставка вытинанки в Ратуше Могилева «Анёлы. Птушкі. Кветкі» – так называется проект, который представила могилеванка Светлана Лункевич-Адамович – призер республиканских конкурсов среди мастеров вытинанки. КОГДА: 5 и 6 сентября (суббота, воскресенье) с 11.00 до 19.00 ГДЕ: ул. Первомайская, 1 СКОЛЬКО СТОИТ: 3.50 – 1.75 руб. Выставка «Дети, в школу собирайтесь...» Это экспозиция-воспоминание – она состоит из фотографий школьников Советского Союза, учебников того же периода, даже есть школьная и пионерская форма. КОГДА: 5 и 6 сентября (суббота, воскресенье) с 10.00 до 19.00. ГДЕ: Музей этнографии Могилева (Первомайская, 8). СКОЛЬКО СТОИТ: 3.50 – 1.75 руб. Спектакль для детей «Белоснежка и гномы» 5 сентября Могилевский областной театр кукол открывает свой новый сезон. В этот день на площадке у театра устроят праздник для ребятни. В программе: интерактив и любимые герои. А следом – спектакль «Белоснежка и гномы» (6+) – сказка по мотивам известного произведения братьев Гримм. Режиссер – Игорь Казаков. КОГДА: 5 сентября (суббота), начало в 11.30. ГДЕ: Могилевский театр кукол (ул. Первомайская, 73) СКОЛЬКО СТОИТ: 10.50 руб. У праграме свята: уручэнне Нацыянальнай літаратурнай прэміі; фестываль кнігі і прэсы Беларусі; выстава-прэзентацыя ўнікальных кніжных рарытэтаў; фінал рэспубліканскага конкурсу юных чытальнікаў «Жывая класіка»; творчыя сустрэчы і аўтограф-сесіі з беларускімі пісьменнікамі і публіцыстамі; аўтэнтычныя народныя абрады, рамёствы, песенная і вусная творчасць рэгіёнаў; сямейныя забаўкі, народная кухня і вулічная ежа; вячэрні святочны гала-канцэрт і феерверк. КАЛІ: 5 і 6 верасня (субота і нядзеля), пачатак у суботу ў 12.00 ДЗЕ: горад Касцюковічы КОЛЬКІ КАШТУЕ: уход вольны. Концерт выходного дня на пешеходке Могилева Выступят в вечернем концерте коллективы и исполнители Могилевской детской школы искусств №1 имени Лученка. КОГДА: 5 сентября (суббота), начало в 17.00. ГДЕ: ул. Ленинская, 34 СКОЛЬКО СТОИТ: вход свободный. Выставка вытинанки в Ратуше Могилева «Анёлы. Птушкі. Кветкі» – так называется проект, который представила могилеванка Светлана Лункевич-Адамович – призер республиканских конкурсов среди мастеров вытинанки. КОГДА: 5 и 6 сентября (суббота, воскресенье) с 11.00 до 19.00 ГДЕ: ул. Первомайская, 1 СКОЛЬКО СТОИТ: 3.50 – 1.75 руб. Выставка «Дети, в школу собирайтесь...» Это экспозиция-воспоминание – она состоит из фотографий школьников Советского Союза, учебников того же периода, даже есть школьная и пионерская форма. КОГДА: 5 и 6 сентября (суббота, воскресенье) с 10.00 до 19.00. ГДЕ: Музей этнографии Могилева (Первомайская, 8). СКОЛЬКО СТОИТ: 3.50 – 1.75 руб. Спектакль для детей «Белоснежка и гномы» 5 сентября Могилевский областной театр кукол открывает свой новый сезон. В этот день на площадке у театра устроят праздник для ребятни. В программе: интерактив и любимые герои. А следом – спектакль «Белоснежка и гномы» (6+) – сказка по мотивам известного произведения братьев Гримм. Режиссер – Игорь Казаков. КОГДА: 5 сентября (суббота), начало в 11.30. ГДЕ: Могилевский театр кукол (ул. Первомайская, 73) СКОЛЬКО СТОИТ: 10.50 руб. КАЛІ: 5 і 6 верасня (субота і нядзеля), пачатак у суботу ў 12.00 ДЗЕ: горад Касцюковічы КОЛЬКІ КАШТУЕ: уход вольны. Концерт выходного дня на пешеходке Могилева Выступят в вечернем концерте коллективы и исполнители Могилевской детской школы искусств №1 имени Лученка. КОГДА: 5 сентября (суббота), начало в 17.00. ГДЕ: ул. Ленинская, 34 СКОЛЬКО СТОИТ: вход свободный. Выставка вытинанки в Ратуше Могилева «Анёлы. Птушкі. Кветкі» – так называется проект, который представила могилеванка Светлана Лункевич-Адамович – призер республиканских конкурсов среди мастеров вытинанки. КОГДА: 5 и 6 сентября (суббота, воскресенье) с 11.00 до 19.00 ГДЕ: ул. Первомайская, 1 СКОЛЬКО СТОИТ: 3.50 – 1.75 руб. Выставка «Дети, в школу собирайтесь...» Это экспозиция-воспоминание – она состоит из фотографий школьников Советского Союза, учебников того же периода, даже есть школьная и пионерская форма. КОГДА: 5 и 6 сентября (суббота, воскресенье) с 10.00 до 19.00. ГДЕ: Музей этнографии Могилева (Первомайская, 8). СКОЛЬКО СТОИТ: 3.50 – 1.75 руб. Спектакль для детей «Белоснежка и гномы» 5 сентября Могилевский областной театр кукол открывает свой новый сезон. В этот день на площадке у театра устроят праздник для ребятни. В программе: интерактив и любимые герои. А следом – спектакль «Белоснежка и гномы» (6+) – сказка по мотивам известного произведения братьев Гримм. Режиссер – Игорь Казаков. КОГДА: 5 сентября (суббота), начало в 11.30. ГДЕ: Могилевский театр кукол (ул. Первомайская, 73) СКОЛЬКО СТОИТ: 10.50 руб. ДЗЕ: горад Касцюковічы КОЛЬКІ КАШТУЕ: уход вольны. Концерт выходного дня на пешеходке Могилева Выступят в вечернем концерте коллективы и исполнители Могилевской детской школы искусств №1 имени Лученка. КОГДА: 5 сентября (суббота), начало в 17.00. ГДЕ: ул. Ленинская, 34 СКОЛЬКО СТОИТ: вход свободный. Выставка вытинанки в Ратуше Могилева «Анёлы. Птушкі. Кветкі» – так называется проект, который представила могилеванка Светлана Лункевич-Адамович – призер республиканских конкурсов среди мастеров вытинанки. КОГДА: 5 и 6 сентября (суббота, воскресенье) с 11.00 до 19.00 ГДЕ: ул. Первомайская, 1 СКОЛЬКО СТОИТ: 3.50 – 1.75 руб. Выставка «Дети, в школу собирайтесь...» Это экспозиция-воспоминание – она состоит из фотографий школьников Советского Союза, учебников того же периода, даже есть школьная и пионерская форма. КОГДА: 5 и 6 сентября (суббота, воскресенье) с 10.00 до 19.00. ГДЕ: Музей этнографии Могилева (Первомайская, 8). СКОЛЬКО СТОИТ: 3.50 – 1.75 руб. Спектакль для детей «Белоснежка и гномы» 5 сентября Могилевский областной театр кукол открывает свой новый сезон. В этот день на площадке у театра устроят праздник для ребятни. В программе: интерактив и любимые герои. А следом – спектакль «Белоснежка и гномы» (6+) – сказка по мотивам известного произведения братьев Гримм. Режиссер – Игорь Казаков. КОГДА: 5 сентября (суббота), начало в 11.30. ГДЕ: Могилевский театр кукол (ул. Первомайская, 73) СКОЛЬКО СТОИТ: 10.50 руб. КОЛЬКІ КАШТУЕ: уход вольны. Концерт выходного дня на пешеходке Могилева Выступят в вечернем концерте коллективы и исполнители Могилевской детской школы искусств №1 имени Лученка. КОГДА: 5 сентября (суббота), начало в 17.00. ГДЕ: ул. Ленинская, 34 СКОЛЬКО СТОИТ: вход свободный. Выставка вытинанки в Ратуше Могилева «Анёлы. Птушкі. Кветкі» – так называется проект, который представила могилеванка Светлана Лункевич-Адамович – призер республиканских конкурсов среди мастеров вытинанки. КОГДА: 5 и 6 сентября (суббота, воскресенье) с 11.00 до 19.00 ГДЕ: ул. Первомайская, 1 СКОЛЬКО СТОИТ: 3.50 – 1.75 руб. Выставка «Дети, в школу собирайтесь...» Это экспозиция-воспоминание – она состоит из фотографий школьников Советского Союза, учебников того же периода, даже есть школьная и пионерская форма. КОГДА: 5 и 6 сентября (суббота, воскресенье) с 10.00 до 19.00. ГДЕ: Музей этнографии Могилева (Первомайская, 8). СКОЛЬКО СТОИТ: 3.50 – 1.75 руб. Спектакль для детей «Белоснежка и",930a314ab80728be12ffe8d2c332be69f741833e249a81c0b23aa0a93d0c1551,7995,true,20078,generic_html,Могилевская область,Могилев,,,
1.0,https://magilev.by/news/2026/09/04/mozhno-li-oformit-darstvennuyu-na-kvartiru-po-doverennosti-poyasnyaet-notarius,МогилёвОнлайн,Могилёвская область,2026-09-04T08:00:00+00:00,homepage,Можно ли оформить дарственную на квартиру по доверенности? Поясняет нотариус,REJECT,relevance_rejected,needs_text,нет связки социальной темы и проблемы,"TITLE: Можно ли оформить дарственную на квартиру по доверенности? Поясняет нотариус
TEXT: « У моей матери в собственности имеется квартира в Бобруйске, хотя сама она постоянно проживает за границей. Она хочет эту квартиру подарить моему сыну, т.е. своему внуку, но у нее нет возможности приехать в Бобруйск лично. Что делать? » ( Ирина Васильевна ). Разъясняет Юлия Георгиевна Шелковина , зав. нотариальной конторой Первомайского района Бобруйска: Нотариус Юлия Георгиевна Шелковина – Уважаемая Ирина Васильевна, дарение, наряду с куплей-продажей – самая распространенная сделка с недвижимостью. По договору дарения, одна сторона (даритель) безвозмездно передает или обязуется передать другой стороне (одаряемому) вещь в собственность либо имущественное право (требование) к себе или к третьему лицу, либо освобождает или обязуется освободить ее от имущественной обязанности перед собой или перед третьим лицом. Я бы порекомендовала, чтобы ваша мать обратилась к нотариусу по месту своего жительства и сделала доверенность, например, на вас, чтобы вы от ее имени подарили квартиру своему сыну. В случае нахождения вашей мамы за границей и наличия у нее гражданства иностранного государства доверенность может быть удостоверена должностным лицом иностранного государства (например, нотариусом). В таком случае доверенность необходимо легализовать (придать ей юридическую силу) на территории той страны, где она удостоверена, и впоследствии перевести в Беларуси на государственный язык (белорусский или русский). Если же она является гражданкой Республики Беларусь, для удостоверения доверенности ей необходимо обратиться к нотариусу, осуществляющему нотариальную деятельность в Беларуси. Обращаю ваше внимание: если квартира приобретена вашей матерью в период брака, то нотариус при удостоверении договора дарения потребует нотариально заверенное согласие ее супруга на сделку (либо его личное присутствие с паспортом на день сделки). Задать свой вопрос нотариусу можно по почте: u.shelkovina@mgl.belnotary.by Разъясняет Юлия Георгиевна Шелковина , зав. нотариальной конторой Первомайского района Бобруйска: Нотариус Юлия Георгиевна Шелковина – Уважаемая Ирина Васильевна, дарение, наряду с куплей-продажей – самая распространенная сделка с недвижимостью. По договору дарения, одна сторона (даритель) безвозмездно передает или обязуется передать другой стороне (одаряемому) вещь в собственность либо имущественное право (требование) к себе или к третьему лицу, либо освобождает или обязуется освободить ее от имущественной обязанности перед собой или перед третьим лицом. Я бы порекомендовала, чтобы ваша мать обратилась к нотариусу по месту своего жительства и сделала доверенность, например, на вас, чтобы вы от ее имени подарили квартиру своему сыну. В случае нахождения вашей мамы за границей и наличия у нее гражданства иностранного государства доверенность может быть удостоверена должностным лицом иностранного государства (например, нотариусом). В таком случае доверенность необходимо легализовать (придать ей юридическую силу) на территории той страны, где она удостоверена, и впоследствии перевести в Беларуси на государственный язык (белорусский или русский). Если же она является гражданкой Республики Беларусь, для удостоверения доверенности ей необходимо обратиться к нотариусу, осуществляющему нотариальную деятельность в Беларуси. Обращаю ваше внимание: если квартира приобретена вашей матерью в период брака, то нотариус при удостоверении договора дарения потребует нотариально заверенное согласие ее супруга на сделку (либо его личное присутствие с паспортом на день сделки). Задать свой вопрос нотариусу можно по почте: u.shelkovina@mgl.belnotary.by – Уважаемая Ирина Васильевна, дарение, наряду с куплей-продажей – самая распространенная сделка с недвижимостью. По договору дарения, одна сторона (даритель) безвозмездно передает или обязуется передать другой стороне (одаряемому) вещь в собственность либо имущественное право (требование) к себе или к третьему лицу, либо освобождает или обязуется освободить ее от имущественной обязанности перед собой или перед третьим лицом. Я бы порекомендовала, чтобы ваша мать обратилась к нотариусу по месту своего жительства и сделала доверенность, например, на вас, чтобы вы от ее имени подарили квартиру своему сыну. В случае нахождения вашей мамы за границей и наличия у нее гражданства иностранного государства доверенность может быть удостоверена должностным лицом иностранного государства (например, нотариусом). В таком случае доверенность необходимо легализовать (придать ей юридическую силу) на территории той страны, где она удостоверена, и впоследствии перевести в Беларуси на государственный язык (белорусский или русский). Если же она является гражданкой Республики Беларусь, для удостоверения доверенности ей необходимо обратиться к нотариусу, осуществляющему нотариальную деятельность в Беларуси. Обращаю ваше внимание: если квартира приобретена вашей матерью в период брака, то нотариус при удостоверении договора дарения потребует нотариально заверенное согласие ее супруга на сделку (либо его личное присутствие с паспортом на день сделки). Задать свой вопрос нотариусу можно по почте: u.shelkovina@mgl.belnotary.by Я бы порекомендовала, чтобы ваша мать обратилась к нотариусу по месту своего жительства и сделала доверенность, например, на вас, чтобы вы от ее имени подарили квартиру своему сыну. В случае нахождения вашей мамы за границей и наличия у нее гражданства иностранного государства доверенность может быть удостоверена должностным лицом иностранного государства (например, нотариусом). В таком случае доверенность необходимо легализовать (придать ей юридическую силу) на территории той страны, где она удостоверена, и впоследствии перевести в Беларуси на государственный язык (белорусский или русский). Если же она является гражданкой Республики Беларусь, для удостоверения доверенности ей необходимо обратиться к нотариусу, осуществляющему нотариальную деятельность в Беларуси. Обращаю ваше внимание: если квартира приобретена вашей матерью в период брака, то нотариус при удостоверении договора дарения потребует нотариально заверенное согласие ее супруга на сделку (либо его личное присутствие с паспортом на день сделки). Задать свой вопрос нотариусу можно по почте: u.shelkovina@mgl.belnotary.by Если же она является гражданкой Республики Беларусь, для удостоверения доверенности ей необходимо обратиться к нотариусу, осуществляющему нотариальную деятельность в Беларуси. Обращаю ваше внимание: если квартира приобретена вашей матерью в период брака, то нотариус при удостоверении договора дарения потребует нотариально заверенное согласие ее супруга на сделку (либо его личное присутствие с паспортом на день сделки). Задать свой вопрос нотариусу можно по почте: u.shelkovina@mgl.belnotary.by Обращаю ваше внимание: если квартира приобретена вашей матерью в период брака, то нотариус при удостоверении договора дарения потребует нотариально заверенное согласие ее супруга на сделку (либо его личное присутствие с паспортом на день сделки). Задать свой вопрос нотариусу можно по почте: u.shelkovina@mgl.belnotary.by Задать свой вопрос нотариусу можно по почте: u.shelkovina@mgl.belnotary.by",6d3bc587dc5774e28a43738c5bbceacda77d36f92f346f9cce8463ae85d7e227,7185,false,7095,generic_html,Могилевская область,Могилев,,,
