semantic_contract_version,url,source,source_country,published_at,discovered_via,title,regex_relevance_decision,pipeline_final_stage,prefilter_status,rejection_reason,semantic_model_text,semantic_text_sha256,semantic_text_chars,semantic_text_truncated,original_text_length,extraction_strategy,event_region,event_locality,event_object,event_problem,event_signature
1.0,https://auto.onliner.by/2026/09/05/otvleklas-ot-upravleniya-dvoe-detej-posle-dtp-okazalis-v-bolnice,Onlíner,Беларусь,2026-09-05T12:21:07+00:00,feed:https://www.onliner.by/feed | homepage,«Отвлеклась от управления». Двое детей после ДТП оказались в больнице - Авто Onlíner,REJECT,relevance_rejected,possible,нет связки социальной темы и проблемы,"TITLE: «Отвлеклась от управления». Двое детей после ДТП оказались в больнице - Авто Onlíner
SUMMARY: Сегодня около 13 часов в Белыничском районе возле деревне Ермоловичи Nissan врезался на тросовое ограждение на трассе. Пострадали двое детей. Читать далее…
TEXT: Сегодня около 13 часов в Белыничском районе возле деревне Ермоловичи Nissan врезался на тросовое ограждение на трассе. Пострадали двое детей. — 38-летняя могилевчанка, управляя автомобилем Nissan, по предварительной информации, отвлеклась от управления и совершила наезд на тросовое ограждение, — прокомментировали происшествие в ГАИ. Двое детей (3-летняя девочка и 6-летний мальчик) с травмами доставлены в больницу. Уточняется, что один из них перевозился без детского удерживающего устройства. Нравится читать Onlíner? Добавьте наши новости в «Основные источники» Google Есть о чем рассказать? Пишите в наш телеграм-бот . Это анонимно и быстро",1b4f4eedf87807f7d1c508d405624c63c600730bf512922ab523d26156ec8945,909,false,646,generic_html,,,медицина,,
1.0,https://tech.onliner.by/2026/09/05/vystavka-luchshix-snimkov-o-nauke,Onlíner,Беларусь,2026-09-05T11:29:21+00:00,feed:https://www.onliner.by/feed | homepage,Аневризма аорты и эмбрион дрозофилы: в Минске открылась выставка лучших снимков о науке - Технологии Onlíner,REJECT,relevance_rejected,needs_text,нет связки социальной темы и проблемы,"TITLE: Аневризма аорты и эмбрион дрозофилы: в Минске открылась выставка лучших снимков о науке - Технологии Onlíner
SUMMARY: Найдите возможность добраться до Центрального ботанического сада НАН Беларуси: в субботу и воскресенье здесь проходит выставка научных снимков — это очень красиво и местами странно. Фотографии предоставил телеканал «Наука» — российский научно-популярный канал. Вход свободный. Читать далее…
TEXT: Найдите возможность добраться до Центрального ботанического сада НАН Беларуси: в субботу и воскресенье здесь проходит выставка научных снимков — это очень красиво и местами странно. Фотографии предоставил телеканал «Наука» — российский научно-популярный канал. Вход свободный. Это часть Фестиваля науки , который проходит в Ботаническом саду. Выставка составлена из работ участников конкурса «Снимай науку!», который ежегодно проводит канал «Наука». Фундаментальный партнер конкурса — Российский научный фонд. Организаторы сообщают, что в этом сезоне на конкурс поступило около тысячи уникальных кадров, показывающих красоту науки, на выставке представлены два десятка. Среди сюжетов — насекомое, застывшее в янтаре, первые мгновения жизни эмбриона дрозофилы под микроскопом, медузы в аквариуме и морские звезды на глубине, звездное скопление Плеяды в созвездии Тельца, аневризма аорты, дендриты и кристаллиты, образованные при нанесении наночернил, споры древних вымерших растений. Макро- и микромиры запечатлены с помощью специального оборудования. Фотографии размещены на космической аллее фольгированных деревьев. Время работы выставки: с 11:00 до 19:00. Нравится читать Onlíner? Добавьте наши новости в «Основные источники» Google Есть о чем рассказать? Пишите в наш телеграм-бот . Это анонимно и быстро Перепечатка текста и фотографий Onlíner без разрешения редакции запрещена. ga@onliner.by",cef8351b063fe9a061ffa97f1aca8fe19fa3dfab86d75566a35a6768378e3cd1,1819,false,1397,generic_html,Минск,Минск,,,
1.0,https://auto.onliner.by/2026/09/05/belorus-vlozhil-bolshe-12-000-rublej-v-dorabotki-dlya-belgee-s50-vot-chto-poluchilos,Onlíner,Беларусь,2026-09-05T10:27:58+00:00,feed:https://www.onliner.by/feed | homepage,Белорус вложил больше 12 000 рублей в доработки для Belgee S50. Вот что получилось - Авто Onlíner,REJECT,relevance_rejected,needs_text,нет связки социальной темы и проблемы,"TITLE: Белорус вложил больше 12 000 рублей в доработки для Belgee S50. Вот что получилось - Авто Onlíner
SUMMARY: Владелец вложил в доработки для Belgee S50 больше 12 000 рублей ($4000) и показал результат в Treads. Оценили, конечно, не все. Читать далее…
TEXT: Владелец вложил в доработки для Belgee S50 больше 12 000 рублей ($4000) и показал результат в Treads. Оценили, конечно, не все. Из очевидного тюнинга — диски. Автолюбитель перечислил и другие доработки в комментариях. Среди них: антикоррозийная обработка, шумоизоляция, магнитола с камерами обзора на 360 градусов, «монобровь» (вероятно, имеется ввиду сплошная светодиодная линия сзади, как у Geely Emgrand), амбиентная подсветка, беспроводная зарядка, «кастом занижение», «коррекция педали» и другое. Не всем пользователям новый образ Belgee пришелся по вкусу. «Что-то как-то не идет ей», «Красиво, но а толку, если она совсем не едет», «В семье не без джиливода», «Какая же машина нелепая», — это из цензурного. Но хватило и тех, кто тюнинг S50 оценил. А как вам? Нравится читать Onlíner? Добавьте наши новости в «Основные источники» Google Есть о чем рассказать? Пишите в наш телеграм-бот . Это анонимно и быстро",8b065ccfa9e49836f115e77fce4c5332c56521dc6460f3a1ffaf3c6a02a6353d,1177,false,915,generic_html,,,,,
1.0,https://people.onliner.by/2026/09/05/poshli-normalnye-griby,Onlíner,Беларусь,2026-09-05T09:19:49+00:00,feed:https://www.onliner.by/feed | homepage,"Белые, польские, маслята, опята: пошли нормальные грибы (не везде) - Люди Onlíner",REJECT,relevance_rejected,needs_text,нет связки социальной темы и проблемы,"TITLE: Белые, польские, маслята, опята: пошли нормальные грибы (не везде) - Люди Onlíner
SUMMARY: Мы достаточно терпели, глядя, как грибы выстреливают то в одном, то в другом углу страны. Видя иллюзорные успехи единиц, остальные грибники отправлялись проверять свои заветные места — и возвращались ни с чем. Самые слабые духом сетовали: «Этот год потерян…» Но, похоже, погодная истерика таки дала результат: буквально на днях рванули благородные грибы. Не везде! С помощью Грибного чата выясняем, куда можно ехать, а куда… все равно можно. Читать далее…
TEXT: Мы достаточно терпели, глядя, как грибы выстреливают то в одном, то в другом углу страны. Видя иллюзорные успехи единиц, остальные грибники отправлялись проверять свои заветные места — и возвращались ни с чем. Самые слабые духом сетовали: «Этот год потерян…» Но, похоже, погодная истерика таки дала результат: буквально на днях рванули благородные грибы. Не везде! С помощью Грибного чата выясняем, куда можно ехать, а куда… все равно можно. Боровики, маслята, польские, лисички, даже осенние опята, похоже, среагировали на скачки температуры и странно распределенные дожди. Грибники сейчас соревнуются в скорости и силе с червями, за каждый гриб разгорается схватка. Подключайтесь, теперь пора. Имейте в виду: некоторые районы до сих пор молчат. Это не значит, что тамошние леса не надо проверять. Но особенно поднапрячься надо тем, чьи места мелькают в отчетах. Андрей из Новогрудского района сообщает: «Лисичек — тьма. Подберезовиков — полутьма, но либо червивые, либо дряхлые. Подосиновиков — много, но все большие. Боровиков — несколько…» То есть многие грибы успели проскочить мимо людей. Ирина из Вилейского района предупреждает наивных, которые верят монетизаторам с их гипнотическими картинками: грибы выскочили местами, не потеряйте выходные. «Лес, который был богат боровиками, красноголовиками и прочими, сегодня пуст». Говорит, лично ей только за счет воли к победе удалось что-то собрать. Михаил утверждает, что за 30 минут набрал полведра в районе медгородка в Новополоцке. На снимках видны белые, опята, грузди… А Марина показала, что творится внутри самого города. Там творятся боровики, прямо под качелями. Логойск выглядит неплохо в исполнении пользователя по имени Avgera. Есть смысл подождать пару дней и посетить также Кобринский район. Некто Haldei показал тамошние робкие красоты. В Борисовском районе что-то начинается, Алексей шлет фото. Столбцовский район пока способен дать подберезовики и лисички, фото от Дмитрия. Неоднозначная информация поступает с юго-западных рубежей. Брестская область почти захвачена инвазивными золотистыми боровиками, но Елена довольна. До северо-востока эта золотая напасть, похоже, пока не добралась. Витебск блещет традиционными ценностями: белыми, подосиновиками, опятами. Евгений регулярно шлет оттуда отчеты. Под Пуховичами массово заколосились опята, за них с превосходящими силами червей сражается участник чата Евгений. В Березинском районе тоже нашествие маслят, им противостоит Паша. В Могилевском районе с маслятами схватился Сергей. Ему предстоит веселая ночь. Окрестности Ракова в Воложинском районе ломятся от польских боровиков, утверждает грибник Алексей. Под Пуховичами прорвались подосиновики, их всех принял на себя грибник Вова. Ирина из Вилейского района жалуется: мало! Любовь из Копыля демонстрирует свою коллекцию: польские и немного белых. Мари описывает, как обстоят дела в Верхнединском районе: «Очень много лисичек. Боровиков мало целых, почти все червивые». Смотрите, как по-разному может выглядеть Налибокская пуща. На первом снимке — такой ее видит пользователь Сергей. На втором — такой она предстала Максу. Мелкие, но обильные осенние опята рановато очнулись в Дзержинском районе. Денис подтвердит. Под Заславлем тоже полезли опятки, сообщает Александр. И с ними один белый на всю округу. Юля в Минском районе тоже настригла малышей. Мозырский район, как известно, расположен в другой вселенной. Там в любое время года каждый выносит из лесу охапки боровиков. «Сегодня флеш-рояль, — предъявляет корзину с белыми E. V. — Дубовые, сосновые, еловые и березовые… „ Имейте в виду: эти выходные будут бурными. Белгидромет объявил оранжевый уровень из-за ветра и ливней на субботу. Похоже, продлит его и на воскресенье. Нравится читать Onlíner? Добавьте наши новости в «Основные источники» Google Есть о чем рассказать? Пишите в наш телеграм-бот . Это анонимно и быстро Перепечатка текста и фотографий Onlíner без разрешения редакции запрещена. ga@onliner.by",960955ddbb6a507ebe153ba3f00679984217cd030fbda8cfa6b34220696ab341,4500,false,3940,generic_html,,,,,
1.0,https://tech.onliner.by/2026/09/05/novaya-karta-mira,Onlíner,Беларусь,2026-09-05T11:07:57+00:00,feed:https://www.onliner.by/feed | homepage,В ООН одобрили новую карту мира - Технологии Onlíner,REJECT,relevance_rejected,needs_text,нет связки социальной темы и проблемы,"TITLE: В ООН одобрили новую карту мира - Технологии Onlíner
SUMMARY: Организация Объединенных Наций проголосовала за принятие резолюции, призывающей мир к отказу от традиционной карты мира с проекцией Меркатора в пользу карты, которая более точно отображает размеры Африки и других стран планеты. 164 страны проголосовали за резолюцию. Только США проголосовали против, еще шесть стран воздержались. Читать далее…
TEXT: Организация Объединенных Наций проголосовала за принятие резолюции, призывающей мир к отказу от традиционной карты мира с проекцией Меркатора в пользу карты, которая более точно отображает размеры Африки и других стран планеты. 164 страны проголосовали за резолюцию. Только США проголосовали против, еще шесть стран воздержались. Одним из главных инициаторов отказа от привычной карты мира стала Того, возглавившая кампанию от имени Африканского союза. Представители страны заявили, что резолюция «признает и подтверждает, что непропорциональные картографические представления, особенно те, которые являются результатом проекции Меркатора, имели долгосрочные когнитивные, образовательные, культурные, геополитические и социально-экономические последствия, способствуя резкому уменьшению воспринимаемого размера Африки и других регионов мира в глобальном коллективном сознании». Дело в том, что карта мира, построенная на проекции Меркатора, которая долгие годы была стандартом, на самом деле искажает реальные размеры стран. Из-за особенностей проекции, которая изначально была придумана для мореплавателей, регионы, расположенные вблизи экватора, кажутся значительно меньше, чем есть на самом деле, в то время как области вблизи полюсов выглядят намного больше. Например, на традиционной карте Африка показана примерно такого же размера, как Гренландия, но континент в 14 раз больше всей территории Дании, куда входит и Гренландия. Вместо карты мира с проекцией Меркатора предлагается использовать разработанную международной командой картографов карту проекта Equal Earth, на которой гораздо точнее отображены реальные размеры стран. Как отмечает The Guardian, резолюции ООН не имеют обязательной юридической силы, поэтому страны и учреждения не будут обязаны использовать только новую проекцию и им не будет запрещено использовать старую. Однако ожидается, что это приведет к обновлению учебных программ и повседневных технологий. Например, Франция уже выразила стремление принять новый стандарт. «Мы откажемся от проекции Меркатора в пользу картографических изображений, адаптированных к конкретным задачам, более точно отражающих реальные площади поверхностей и соответствующих рекомендациям картографов и ученых», — заявил министр иностранных дел Жан-Ноэль Барро. Нравится читать Onlíner? Добавьте наши новости в «Основные источники» Google Есть о чем рассказать? Пишите в наш телеграм-бот . Это анонимно и быстро",215a300f8c7ae36028f41866b235f043a9a22b3020fd835b4699b0b4980df7aa,2838,false,2419,generic_html,,,,,
1.0,https://auto.onliner.by/2026/09/05/vozle-stolichnogo-cirka-geely-vrezalsya-v-avtobus-i-vletel-v-fonar-postradal-podrostok,Onlíner,Беларусь,2026-09-05T09:24:40+00:00,feed:https://www.onliner.by/feed | homepage,Возле столичного цирка Geely врезался в автобус и влетел в фонарь. Пострадал подросток - Авто Onlíner,REJECT,relevance_rejected,possible,нет связки социальной темы и проблемы,"TITLE: Возле столичного цирка Geely врезался в автобус и влетел в фонарь. Пострадал подросток - Авто Onlíner
SUMMARY: Авария возле столичного цирка на проспекте Независимости произошла вчера вечером. Один человек был доставлен в больницу. Читать далее…
TEXT: Авария возле столичного цирка на проспекте Независимости произошла вчера вечером. Один человек был доставлен в больницу. — 29-летняя водитель электромобиля Geely при перестроении столкнулась с автобусом МАЗ. От удара легковушка совершила наезд на осветительную мачту, — рассказали в ГАИ. 17-летняя пассажирка автобуса доставлена в больницу для обследования. Нравится читать Onlíner? Добавьте наши новости в «Основные источники» Google Есть о чем рассказать? Пишите в наш телеграм-бот . Это анонимно и быстро Нравится читать Onlíner? Добавьте наши новости в «Основные источники» Google Есть о чем рассказать? Пишите в наш телеграм-бот . Это анонимно и быстро",5cc4e9f6590d0b79a6e91153d463fd6d194777bb11ebaf62c4294a8bf249092d,916,false,657,generic_html,,,,,
1.0,https://people.onliner.by/2026/09/05/gribniki-zabludilis-v-lesu-oni-sami-pozvonili-v-mchs,Onlíner,Беларусь,2026-09-05T09:26:11+00:00,feed:https://www.onliner.by/feed | homepage,Грибники заблудились в лесу — они сами позвонили в МЧС - Люди Onlíner,REJECT,relevance_rejected,possible,нет связки социальной темы и проблемы,"TITLE: Грибники заблудились в лесу — они сами позвонили в МЧС - Люди Onlíner
SUMMARY: В Глубокском районе супружеская пара заблудилась в лесу. Мужчина и женщина сами позвонили в МЧС и попросили о помощи. Читать далее…
TEXT: В Глубокском районе супружеская пара заблудилась в лесу. Мужчина и женщина сами позвонили в МЧС и попросили о помощи. Как выяснилось, в лес они отправились за грибами. Все произошло возле деревни Стуровщины. Работники МЧС сразу выдвинулись в предполагаемый район поиска. Все время спасатели находились на связи с потерявшимися и координировали их действия. Вскоре работники МЧС наткнулись на грибников и вывели их из леса. Медицинская помощь паре не потребовалась. Нравится читать Onlíner? Добавьте наши новости в «Основные источники» Google Есть о чем рассказать? Пишите в наш телеграм-бот . Это анонимно и быстро",f8565433f56d5eaaa074eb6f8dedf9c29f2a8f0fdc2f15d911785de04a45efa2,838,false,614,generic_html,,,,,
1.0,https://auto.onliner.by/2026/09/05/na-samom-zagruzhennom-perekrestke-kamennoj-gorki-izmenilas-sxema-dvizheniya-no-ne-vse-eto-ponyali,Onlíner,Беларусь,2026-09-05T11:11:23+00:00,feed:https://www.onliner.by/feed | homepage,На самом загруженном перекрестке Каменной горки изменилась схема движения. Но не все это поняли - Авто Onlíner,REJECT,relevance_rejected,possible,Evidence Binding: тема и проблема связаны только глубоко в тексте,"TITLE: На самом загруженном перекрестке Каменной горки изменилась схема движения. Но не все это поняли - Авто Onlíner
SUMMARY: Перекресток улиц Притыцкого и Лобанка (возле ТЦ Green City) в столице можно назвать самым загруженным в Каменной горке. С сентября тут произошли важные изменения. Теперь с Лобанка на улицу Притыцкого нельзя повернуть налево в сторону МКАД. Исключение — только для общественного транспорта. Вот только не все автолюбители даже спустя (почти) неделю в курсе о нововведениях. Читать далее…
TEXT: Перекресток улиц Притыцкого и Лобанка (возле ТЦ Green City) в столице можно назвать самым загруженным в Каменной горке. С сентября тут произошли важные изменения. Теперь с Лобанка на улицу Притыцкого нельзя повернуть налево в сторону МКАД. Исключение — только для общественного транспорта. Вот только не все автолюбители даже спустя (почти) неделю в курсе о нововведениях. Многие водители продолжают по привычке поворачивать налево с Лобанка. Пользователи соцсетей публикуют в Threads и TikTok, как сразу после запрещенного ныне маневра автолюбители тут же попадают на профилактическую беседу (а может, и на штраф) к инспекторам ГАИ. «Это уже народный мем. Шел седьмой день, на запрещенном повороте с Лобанка на Притыцкого все стабильно. Я насчитал шесть знаков, показывающих движение только прямо, плюс яркая красная разметка кирпича. Я предлагаю повесить желтый яркий дорожный знак с надписью „Изменена схема дорожного движения“», — пишет пользователь Threads и публикует фотографии инспекторов ГАИ, которые караулят нарушителей. Некоторые пользователи соцсетей критикуют такое решение по изменению организации движения на перекрестке. Кто-то даже предлагает писать коллективное обращение в ГАИ. В Госавтоинспекции же объясняют нововведения «безопасностью и пропускной способностью». Нравится читать Onlíner? Добавьте наши новости в «Основные источники» Google Есть о чем рассказать? Пишите в наш телеграм-бот . Это анонимно и быстро Нравится читать Onlíner? Добавьте наши новости в «Основные источники» Google Есть о чем рассказать? Пишите в наш телеграм-бот . Это анонимно и быстро",8e186a01e126d96e0c23502bd06b8687ecb814bbe002eb2fd1d9c7806fefcca6,2105,false,1585,generic_html,Могилевская область,Горки,дорога/улица,,
1.0,https://auto.onliner.by/2026/09/05/nepogoda-proshlas-po-oblastyam-bolshe-vsego-postradali-mashiny,Onlíner,Беларусь,2026-09-05T09:23:13+00:00,feed:https://www.onliner.by/feed,Непогода прошлась по областям. Больше всего пострадали машины - Авто Onlíner,REJECT,relevance_rejected,possible,нет связки социальной темы и проблемы,"TITLE: Непогода прошлась по областям. Больше всего пострадали машины - Авто Onlíner
SUMMARY: Непогода прошлась по областям, у МЧС была нелегкая смена. Выезжать пришлось и в Брестской, и в Витебской, и в Гомельской, и в Минской областях и в самом Минске. Читать далее…
TEXT: Непогода прошлась по областям, у МЧС была нелегкая смена. Выезжать пришлось и в Брестской, и в Витебской, и в Гомельской, и в Минской областях и в самом Минске. В Брестской области работники МЧС выезжали дважды, чтобы распилить и убрать упавшие деревья. Случаи произошли в Барановичском районе и Бресте. В областном центре повреждены три легковых автомобиля. Также упавшее дерево решило отыграться на машине в Докшицком районе. А всего в Витебской области спасатели оказывали помощь шесть раз (по два раза в Оршанском и Витебском районах, по одному — в Докшицком и Чашникском). В Гомельской области вечером дерево перегородило движение на переулке Фабричном в Мозыре. Работники МЧС распилили дерево и освободили дорогу. В Минске МЧС освободило из древесного плена дороги и два поврежденных авто. Пострадавших среди людей, к счастью, нет. Нравится читать Onlíner? Добавьте наши новости в «Основные источники» Google Есть о чем рассказать? Пишите в наш телеграм-бот . Это анонимно и быстро Нравится читать Onlíner? Добавьте наши новости в «Основные источники» Google Есть о чем рассказать? Пишите в наш телеграм-бот . Это анонимно и быстро",dcecaa2a030780c35d91346a8866177bc08c732aeffd5fb6b67e26deaed3a5df,1411,false,1137,generic_html,Минская область,,,,
1.0,https://sport.onliner.by/2026/09/05/356733,Onlíner,Беларусь,2026-09-05T11:51:10+00:00,feed:https://www.onliner.by/feed | homepage,ПСЖ продлил контракт с главным тренером - Спорт Onlíner,REJECT,relevance_rejected,needs_text,нет связки социальной темы и проблемы,"TITLE: ПСЖ продлил контракт с главным тренером - Спорт Onlíner
SUMMARY: Испанец Луис Энрике, с которым связывают последние успехи клуба, продлил контракт с ПСЖ. Новое соглашение рассчитано до 2030 года. Читать далее…
TEXT: Испанец Луис Энрике, с которым связывают последние успехи клуба, продлил контракт с ПСЖ. Новое соглашение рассчитано до 2030 года. Пресс-служба клуба также сообщила , что парижане продлили контракты до 2031 года с защитниками Виллианом Пачо и Лукасом Бералдо, а также полузащитниками Фабианом Руисом, Сенни Маюлу и Жоау Невешем. В ПСЖ Энрике работает с 2023 года. За это время он трижды с командой побеждал в чемпионате Франции, а также дважды приводил «красно-синих» к победе в Лиге чемпионов. Среди его титулов с ПСЖ также Суперкубок УЕФА (дважды), Межконтинентальный кубок, Суперкубок Франции (трижды). В пятницу ПСЖ провел очередной матч чемпионата Франции и уступил «Монако» со счетом 1:2. После трех туров команда набрала всего два очка и находится на 12-м месте в турнирной таблице. Нравится читать Onlíner? Добавьте наши новости в «Основные источники» Google Есть о чем рассказать? Пишите в наш телеграм-бот . Это анонимно и быстро",06e614283c2bc4bd2498eae5c2f79deff5476cab8af409a42f3b199cc72a3469,1162,false,939,generic_html,,,,,
1.0,https://reform.news/17-letnjaja-devushka-postradala-pri-stolknovenii-geely-s-avtobusom-v-minske,Reform.news,Беларусь,2026-09-05T09:42:13+00:00,telegram:https://t.me/s/reformby,17-летняя девушка пострадала при столкновении Geely с автобусом в Минске,REJECT,relevance_rejected,possible,нет связки социальной темы и проблемы,"TITLE: 17-летняя девушка пострадала при столкновении Geely с автобусом в Минске
TEXT: 17-летняя девушка пострадала при столкновении Geely с автобусом в Минске Подробнее или без VPN | Купить VPN",db1d857520ce93d55d9c59202c67c006641a425157afafed3c9fadbbf4208f25,193,false,107,inline_text,Минск,Минск,общественный транспорт,,
1.0,https://reform.news/flagshtok-obnaruzhil-sledy-novyh-rabot-na-meste-predpolagaemogo-stroitelstva-jadernogo-mogilnika,Reform.news,Беларусь,2026-09-05T14:58:07+00:00,telegram:https://t.me/s/reformby,«Флагшток» обнаружил следы новых работ на месте предполагаемого строительства ядерного могильника,REJECT,relevance_rejected,possible,нет связки социальной темы и проблемы,"TITLE: «Флагшток» обнаружил следы новых работ на месте предполагаемого строительства ядерного могильника
TEXT: «Флагшток» обнаружил следы новых работ на месте предполагаемого строительства ядерного могильника Подробнее или без VPN | Купить VPN",3a1bd7c4bef5ae7b25ef0d92a657a6100a1196ccce14ed4de2d0410ccc03045d,243,false,132,inline_text,,,,,
1.0,https://reform.news/shkola-priobretaet-cherty-rezhimnogo-uchrezhdenija-v-opk-prokommentirovali-novye-pravila-dosmotra-shkolnikov,Reform.news,Беларусь,2026-09-05T10:32:42+00:00,telegram:https://t.me/s/reformby,«Школа приобретает черты режимного учреждения» — в ОПК прокомментировали новые правила досмотра школьников,REJECT,relevance_rejected,possible,нет связки социальной темы и проблемы,"TITLE: «Школа приобретает черты режимного учреждения» — в ОПК прокомментировали новые правила досмотра школьников
TEXT: «Школа приобретает черты режимного учреждения» — в ОПК прокомментировали новые правила досмотра школьников Подробнее или без VPN | Купить VPN",2aa9295f55c44bca21c447360be9e7090e56903edab7a6558c2c815c4d4ca4cc,261,false,141,inline_text,,,школа/детский сад,,
1.0,https://reform.news/jeto-ne-menjaet-moih-planov-otnositelno-vozvrashhenija-v-grodno-pochobut-soobshhil-o-perenose-sezda-sojuza-poljakov-belarusi,Reform.news,Беларусь,2026-09-05T14:22:14+00:00,telegram:https://t.me/s/reformby,«Это не меняет моих планов относительно возвращения в Гродно» — Почобут сообщил о переносе съезда Союза поляков Беларуси,REJECT,relevance_rejected,needs_text,нет связки социальной темы и проблемы,"TITLE: «Это не меняет моих планов относительно возвращения в Гродно» — Почобут сообщил о переносе съезда Союза поляков Беларуси
TEXT: «Это не меняет моих планов относительно возвращения в Гродно» — Почобут сообщил о переносе съезда Союза поляков Беларуси Подробнее или без VPN | Купить VPN",6530789388aa9307767024228888f3dcc959ba1a559f4a7c17140404e8c31315,289,false,155,inline_text,Гродненская область,Гродно,,,
1.0,https://reform.news/belarusskie-voennye-nachali-vtoroj-jetap-uchenij-na-rossijskom-poligone,Reform.news,Беларусь,2026-09-05T09:05:08+00:00,telegram:https://t.me/s/reformby,Беларусские военные начали второй этап учений на российском полигоне,REJECT,relevance_rejected,needs_text,нет связки социальной темы и проблемы,"TITLE: Беларусские военные начали второй этап учений на российском полигоне
TEXT: Беларусские военные начали второй этап учений на российском полигоне Подробнее или без VPN | Купить VPN",ff5089eb88e80c840ab1a545f2ca396455501acd8882e468befe754c457975d7,185,false,103,inline_text,,,,,
1.0,https://reform.news/v-belarusi-ischerpali-kvotu-na-besposhlinnyj-vvoz-jelektromobilej,Reform.news,Беларусь,2026-09-05T13:58:25+00:00,telegram:https://t.me/s/reformby,В Беларуси исчерпали квоту на беспошлинный ввоз электромобилей,REJECT,relevance_rejected,needs_text,нет связки социальной темы и проблемы,"TITLE: В Беларуси исчерпали квоту на беспошлинный ввоз электромобилей
TEXT: В Беларуси исчерпали квоту на беспошлинный ввоз электромобилей Подробнее или без VPN | Купить VPN",3aab6d073f8c141589f73de5b7d6671fa6fe261b5656c7ad3325449711414984,173,false,97,inline_text,,,,,
1.0,https://reform.news/vystava-majstar-klasy-zhyvaja-muzyka-i-imersi-naja-prastora-u-vilni-projdze-tydzen-belaruskaj-kultury,Reform.news,Беларусь,2026-09-05T10:23:12+00:00,telegram:https://t.me/s/reformby,"Выстава, майстар-класы, жывая музыка і імерсіўная прастора: у Вільні пройдзе тыдзень беларускай культуры",REJECT,relevance_rejected,needs_text,нет связки социальной темы и проблемы,"TITLE: Выстава, майстар-класы, жывая музыка і імерсіўная прастора: у Вільні пройдзе тыдзень беларускай культуры
TEXT: Выстава, майстар-класы, жывая музыка і імерсіўная прастора: у Вільні пройдзе тыдзень беларускай культуры Подробнее или без VPN | Купить VPN",1893203a3943a299a06582c8fc3cc7470998efb2d8508caac65166e788e3bc23,257,false,139,inline_text,,,,,
1.0,https://reform.news/dvoe-detej-postradali-v-dtp-pod-belynichami,Reform.news,Беларусь,2026-09-05T12:31:29+00:00,telegram:https://t.me/s/reformby,Двое детей пострадали в ДТП под Белыничами,REJECT,relevance_rejected,needs_text,нет связки социальной темы и проблемы,"TITLE: Двое детей пострадали в ДТП под Белыничами
TEXT: Двое детей пострадали в ДТП под Белыничами Подробнее или без VPN | Купить VPN",ce5d924fe464209b9aa89b1801dde88cba9f981f9fafdf7b7667c2dff05db38d,133,false,77,inline_text,,,,,
1.0,https://reform.news/kuharev-rasskazal-o-novyh-razvjazkah-ogranichenijah-dlja-gruzovikov-i-srokah-stroitelstva-metro,Reform.news,Беларусь,2026-09-05T08:40:47+00:00,telegram:https://t.me/s/reformby,"Кухарев рассказал о новых развязках, ограничениях для грузовиков и сроках строительства метро",REJECT,relevance_rejected,possible,нет связки социальной темы и проблемы,"TITLE: Кухарев рассказал о новых развязках, ограничениях для грузовиков и сроках строительства метро
TEXT: Кухарев рассказал о новых развязках, ограничениях для грузовиков и сроках строительства метро Подробнее или без VPN | Купить VPN",c91bde5e32bdef6e26e6b2250c468bac9ef8e7ef78ab30b51458c7a9ecc55d5c,235,false,128,inline_text,,,,,
1.0,https://reform.news/putin-poruchil-ne-nanosit-udary-po-kievu-v-techenie-treh-sutok,Reform.news,Беларусь,2026-09-05T11:59:42+00:00,telegram:https://t.me/s/reformby,Путин поручил не наносить удары по Киеву в течение трех суток,REJECT,relevance_rejected,needs_text,политическая тема: путин,"TITLE: Путин поручил не наносить удары по Киеву в течение трех суток
TEXT: Путин поручил не наносить удары по Киеву в течение трех суток Подробнее или без VPN | Купить VPN",8fc5730df0aab7b53b8674f80df51cbfcfa2a92bf9cc1134455de96ff0bbd13a,171,false,96,inline_text,,,,,
1.0,https://reform.news/telo-propavshego-pensionera-obnaruzhili-v-reke-pod-mikashevichami,Reform.news,Беларусь,2026-09-05T12:40:26+00:00,telegram:https://t.me/s/reformby,Тело пропавшего пенсионера обнаружили в реке под Микашевичами,REJECT,relevance_rejected,needs_text,нет связки социальной темы и проблемы,"TITLE: Тело пропавшего пенсионера обнаружили в реке под Микашевичами
TEXT: Тело пропавшего пенсионера обнаружили в реке под Микашевичами Подробнее или без VPN | Купить VPN",ab7ab5851711c2b21a65b813842902fc8c205b8ae898bb2be34d2b631d2f9d4d,171,false,96,inline_text,,,река/озеро/берег,,
1.0,https://reform.news/u-mezhah-fotakonkursu-viki-ljubic-vjoski-bylo-zagruzhana-amal-dzve-z-palovaj-tysjachy-fotazdymka-belaruskih-vjosak,Reform.news,Беларусь,2026-09-05T09:14:08+00:00,telegram:https://t.me/s/reformby,У межах фотаконкурсу «Вікі любіць вёскі» было загружана амаль дзве з паловай тысячы фотаздымкаў беларускіх вёсак,REJECT,relevance_rejected,needs_text,нет связки социальной темы и проблемы,"TITLE: У межах фотаконкурсу «Вікі любіць вёскі» было загружана амаль дзве з паловай тысячы фотаздымкаў беларускіх вёсак
TEXT: У межах фотаконкурсу «Вікі любіць вёскі» было загружана амаль дзве з паловай тысячы фотаздымкаў беларускіх вёсак Подробнее или без VPN | Купить VPN",df418b3c547abb49e506c513b86cdc6b0fd451817e37da5eccce1a91d04f24d4,273,false,147,inline_text,,,,,
1.0,https://reform.news/uitkoff-i-kushner-pribudut-v-kiev-6-sentjabrja,Reform.news,Беларусь,2026-09-05T14:46:32+00:00,telegram:https://t.me/s/reformby,Уиткофф и Кушнер прибудут в Киев 6 сентября,REJECT,relevance_rejected,needs_text,нет связки социальной темы и проблемы,"TITLE: Уиткофф и Кушнер прибудут в Киев 6 сентября
TEXT: Уиткофф и Кушнер прибудут в Киев 6 сентября Подробнее или без VPN | Купить VPN",9521e35871cd3c7807c2095c4dfbc1c4a3b2e2e106d6126d25ecfa69f590d2b8,135,false,78,inline_text,,,,,
1.0,https://reform.news/uitkoff-i-kushner-pribyli-v-moskvu,Reform.news,Беларусь,2026-09-05T08:48:28+00:00,telegram:https://t.me/s/reformby,Уиткофф и Кушнер прибыли в Москву,REJECT,relevance_rejected,needs_text,нет связки социальной темы и проблемы,"TITLE: Уиткофф и Кушнер прибыли в Москву
TEXT: Уиткофф и Кушнер прибыли в Москву Подробнее или без VPN | Купить VPN",6f2b1707640fe338e152a80ecd7f2cf6c70ca607cf4397110f755433bec718dd,115,false,68,inline_text,,,,,
1.0,https://reform.news/chernogor-ot-budushhego-belarusi-v-znachitelnoj-stepeni-zavisit-bezopasnost-vsego-regiona,Reform.news,Беларусь,2026-09-05T13:21:24+00:00,telegram:https://t.me/s/reformby,Черногор: От будущего Беларуси в значительной степени зависит безопасность всего региона,REJECT,relevance_rejected,needs_text,нет связки социальной темы и проблемы,"TITLE: Черногор: От будущего Беларуси в значительной степени зависит безопасность всего региона
TEXT: Черногор: От будущего Беларуси в значительной степени зависит безопасность всего региона Подробнее или без VPN | Купить VPN",05d871c934fb4ddf2d1dbc4fbddf8093fe31d6b3cea1e8ce22f08687433fb7fd,225,false,123,inline_text,,,,опасность/безопасность,
1.0,https://smartpress.by/news/48-chasov-pod-pritselom-strely-gai-otpravila-dopnaryady-v-etu-oblast-belarusi,Smartpress.by,Беларусь,2026-09-05T12:45:01+00:00,feed:https://smartpress.by/rss/news/ | homepage,48 часов под прицелом “Стрелы”: МВД экстренно отправило допнаряды в эту область Беларуси,REJECT,relevance_rejected,strong,Evidence Binding: тема и проблема связаны только глубоко в тексте,"TITLE: 48 часов под прицелом “Стрелы”: МВД экстренно отправило допнаряды в эту область Беларуси
SUMMARY: В Министерстве внутренних дел (МВД) сообщили, что в субботу утром, 5 сентября, в один из регионов Беларуси отправили ДПС “Стрела”. Планируется, что инспекторы помогут местным подразделениям ГАИ контролировать ситуацию на дорогах. Речь идёт о Брестской области. Фото носит иллюстративный характер В ведомстве предупредили, что в выходные (то есть на протяжении 48 часов) по всей Беларуси усилят профилактику ДТП с тяжкими последствиями. Наряды ДПС будут работать как на республиканских, так и на местных дорогах. Особое внимание инспекторы уделят вечернему и ночному времени. По данным ГАИ, стражи дорог проконтролируют: управление авто в пьяном виде; езду без прав; грубые нарушения ПДД водителями; нарушения со стороны пешеходов и велосипедистов; передвижение пользователей средств персональной мобильности (СПМ); соблюдение правил мотоциклистами. В ГАИ также предупредили о нестабильной погоде в выходные. Водителям рекомендовали выбирать безопасную скорость, избегать рискованных манёвров, не отвлекаться за рулём и соблюдать правила перевозки пассажиров, особенно детей. Что касается пешеходов и велосипедистов, им посоветовали быть осторожнее возле проезжей части и при её пересечении, а в тёмное время использовать фликеры. “Стрела” – специальное подразделение дорожно-патрульной службы МВД Беларуси. В самом МВД его называют “спецназом ГАИ”: экипажи направляют в разные регионы страны для усиления местной Госавтоинспекции, отработки аварийно опасных участков и пресечения грубых нарушений ПДД. Сотрудники “Стрелы” работают на автомобилях и мотоциклах, участвуют в патрулировании и быстром реагировании на дорожные происшествия. Ещё одна задача подразделения – сопровождение высших должностных лиц и официальных делегаций.
TEXT: В Министерстве внутренних дел (МВД) сообщили, что в субботу утром, 5 сентября, в один из регионов Беларуси отправили ДПС “Стрела”. Планируется, что инспекторы помогут местным подразделениям ГАИ контролировать ситуацию на дорогах. Речь идёт о Брестской области. Фото носит иллюстративный характер В ведомстве предупредили, что в выходные (то есть на протяжении 48 часов) по всей Беларуси усилят профилактику ДТП с тяжкими последствиями. Наряды ДПС будут работать как на республиканских, так и на местных дорогах. Особое внимание инспекторы уделят вечернему и ночному времени. По данным ГАИ, стражи дорог проконтролируют: В ГАИ также предупредили о нестабильной погоде в выходные. Водителям рекомендовали выбирать безопасную скорость, избегать рискованных манёвров, не отвлекаться за рулём и соблюдать правила перевозки пассажиров, особенно детей. Что касается пешеходов и велосипедистов, им посоветовали быть осторожнее возле проезжей части и при её пересечении, а в тёмное время использовать фликеры. “Стрела” – специальное подразделение дорожно-патрульной службы МВД Беларуси. В самом МВД его называют “спецназом ГАИ”: экипажи направляют в разные регионы страны для усиления местной Госавтоинспекции, отработки аварийно опасных участков и пресечения грубых нарушений ПДД. Сотрудники “Стрелы” работают на автомобилях и мотоциклах, участвуют в патрулировании и быстром реагировании на дорожные происшествия. Ещё одна задача подразделения – сопровождение высших должностных лиц и официальных делегаций.",5d30433b2152df76d010850cb27dc05d3ad29f41e17a34d03d1b2b00ab1003a8,3341,false,1500,generic_html,Брестская область,,дорога/улица,опасность/безопасность,region:брестская область|road|safety
1.0,https://smartpress.by/news/belgee-gotovit-bolee-dostupnuyu-versiyu-x50-i-postavit-cityray-na-konveyer,Smartpress.by,Беларусь,,homepage,BELGEE готовит более доступную версию X50 и поставит Cityray на конвейер,REJECT,relevance_rejected,needs_text,нет связки социальной темы и проблемы,"TITLE: BELGEE готовит более доступную версию X50 и поставит Cityray на конвейер
TEXT: СЗАО “БЕЛДЖИ” планирует расширять модельный ряд автомобилей и увеличивать локализацию производства. Об этом 4 сентября рассказал директор предприятия Геннадий Свидерский во время посещения завода премьер-министром Александром Турчиным. Флагманской и самой продаваемой моделью предприятия остается BELGEE X50. По словам Свидерского, по итогам августа каждая шестая проданная в Беларуси машина была именно этой моделью. X50 уже прошла несколько этапов модернизации. В частности, трехцилиндровый двигатель заменили на четырехцилиндровый. Теперь на предприятии рассматривают еще одну модификацию. “Мы хотим сделать еще более бюджетную модификацию как для коммерческих пользователей, так и для наших граждан” , – цитирует Свидерского пресс-служба правительства. Еще одна модель, которую планируют поставить на конвейер, – Cityray. Сейчас автомобиль собирают крупноузловым методом, параллельно идет изготовление необходимой оснастки. “Это уже модель нового поколения. Сейчас это новая платформа 3.0, на которой уже строится современный ряд легковых автомобилей. Надеюсь, что в первом квартале это будет реализовано”, – сказал директор “БЕЛДЖИ”. На той же платформе создан гибрид BELGEE X80. Он сочетает электромотор и бензиновый двигатель и, по словам Свидерского, способен проехать до 1000 км при полной заправке. На предприятии намерены увеличивать объемы его производства и степень локализации. Завод также собирает два электромобиля – Geely EX2 и Geely EX5. По словам директора, предприятие уже выпустило почти 10 тыс. электромобилей и гибридов. Планку в 10 тыс. машин рассчитывают преодолеть уже в сентябре. “Глава государства ставил задачу сделать 10 тыс. электромобилей и гибридов, и можно сказать, что мы перевыполним это задание”, – отметил Свидерский. Параллельно “БЕЛДЖИ” продолжает расширять производство. В этом году предприятие начало строительство собственного цеха штамповки, который планируют запустить в конце 2027 года. Сейчас металлические детали кузова поставляют в составе машинокомплектов из Китая. После запуска собственного производства количество необходимых для доставки контейнеров, по расчетам завода, сократится примерно на 70%. Одновременно модернизируется сварочный цех. Если в 2018 году там работало около 35 роботов, а после реконструкции их стало 70, то после запуска нового производства количество увеличится до 150. За восемь месяцев 2026 года “БЕЛДЖИ” выпустило 73 673 автомобиля. На экспорт отправили 42 147 машин на сумму $690 млн, на внутреннем рынке реализовали 32 916 автомобилей. За все время работы завод “БЕЛДЖИ” произвел более 400 тыс. автомобилей, из них свыше 100 тыс. продано в Беларуси. После модернизации мощность окрасочного производства выросла с 60 тыс. до 120 тыс. автомобилей в год.",124f47d1cc82e4a017524c263706765cc80bc789d86b048270fbcb5852b24d89,2819,false,2733,generic_html,Витебская область,Поставы,,,
1.0,https://smartpress.by/news/v-belarusi-otkryli-sezon-okhoty-na-ryabchika-i-seruyu-kuropatku-skolko-stoyat-putevki,Smartpress.by,Беларусь,2026-09-05T09:11:19+00:00,feed:https://smartpress.by/rss/news/ | homepage,В Беларуси открыли сезон охоты на рябчика и серую куропатку: сколько стоят путевки,REJECT,relevance_rejected,strong,нет связки социальной темы и проблемы,"TITLE: В Беларуси открыли сезон охоты на рябчика и серую куропатку: сколько стоят путевки
SUMMARY: С 5 сентября в Беларуси начинается сезон охоты на рябчика и серую куропатку. Он продлится до 13 декабря 2026 года. Охотиться на этих птиц разрешено в светлое время суток. Ограничений по полу и возрасту добываемых животных нет. Как сообщили в РГОО “Белорусское общество охотников и рыболовов” (БООР), разрешенные способы охоты – ружейный и безружейный. При ружейной охоте можно использовать гладкоствольное охотничье оружие и патроны, снаряженные дробью. Допускается охота с подхода или из засады, а также с охотничьими собаками – легавыми, спаниелями и ретриверами. Безружейный способ предусматривает использование ловчих птиц. Сколько стоят охотничьи путевки Для членов РГОО “БООР” стоимость путевок на летне-осенний сезон 2026 года зависит от территории охоты. Разовая путевка на один день стоит: в один егерский обход – от 10 до 20 рублей; по охотхозяйству – от 15 до 25 рублей. Сезонная путевка обойдется: в один егерский обход – от 40 до 80 рублей; по охотхозяйству – от 60 до 120 рублей. Стоимость сезонной путевки на ненормируемые виды охотничьих животных составляет от 200 до 300 рублей для территорий охотхозяйств, арендуемых МРОС, и от 300 до 400 рублей для хозяйств, арендуемых непосредственно ООС. Для охотников, которые не являются членами РГОО “БООР”, стоимость путевок на ненормируемые виды охотничьих животных увеличивается в два раза. По теме В Беларуси открыли охоту на бобра и выдру: какие правила действуют до конца марта Жителей этого района Беларуси призвали не ходить в лес: там бродит раненый медведь Путевку можно показать с телефона Приобрести охотничью путевку можно в организационных структурах РГОО “БООР” или через сервис ihunt.by. Если путевка оформлена в электронном виде, предъявлять ее и карту-схему можно как в бумажном варианте, так и на экране телефона или планшета. Распечатывать документы не обязательно. При этом во время охоты на пернатую дичь запрещено использовать нарезное оружие, включая комбинированное, охотничьи луки и арбалеты, а также патроны с пулями или картечью. За добычу животного, которое не указано в охотничьей путевке или не относится к разрешенным объектам охоты, предусмотрена административная или уголовная ответственность. Бэк. В Беларуси в летне-осенний сезон продолжается охота и на другие виды животных и птиц – среди них медведь, копытные, бобр, выдра, кабан, тетерев, водоплавающая и болотная дичь, вальдшнеп, вяхирь, голубь сизый, перепел и фазан.
TEXT: С 5 сентября в Беларуси начинается сезон охоты на рябчика и серую куропатку. Он продлится до 13 декабря 2026 года. Охотиться на этих птиц разрешено в светлое время суток. Ограничений по полу и возрасту добываемых животных нет. Как сообщили в РГОО “Белорусское общество охотников и рыболовов” (БООР), разрешенные способы охоты – ружейный и безружейный. При ружейной охоте можно использовать гладкоствольное охотничье оружие и патроны, снаряженные дробью. Допускается охота с подхода или из засады, а также с охотничьими собаками – легавыми, спаниелями и ретриверами. Безружейный способ предусматривает использование ловчих птиц. Для членов РГОО “БООР” стоимость путевок на летне-осенний сезон 2026 года зависит от территории охоты. Разовая путевка на один день стоит: Стоимость сезонной путевки на ненормируемые виды охотничьих животных составляет от 200 до 300 рублей для территорий охотхозяйств, арендуемых МРОС, и от 300 до 400 рублей для хозяйств, арендуемых непосредственно ООС. Для охотников, которые не являются членами РГОО “БООР”, стоимость путевок на ненормируемые виды охотничьих животных увеличивается в два раза. Приобрести охотничью путевку можно в организационных структурах РГОО “БООР” или через сервис ihunt.by. Если путевка оформлена в электронном виде, предъявлять ее и карту-схему можно как в бумажном варианте, так и на экране телефона или планшета. Распечатывать документы не обязательно. При этом во время охоты на пернатую дичь запрещено использовать нарезное оружие, включая комбинированное, охотничьи луки и арбалеты, а также патроны с пулями или картечью. За добычу животного, которое не указано в охотничьей путевке или не относится к разрешенным объектам охоты, предусмотрена административная или уголовная ответственность. Бэк. В Беларуси в летне-осенний сезон продолжается охота и на другие виды животных и птиц – среди них медведь, копытные, бобр, выдра, кабан, тетерев, водоплавающая и болотная дичь, вальдшнеп, вяхирь, голубь сизый, перепел и фазан.",b6ddc75aa20dbf22ad7e7196f92e142a8e0f20dc55beee31adb4c7ddd686cdce,4504,false,1982,generic_html,,,содержание животных,,
1.0,https://smartpress.by/news/v-minske-perekroyut-desyatki-ulits-iz-za-polumarafona-gde-ogranichat-dvizhenie-6-sentyabrya,Smartpress.by,Беларусь,2026-09-05T10:18:18+00:00,feed:https://smartpress.by/rss/news/ | homepage,В Минске перекроют десятки улиц из-за полумарафона: где ограничат движение 6 сентября,REJECT,relevance_rejected,possible,нет связки социальной темы и проблемы,"TITLE: В Минске перекроют десятки улиц из-за полумарафона: где ограничат движение 6 сентября
SUMMARY: В Минске 6 сентября ограничат движение транспорта из-за проведения массового спортивного мероприятия – Минского полумарафона. Ограничения будут действовать на нескольких центральных улицах города в разное время. Госавтоинспекция предупредила водителей учитывать перекрытия при выборе маршрута. Какие улицы перекроют Первые ограничения начнут действовать уже с 16:00 5 сентября до 17:00 6 сентября. Движение всех видов транспорта ограничат на улице Кирова – на участке от улицы Комсомольской до улицы Свердлова. 6 сентября с 7:00 до 13:00 перекроют: проспект Независимости от улицы Янки Купалы до площади Победы, включая круговую развязку; проспект Победителей от проспекта Машерова до улицы Ленина; улицу Ленина от проспекта Победителей до улицы Интернациональной. С 7:00 до 14:00 ограничения будут действовать: на проспекте Независимости от улицы Свердлова до улицы Янки Купалы; на улице Ленина от улицы Интернациональной до проспекта Независимости. С 7:00 до 15:30 движение ограничат: по улице Свердлова от улицы Кирова до проспекта Независимости; по проспекту Независимости от улицы Свердлова до улицы Московской. С 7:00 до 16:00 перекроют: улицу Свердлова от улицы Кирова до улицы Ульяновской; четную сторону улицы Ульяновской от улицы Свердлова до улицы Ленина. С 7:00 до 17:00 ограничения коснутся улицы Кирова на участке от улицы Ленина до улицы Комсомольской. Кроме того, с 12:00 до 14:00 6 сентября будет ограничено движение: по улице Янки Купалы от проспекта Независимости до улицы Интернациональной; по улице Интернациональной от улицы Янки Купалы до улицы Ленина. Госавтоинспекция просит автомобилистов заранее планировать маршруты и учитывать временные изменения организации движения. Минский полумарафон – одно из крупнейших массовых спортивных мероприятий столицы, во время которого ежегодно меняется схема движения в центральной части города. Ограничения вводят для обеспечения безопасности участников и зрителей..
TEXT: В Минске 6 сентября ограничат движение транспорта из-за проведения массового спортивного мероприятия – Минского полумарафона. Ограничения будут действовать на нескольких центральных улицах города в разное время. Госавтоинспекция предупредила водителей учитывать перекрытия при выборе маршрута. Первые ограничения начнут действовать уже с 16:00 5 сентября до 17:00 6 сентября. Движение всех видов транспорта ограничат на улице Кирова – на участке от улицы Комсомольской до улицы Свердлова. 6 сентября с 7:00 до 13:00 перекроют: С 7:00 до 14:00 ограничения будут действовать: С 7:00 до 15:30 движение ограничат: С 7:00 до 17:00 ограничения коснутся улицы Кирова на участке от улицы Ленина до улицы Комсомольской. Кроме того, с 12:00 до 14:00 6 сентября будет ограничено движение: Госавтоинспекция просит автомобилистов заранее планировать маршруты и учитывать временные изменения организации движения.",7887066314b349b2b6f0439163359bcd6304e920a8450d08ba7802bd75e3ac13,2938,false,899,generic_html,Минск,Минск,дорога/улица,опасность/безопасность,минск|road|safety
1.0,https://smartpress.by/news/v-kakikh-20-stranakh-zmei-kusayut-turistov-chashche-vsego-v-tri-iz-nikh-letaet-belavia,Smartpress.by,Беларусь,2026-09-05T14:25:10+00:00,feed:https://smartpress.by/rss/news/ | homepage,В каких 20 странах змеи кусают туристов чаще всего: в 3 из них летает “Белавиа”,REJECT,relevance_rejected,needs_text,нет связки социальной темы и проблемы,"TITLE: В каких 20 странах змеи кусают туристов чаще всего: в 3 из них летает “Белавиа”
SUMMARY: Около 75% всех случаев отравления змеиным ядом в мире приходится всего на 20 стран. Такой вывод сделали авторы нового исследования, опубликованного в научном журнале PLOS Medicine. Лидирует Индия: по оценке учёных, ежегодно там происходит до 1,378 млн случаев, когда после укуса змеи яд попадает в организм человека. В ТОП-20 также также вошли: Нигерия; Индонезия; Демократическая Республика Конго; Эфиопия; Кения; Бангладеш; Уганда; Пакистан; Бразилия; Танзания; Филиппины; Вьетнам; Китай; Кот-д'Ивуар; Буркина-Фасо; Йемен; Южный Судан; Малави; Судан. После Индии особенно высокие показатели учёные отметили в Нигерии – от 198 до 666 тысяч случаев в год. В Индонезии речь идёт о 145-490 тысячах, в Конго – о 139-467 тысячах, в Эфиопии – о 94,1-317 тысячах, в Кении – о 66,3-224 тысячах. Любопытно, что сразу в 3 страны из этого списка белорусы могут улететь прямыми рейсами “Белавиа”. Это Индия, Китай и Вьетнам. Перевозчик летает из Минска в Дели, китайские Урумчи и Санью, а также во вьетнамский Нячанг. Сколько людей страдают от укусов змей в мире? По расчётам авторов исследования, ежегодно на планете происходит от 2,1 млн до 7 млн случаев отравления змеиным ядом после укусов. Число смертей может составлять от 274 до 513 тысяч в год. Почти половина всех случаев – около 46% – приходится на страны Африки к югу от Сахары. Ещё 27% фиксируют в Южной Азии, 16% – в Восточной Азии и странах Тихоокеанского региона. Для оценки учёные использовали данные из 79 стран, опубликованные с 2007 года по март 2025-го. Там, где полноценной статистики не хватало, исследователи применяли геостатистическое моделирование. Поэтому авторы отдельно предупредили: показатели по отдельным странам могут иметь заметную погрешность. При этом исследование не оценивало риск для туристов и не считало все нападения змей. Речь идёт именно о случаях, когда после укуса произошло отравление ядом.
TEXT: Около 75% всех случаев отравления змеиным ядом в мире приходится всего на 20 стран. Такой вывод сделали авторы нового исследования, опубликованного в научном журнале PLOS Medicine. Лидирует Индия: по оценке учёных, ежегодно там происходит до 1,378 млн случаев, когда после укуса змеи яд попадает в организм человека. После Индии особенно высокие показатели учёные отметили в Нигерии – от 198 до 666 тысяч случаев в год. В Индонезии речь идёт о 145-490 тысячах, в Конго – о 139-467 тысячах, в Эфиопии – о 94,1-317 тысячах, в Кении – о 66,3-224 тысячах. Любопытно, что сразу в 3 страны из этого списка белорусы могут улететь прямыми рейсами “Белавиа”. Это Индия, Китай и Вьетнам. Перевозчик летает из Минска в Дели, китайские Урумчи и Санью, а также во вьетнамский Нячанг. По расчётам авторов исследования, ежегодно на планете происходит от 2,1 млн до 7 млн случаев отравления змеиным ядом после укусов. Число смертей может составлять от 274 до 513 тысяч в год. Почти половина всех случаев – около 46% – приходится на страны Африки к югу от Сахары. Ещё 27% фиксируют в Южной Азии, 16% – в Восточной Азии и странах Тихоокеанского региона. Для оценки учёные использовали данные из 79 стран, опубликованные с 2007 года по март 2025-го. Там, где полноценной статистики не хватало, исследователи применяли геостатистическое моделирование. Поэтому авторы отдельно предупредили: показатели по отдельным странам могут иметь заметную погрешность. При этом исследование не оценивало риск для туристов и не считало все нападения змей. Речь идёт именно о случаях, когда после укуса произошло отравление ядом.",dd63c32e5c806de33141fd4778ccecc4dab7a2502a8e78f9e5d9baf9d77c9ad7,3573,false,1594,generic_html,Минск,Минск,,,
1.0,https://smartpress.by/news/molniya-makkuin-vyydet-na-trassu-formuly-1-v-montse-v-chest-20-letiya-tachek,Smartpress.by,Беларусь,2026-09-05T09:44:32+00:00,feed:https://smartpress.by/rss/news/ | homepage,Молния Маккуин против Формулы-1? Герой “Тачек” выедет на легендарную трассу в Монце,REJECT,relevance_rejected,needs_text,нет связки социальной темы и проблемы,"TITLE: Молния Маккуин против Формулы-1? Герой “Тачек” выедет на легендарную трассу в Монце
SUMMARY: Герой Pixar Молния Маккуин появится на легендарной трассе Формулы-1 в Монце. Полноразмерная версия знаменитого красного автомобиля с номером 95 совершит почетный круг в рамках Гран-при Италии. Необычное шоу пройдет 6 сентября и будет посвящено 20-летию выхода первого мультфильма “Тачки”. Об этом сообщили организаторы Формулы-1. На автодроме также появится автомобиль безопасности Формулы-1 Mercedes-AMG GT 63 PRO 4MATIC+ , который получит специальную ливрею в стиле популярной анимационной франшизы Pixar. Когда “Тачки” встретятся с Формулой-1 Организаторы отмечают, что акция объединит мир большого автоспорта и анимации в рамках сотрудничества Formula 1, Disney и Mercedes-AMG. На трассе в Монце зрители увидят не гоночную машину из мультфильма, а специально созданную полноразмерную версию Молнии Маккуина, которая проедет круг почета перед болельщиками. Герой с номером 95 впервые появился на экранах в 2006 году. Первый мультфильм студии Pixar стал одним из самых известных проектов компании: при бюджете около $120 млн картина собрала более $461 млн в мировом прокате. История продолжается 20 лет После успеха первой части Pixar выпустила еще два фильма о приключениях гоночных автомобилей. “Тачки-2” вышли в 2011 году, а “Тачки-3” – в 2017-м. Юбилей франшизы в Формуле-1 решили отметить на одной из самых известных трасс мира – итальянской Монце, где ежегодно проходит Гран-при Италии. Гран-при Италии – один из старейших этапов чемпионата мира Формулы-1. Гонка традиционно проходит на автодроме Монца, который считается одной из самых быстрых трасс в календаре чемпионата.
TEXT: Герой Pixar Молния Маккуин появится на легендарной трассе Формулы-1 в Монце. Полноразмерная версия знаменитого красного автомобиля с номером 95 совершит почетный круг в рамках Гран-при Италии. Необычное шоу пройдет 6 сентября и будет посвящено 20-летию выхода первого мультфильма “Тачки”. Об этом сообщили организаторы Формулы-1. На автодроме также появится автомобиль безопасности Формулы-1 Mercedes-AMG GT 63 PRO 4MATIC+ , который получит специальную ливрею в стиле популярной анимационной франшизы Pixar. Организаторы отмечают, что акция объединит мир большого автоспорта и анимации в рамках сотрудничества Formula 1, Disney и Mercedes-AMG. На трассе в Монце зрители увидят не гоночную машину из мультфильма, а специально созданную полноразмерную версию Молнии Маккуина, которая проедет круг почета перед болельщиками. Герой с номером 95 впервые появился на экранах в 2006 году. Первый мультфильм студии Pixar стал одним из самых известных проектов компании: при бюджете около $120 млн картина собрала более $461 млн в мировом прокате. После успеха первой части Pixar выпустила еще два фильма о приключениях гоночных автомобилей. “Тачки-2” вышли в 2011 году, а “Тачки-3” – в 2017-м. Юбилей франшизы в Формуле-1 решили отметить на одной из самых известных трасс мира – итальянской Монце, где ежегодно проходит Гран-при Италии.",baece28c2cc7c1cc34469a4537f84e942551bd641904591dafed765d82bdc881,3017,false,1328,generic_html,,,,опасность/безопасность,
1.0,https://smartpress.by/news/murovanku-khreptovichey-v-shchorsakh-prodali-za-94-rublya-istoricheskiy-kompleks-poluchil-novogo-vla,Smartpress.by,Беларусь,2026-09-05T12:09:33+00:00,feed:https://smartpress.by/rss/news/ | homepage,Мурованку Хрептовичей в Щорсах продали с шестого раза за 94 рубля: исторический комплекс получил нового владельца,REJECT,relevance_rejected,possible,нет связки социальной темы и проблемы,"TITLE: Мурованку Хрептовичей в Щорсах продали с шестого раза за 94 рубля: исторический комплекс получил нового владельца
SUMMARY: Исторический комплекс “Мурованка Хрептовичей” в Щорсах под Новогрудком наконец нашел владельца . На электронных торгах объект XIX века продали за 94,50 рубля – всего две базовые величины с небольшой надбавкой. Торги состоялись 4 сентября. Как сообщается на сайте “БУТБ-Имущество”, это была уже шестая попытка продать комплекс. Покупателем стала минская строительная компания. Изначально объект оценивали почти в 298 тысяч рублей. Однако желающих приобрести исторические постройки за такую сумму не нашлось. После нескольких неудачных торгов стоимость постепенно снижали, пока лот не выставили за две базовые величины. Комплекс XIX века с башнями и кирпичными постройками “Мурованка Хрептовичей” – это бывший хозяйственный двор имения Хрептовичей в агрогородке Щорсы Новогрудского района. Комплекс построили во второй половине XIX века. Его здания выполнены в неоготическом стиле: красный кирпич, башни и массивные стены сделали хозяйственные постройки похожими на небольшую крепость. В состав проданного объекта входят несколько капитальных зданий общей площадью более 1500 квадратных метров. Среди них – бывшие ветлечебница, телятник, коровник и амбары. Вместе с постройками новый владелец получил право аренды земельного участка площадью около 6,4 гектара на 50 лет. Что будет с историческими зданиями Комплекс имеет историко-культурное значение, поэтому любые работы по его восстановлению и изменению должны согласовываться с Министерством культуры. Пока новый владелец не раскрывал планы по использованию территории. Усадьба Хрептовичей в Щорсах считается одним из заметных исторических комплексов Беларуси. В свое время имение было известно развитым хозяйством: здесь работали производственные объекты, развивали животноводство и внедряли передовые для своего времени методы ведения хозяйства.
TEXT: Исторический комплекс “Мурованка Хрептовичей” в Щорсах под Новогрудком наконец нашел владельца . На электронных торгах объект XIX века продали за 94,50 рубля – всего две базовые величины с небольшой надбавкой. Торги состоялись 4 сентября. Как сообщается на сайте “БУТБ-Имущество”, это была уже шестая попытка продать комплекс. Покупателем стала минская строительная компания. Изначально объект оценивали почти в 298 тысяч рублей. Однако желающих приобрести исторические постройки за такую сумму не нашлось. После нескольких неудачных торгов стоимость постепенно снижали, пока лот не выставили за две базовые величины. “Мурованка Хрептовичей” – это бывший хозяйственный двор имения Хрептовичей в агрогородке Щорсы Новогрудского района. Комплекс построили во второй половине XIX века. Его здания выполнены в неоготическом стиле: красный кирпич, башни и массивные стены сделали хозяйственные постройки похожими на небольшую крепость. В состав проданного объекта входят несколько капитальных зданий общей площадью более 1500 квадратных метров. Среди них – бывшие ветлечебница, телятник, коровник и амбары. Вместе с постройками новый владелец получил право аренды земельного участка площадью около 6,4 гектара на 50 лет. Комплекс имеет историко-культурное значение, поэтому любые работы по его восстановлению и изменению должны согласовываться с Министерством культуры. Пока новый владелец не раскрывал планы по использованию территории. Усадьба Хрептовичей в Щорсах считается одним из заметных исторических комплексов Беларуси. В свое время имение было известно развитым хозяйством: здесь работали производственные объекты, развивали животноводство и внедряли передовые для своего времени методы ведения хозяйства.",b55a538afc79f68e22c092645146376ee41c6ac28e5af8d84bb2d2eca91d23c9,3645,false,1710,generic_html,Гродненская область,Новогрудок,,,
1.0,https://smartpress.by/news/pod-rechitsey-muzhchina-sobral-dve-korziny-belykh-gribov-takoy-ulov-mozhno-tolko-pozhelat,Smartpress.by,Беларусь,2026-09-05T11:30:26+00:00,feed:https://smartpress.by/rss/news/ | homepage,Под Речицей мужчина собрал две корзины белых грибов: такой улов можно только пожелать,REJECT,relevance_rejected,possible,нет связки социальной темы и проблемы,"TITLE: Под Речицей мужчина собрал две корзины белых грибов: такой улов можно только пожелать
SUMMARY: Житель Речицы Виктор показал результат удачного похода в лес – целую корзину отборных молодых грибов. Мужчина отправился на “тихую охоту” 3 сентября в Речицком районе и вернулся с богатым уловом. Кадры с грибной прогулки Виктор опубликовал в TikTok. На видео видно, что корзина почти полностью заполнена крепкими лесными дарами. @victor_iz_rechitsy #лесгрибыприродаречицабелыеборовики ♬ оригинальный звук - Виктор Грибник не уточнил, какие именно виды попали в корзину, но по внешнему виду на кадрах можно заметить свежие белые грибы, собранные в хорошем состоянии. Судя по видео, сентябрьская прогулка по лесу для жителя Речицы оказалась особенно удачной. Осень традиционно считается одним из самых популярных периодов для любителей “тихой охоты”. В это время белорусы отправляются в леса за грибами, а фотографии крупных находок регулярно появляются в социальных сетях. По теме “Это просто космос!”: 800 золотистых боровиков, 30 литров ягод и не только собрали белорусы в конце лета “Гарантирую большое ведро грибов”: белорусов сводят в лес за боровиками – сколько стоит?
TEXT: Житель Речицы Виктор показал результат удачного похода в лес – целую корзину отборных молодых грибов. Мужчина отправился на “тихую охоту” 3 сентября в Речицком районе и вернулся с богатым уловом. Кадры с грибной прогулки Виктор опубликовал в TikTok. На видео видно, что корзина почти полностью заполнена крепкими лесными дарами. Грибник не уточнил, какие именно виды попали в корзину, но по внешнему виду на кадрах можно заметить свежие белые грибы, собранные в хорошем состоянии. Судя по видео, сентябрьская прогулка по лесу для жителя Речицы оказалась особенно удачной. Осень традиционно считается одним из самых популярных периодов для любителей “тихой охоты”. В это время белорусы отправляются в леса за грибами, а фотографии крупных находок регулярно появляются в социальных сетях.",1ccd3c0789750b512c7ac73298c51b3eef68c49d7b78c84c9753a2057a6e93ff,1968,false,786,generic_html,Гомельская область,Речица,,,
1.0,https://smartpress.by/news/provayder-podklyuchil-platnuyu-uslugu-bez-soglasiya-i-ubral-staryy-tarif-chto-delat-klientu,Smartpress.by,Беларусь,2026-09-05T11:01:25+00:00,feed:https://smartpress.by/rss/news/ | homepage,Провайдер подключил платную услугу без согласия и убрал старый тариф: что делать клиенту,REJECT,relevance_rejected,strong,справочный или рекомендательный материал: что делать,"TITLE: Провайдер подключил платную услугу без согласия и убрал старый тариф: что делать клиенту
SUMMARY: Белоруска столкнулась с ситуацией, когда интернет-провайдер подключил дополнительную услугу без ее согласия, а затем сделал ее платной. Когда клиентка захотела отказаться от сервиса и вернуться к прежнему тарифу, оказалось, что прежнего предложения уже нет. Ситуацию для Mlyn.by разобрала адвокат Минской городской коллегии адвокатов Дарья Хаткевич. По словам адвоката, в подобных случаях ключевой вопрос – было ли согласие клиента на подключение дополнительной платной услуги. Если абонент ее не заказывал, он вправе требовать объяснений от компании и проверки начислений. Молчание не означает согласие Как пояснила Хаткевич, потребителям важно отличать изменение условий тарифа от подключения новых дополнительных услуг. Если провайдер меняет условия обслуживания, он должен действовать в соответствии с договором и правилами оказания услуг связи. Но платная услуга не должна появляться в счете без информации о том, когда и на каком основании она была подключена. В таких ситуациях адвокат рекомендует запросить у провайдера сведения об услуге: дату подключения, условия предоставления и подтверждение того, каким образом клиент дал согласие. Как действовать, если услугу подключили без разрешения Если выясняется, что дополнительный сервис появился без согласия абонента, клиент может обратиться к провайдеру с требованием отключить услугу и пересмотреть начисления. Также стоит сохранить документы, которые могут подтвердить ситуацию: счета, уведомления об изменении условий, переписку с компанией и ответы службы поддержки. По словам адвоката, последовательное обращение к поставщику услуги помогает зафиксировать позицию потребителя и понять, есть ли основания для дальнейшего обращения.
TEXT: Белоруска столкнулась с ситуацией, когда интернет-провайдер подключил дополнительную услугу без ее согласия, а затем сделал ее платной. Когда клиентка захотела отказаться от сервиса и вернуться к прежнему тарифу, оказалось, что прежнего предложения уже нет. Ситуацию для Mlyn.by разобрала адвокат Минской городской коллегии адвокатов Дарья Хаткевич. По словам адвоката, в подобных случаях ключевой вопрос – было ли согласие клиента на подключение дополнительной платной услуги. Если абонент ее не заказывал, он вправе требовать объяснений от компании и проверки начислений. Как пояснила Хаткевич, потребителям важно отличать изменение условий тарифа от подключения новых дополнительных услуг. Если провайдер меняет условия обслуживания, он должен действовать в соответствии с договором и правилами оказания услуг связи. Но платная услуга не должна появляться в счете без информации о том, когда и на каком основании она была подключена. В таких ситуациях адвокат рекомендует запросить у провайдера сведения об услуге: дату подключения, условия предоставления и подтверждение того, каким образом клиент дал согласие. Если выясняется, что дополнительный сервис появился без согласия абонента, клиент может обратиться к провайдеру с требованием отключить услугу и пересмотреть начисления. Также стоит сохранить документы, которые могут подтвердить ситуацию: счета, уведомления об изменении условий, переписку с компанией и ответы службы поддержки. По словам адвоката, последовательное обращение к поставщику услуги помогает зафиксировать позицию потребителя и понять, есть ли основания для дальнейшего обращения.",0035aceef07a43c2655deca7a12687079cd33192dc199a19a37a3da679e535d1,3415,false,1609,generic_html,Витебская область,Поставы,связь/интернет,невыплата/списание,поставы|telecom|nonpayment
1.0,https://smartpress.by/news/proverte-aptechku-eti-lekarstva-mogut-usilivat-vypadenie-volos-u-muzhchin,Smartpress.by,Беларусь,2026-09-05T13:16:31+00:00,feed:https://smartpress.by/rss/news/ | homepage,Проверьте аптечку: эти лекарства могут усиливать выпадение волос у мужчин,REJECT,relevance_rejected,possible,нет связки социальной темы и проблемы,"TITLE: Проверьте аптечку: эти лекарства могут усиливать выпадение волос у мужчин
SUMMARY: У популярных препаратов, которые используют для снижения веса и лечения диабета второго типа, обнаружили ещё один возможный побочный эффект. Учёные связали их применение с повышенным риском андрогенетической алопеции – облысения по мужскому типу. Речь идёт о препаратах группы ГПП-1, среди которых Ozempic и Wegovy. Исследование провели учёные Медицинской школы Гроссмана при Нью-Йоркском университете. Они изучали действие пути ГПП-1 – того же механизма, на который воздействуют препараты вроде Ozempic и Wegovy. У мужчин, которые уже генетически предрасположены к андрогенетической алопеции, обнаружили связь с дополнительным риском потери волос примерно на 7%. Исследование опубликовали 3 сентября в журнале J ournal of Investigative Dermatology. Андрогенетическая алопеция – самый распространённый тип облысения, связанный с наследственной чувствительностью волосяных фолликулов к андрогенам, прежде всего к дигидротестостерону. У мужчин она обычно начинается с залысин на лбу и поредения волос на макушке. Постепенно фолликулы уменьшаются, волосы становятся тоньше и короче, а со временем могут перестать расти. Почему учёные говорят именно о риске облысения? Авторы не наблюдали непосредственно за людьми, принимающими эти лекарства. Вместо этого они использовали метод менделевской рандомизации – генетический анализ, который позволяет оценивать возможные причинные связи. Исследователи выделили 22 генетических варианта, повышающих экспрессию рецептора GLP1R, а затем сопоставили их с медицинскими данными 205 327 человек. Выяснилось, что у мужчин с андрогенной алопецией такие варианты встречались чаще. Значит ли это, что Ozempic вызывает выпадение волос? Нет, такой вывод сделать нельзя. Генетические особенности, связанные с повышенной активностью GLP1R, и реальный регулярный приём препаратов – не одно и то же. Ozempic относится к препаратам группы ГПП-1. Они имитируют действие естественного гормона глюкагоноподобного пептида-1, который влияет на кишечник и мозг. Препараты этой группы используют при диабете второго типа, а также связывают с эффективным снижением веса. К той же группе относится Wegovy. Сами авторы подчеркнулиё результаты свидетельствуют об участии пути GLP1R, но пока не доказывают прямого фармакологического воздействия препаратов на волосы. Почему именно возникает такая связь, также еще предстоит выяснить. При этом исследователи допустили, что похожая зависимость может существовать и у женщин, однако в этой работе основное внимание уделялось мужчинам.
TEXT: У популярных препаратов, которые используют для снижения веса и лечения диабета второго типа, обнаружили ещё один возможный побочный эффект. Учёные связали их применение с повышенным риском андрогенетической алопеции – облысения по мужскому типу. Речь идёт о препаратах группы ГПП-1, среди которых Ozempic и Wegovy. Исследование провели учёные Медицинской школы Гроссмана при Нью-Йоркском университете. Они изучали действие пути ГПП-1 – того же механизма, на который воздействуют препараты вроде Ozempic и Wegovy. У мужчин, которые уже генетически предрасположены к андрогенетической алопеции, обнаружили связь с дополнительным риском потери волос примерно на 7%. Исследование опубликовали 3 сентября в журнале J ournal of Investigative Dermatology. Андрогенетическая алопеция – самый распространённый тип облысения, связанный с наследственной чувствительностью волосяных фолликулов к андрогенам, прежде всего к дигидротестостерону. У мужчин она обычно начинается с залысин на лбу и поредения волос на макушке. Постепенно фолликулы уменьшаются, волосы становятся тоньше и короче, а со временем могут перестать расти. Авторы не наблюдали непосредственно за людьми, принимающими эти лекарства. Вместо этого они использовали метод менделевской рандомизации – генетический анализ, который позволяет оценивать возможные причинные связи. Исследователи выделили 22 генетических варианта, повышающих экспрессию рецептора GLP1R, а затем сопоставили их с медицинскими данными 205 327 человек. Выяснилось, что у мужчин с андрогенной алопецией такие варианты встречались чаще. Нет, такой вывод сделать нельзя. Генетические особенности, связанные с повышенной активностью GLP1R, и реальный регулярный приём препаратов – не одно и то же. Ozempic относится к препаратам группы ГПП-1. Они имитируют действие естественного гормона глюкагоноподобного пептида-1, который влияет на кишечник и мозг. Препараты этой группы используют при диабете второго типа, а также связывают с эффективным снижением веса. К той же группе относится Wegovy. Сами авторы подчеркнулиё результаты свидетельствуют об участии пути GLP1R, но пока не доказывают прямого фармакологического воздействия препаратов на волосы. Почему именно возникает такая связь, также еще предстоит выяснить. При этом исследователи допустили, что похожая зависимость может существовать и у женщин, однако в этой работе основное внимание уделялось мужчинам.",b54d4ddc98ccbd6762fbf2b7c4b481e4308accc3c1dfeedc009b04b9e87cf373,4982,false,2392,generic_html,Витебская область,Поставы,,,
1.0,https://smartpress.by/news/schyet-poshyel-na-desyatki-v-belarusi-zastrelili-uzhe-13-go-medvedya,Smartpress.by,Беларусь,2026-09-05T13:50:00+00:00,feed:https://smartpress.by/rss/news/ | homepage,Счёт пошёл на десятки: в Беларуси застрелили уже 13-го медведя – где,REJECT,relevance_rejected,possible,нет связки социальной темы и проблемы,"TITLE: Счёт пошёл на десятки: в Беларуси застрелили уже 13-го медведя – где
SUMMARY: В Белорусском обществе охотников и рыболовов (БООР) сообщили, что минувшей ночью в Витебском охотничьем хозяйстве прошла очередная охота на медведя. На этот раз зверя удалось добыть Ивану Глушко – одному из участников розыгрыша, который состоялся 2 сентября. Фото: БООР “Поздравляем Ивана с отличным трофеем! Такой день запомнится надолго”, – написали в Telegram-канале БООР, опубликовав фото охотника и медведя. Там добавили, что это был взрослый самец возрастом около 4-5 лет. Больше подробностей не привели. По теме Жителей этого района Беларуси призвали не ходить в лес: там бродит раненый медведь Сколько медведей уже добыли в 2026 году? С начала сезона охоты на бурого медведя добыли уже 13 животных. Первого зверя застрелили 4 июля в Городокском охотхозяйстве, а к 17 августа число трофеев выросло до восьми. Ещё трёх косолапых добыли 22-23 августа в Витебской области. Всего в охотхозяйствах БООР в этом сезоне разрешено изъять 35 медведей. Сезон продлится до 31 декабря.
TEXT: В Белорусском обществе охотников и рыболовов (БООР) сообщили, что минувшей ночью в Витебском охотничьем хозяйстве прошла очередная охота на медведя. На этот раз зверя удалось добыть Ивану Глушко – одному из участников розыгрыша, который состоялся 2 сентября.",4258066db6bf1084fdbf3b996c6cb297c86f4439603d2c546d71e20dc680a073,1329,false,258,generic_html,Витебская область,,содержание животных,,
1.0,https://sputnik.by/20260905/vs-rf-porazili-chetyre-sudna-v-portakh-chernomorska-i-odessy-1110508373.html,Sputnik Беларусь,Беларусь,2026-09-05T12:48:00+00:00,feed:https://sputnik.by/export/rss2/archive/index.xml | homepage | sitemap:https://sputnik.by/sitemap.xml | sitemap:https://sputnik.by/sitemap_article.xml?date_start=20260901&date_end=20260930,ВС РФ поразили четыре судна в портах Черноморска и Одессы,REJECT,relevance_rejected,needs_text,нет связки социальной темы и проблемы,"TITLE: ВС РФ поразили четыре судна в портах Черноморска и Одессы
SUMMARY: Российская армия продолжает наносить удары по объектам и инфраструктуре Украины, задействованным в интересах ВСУ.
TEXT: МИНСК, 5 сен – Sputnik. Вооруженные Силы России нанесли удары по трем сухогрузам и одному контейнеровозу противника в портах Черноморска и Одессы, сообщили в Минобороны РФ в субботу.Там уточнили, что поставленные задачи были выполнены с применением беспилотников ""Герань"".""Герань-4 Сикер"" — это российский ударный реактивный БПЛА семейства ""Герань"". Он представляет собой новейшую модификацию аппаратов данного семейства. Аппарат оснащен турбореактивным двигателем, который позволяет развивать скорость до 300 км/ч, а также системой обнаружения и автоматического захвата цели.Ранее в министерстве обороны Украины признали бессильность ВСУ против новых российских ударных беспилотников ""Герань-4"" и ""Герань-5"". А газета The New York Times утверждала, что эти дроны РФ вызывали панику у киевского режима.Самые интересные и важные новости ищите в нашем Telegram-канале, МАКС и Viber. Также следите за нами в Дзен!",cf7061a4445ccda267b32c126533f0153cea361a7a6c8dcc5bb71231b926d735,1104,false,910,generic_html,,,,,
1.0,https://sputnik.by/20260905/dobro-pozhalovat-mirotvortsy-dmitriev-poprivetstvoval-uitkoffa-i-kushnera-1110505474.html,Sputnik Беларусь,Беларусь,2026-09-05T11:49:00+00:00,feed:https://sputnik.by/export/rss2/archive/index.xml | homepage | sitemap:https://sputnik.by/sitemap.xml | sitemap:https://sputnik.by/sitemap_article.xml?date_start=20260901&date_end=20260930,"Добро пожаловать, миротворцы! Дмитриев поприветствовал Уиткоффа и Кушнера",REJECT,relevance_rejected,needs_text,нет связки социальной темы и проблемы,"TITLE: Добро пожаловать, миротворцы! Дмитриев поприветствовал Уиткоффа и Кушнера
SUMMARY: Спецпредставитель президента РФ лично встретил в аэропорту гостей из Соединенных Штатов.
TEXT: МИНСК, 5 сен – Sputnik. Спецпредставитель президента РФ по инвестиционно-экономическому сотрудничеству с зарубежными странами, глава РФПИ Кирилл Дмитриев поприветствовал прилетевших в Москву спецпосланников США Стива Уиткоффа и Джареда Кушнера.Уиткофф и Кушнер прилетели сегодня днем в московский аэропорт ""Внуково"", где их встретил Дмитриев.Он также опубликовал фото встречи американских гостей в аэропорту.Ранее президент России сообщил, что представители США Уиткофф и Кушнер всегда желанные гости в РФ, и Москва с удовольствием работает с ними.Самые интересные и важные новости ищите в нашем Telegram-канале, МАКС и Viber. Также следите за нами в Дзен!",2f7bd71c9a2669a332ff9e096e88421b46dc13bb9ae50e1bd1237291b5711add,841,false,656,generic_html,,,,,
1.0,https://sputnik.by/20260905/istrebitel-razbilsya-v-gretsii-vo-vremya-aviashou-1110510542.html,Sputnik Беларусь,Беларусь,2026-09-05T13:58:00+00:00,feed:https://sputnik.by/export/rss2/archive/index.xml | homepage | sitemap:https://sputnik.by/sitemap.xml | sitemap:https://sputnik.by/sitemap_article.xml?date_start=20260901&date_end=20260930,Истребитель разбился на авиашоу в Греции,REJECT,relevance_rejected,needs_text,нет связки социальной темы и проблемы,"TITLE: Истребитель разбился на авиашоу в Греции
SUMMARY: Трагедия произошла в субботу в Танагре во время демонстрационных полетов, судьба пилотов неизвестна.
TEXT: МИНСК, 5 сен – Sputnik. Истребитель F-4 Phantom разбился на востоке Греции во время авиационного шоу, сведений о судьбе пилотов пока нет, сообщает телеканал ERT.""В субботу незадолго до 15:00 (совпадает с минским временем – Sputnik) в Танагре во время демонстрационных полетов разбился военный истребитель F-4 Phantom"", – проинформировал телеканала.По его данным, спустя несколько минут после начала демонстрационной программы военная машина начала терять высоту. Когда самолет упал на землю, случился взрыв. К тушению возникшего пожара привлекли вертолеты. По поводу судьбы пилотов, которых было двое, телеканал сообщил, что их судьба пока неизвестна.По предварительной информации, самолет раскололся на две части и обе они загорелись.Министр обороны Греции Никос Дендиас в связи с крушением спешно возвращается в Афины, сообщает ERT.Самые интересные и важные новости ищите в нашем Telegram-канале, МАКС и Viber. Также следите за нами в Дзен!",59b5693d06e4cd1ea67db5b8145102e332d18f50eb3a3896951ff2b72a5e46bb,1106,false,942,generic_html,,,,,
1.0,https://sputnik.by/20260905/lukashenko-napravil-pozdravleniya-gostyam-i-uchastnikam-dnya-pismennosti-1110504133.html,Sputnik Беларусь,Беларусь,2026-09-05T09:53:00+00:00,feed:https://sputnik.by/export/rss2/archive/index.xml | homepage | sitemap:https://sputnik.by/sitemap.xml | sitemap:https://sputnik.by/sitemap_article.xml?date_start=20260901&date_end=20260930,Лукашенко направил поздравление гостям и участникам Дня письменности,REJECT,relevance_rejected,needs_text,политическая тема: лукашенко,"TITLE: Лукашенко направил поздравление гостям и участникам Дня письменности
SUMMARY: Сегодня республика отмечает XXXIII День белорусской письменности, праздник принимают Костюковичи в Могилевской области.
TEXT: МИНСК, 5 сен – Sputnik. Президент Беларуси Александр Лукашенко направил поздравление участникам и гостям Дня белорусской письменности, сообщает Telegram-канал ""Пул Первого"".В этом году страна празднует XXXIII День письменности, который принимают Костюковичи.Президент отметил, что в этом году праздник принимает родина белорусских классиков – Аркадия Кулешова и Ивана Чигринова.Глава государства выразил уверенность в том, что именно на этой земле можно соприкоснуться с настоящими литературными сокровищами белорусского народа, услышать родной язык и открыть для себя новые имена и произведения современных белорусских и зарубежных авторов.Самые интересные и важные новости ищите в нашем Telegram-канале, МАКС и Viber. Также следите за нами в Дзен!",7cafbbf785842b713820ae8050c7bb49e12553d4188ffd691bec23737a030d8c,960,false,749,generic_html,Могилевская область,Могилев,,,
1.0,https://sputnik.by/20260905/mnogo-syra-i-tsvetov-v-grodno-otmechayut-den-goroda-1110506348.html,Sputnik Беларусь,Беларусь,2026-09-05T12:58:00+00:00,feed:https://sputnik.by/export/rss2/archive/index.xml | homepage | sitemap:https://sputnik.by/sitemap.xml | sitemap:https://sputnik.by/sitemap_article.xml?date_start=20260901&date_end=20260930,Много сыра и цветов: в Гродно отмечают День города,REJECT,relevance_rejected,possible,нет связки социальной темы и проблемы,"TITLE: Много сыра и цветов: в Гродно отмечают День города
SUMMARY: В нынешнем году Гродно отмечает 898 лет со дня основания, главными экспонатами праздника стали самая большая сырная тарелка Беларуси и цветочная улица.
TEXT: Посетить фестиваль сыра, цветов и овощей, поучаствовать в дегустациях, вспомнить традиционные обряды, найти много ярких фотозон и интерактивных развлечений предлагают жителям и туристам в Гродно. Здесь 5 сентября празднуют День города и 898-летие со дня его основания.Фестиваль сыра и цветочная улицаОдна из самых больших и заметных праздничных площадок – фестиваль сыра, локацией для которого стала площадь Ленина. Обращаясь к гостям и жителям города во время открытия праздника, председатель Гродненского облисполкома Юрий Караев подчеркнул символичную связь Дня города с сырным фестивалем, который в этом году проходит под девизом ""Сила традиции"".Главным экспонатом фестиваля стала самая большая сырная тарелка Беларуси. Ее изготовили в виде огромной карты страны и выложили 100 сортов сыра из разных уголков республики.После презентации гигантской композиции организаторы заполнили фрагмент Гродненской области новыми сырными кусочками, символически завершив ""сборку"" карты. Именно этот момент стал сигналом к началу народной дегустации. Самые удачливые гости праздника смогли попробовать десятки видов сыра в одном месте и в один день.На площадке сырного фестиваля работали развлекательные зоны, где гости могли и участвовать в розыгрыше призов, участвуя в конкурсах и квестах.Не менее ярким акцентом праздника стало открытие фестиваля цветов и цветочной улицы, которой на один день стала улица Ожешко. Здесь десятки городских предприятий организовали живописные фотозоны и инсталляции, у которых гости праздника делали памятные фото.Мэр Гродно Андрей Хмель во время открытия отметил, что у города есть все необходимое, чтобы стать самым цветущим в Беларуси, и сейчас для этого делается все возможное.Особый восторг гостей вызвал цветочный автомобиль под названием ""Улыбки цветущего Гродно"", который прокатился по центру города в сопровождении девушек в украшенных цветами платьях.Картошка против яблок в шашках на фестивале овощейНовинкой нынешнего Дня города стал фестиваль овощей, который устроили в парке Жилибера. Здесь можно было увидеть разные сорта белорусских арбузов и других овощей и фруктов, выращенных в местных хозяйствах.Юные гродненцы тоже внесли свой вклад – на площадке проходила выставка декоративных композиции из овощей, сделанных учениками местных школ.А среди развлечений особый интерес вызвали шашки, где вместо фигур использовали картошку и фрукты. Схватка ""картошка против фруктов"" прошла с явным преимуществом первого – побеждала чаще картошка.Белорусские традиции и вечерний концертПраздник в этом году охватил разные площадки. Так, на развлекательной площадке ""Этно-круиз"" гостям предложили вспомнить и поучаствовать в традиционных обрядах, которые проходят в течение года, – например, масленичные и пасхальные обычаи. На пешеходной улице Советской для желающих организовали женские мастер-классы, в том числе по изготовлению куклы-пеленашки.В городе работали спортивная, театральная, музыкальная, детская интерактивные площадки, выездная торговля и выставка-продажа ремесленников.Праздничные гуляния продлятся до конца дня, а хедлайнеров вечернего концерта станет российского исполнитель МОТ. Закончится праздник фейерверком на площади Ленина.Самые интересные и важные новости ищите в нашем Telegram-канале, МАКС и Viber. Также следите за нами в Дзен!",9487c9b8443c80ce229ac593a823e8950dbb3464758ca392924cace757759856,3511,false,3286,generic_html,Гродненская область,Гродно,дорога/улица,,
1.0,https://sputnik.by/20260905/petkevich-my-vidim-molodykh-avtorov-vnosyaschikh-novye-traditsii-v-literaturu--1110510887.html,Sputnik Беларусь,Беларусь,2026-09-05T14:59:00+00:00,feed:https://sputnik.by/export/rss2/archive/index.xml | homepage | sitemap:https://sputnik.by/sitemap.xml | sitemap:https://sputnik.by/sitemap_article.xml?date_start=20260901&date_end=20260930,"Петкевич: мы видим молодых авторов, вносящих новые традиции в литературу",REJECT,relevance_rejected,needs_text,нет связки социальной темы и проблемы,"TITLE: Петкевич: мы видим молодых авторов, вносящих новые традиции в литературу
SUMMARY: Вице-премьер Беларуси посетила мероприятия в Костюковичах, посвященные Дню белорусской письменности.
TEXT: МИНСК, 5 сен – Sputnik. Заместитель премьер-министра Беларуси Наталья Петкевич во время XXXIII Дня белорусской письменности в Костюковичах отметила, что в стране есть молодые авторы, которые вносят новые традиции в литературу.""Сегодня мы видим белорусских молодых авторов, которые вносят новые традиции, свои оттенки. Самое главное, что они продолжают все это, им интересно"", – сказала Наталья Петкевич, ее цитирует пресс-служба правительства.По словам вице-премьера, видно, что все усилия, предпринимаемые государством для того, чтобы они творили, приносят свои плоды.""Начиная от образования, заканчивая материальной поддержкой при издании. Такими стимулирующими мерами выступает и этот праздник"", – отметила Петкевич.Она также подчеркнула правильность решения проводить такой большой республиканский праздник, как День письменности, в небольших городах.""В свое время глава государства, когда дал старт ""Дажынкам"", – это же был способ приведения в порядок каждого населенного пункта, где был этот праздник. И вот мы такими праздниками, как ""Дажынкі"", День белорусской письменности, ""Вытокi"", по сути, выравниваем условия жизни, организации досуга"", – сказала заместитель премьер-министра.День белорусской письменностиВпервые День белорусской письменности прошел в 1994 году, его столицами в разные годы становились различные города и поселки. Литературный праздник проводится в Беларуси ежегодно.Традиционно этот праздник включает в себя научно-просветительскую экспедицию, фестиваль книги и прессы, вручение Национальной литературной премии, научно-практическую конференцию, творческие площадки.Самые интересные и важные новости ищите в нашем Telegram-канале, МАКС и Viber. Также следите за нами в Дзен!",780465ebd177c31a30bb05808c6c96b8f7c4a5239b209af17a9067a3b542d629,1901,false,1705,generic_html,,,,,
1.0,https://sputnik.by/20260905/chut-menee-chetverti-naseleniya-estonii-stradaet-ozhireniem-lider-v-es--malta-1110510731.html,Sputnik Беларусь,Беларусь,2026-09-05T14:32:00+00:00,feed:https://sputnik.by/export/rss2/archive/index.xml | homepage | sitemap:https://sputnik.by/sitemap.xml | sitemap:https://sputnik.by/sitemap_article.xml?date_start=20260901&date_end=20260930,"Почти четверть населения Эстонии страдает ожирением, лидер в ЕС – Мальта",REJECT,relevance_rejected,needs_text,нет связки социальной темы и проблемы,"TITLE: Почти четверть населения Эстонии страдает ожирением, лидер в ЕС – Мальта
SUMMARY: Положение дел с ожирением в странах Европы выяснил Евростат, по его данным – ожирением страдает более чем половина населения. стран ЕС.
TEXT: МИНСК, 5 сен – Sputnik. Эстония занимает пятое место в Европе по доле взрослого населения, страдающего ожирением, сообщает телерадиокомпания этой страны со ссылкой на данные Евростата.""Эстония занимает пятое место в Европе по доле взрослого населения, страдающего ожирением, следует из данных Евростата за 2025 год. Больше всего людей с ожирением было на Мальте (26,6%), за ней следуют Латвия (24,6%), Финляндия (23,2%), Ирландия (22,1%) и Эстония (22%)"", – сказано в сообщении.Подчеркивается, что в целом избыточным весом страдает более чем половина населения Европы. Самый низкий показатель демонстрируют Италия (7,0%), Греция (12,8%) и Румыния (12,9%).Причинами избыточного веса называют несбалансированное питание с переизбытком высококалорийных продуктов, чрезмерное употребление мяса, сладостей и газированных напитков, низкую физическую активность и высокий уровень стресса.Самые интересные и важные новости ищите в нашем Telegram-канале, МАКС и Viber. Также следите за нами в Дзен!",9dd99e7ecc55115cd99da2b8099d86aa1abe1e057b340c14a0ad65df8ac32f83,1220,false,989,generic_html,,,,,
1.0,https://sputnik.by/20260905/putin-i-sobyanin-dali-start-rublevo-arkhangelskoy-linii-metro-v-moskve-1110509978.html,Sputnik Беларусь,Беларусь,2026-09-05T13:28:00+00:00,feed:https://sputnik.by/export/rss2/archive/index.xml | homepage | sitemap:https://sputnik.by/sitemap.xml | sitemap:https://sputnik.by/sitemap_article.xml?date_start=20260901&date_end=20260930,Путин и Собянин дали старт Рублево-Архангельской линии метро в Москве,REJECT,relevance_rejected,needs_text,политическая тема: путин,"TITLE: Путин и Собянин дали старт Рублево-Архангельской линии метро в Москве
SUMMARY: Рублево-Архангельская линия стала семнадцатой веткой метрополитена российской столицы, она улучшит транспортное обслуживание более 550 тысяч жителей Москвы.
TEXT: МИНСК, 5 сен – Sputnik. Президент России Владимир Путин и мэр Москвы Сергей Собянин по видеосвязи в субботу приняли участие в запуске движения по первому участку Рублево-Архангельской линии метро российской столицы, передает РИА Новости.Глава российского государства поблагодарил метростроителей и поздравил москвичей с запуском нового транспортного объекта.Рублево-Архангельской линия стала семнадцатой по счету веткой московского метрополитена. Открывшийся сегодня участок состоит из пяти станций и связывает ""Деловой центр"" с ""Бульваром Генерала Карбышева"". Общая протяженность линии составляет 8,7 километра.Введение данного участка в строй улучшит транспортное обслуживание более 550 тысяч жителей Москвы, а именно тех, кто проживает в районах Пресненский, Хорошево-Мневники, Щукино, Дорогомилово, Филевский Парк.Второй и третий участки линии до станции ""Липовая роща"" и затем до станции ""Новорижская"" будут введены в строй в 2027 году.Самые интересные и важные новости ищите в нашем Telegram-канале, МАКС и Viber. Также следите за нами в Дзен!",5ff6f5fbb722c7215901c6bc4d893ca0f0eb894b1b68b39af1fda71e428efba8,1298,false,1049,generic_html,,,,,
1.0,https://sputnik.by/20260905/putin-segodnya-vstretitsya-s-uitkoffom-i-kushnerom-1110505767.html,Sputnik Беларусь,Беларусь,2026-09-05T12:09:00+00:00,feed:https://sputnik.by/export/rss2/archive/index.xml | homepage | sitemap:https://sputnik.by/sitemap.xml | sitemap:https://sputnik.by/sitemap_article.xml?date_start=20260901&date_end=20260930,Путин сегодня встретится с Уиткоффом и Кушнером,REJECT,relevance_rejected,needs_text,политическая тема: путин,"TITLE: Путин сегодня встретится с Уиткоффом и Кушнером
SUMMARY: Спецпосланник президента США Стив Уиткофф и зять американского лидера Джаред Кушнер в субботу прилетели в Москву для обсуждения вопросов, связанных с урегулированием конфликта на Украине.
TEXT: МИНСК, 5 сен – Sputnik. Глава российского государства Владимир Путин в субботу примет представителей Вашингтона – спецпосланника президента США Стива Уиткоффа и зятя американского лидера Джареда Кушнера, сообщил журналистам пресс-секретарь президента РФ Дмитрий Песков.Песков заверил, что проинформирует представителей СМИ по итогам переговоров.Он отметил, что предыдущие переговоры были достаточно продолжительными.На вопрос прессы по поводу того, что может стать в вопросе Украины итогом встречи президента РФ с представителями Белого дома, Песков призвал не спешить с прогнозами.""Давайте дождемся. Не хотелось бы это все как-то анонсировать или обсуждать без конкретной субстанции"", – сказал он.Уиткофф и Кушнер в МосквеСамолет с американскими переговорщиками Стивом Уиткоффом и Джаредом Кушнером приземлился в аэропорту ""Внуково"" в субботу в 12:52 мск (совпадает с минским временем – Sputnik). Посланников Белого дома встретил спецпредставитель президента РФ по инвестиционно-экономическому сотрудничеству с зарубежными странами, глава РФПИ Кирилл Дмитриев.Накануне глава американского государства Дональд Трамп заявлял, что его спецпосланник Стив Уиткофф и зять Джаред Кушнер привезут в Москву ""идею"" по урегулированию конфликта на Украине, и назвал их ""прекрасными переговорщиками"".Президент РФ Владимир Путин на пресс-конференции по итогам саммита ШОС в Бишкеке подчеркнул, что Уиткофф и Кушнер всегда желанные гости в России.Самые интересные и важные новости ищите в нашем Telegram-канале, МАКС и Viber. Также следите за нами в Дзен!",9f0bd2238f56fc739883bd727c147d9db977a7755ec736eb8f2b31273d6865e1,1799,false,1541,generic_html,,,,общественный резонанс,
1.0,https://sputnik.by/20260905/rossiyskie-voennye-osvobodili-kurtovku-v-dnr-1110503974.html,Sputnik Беларусь,Беларусь,2026-09-05T09:27:00+00:00,feed:https://sputnik.by/export/rss2/archive/index.xml | homepage | sitemap:https://sputnik.by/sitemap.xml | sitemap:https://sputnik.by/sitemap_article.xml?date_start=20260901&date_end=20260930,Российские военные освободили Куртовку в ДНР,REJECT,relevance_rejected,possible,нет связки социальной темы и проблемы,"TITLE: Российские военные освободили Куртовку в ДНР
SUMMARY: ""Южная"" группировка войск нанесла поражение формированиям ВСУ в районах Славянска и Краматорска.
TEXT: МИНСК, 5 сен – Sputnik. Российские военнослужащие за минувшие сутки освободили населенный пункт Куртовка в ДНР, об этом сообщила пресс-служба Минобороны России.""Южная"" группировка в течение суток нанесла поражение формированиям девяти бригад и одного штурмового полка ВСУ в районах Славянска, Краматорска, Дружковки и Веролюбовки в ДНР.За сутки в зоне действия группировки ВСУ потеряли более 205 военнослужащих, две бронемашины, 16 автомобилей и два артиллерийских орудия, в том числе 155-милиметровую артустановку Paladin американского производства.В Минобороны уточнили, что суточные потери ВСУ в зоне проведения специальной военной операции составили около 1390 военнослужащих.Самые интересные и важные новости ищите в нашем Telegram-канале, МАКС и Viber. Также следите за нами в Дзен!",915402c3bff1c05de8d02e5953905d7f43418c3019d5c635eced52810bf1b037,952,false,788,generic_html,,,магазин/торговля,,
1.0,https://sputnik.by/20260905/rossiya-v-techenie-trekh-sutok-ne-budet-nanosit-udary-po-ukraine-1110505676.html,Sputnik Беларусь,Беларусь,2026-09-05T12:02:00+00:00,feed:https://sputnik.by/export/rss2/archive/index.xml | homepage | sitemap:https://sputnik.by/sitemap.xml | sitemap:https://sputnik.by/sitemap_article.xml?date_start=20260901&date_end=20260930,Россия в течение трех суток не будет наносить удары по Украине,REJECT,relevance_rejected,needs_text,политическая тема: путин,"TITLE: Россия в течение трех суток не будет наносить удары по Украине
SUMMARY: Уиткофф и Кушнер сегодня прилетели в Москву, где с ними проведет встречу президент России.
TEXT: МИНСК, 5 сен – Sputnik. Россия в течение трех суток не будет наносить удары по Украине в связи с подготовкой визита туда переговорщиков от США, об этом сообщил пресс-секретарь президента РФ Дмитрий Песков.Он уточнил, что соответствующее указание отдал президент России Владимир Путин.В ответ на вопрос о том, почему спецпредставители президента США прилетели сначала в Москву, а не в Киев, Песков сказал, что не будет предполагать ничего по поводу последовательности.""Это нужно спрашивать у переговорщиков Вашингтона"", – сказал пресс-секретарь российского лидера.Сегодня в Москву прилетели спецпосланник американского президента Дональда Трампа Стив Уиткофф и зять главы государства Джаред Кушнер. Спецборт ВВС США привез их в аэропорт ""Внуково"". В воздушной гавани их встретил спецпредставитель президента России Кирилл Дмитриев.Сегодня с гостями из США встретится президент России Владимир Путин.Самые интересные и важные новости ищите в нашем Telegram-канале, МАКС и Viber. Также следите за нами в Дзен!",c56f917216c5d35a4d0590b21aa85e856429d2a29361ed83eb9e942b7f12f286,1182,false,1006,generic_html,,,,,
1.0,https://sputnik.by/20260905/shumakher-stalo-v-rossii-naritsatelnym-slovom-1110504696.html,Sputnik Беларусь,Беларусь,2026-09-05T10:54:00+00:00,feed:https://sputnik.by/export/rss2/archive/index.xml | homepage | sitemap:https://sputnik.by/sitemap.xml | sitemap:https://sputnik.by/sitemap_article.xml?date_start=20260901&date_end=20260930,"Слово ""шумахер"" стало в России нарицательным",REJECT,relevance_rejected,possible,нет связки социальной темы и проблемы,"TITLE: Слово ""шумахер"" стало в России нарицательным
SUMMARY: Привычка называть лихачей на дорогах ""шумахерами"" появилась на постсоветском пространстве в 1990-х – на волне популярности немецкого гонщика.
TEXT: МИНСК, 5 сен – Sputnik. Слово ""шумахер"" стало в России нарицательным, оно внесено в орфографический академический ресурс Института русского языка имени Виноградова РАН ""Академос"".""Шумахерами"" на постсоветском пространстве давно называют лихачей – это выражение пришло в страны бывшего СССР в 1990-х, после того, как немецкий гонщик ""Формулы-1"" стал популярным.Михаэль Шумахер – первый семикратный чемпион ""Формулы-1"", сейчас он делит этот рекорд с британцем Льюисом Хэмилтоном, у которого также семь чемпионских титулов в ""Королеве автоспорта"".В декабре 2013-го легендарный гонщик получил тяжелую травму головы в результате несчастного случая во время катания на горных лыжах во французских Альпах. Информации о состоянии его здоровья крайне мало, в прошлом году сообщалось, что он находится в ""печальном состоянии"", нуждается в постоянном уходе и полностью зависит от своих помощников, так как больше не может вербально выразить свои мысли.Самые интересные и важные новости ищите в нашем Telegram-канале, МАКС и Viber. Также следите за нами в Дзен!",18d2e3793c01d2a4e63dab06419435a0b1dd66c192fe37a141d7fd920390cad7,1258,false,1049,generic_html,,,дорога/улица,,
1.0,https://sputnik.by/20260905/shufutinskiy-stal-narodnym-artistom-rossii-1110510142.html,Sputnik Беларусь,Беларусь,2026-09-05T13:42:00+00:00,feed:https://sputnik.by/export/rss2/archive/index.xml | homepage | sitemap:https://sputnik.by/sitemap.xml | sitemap:https://sputnik.by/sitemap_article.xml?date_start=20260901&date_end=20260930,Шуфутинский стал народным артистом России,REJECT,relevance_rejected,needs_text,политическая тема: путин,"TITLE: Шуфутинский стал народным артистом России
SUMMARY: В мае 2025 года композитор и певец Михаил Шуфутинский заявил, что получил гражданство Российской Федерации.
TEXT: МИНСК, 5 сен – Sputnik. Президент России Владимир Путин присвоил звание народного артиста РФ Михаилу Шуфутинскому, соответствующий указ размещен на сайте официального опубликования правовых актов.Артист и композитор Михаил Шуфутинский является членом Международного союза деятелей эстрадного искусства (творческого союза), город Москва.В мае 2025 года звезда русского шансона подтвердил РИА Новости, что получил российское гражданство.""Я ведь родился в Москве, и я – гражданин России! Россия – моя Родина, это моя страна, и я рад быть ее частью"", – отмечал певец.Он также подчеркивал, что гражданами РФ являются его сын и семья сына.До 2025 года Михаил Шуфутинский жил в РФ по постоянному виду на жительство с паспортом США.Самые интересные и важные новости ищите в нашем Telegram-канале и Viber. Также следите за нами в Дзен!",c817419d5e1a95865a76a1f7eb5f438bd91f7e00910f60be1c76bc41130361c5,998,false,826,generic_html,,,,,
1.0,https://news.zerkalo.io/world/135858.html,Zerkalo.io,Беларусь,2026-09-05T13:11:00+00:00,telegram:https://t.me/s/zerkalo_io,"128 стран впервые согласовали документ об оружии, которое само выбирает цель.",REJECT,relevance_rejected,needs_text,нет связки социальной темы и проблемы,"TITLE: 128 стран впервые согласовали документ об оружии, которое само выбирает цель.
TEXT: 128 стран впервые согласовали документ об оружии, которое само выбирает цель. https://zerkalo-13jun.store/news/world/135858.html?tg=6 👉 Не работает ссылка? Попробуйте эту , из Беларуси — с VPN. 📲 Скачайте наше приложение для Android или iOS .",1ccd8e09a5087232d5b1549782ccc04cb88853f930eab54a3312ad103c35cead,333,false,242,inline_text,,,,качество услуги,
1.0,https://news.zerkalo.io/economics/135856.html,Zerkalo.io,Беларусь,2026-09-05T11:46:37+00:00,feed:https://news.zerkalo.io/rss/economics.rss | telegram:https://t.me/s/zerkalo_io,«От будущего Беларуси зависит безопасность всего региона» - посол МИД Украины,REJECT,relevance_rejected,needs_text,нет связки социальной темы и проблемы,"TITLE: «От будущего Беларуси зависит безопасность всего региона» - посол МИД Украины
SUMMARY: «Для Украины это не только вопрос отношений с соседним государством».
TEXT: «От будущего Беларуси зависит безопасность всего региона» — заявил посол МИД Украины. https://zerkalo-13jun.store/news/economics/135856.html?tg=6 👉 Не работает ссылка? Попробуйте эту , из Беларуси — с VPN. 📲 Скачайте наше приложение для Android или iOS .",c6b0bb9ac55d8dbc0e1c60c2761a65a97bccc021ad334827cae918cb71d19a78,424,false,254,inline_text,,,,опасность/безопасность,
1.0,https://news.zerkalo.io/cellar/135860.html,Zerkalo.io,Беларусь,2026-09-05T15:06:44+00:00,telegram:https://t.me/s/zerkalo_io,"Искусственный интеллект от OpenAI захватил сайт в Германии и создал закрытую сеть, пишет Reuters.",REJECT,relevance_rejected,needs_text,нет связки социальной темы и проблемы,"TITLE: Искусственный интеллект от OpenAI захватил сайт в Германии и создал закрытую сеть, пишет Reuters.
TEXT: Искусственный интеллект от OpenAI захватил сайт в Германии и создал закрытую сеть, пишет Reuters. https://zerkalo-13jun.store/news/cellar/135860.html?tg=6 👉 Не работает ссылка? Попробуйте эту , из Беларуси — с VPN. 📲 Скачайте наше приложение для Android или iOS .",ed2a504dec74d5b19825bcd810e6e02eade201f4af0316e0785984a96cd6bc44,374,false,263,inline_text,,,,отсутствие/нехватка,
1.0,https://news.zerkalo.io/accidents/135861.html,Zerkalo.io,Беларусь,2026-09-05T13:42:57+00:00,telegram:https://t.me/s/zerkalo_io,Истребитель разбился прямо во время авиашоу в Греции.,REJECT,relevance_rejected,needs_text,нет связки социальной темы и проблемы,"TITLE: Истребитель разбился прямо во время авиашоу в Греции.
TEXT: Истребитель разбился прямо во время авиашоу в Греции. https://zerkalo-13jun.store/news/accidents/135861.html?tg=6 👉 Не работает ссылка? Попробуйте эту , из Беларуси — с VPN. 📲 Скачайте наше приложение для Android или iOS .",57cf0839413b3bf37b3daf9465adc8618323f5606cd0171949ca628a7da068dd,289,false,222,inline_text,,,,качество услуги,
1.0,https://news.zerkalo.io/life/135852.html,Zerkalo.io,Беларусь,2026-09-05T09:20:42+00:00,feed:https://news.zerkalo.io/rss/life.rss | telegram:https://t.me/s/zerkalo_io,Квота на льготный ввоз электромобилей в Беларусь исчерпана - ГТК,REJECT,relevance_rejected,possible,нет связки социальной темы и проблемы,"TITLE: Квота на льготный ввоз электромобилей в Беларусь исчерпана - ГТК
SUMMARY: Теперь придется платить пошлину 15%, но льгота по НДС еще действует.
TEXT: Квота на льготный ввоз электромобилей в Беларусь исчерпана. Это сообщил Государственный таможенный комитет. https://zerkalo-13jun.store/news/life/135852.html?tg=6 👉 Не работает ссылка? Попробуйте эту , из Беларуси — с VPN. 📲 Скачайте наше приложение для Android или iOS .",871941745cbeba378d737ffdaa1bd4b36c526620e21cf84ac12de76afcc0796b,427,false,271,inline_text,,,,качество услуги,
1.0,https://news.zerkalo.io/life/135854.html,Zerkalo.io,Беларусь,2026-09-05T10:42:30+00:00,feed:https://news.zerkalo.io/rss/life.rss | telegram:https://t.me/s/zerkalo_io,Кому беларусы доверяют сильнее всего - исследование дало неожиданный расклад,REJECT,relevance_rejected,possible,нет связки социальной темы и проблемы,"TITLE: Кому беларусы доверяют сильнее всего - исследование дало неожиданный расклад
SUMMARY: Горожане стали чаще затрудняться с ответом.
TEXT: Беларусов спросили, кому они доверяют больше. Суды, милиция, армия, правительство. https://zerkalo-13jun.store/news/life/135854.html?tg=6 👉 Не работает ссылка? Попробуйте эту , из Беларуси — с VPN. 📲 Скачайте наше приложение для Android или iOS .",227798119039b3a75ba8e3754eac700ee0cf5030545e55a9d3419681fed0cfdd,389,false,246,inline_text,,,,качество услуги,
1.0,https://news.zerkalo.io/life/135855.html,Zerkalo.io,Беларусь,2026-09-05T11:25:43+00:00,feed:https://news.zerkalo.io/rss/life.rss | telegram:https://t.me/s/zerkalo_io,Кухарев назвал срок открытия новых станций третьей линии метро,REJECT,relevance_rejected,needs_text,политическая тема: лукашенко,"TITLE: Кухарев назвал срок открытия новых станций третьей линии метро
SUMMARY: «Это неправда, мы работаем по графику, по плану».
TEXT: Мэр Минска назвал фейком информацию о переносе сроков строительства метро. Ранее новые даты публиковала газета администрации Лукашенко. https://zerkalo-13jun.store/news/life/135855.html?tg=6 👉 Не работает ссылка? Попробуйте эту , из Беларуси — с VPN. 📲 Скачайте наше приложение для Android или iOS .",033ad3e4400e803f62614bd99d2223dbf8f5a0d2655726346e2eb79051af0ac2,434,false,299,inline_text,Минск,Минск,,качество услуги,
1.0,https://t.me/zerkalo_io/173679,Zerkalo.io,Беларусь,2026-09-05T10:58:28+00:00,telegram:https://t.me/s/zerkalo_io,"Минчанин выставил однокомнатную квартиру за 1400 рублей в месяц и удивился, что за две недели ею заинтересовались только россияне.",REJECT,relevance_rejected,needs_text,нет связки социальной темы и проблемы,"TITLE: Минчанин выставил однокомнатную квартиру за 1400 рублей в месяц и удивился, что за две недели ею заинтересовались только россияне.
TEXT: Минчанин выставил однокомнатную квартиру за 1400 рублей в месяц и удивился, что за две недели ею заинтересовались только россияне. «А где беларусы?» — спросил мужчина в соцсетях. Источник: @belarus_novosti / TikTok",458a248a117aa0c08218fa0b9d168845d5046b130aa3aff57db4df1d6e0379fe,358,false,214,inline_text,,,,,
1.0,https://news.zerkalo.io/world/135851.html,Zerkalo.io,Беларусь,2026-09-05T09:13:12+00:00,telegram:https://t.me/s/zerkalo_io,Посланники Трампа прибыли в Москву.,REJECT,relevance_rejected,needs_text,нет связки социальной темы и проблемы,"TITLE: Посланники Трампа прибыли в Москву.
TEXT: Посланники Трампа прибыли в Москву. Ожидается, что после визита в Россию они отправятся в Киев. https://zerkalo-13jun.store/news/world/135851.html?tg=6 👉 Не работает ссылка? Попробуйте эту , из Беларуси — с VPN. 📲 Скачайте наше приложение для Android или iOS .",5ea62784dea4918712b4466270a6b2b3585ab8a4c9aee6bc2c1b06d3ed1b24c5,309,false,260,inline_text,,,,качество услуги,
1.0,https://news.zerkalo.io/economics/135863.html,Zerkalo.io,Беларусь,2026-09-05T15:00:56+00:00,feed:https://news.zerkalo.io/rss/economics.rss | telegram:https://t.me/s/zerkalo_io,"Почобут заявил, что съезд Союза поляков Беларуси откладывается, но сам он все равно вернется в Гродно",REJECT,relevance_rejected,needs_text,нет связки социальной темы и проблемы,"TITLE: Почобут заявил, что съезд Союза поляков Беларуси откладывается, но сам он все равно вернется в Гродно
SUMMARY: Ранее бывший политзаключенный говорил, что планирует вернуться в родной Гродно в начале сентября.
TEXT: Почобут заявил, что съезд Союза поляков Беларуси откладывается, но сам он все равно вернется в Гродно. https://zerkalo-13jun.store/news/economics/135863.html?tg=6 👉 Не работает ссылка? Попробуйте эту , из Беларуси — с VPN. 📲 Скачайте наше приложение для Android или iOS .",6c5eebb856bcccd1324899cecb3b80197fd8483138040a7fa482b5c06a9d79e4,493,false,271,inline_text,Гродненская область,Гродно,,качество услуги,
1.0,https://news.zerkalo.io/cellar/135862.html,Zerkalo.io,Беларусь,2026-09-05T14:20:19+00:00,telegram:https://t.me/s/zerkalo_io,Путин дал Михаилу Шуфутинскому звание народного артиста России.,REJECT,relevance_rejected,needs_text,политическая тема: путин,"TITLE: Путин дал Михаилу Шуфутинскому звание народного артиста России.
TEXT: Путин дал Михаилу Шуфутинскому звание народного артиста России. Угадайте, в какой день был подписан указ. https://zerkalo-13jun.store/news/cellar/135862.html?tg=6 👉 Не работает ссылка? Попробуйте эту , из Беларуси — с VPN. 📲 Скачайте наше приложение для Android или iOS .",e3486a85d0243d833cb09e1940ba5e475ffc9cfbb2ce018436d255f44dc99f9b,348,false,271,inline_text,,,,качество услуги,
1.0,https://news.zerkalo.io/world/135857.html,Zerkalo.io,Беларусь,2026-09-05T12:05:32+00:00,telegram:https://t.me/s/zerkalo_io,Путин приказал на три дня прекратить удары по Киеву.,REJECT,relevance_rejected,needs_text,политическая тема: путин,"TITLE: Путин приказал на три дня прекратить удары по Киеву.
TEXT: Путин приказал на три дня прекратить удары по Киеву. В Кремле объяснили это визитом переговорщиков из США. https://zerkalo-13jun.store/news/world/135857.html?tg=6 👉 Не работает ссылка? Попробуйте эту , из Беларуси — с VPN. 📲 Скачайте наше приложение для Android или iOS .",c938ccfca202924bd935f1561243559b695466c92ed160673a0febada797c988,337,false,271,inline_text,,,,качество услуги,
1.0,https://news.zerkalo.io/world/135853.html,Zerkalo.io,Беларусь,2026-09-05T10:04:19+00:00,telegram:https://t.me/s/zerkalo_io,Россия ударила по аэропортам Киева и Борисполя на фоне обсуждения визита представителей США.,REJECT,relevance_rejected,needs_text,политическая тема: зеленск,"TITLE: Россия ударила по аэропортам Киева и Борисполя на фоне обсуждения визита представителей США.
TEXT: Россия ударила по аэропортам Киева и Борисполя на фоне обсуждения визита представителей США. Это заявил Зеленский. https://zerkalo-13jun.store/news/world/135853.html?tg=6 👉 Не работает ссылка? Попробуйте эту , из Беларуси — с VPN. 📲 Скачайте наше приложение для Android или iOS .",5750166f4e8cc661e58ad8f6edec072f5b5fbf7c7f15961eb249413b7519174b,385,false,279,inline_text,,,,общественный резонанс,
1.0,https://t.me/zerkalo_io/173683,Zerkalo.io,Беларусь,2026-09-05T12:56:09+00:00,telegram:https://t.me/s/zerkalo_io,Странная смepть беларусского ученого.,REJECT,relevance_rejected,needs_text,нет связки социальной темы и проблемы,"TITLE: Странная смepть беларусского ученого.
TEXT: Странная смepть беларусского ученого. Рассказываем подробности. Источник: @belarus_morenews / TikTok",25f09056de99e718a1916075bf127c6ee0185dc207daf3423b3c1e03ebde7710,151,false,100,inline_text,,,,,
1.0,https://news.zerkalo.io/economics/135845.html,Zerkalo.io,Беларусь,2026-09-05T09:46:01+00:00,feed:https://news.zerkalo.io/rss/economics.rss | telegram:https://t.me/s/zerkalo_io,У ИП пенсия может быть почти вдвое меньше средней по стране. В Минтруда объяснили почему,REJECT,relevance_rejected,possible,недостаточный балл: 3,"TITLE: У ИП пенсия может быть почти вдвое меньше средней по стране. В Минтруда объяснили почему
SUMMARY: В ведомстве также дали совет, как ИП не потерять существенную долю пенсии.
TEXT: В Минтруда рассказали, сколько предприниматели могут потерять на пенсии. https://zerkalo-13jun.store/news/economics/135845.html?tg=6 👉 Не работает ссылка? Попробуйте эту , из Беларуси — с VPN. 📲 Скачайте наше приложение для Android или iOS .",abaa8625b2716c447036b533023fa6b82d5f14402cbd45f557e460581e6bf5e4,427,false,241,inline_text,,,,качество услуги,
1.0,https://t.me/zamkadomby/67531,Беларусь за МКАДом,Беларусь,2026-09-05T09:26:07+00:00,telegram:https://t.me/s/zamkadomby,Бобруйская «Венеция»: новый асфальт превратил двор в бассейн,REJECT,relevance_rejected,possible,нет связки социальной темы и проблемы,"TITLE: Бобруйская «Венеция»: новый асфальт превратил двор в бассейн
TEXT: Бобруйская «Венеция»: новый асфальт превратил двор в бассейн В Бобруйске долгожданное благоустройство закончилось неожиданным «водным шоу». После укладки свежего асфальта двор возле одного из домов превратился в гигантскую лужу — пройти к подъезду, не промочив ноги, теперь невозможно. Что говорят жильцы и комментаторы: 🌊 Без ливнёвок: Горожане уверены, что при строительстве либо забыли про водоотвод, либо сделали его с нарушениями. 🚶‍♂️ Исчез тротуар: Из-за расширения проезжей части пешеходную зону фактически уничтожили. 🥾 Сезон сапог: Люди иронизируют, что после такого «капремонта» коммунальщикам пора выдавать жителям резиновые сапоги или надувные лодки. По словам местных, подобная картина после дождей наблюдается и в других дворах города.",4d53a8e70cb52cc2550cea0beceff2a595d6a17e70a1b6c355a912e78edd783f,824,false,750,inline_text,Могилевская область,Бобруйск,,,
1.0,https://t.me/zamkadomby/67540,Беларусь за МКАДом,Беларусь,2026-09-05T12:01:18+00:00,telegram:https://t.me/s/zamkadomby,ДТП в Белыничском районе: из-за отвлёкшегося водителя пострадали двоё детей,REJECT,relevance_rejected,needs_text,нет связки социальной темы и проблемы,"TITLE: ДТП в Белыничском районе: из-за отвлёкшегося водителя пострадали двоё детей
TEXT: 🚨 ДТП в Белыничском районе: из-за отвлёкшегося водителя пострадали двоё детей Сегодня днём на трассе вблизи деревни Ермоловичи произошло серьёзное происшествие — 38-летняя жительница Могилёва за рулём Nissan врезалась в тросовое ограждение. По предварительным данным, женщина просто отвлеклась от дороги. В результате происшествия двое детей (3-летняя девочка и 6-летний мальчик) с травмами доставлены в больницу. Выяснилось, что один из детей перевозился без детского кресла. 📹 YouTube ❗️ поддержать канал на ☕️",8f471e37e20f05a9c67875836e265f6c99fbf055c23f03f65cb29102bdeaa88f,601,false,512,inline_text,Могилевская область,Могилев,,опасность/безопасность,
1.0,https://t.me/zamkadomby/67545,Беларусь за МКАДом,Беларусь,2026-09-05T13:15:04+00:00,telegram:https://t.me/s/zamkadomby,Легендарную «Мурованку Хрептовичей» всё-таки продали — за цену двух базовых величин,REJECT,relevance_rejected,possible,нейтральная продажа имущества или торги: выставили на торги,"TITLE: Легендарную «Мурованку Хрептовичей» всё-таки продали — за цену двух базовых величин
TEXT: 🏛 Легендарную «Мурованку Хрептовичей» всё-таки продали — за цену двух базовых величин Заброшенный комплекс хозпостроек XIX века в агрогородке Щорсы на Гродненщине наконец-то обрёл нового владельца. Исторический объект ушёл с молотка на электронных торгах «БУТБ-Имущество». Впервые комплекс выставили на торги ещё в феврале 2025 года за 184 тыс. BYN ($100 тыс. в эквиваленте), но покупателей не нашлось. Цену пришлось сбивать до минимума. На свежих торгах при старте в 90 BYN остался только один активный участник. В итоге объект достался ему за 94,5 BYN (стартовая цена + 5%). Объект достался строительная организация из Минска. В придачу она получила аренду 6,4 га земли историко-культурного назначения на 50 лет. Новый хозяин обязан запустить деятельность на объекте в течение 2 лет. А на разработку проекта и старт реконструкции под жильё, офисы или торговлю (со строгим согласованием с Минкультом) даётся не более 5 лет. 📹 YouTube ❗️ поддержать канал на ☕️",48681ab69bf2bcd1532ac9dab1e6879cc7c59a750e1d568d6218f251167acc81,1057,false,960,inline_text,Минск,Минск,,,
1.0,https://t.me/zamkadomby/67532,Беларусь за МКАДом,Беларусь,2026-09-05T10:45:01+00:00,telegram:https://t.me/s/zamkadomby,Непогода накрыла Беларусь: рухнувшие деревья блокируют дороги и давят автомобили,REJECT,relevance_rejected,possible,нет связки социальной темы и проблемы,"TITLE: Непогода накрыла Беларусь: рухнувшие деревья блокируют дороги и давят автомобили
TEXT: 💨 🚘 Непогода накрыла Беларусь: рухнувшие деревья блокируют дороги и давят автомобили Шквалистый ветер прошёлся по регионам страны. Основной удар пришёлся на припаркованые машины и проезжие части. География и последствия разгула стихии: 🚗 Брестчина: В #Брест упавшие деревья повредили сразу 3 легковых автомобиля. Ещё один выезд спасателей зафиксирован в Барановичском районе. 🌲 Витебщина: Спасатели выезжали на помощь 6 раз (Оршанский, Витебский, Чашникский районы). В Докшицком районе дерево раздавило легковушку. 🛣 Гомельщина: В #Мозыр упавшее дерево полностью перекрыло движение по переулку Фабричному — дорогу пришлось распиливать и расчищать МЧС. 🪓 Минщина: В Борисовском и Смолевичском районах подразделения МЧС убрали 5 поваленных деревьев. ❗️ Учитесь на чужих ошибках! B ветреную погоду не паркуйте автомобили под деревьями и слабо укреплёнными конструкциями. 📹 YouTube ❗️ поддержать канал на ☕️",8ecbb6cccf8ae1380a894b0726d95098599817b88dcd5e0941036451e7c79b62,997,false,903,inline_text,,,,,
1.0,https://www.belnovosti.by/obshchestvo/belgidromet-predupredil-o-neblagopriyatnom-yavlenii-na-6-sentyabrya-2026-goda-obyavlen,Белновости,Беларусь,2026-09-05T11:05:00+00:00,feed:https://www.belnovosti.by/all_rss.xml | homepage | sitemap:https://www.belnovosti.by/googlenews.xml,Белгидромет предупредил о неблагоприятном явлении. На 6 сентября 2026 года объявлен оранжевый уровень опасности,REJECT,relevance_rejected,possible,нет связки социальной темы и проблемы,"TITLE: Белгидромет предупредил о неблагоприятном явлении. На 6 сентября 2026 года объявлен оранжевый уровень опасности
SUMMARY: В воскресенье, 6 сентября, погода в Беларуси преподнесет не очень приятный сюрприз. Объявлено штормовое предупреждение.
TEXT: В воскресенье, 6 сентября, погода в Беларуси преподнесет не очень приятный сюрприз. Объявлено штормовое предупреждение. На юго-западе страны северо-западный ветер усилятся – ожидаются порывы до 20 метров в секунду. Атмосферные фронты со Скандинавии принесут в республику дожди, грозы и ощутимое похолодание. В связи с этим на последний день нынешнего уик-энда в республике объявлен оранжевый уровень опасности. Характер погоды 6 сентября изменится из-за влияния фронтальных разделов, которые движутся к нам с территории Скандинавии. Небо над большей частью страны затянет облаками, однако в них будут появляться просветы. Главный фактор беспокойства — сильный ветер. Синоптики предупреждают, что западный и северо-западный ветер будет порывистым. Если ночью усиление прогнозируется лишь местами, то уже днем 6 сентября во многих районах страны он разгуляется до штормовых значений. Особенно напряженная ситуация сложится на юго-западе республики: там скорость воздушного потока достигнет 15–20 метров в секунду. Осадки также станут спутниками воскресного дня. Практически повсеместно пройдут кратковременные дожди. Не исключены и грозы — в отдельных районах возможны резкие раскаты грома и усиление ветра при грозе. Температурный режим продолжит понижаться. Предстоящей ночью столбики термометров покажут от +7 до +13°С. Днем, несмотря на начало сентября, летнего тепла ждать не стоит: воздух прогреется лишь до +14...+20°С. В такую погоду стоит одеваться теплее и быть внимательными на улице, избегая нахождения рядом с деревьями и слабо закрепленными конструкциями.",83e410d6e2c3958157172542ef8e7959d1bfcae7474f5f21a43b635612d23f4b,1821,false,1567,source_specific,,,,опасность/безопасность,
1.0,https://www.belnovosti.by/sport/belorusy-dzyudoisty-voshli-v-top-10-na-yuniorskom-chempionate-evropy,Белновости,Беларусь,2026-09-05T13:35:00+00:00,feed:https://www.belnovosti.by/all_rss.xml | sitemap:https://www.belnovosti.by/googlenews.xml,Белорусы-дзюдоисты вошли в ТОП-10 на юниорском чемпионате Европы,REJECT,relevance_rejected,possible,нет связки социальной темы и проблемы,"TITLE: Белорусы-дзюдоисты вошли в ТОП-10 на юниорском чемпионате Европы
SUMMARY: Итоги юниорского чемпионата Европы по дзюдо (U21) в Подгорице для Беларуси — отсутствие наград. Из 12 наших спортсменов ближе всех к пьедесталу подобрался Григорий Зурначян (до 60 кг).
TEXT: Итог юниорского чемпионата Европы по дзюдо (U21) в Подгорице для Беларуси — отсутствие наград. Из 12 наших спортсменов ближе всех к пьедесталу подобрался Григорий Зурначян (до 60 кг). Однако бронза ускользнула в решающей схватке. Турнир собрал 400 участников из 44 стран, и конкуренция оказалась запредельной. Юниорское первенство континента в столице Черногории собрало почти четыре сотни молодых борцов — возрастная планка не старше 21 года. Белорусскую делегацию составили 12 человек, но пробиться в призы не удалось никому. Самая напряженная борьба развернулась в категории до 60 кг. Григорий Зурначян уверенно прошел групповой этап с двумя победами, однако в полуфинале споткнулся, а затем проиграл и в матче за бронзу. Итог — пятое место при 25 претендентах, что объективно близко к подиуму, но без медали. В весовой категории до 81 кг Станислав Ольхов провел пять схваток: три выиграл, две проиграл. Этого хватило лишь на седьмую строчку в турнирной сетке из 33 участников. Остальные белорусские атлеты, включая четырех девушек, остановились на более ранних стадиях. Чемпионат Европы U21 в Подгорице стал серьезным тестом для молодой команды: уровень соперников оказался крайне высок, а каждая весовая категория насчитывала от 20 до 35 борцов. Для Беларуси это пока нулевой результат в медальном зачете, хотя пятое место Зурначяна дает надежду на прогресс — до бронзы не хватило одного шага. Эксперты отмечают, что при такой плотности результатов важно не столько поражение, сколько опыт, который ребята вывезут с этого старта.",68e0ed2f3b398fefad81f3c01d04063ba34cf60d086d4db10cd1e565892d47ba,1806,false,1534,source_specific,,,,отсутствие/нехватка,
1.0,https://www.belnovosti.by/vuz-vysshee-uchebnoe-zavedenie,Белновости,Беларусь,2026-09-05T12:35:00+00:00,homepage,ВУЗ | Высшее учебное заведение — главные новости сегодня: свежие события и аналитика,REJECT,relevance_rejected,needs_text,нет связки социальной темы и проблемы,"TITLE: ВУЗ | Высшее учебное заведение — главные новости сегодня: свежие события и аналитика
TEXT: К началу нового учебного года в Беларуси скорректировали систему школьного питания и усилили физическую подготовку. О ключевых изменениях в эфире телеканала «Беларусь 1» рассказал министр образования Андрей Иванец.",d68f3795dc202e818de804247dc73b8f9c19e6e141b3fd1980824426a733bb3d,312,false,214,source_specific,,,,,
1.0,https://www.belnovosti.by/kulinariya/vyalenye-tomaty-v-masle-po-domashnemu-kak-sdelat-zagotovku-kotoraya-vkusnee-magazinnoy,Белновости,Беларусь,2026-09-05T13:43:00+00:00,feed:https://www.belnovosti.by/all_rss.xml | sitemap:https://www.belnovosti.by/googlenews.xml,"Вяленые томаты в масле по-домашнему: как сделать заготовку, которая вкуснее магазинной",REJECT,relevance_rejected,possible,нет связки социальной темы и проблемы,"TITLE: Вяленые томаты в масле по-домашнему: как сделать заготовку, которая вкуснее магазинной
SUMMARY: Вы открываете банку магазинных вяленых томатов. Масло, три помидора, привкус консерванта. А можно сделать самим. С чесноком, орегано и тем самым вкусом, за которым люди едут в Италию.
TEXT: Вы открываете банку магазинных вяленых томатов. Масло, три помидора, привкус консерванта. А можно сделать самим. С чесноком, орегано и тем самым вкусом, за которым люди едут в Италию. Вяленые томаты — это не сушёные помидоры. Это концентрат умами, сладости и кислоты в одной штуке. При медленной сушке вода уходит, а сахара, органические кислоты и глутаматы остаются. Вкус становится в 5–6 раз интенсивнее, чем у свежего плода. Добавьте чеснок — он даёт остроту и природные фитонциды. Орегано — горьковатый аромат. Масло — носитель, который объединяет всё в одно целое. Автор удивлён, сколько людей покупают вяленые томаты в магазине, не подозревая, что их можно сделать за один вечер. Результат — домашние томаты бьют магазинные по всем параметрам: вкус, текстура, честность состава. Салатные сорта — водянистые, сохнут долго, становятся кислыми. Нужны мясистые, с малым количеством семян. Черри — идеальны. Они сладкие, плотные, сохнут быстро. Сливка — тоже хороша, но режется пополам. Крупные помидоры нарезают дольками. Главное — удалить семена и лишнюю жидкость, иначе они не высохнут, а сгниют. Проверьте свои томаты: если они не черри и не сливка, не тратьте время. Будут водянистыми. Духовка до 100–120 °C. Противень застелить пергаментом. Разложить томаты срезом вверх. Посыпать солью, сахаром (щепотка) и орегано. Сушить с приоткрытой дверцей 3–4 часа. Если есть конвекция — время сокращается до 2,5–3 часов. Проверка готовности: томаты должны быть эластичными, не ломаться, но и не быть влажными. Если гнутся и не трескаются — готовы. Если крошатся — пересушили. Если сочатся — не досушили. Некоторые используют электросушилку — работает, но духовка даёт более плотную текстуру и карамельный оттенок. Готовые томаты уложить в стерилизованную банку, пересыпая чесноком (тонкие пластинки) и орегано. Залить оливковым маслом так, чтобы оно полностью покрывало томаты. Если масла мало — верхний слой засохнет и заплесневеет через пару недель. Масло должно быть на 1–2 см выше томатов. Оставить на сутки при комнатной температуре, чтобы масло пропиталось ароматами. Затем — в холодильник. Использовать через 3–4 дня, когда вкус раскроется. Хранится до 3–4 месяцев в холодильнике. Но обычно съедается за 2 недели. Можно, но вкус будет беднее. Оливковое масло — носитель ароматов чеснока и орегано, оно придаёт томатам средиземноморский оттенок. Подсолнечное нейтрально, но если вы добавите больше специй, разница будет не так заметна. При правильной заливке (масло полностью покрывает томаты) и в стерильной банке — до 3–4 месяцев в холодильнике. Если масло помутнело или появился запах прогорклости — не ешьте. Обычно они съедаются быстрее. Они просто пересушены. Но это не проблема — залейте их маслом и оставьте на сутки. Они впитают влагу и станут мягче. Если всё равно жёсткие — используйте их в пасту или салаты, где они размягчатся при контакте с горячей едой. Томаты, масло, чеснок, орегано. Четыре ингредиента. Три-четыре часа в духовке. Одна банка, которая вкуснее магазинной и без химии. Сделайте одну партию. Если не понравится — вы потратили вечер. Если понравится — вы больше не купите вяленые томаты в магазине никогда. Проверено. Работает. Просто попробуйте завтра. Духовка уже ждёт.",dd4f27436e465a7a60793e69ab1bf6e944e5ee43597aac62cbc6f47a64691e7e,3497,false,3204,source_specific,,,магазин/торговля,,
1.0,https://www.belnovosti.by/goroskopy/goroskop-na-7-sentyabrya-2026-goda-dlya-vseh-znakov-zodiaka,Белновости,Беларусь,2026-09-05T15:02:00+00:00,feed:https://www.belnovosti.by/all_rss.xml,Гороскоп на 7 сентября 2026 года для всех знаков зодиака,REJECT,relevance_rejected,possible,нет связки социальной темы и проблемы,"TITLE: Гороскоп на 7 сентября 2026 года для всех знаков зодиака
SUMMARY: Понедельник 7 сентября открывает новую рабочую неделю с приятной и продуктивной ноты.
TEXT: Понедельник 7 сентября открывает новую рабочую неделю с приятной и продуктивной ноты. В этот день особенно легко даются планирование, анализ и наведение порядка в делах. Утром лучше заняться текущими задачами и не торопиться с важными решениями. А вот после обеда появится больше энергии и желания действовать, так что смело беритесь за то, что давно откладывали. Читайте свой знак и планируйте день с учётом этих рекомендаций. Сегодня утром вы можете чувствовать некоторую неуверенность в своих силах, особенно когда речь заходит о деньгах или самооценке. Не торопитесь с impulsive решениями и дайте себе время разобраться в своих ощущениях. Во второй половине дня появится больше лёгкости, и вы сможете выразить себя через творчество или любимое занятие. Возможны короткие моменты, когда вы будете чувствовать себя недооценённым или немотивированным. Попробуйте разобраться в причинах этого состояния, и вы сможете лучше понять себя. Во второй половине дня энергия станет более спокойной и созерцательной, что поможет вам настроиться на предстоящие задачи. Незавершённые дела могут вызывать у вас беспокойство, но это хороший повод разобраться с ними. По мере того как день будет развиваться, вам захочется больше общаться и обмениваться идеями с окружающими. Ваше нестандартное мышление сегодня будет особенно привлекательным для других людей. Неуверенность или нерешённые вопросы могут всплыть на поверхность, но постарайтесь смотреть на разногласия с интересом, а не с раздражением. Во второй половине дня ваша интуиция и логика объединятся, помогая вам принимать правильные решения. Это отличное время для того, чтобы использовать свои ресурсы с максимальной пользой. Сегодняшний день приносит вам возможность проявить свои лидерские качества и заботу о близких. Утренняя энергия располагает к общению с родными и укреплению семейных связей. После обеда постарайтесь избегать импульсивных решений и не тратить деньги на эмоциях. Венера продолжает своё движение по вашему знаку, усиливая ваше стремление к гармонии и порядку. Сегодня вы можете обнаружить, что ваши усилия по наведению порядка в делах начинают приносить свои плоды. Это отличный день для того, чтобы разобрать накопившиеся бумаги, завершить старые проекты и освободить пространство для нового. Венера в вашем знаке делает вас особенно притягательными и дипломатичными. Любые переговоры или разговоры с близкими людьми пройдут легко и естественно, если вы будете проявлять терпение и понимание. Это хорошее время для того, чтобы укрепить отношения с партнёром или наладить контакт с теми, с кем давно хотели поговорить. Сегодняшний день подходит для того, чтобы заглянуть вглубь себя и разобраться в своих истинных желаниях. Вы можете почувствовать, что некоторые вещи, которые раньше казались вам важными, больше не имеют значения. Это отличное время для того, чтобы отпустить старые обиды и открыться новым возможностям. Сегодня вам захочется расширить свои горизонты и узнать что-то новое, и этот день отлично подходит для этого. Возможно, вы получите интересное предложение или идею, которая вдохновит вас на новые свершения. Однако постарайтесь не перегружать себя слишком большим количеством информации, потому что сегодня лучше сосредоточиться на чём-то одном. Сегодняшний день может принести вам некоторое напряжение в семейных делах, особенно если вы чувствуете, что ваши усилия не получают должной оценки. Постарайтесь не принимать всё слишком близко к сердцу и дайте себе время на отдых и восстановление сил. Лучше проведите этот день в спокойной обстановке, занимаясь тем, что приносит вам удовольствие. Сегодняшний день располагает к общению с друзьями и единомышленниками, и вы можете найти много интересных идей и вдохновения в этом общении. Ваша способность мыслить нестандартно и видеть мир по-новому сегодня особенно ценна. Не бойтесь делиться своими мыслями и планами с окружающими, потому что они могут поддержать вас и помочь воплотить их в жизнь. Сегодняшний день приносит вам эмоциональную ясность и возможность разобраться в своих чувствах. Вы можете почувствовать, что пришло время для важного разговора с близким человеком, и сегодня для этого самый подходящий момент. Ваша интуиция сегодня особенно сильна, и она подскажет вам правильные слова и решения.",cf10c0a16a824196255600e14c3be4087ad8b217d6c6be716253f846b34361ed,4416,false,4251,source_specific,,,,,
1.0,https://www.belnovosti.by/obshchestvo/izmeneniya-v-shkolah-i-vuzah-belarusi-ministr-rasskazal-o-pitanii-i-fizpodgotovke,Белновости,Беларусь,2026-09-05T12:35:00+00:00,feed:https://www.belnovosti.by/all_rss.xml | homepage | sitemap:https://www.belnovosti.by/googlenews.xml,Изменения в школах и вузах Беларуси. Министр рассказал о питании и физподготовке,REJECT,relevance_rejected,possible,нет связки социальной темы и проблемы,"TITLE: Изменения в школах и вузах Беларуси. Министр рассказал о питании и физподготовке
SUMMARY: К началу нового учебного года в Беларуси скорректировали систему школьного питания и усилили физическую подготовку. О ключевых изменениях в эфире телеканала «Беларусь 1» рассказал министр образования Андрей Иванец.
TEXT: К началу нового учебного года в Беларуси скорректировали систему школьного питания. Также усилили физическую подготовку в школах и вузах. О ключевых изменениях в эфире телеканала «Беларусь 1» рассказал министр образования Андрей Иванец. Вопрос качества еды в учреждениях образования остается на личном контроле главы государства. По словам Андрея Иванца, основной посыл власти — избежать крена в сторону «ресторанного» формата. Школа должна давать знания, а питание обязано быть полезным, спокойным и привычным для ребенка. Для реализации этой задачи Минобразования совместно с правительством провело ревизию рационов, особенно для тех детей, кто находится в школе не более восьми часов и получает одноразовое питание. Мы постарались сделать так, чтобы их питание было максимально приближено к домашнему, но при этом соблюдались правила детской диететики, — подчеркнул министр. Также изменен подход к порциям и составу блюд. Теперь меню строится на четком разделении учеников на три возрастные группы (начальная, средняя и старшая школа). Это позволяет точнее учитывать разницу в метаболизме и энергозатратах детей разных возрастов. Отдельное внимание уделили буфетам. Ассортимент продукции, разрешенной к продаже в школах, был существенно расширен, однако жесткие рамки детского питания сохранены. Насколько эффективной окажется такая либерализация, в ведомстве намерены отслеживать в течение учебного года. Перемены затронули и физическую активность. Еще весной на совещании с силовым блоком Президент обратил внимание на недостаточный уровень подготовки новобранцев. Реакцией на это замечание стала корректировка школьной программы. Ключевое новшество — замена формата «два полноценных урока + игровой час» на три полноценных занятия в неделю. При этом игровые виды спорта не исчезли, а интегрированы в основную сетку уроков. Логика перемен распространилась и на высшую школу. В вузах вступила в силу новая программа, главный принцип которой — синхронизация с требованиями вооруженных сил. Главная новация — приведение нормативов, которые сдают студенты, в соответствие с нормативами на воинской службе. Они не являются какими-то сверхсложными, но при этом это четкий и понятный ориентир, — пояснил Андрей Иванец. Власти делают ставку не только на обязательные уроки, но и на зрелищность спорта. По поручению правительства в этом году кардинально меняется формат Республиканской универсиады студентов. Во-первых, она станет единым событием со спартакиадой колледжей. Во-вторых, соревнования по 29 видам спорта пройдут на знаковых спортивных объектах страны в присутствии зрителей, начиная с региональных отборочных этапов. Такой подход, по задумке министерства, должен создать вокруг студенческого спорта атмосферу праздника и привлечь максимально широкую молодежную аудиторию к здоровому образу жизни.",d9349169dd15dcb74be16a7c74984cca0c03b1463765162ea4565f03053b3e05,3123,false,2805,source_specific,,,школа/детский сад,,
1.0,https://www.belnovosti.by/lyudi-i-sobytiya/kak-razvlekalis-lyudi-bronzovogo-veka-naydena-neobychnaya-igra-vozrastom-4-600-let,Белновости,Беларусь,2026-09-05T09:05:00+00:00,feed:https://www.belnovosti.by/all_rss.xml,Как развлекались люди бронзового века. Найдена необычная игра возрастом 4 600 лет,REJECT,relevance_rejected,needs_text,нет связки социальной темы и проблемы,"TITLE: Как развлекались люди бронзового века. Найдена необычная игра возрастом 4 600 лет
SUMMARY: Вы копаетесь в земле, чтобы найти следы торговли, оружия, культов. А находите игрушку. Точнее, настольную игру, которой больше четырех с половиной тысяч лет.
TEXT: Вы копаетесь в земле, чтобы найти следы торговли, оружия, культов. А находите игрушку. Точнее, настольную игру, которой больше четырех с половиной тысяч лет. В иранском Шахри-Сухте, который называют Сгоревшим городом, археологи подняли предмет, способный перевернуть представление о том, как развлекались люди бронзового века. В 1977 году итальянская экспедиция вскрыла могилу № 731. Там лежал комплект: деревянная доска, 27 фигур, кубики. Специалисты сравнивали его с Королевской игрой Ура из Месопотамии. Правил нет. Два исследователя, Сэм Джелве и Хоссейн Моради, позже предложили реконструкцию на основе археологии и сходства с традицией Игры в двадцать. Но оригинал так и остался немым. Новая находка — не копия того набора. Она иного типа. И это самое важное: если в одном городе находят две разные игровые системы, значит, досуг не был чем-то случайным. Люди осознанно владели несколькими способами занять вечер. Ждали ли они гостей? Играли ли на спор? Или это были ритуальные предметы для погребения? Как пишут западные СМИ, вместе с доской подняли гравированную костяную расческу, фрагменты текстиля, кожу и следы яиц. Для археолога это тихий шок. Органика в сухой среде сохранилась там, где обычно гниет за пару столетий. Кожа — это детали одежды. Текстиль — возможно, мешки или покрывала. Яйцо — быт, кухня, чей-то так и не съеденный завтрак. Теперь представьте картину. Мастерская. Рядом очаг. На полу каменные отходы, фигурки животных, орудия. И тут же человек расчесывает волосы. Или штопает кожаный мешок. В жилом районе северо-восточной части раскопа нашли две архитектурные эпохи — то есть город перестраивали, а привычка жить рядом с работой не менялась. Никакого четкого разделения на «промзону» и «спальню». Ремесло дышало в тех же стенах, где варили еду и укладывали детей. Шахри-Сухте входил в культурный комплекс Гельманд. ЮНЕСКО фиксирует: основан около 3200 года до н. э., заселен четыре основных периода, заброшен примерно к 1800 году до н. э. Контакты тянулись в Центральную Азию, к Инду, в Персидский залив, Оманское море, юго-западный Иран. То есть это был перекресток. Не глухая деревня, где от скуки режут фигурки. Игра здесь — не случайность, а маркер социальной ткани. Кто-то владел набором. Кто-то положил его в могилу. Кому-то положили другой, непохожий. Это уже не про развлечение. Это про статус, обычай, расчет на жизнь после смерти. Связка сущностей простая: настольная игра → маркировала досуг → отличалась от погребального инвентаря. Погребение → фиксировало социальную роль → менялось от эпохи к эпохе. Шахри-Сухте → был узлом обмена → впитывал разные традиции, включая игровые. Конструкция, полный набор компонентов и археологический контекст не опубликованы. Без точных данных любая реконструкция — фантазия. Пока известно о двух. Первая из могилы № 731 датируется примерно 2600–2400 годами до н. э. Вторая найдена в 21-м сезоне раскопок. Она показывает, что досуг был развитой социальной практикой, а не редким исключением. Игра уживалась с ремеслом, бытом и сложными погребальными ритуалами. Раскопки продолжаются. Пока археологи не опубликуют детали, единственное, что можно утверждать уверенно: четыре с половиной тысячи лет назад кто-то в Сгоревшем городе знал, чем занять свободный час. И этот час пережил империи, языки и самих игроков. Изучайте не только дворцы. Играйте в то, что нашли.",4367c7b15d24b90e07adc12b817d09b9661bbf0cc96feaec6d957223df378814,3601,false,3339,source_specific,,,магазин/торговля,,
1.0,https://www.belnovosti.by/kulinariya/myagkie-i-sochnye-bez-luka-gotovim-kotlety-po-mogilevski,Белновости,Беларусь,2026-09-05T14:35:29+00:00,feed:https://www.belnovosti.by/all_rss.xml | sitemap:https://www.belnovosti.by/googlenews.xml,Мягкие и сочные без лука. Готовим котлеты по-могилевски,REJECT,relevance_rejected,possible,нет связки социальной темы и проблемы,"TITLE: Мягкие и сочные без лука. Готовим котлеты по-могилевски
SUMMARY: Вы держите в голове классическую схему «фарш, лук, хлеб». А теперь выбросьте лук.
TEXT: Вы держите в голове классическую схему «фарш, лук, хлеб». А теперь выбросьте лук. Именно так поступают, когда речь идет о могилевском варианте котлет, и мясо от этого не проигрывает. Чеснок, сало и особая панировка делают всю работу. Лук в классике решает две задачи: даёт сок и аромат. В могилевском рецепте сок фаршу обеспечивает сало или жирная свинина, а аромат — чеснок. Получается грубее, резче, мяснее. Кому-то такой характер блюда сразу заходит, других пугает. Проверено: после обжарки без крышки котлета выглядит сухой. Надрезаешь — внутри пар и мясной сок. Фокус в том, что корочка запирает влагу. Могилевский способ обжарки не про долгое тушение. Сковорода даёт цвет, духовка добивает середину. Температура 220 градусов и 12–15 минут. Передержите — получите подошву. Именно поэтому фарш из 200 граммов свинины и 400 граммов телятины работает лучше чистой говядины. Телятина без жира требует точного времени. Ошибка на две минуты — сухой край. Но когда угадываете, текстура получается волокнистой и мягкой одновременно. Три ключевые опоры котлет по-могилевски — это сало в фарше, панировка с чесноком и двухэтапная термообработка. Сало даёт жирность без лукового сока. Панировочные сухари впитывают мясной сок, смешанный с растопленным салом. Духовка фиксирует структуру. Стоит один раз попробовать обвалять котлету не в магазинных сухарях, а в смеси сухарей с мелко рубленным чесноком. Разница ощутима уже на запахе во время обжарки. Берите охлаждённое мясо. Перемололи — не солите сразу, выдержите фарш 20–30 минут в холоде. Соль за это время не вытянет сок раньше времени. Чеснок режьте ножом, а не давите прессом: так вкус останется в кусочках, а не уйдёт в сковороду целиком. Не перебивайте фарш. Никаких блендеров. Можно, но тогда сало обязательно. Куриный фарш без добавленного жира пересохнет за 12 минут при 220 градусах. Пропорция — 150 граммов сала на 400 граммов куриного мяса. Отварной картофель. Крахмал гасит остроту чеснока. Салат из свежих огурцов тоже подходит. Лук даёт сладость и влагу. Могилевский рецепт задуман как пикантный мясной вкус без лишней мягкости. Чеснок и сало справляются лучше. Сделайте фарш из 400 граммов телятины и 200 граммов свинины, добавьте сало, чеснок. Обжарьте без крышки. Поставьте в духовку на 12–15 минут при 220 градусах. Снимите, дайте постоять 5 минут — и подавайте с картофелем.",0aa09a5f68a57e54a133c94cd435f62a0a7c439207f4d86398afe65422de76dd,2501,false,2341,source_specific,Могилевская область,Могилев,,,
1.0,https://www.belnovosti.by/diety/pobochka-preparatov-dlya-pohudeniya-dazhe-ozempic-ugrozhaet-muzhchinam-oblyseniem,Белновости,Беларусь,2026-09-05T12:05:00+00:00,feed:https://www.belnovosti.by/all_rss.xml,Побочка препаратов для похудения. Даже Ozempic угрожает мужчинам облысением,REJECT,relevance_rejected,possible,нет связки социальной темы и проблемы,"TITLE: Побочка препаратов для похудения. Даже Ozempic угрожает мужчинам облысением
SUMMARY: Вы колете Wegovy ради плоского живота, а через полгода обнаруживаете в сливе душа клок, годный для парика. Совпадение?
TEXT: Вы колете Wegovy ради плоского живота, а через полгода обнаруживаете в сливе душа клок, годный для парика. Совпадение? Генетики из Нью-Йоркского университета впервые доказали обратное. Агонисты ГПП-1 действительно провоцируют андрогенетическую алопецию у мужчин с предрасположенностью. И речь не о жалобах на форумах, а о данных менделевской рандомизации на 205 327 пациентах. Глюкагоноподобный пептид-1 не просто так назван гормоном насыщения. Его рецепторы разбросаны по кишечнику, мозгу и, как выясняется, влияют на клеточные пути, далёкие от аппетита. Команда Линн Петуховой из Медицинской школы Гроссмана использовала трюк: вместо наблюдения за живыми людьми они взяли генетические варианты, которые от рождения повышают активность рецептора GLP1R. Дальше — элементарная арифметика. Сопоставили эти варианты с базой из 205 327 человек и проверили, как часто они встречаются у мужчин с подтверждённой андрогенетической алопецией. Разница в 7% — не катастрофа. Но она статистически значима и впервые связывает не препараты как таковые, а сам биологический путь ГПП-1 с выпадением волос. И это меняет логику назначений. Вам не нужно быть диабетиком, чтобы попасть в группу риска. Достаточно двух вещей: мужской пол и семейная история лысеющего отца или деда. Всё. Ключевая сущность здесь — рецептор GLP1R. Это белок, сидящий на поверхности клеток и ловящий гормон GLP-1. Препараты вроде семаглутида имитируют гормон и заставляют рецептор работать на износ. Исследователи выделили 22 однонуклеотидных полиморфизма — точечных замены в ДНК, — которые усиливают выработку этого белка. Человек с такими вариантами рождается с завышенной активностью пути ГПП-1 ещё до первого укола. Логика простая: если повышенная активность GLP1R в крови коррелирует с облысением, то препарат, который искусственно разгоняет ту же систему, теоретически делает то же самое. Поправку сделали на давление, тестостерон и распределение жира. Связь сохранилась. Значит, дело не в быстром похудении, которое само по себе может провоцировать телогеновую алопецию. Механизм глубже и, возможно, затрагивает непосредственно фолликулы. Прямого подтверждения фармакологического эффекта нет. Генетическая модель — не то же самое, что приём препарата. Но сходство путей достаточно велико, чтобы врачи начали задавать мужчинам неудобный вопрос перед рецептом: а у вашего отца были залысины в тридцать? Исследование сосредоточилось на мужчинах по банальной причине — данных по женскому облысению по мужскому типу почти нет. Андрогенетическая алопеция у женщин протекает иначе: диффузно, без чётких зон, диагностируется реже. Петухова не исключает, что аналогичная связь работает и для женщин, но проверять это пока не на ком. Выборка, статистика, критерии — всё упирается в отсутствие массивов. Что это значит на практике? Мужчинам перед стартом терапии ГПП-1 имеет смысл смотреть не только на гликированный гемоглобин, но и на фото отца в молодости. Женщинам — ждать новых данных. Нет. Повышение риска на 7% касается только мужчин с генетической предрасположенностью к андрогенетической алопеции. Если в роду не было раннего облысения, вероятность ниже. Пока нет. Тестов на 22 выявленных генетических варианта в клинической практике не существует. Исследование — первый шаг, а не готовая диагностическая панель. Не обязательно. Андрогенетическая алопеция — процесс медленный. Миноксидил и финастерид способны замедлить потерю, если начать терапию на ранней стадии. Отмена препарата тоже возможна при согласовании с врачом. Прежде чем колоть семаглутид ради минус десяти килограммов, посмотрите на мужскую линию своей семьи. Увидели лысого деда в сорок — идите к трихологу до эндокринолога. Иначе вместе с жиром уйдёт и шевелюра. Спросите врача прямо: есть ли смысл параллельно начинать миноксидил. Если он промолчит — смените врача. Статья носит ознакомительный и справочный характер, она не является медицинской рекомендацией. Если Вам требуется медицинская консультация, постановка диагноза, консультируйтесь с квалифицированным врачом.",56f1836faea4fddb28b1fdf62da4d325a701e5e7f01c7bc846bc08155c0762ff,4220,false,4003,source_specific,,,,,
1.0,https://www.belnovosti.by/lyubov-i-semya/pochemu-vazhno-blagodarit-drug-druga-za-melochi-i-kak-eto-menyaet-atmosferu-v-dome,Белновости,Беларусь,2026-09-05T08:43:00+00:00,feed:https://www.belnovosti.by/all_rss.xml,Почему важно благодарить друг друга за мелочи и как это меняет атмосферу в доме за неделю,REJECT,relevance_rejected,possible,Evidence Binding: тема и проблема связаны только глубоко в тексте,"TITLE: Почему важно благодарить друг друга за мелочи и как это меняет атмосферу в доме за неделю
SUMMARY: Вы говорите «спасибо» за чай, который принесли в постель. Или за вынесенный мусор. Кажется, мелочь. А через неделю вы замечаете: он стал больше помогать, вы — меньше раздражаться. Ссор стало вдвое меньше. Это не случайность. Это нейрохимия, которая запускается одной короткой фразой.
TEXT: Вы говорите «спасибо» за чай, который принесли в постель. Или за вынесенный мусор. Кажется, мелочь. А через неделю вы замечаете: он стал больше помогать, вы — меньше раздражаться. Ссор стало вдвое меньше. Это не случайность. Это нейрохимия, которая запускается одной короткой фразой. Вы думаете, что благодарить за мелочи — это излишняя вежливость. Вы ошибаетесь. Это вклад в отношения, который окупается за неделю. Когда вы говорите «спасибо» за чай, ваш мозг вырабатывает окситоцин. Партнёр тоже получает дофамин — он чувствует себя замеченным. Связь укрепляется, стресс падает. Кортизол уходит. Исследования показывают: люди, которые регулярно выражают благодарность, имеют на 30% более низкий уровень тревожности. И это не только про отношения — это про здоровье. Техника работает просто: каждый день находите три вещи, за которые вы можете искренне поблагодарить партнёра. Не за героические поступки. За мелочи: чай, выключенный свет, убранную вещь. Не «ты всегда так делаешь», а «спасибо, что заметил, как я устала, и принёс чай». В первые 2–3 дня это будет казаться натянутым. На 5-й день вы начнёте замечать больше мелочей. На 7-й день атмосфера в доме меняется. Партнёр начинает делать больше, потому что его замечают. Вы перестаёте фокусироваться на том, что он не сделал. Вы начинаете видеть, что он делает. Автор удивлён, сколько пар живут в постоянном фокусе «ты не сделал», не замечая того, что уже есть. Благодарность переключает внимание с дефицита на изобилие. И это меняет всё. Вы не замечаете чай, потому что он стал привычкой. Вы не замечаете вынесенный мусор, потому что «он должен это делать». А он замечает, что вы не замечаете. Его усилия обесцениваются. Мотивация падает. Он делает меньше. Вы злитесь больше. Цикл завершается. Благодарность разрывает этот круг. Она говорит: «Я вижу, что ты делаешь. Это важно для меня». Она не требует от него большего — она просто даёт ему понять, что его усилия имеют значение. Когда вы благодарите за мелочи, вы создаёте атмосферу, в которой хочется делать больше. Это не манипуляция. Это обратная связь, которая работает на всех уровнях — от нейронов до поведения. Главная ошибка — благодарить с ожиданием ответной благодарности. «Я сказала спасибо, а он даже не кивнул». Это не благодарность. Это торг. Искренняя благодарность не требует ответа. Она просто есть. Если вы ждёте ответа, вы снова переводите фокус на себя. И эффект теряется. Вторая ошибка — использовать благодарность как инструмент управления: «Я скажу спасибо, чтобы он потом сделал больше». Он чувствует это. И доверие падает. Благодарность работает только когда она искренняя и безусловная. Продолжайте. Благодарность не должна менять его. Она должна менять ваше восприятие. Когда вы перестаёте ждать ответа, вы перестаёте раздражаться. И через 2–3 недели он заметит, что вы изменились. Это изменит динамику. Не требуйте — благодарите. Обычно это срабатывает через 10–14 дней. Скажите «спасибо» за то, что он вынес мусор, даже если это его обязанность. Не «ты должен», а «я ценю, что ты это делаешь». Благодарность не отменяет обязанности, но делает их менее тягостными. Она превращает рутину в акт заботы, а не в повинность. Можно и нужно. Благодарность формирует у детей ощущение компетентности. Когда вы говорите «спасибо, что убрал игрушки», вы не просто хвалите — вы показываете, что его действия имеют значение. Это укрепляет самооценку и ответственность. Но не превращайте благодарность в плату за действие — она должна быть искренней, а не заслуженной. Благодарность за мелочи не требует времени. 2–3 секунды на «спасибо» — и уровень кортизола падает на 20–30%. Окситоцин растёт, конфликты уменьшаются, атмосфера становится мягче. Попробуйте неделю: каждый день находите три мелочи, за которые можете искренне сказать «спасибо». Без ожидания ответа. Без скрытых требований. Просто констатация факта: «Я вижу, я ценю». Через 7 дней вы не узнаете свой дом. Ссор станет меньше, улыбок — больше. И вы поймёте, что благодарность — не вежливость, а самый дешёвый и эффективный способ улучшить отношения. Начните сегодня. Прямо сейчас. Скажите «спасибо» за то, что он просто есть рядом. Или за чай. Или за то, что он выключил свет. Это простое слово меняет всё за неделю. Проверено. Работает.",f436191036d46ed0cbba06e7bb134ab948b9acd25e40b9780bdd86976941044a,4621,false,4225,source_specific,,,мусор/санитарное состояние,неудовлетворительное содержание,
1.0,https://www.belnovosti.by/diety/pochemu-vyalenaya-grusha-idealnyy-perekus-dlya-teh-kto-mnogo-rabotaet-za-kompyuterom,Белновости,Беларусь,2026-09-05T09:43:00+00:00,feed:https://www.belnovosti.by/all_rss.xml,"Почему вяленая груша — идеальный перекус для тех, кто много работает за компьютером",REJECT,relevance_rejected,needs_text,нет связки социальной темы и проблемы,"TITLE: Почему вяленая груша — идеальный перекус для тех, кто много работает за компьютером
SUMMARY: Вы сидите за компьютером пятый час. Глаза горят, шея затекла, рука тянется к печенью. Через час — провал энергии. Мозг в тумане. А есть перекус, который этого провала не даёт. И он сладкий.
TEXT: Вы сидите за компьютером пятый час. Глаза горят, шея затекла, рука тянется к печенью. Через час — провал энергии. Мозг в тумане. А есть перекус, который этого провала не даёт. И он сладкий. Вы сидите неподвижно. Мышцы затекают. Начинаются микроспазмы. Калий — главный внутриклеточный ион. Он отвечает за расслабление мышечных волокон. В 50 граммах вяленой груши — 400–500 мг калия. Это 15% суточной нормы. Съедаете порцию — мышцы получают сигнал «расслабься». Шея перестаёт ныть через 30–40 минут. Печенье даёт быстрый сахар. Через 40 минут вы снова голодны. Вяленая груша — фруктоза и глюкоза, но клетчатка и сорбитол замедляют всасывание. Энергия поступает равномерно в течение 3–4 часов. Нет взлёта — нет падения. Мозг получает топливо без инсулинового удара. Вы не отключаетесь через час. Вы работаете чётко. Сорбитол — природный полиол. Он притягивает воду в кишечник, увеличивая объём каловых масс и стимулируя перистальтику. Офисное сидение замедляет кишечник. Сорбитол мягко компенсирует это. Клетчатка даёт объём и сытость. Вы не тянетесь к перекусу через час. Вы забываете о еде на 3–4 часа. Автор сам проверял: съедаешь 50 граммов вяленой груши в 11 утра — и до обеда не думаешь о еде. Живот не урчит, голова ясная. Экран излучает синий свет. Он рассеивается в сетчатке, создавая окислительный стресс. В вяленой груше есть лютеин и зеаксантин. Они накапливаются в макуле и фильтруют синий спектр, снижая нагрузку на глаза. Концентрация ниже, чем в шпинате, но для перекуса — это дополнительная защита. Вопрос к читателю: вы когда-нибудь замечали, что после груши глаза меньше устают к вечеру? Попробуйте неделю — и заметите разницу. Да. В свежей груше 80% воды, её нужно съесть 200–300 г, чтобы получить тот же калий и клетчатку. Вяленая — концентрированная, 50 г дают нужную дозу. И она не портится в сумке. 50–70 граммов — оптимальная порция для перекуса. Это 120–150 ккал, 20–25 г углеводов, 4–5 г клетчатки. Больше — избыток сахара и калорий, которые могут пойти в жир. С осторожностью. Гликемический индекс 40–45, но она сладкая. Диабетикам лучше есть её после еды, а не натощак, и не больше 30 г за раз. Проверяйте сахар через 2 часа. Калий для мышц, клетчатка для сытости, сорбитол для кишечника, лютеин для глаз. Четыре эффекта в одной порции. 50 граммов. 150 ккал. 4 часа стабильной энергии. Замените печенье на вяленую грушу. Через неделю вы заметите: меньше напряжения в шее, яснее голова, не тянет к сладкому после обеда. Проверьте. Если не работает — вы едите не ту грушу. Или слишком много. Или не в то время. Но в 9 случаях из 10 она работает. Потому что это не просто сладость. Это топливо для мозга, сидящего перед экраном. Статья носит ознакомительный и справочный характер, она не является медицинской рекомендацией. Если Вам требуется медицинская консультация, постановка диагноза, консультируйтесь с квалифицированным врачом.",55b44031dfc1db45d403b9b90bc8b6943bb93525a2cb81d62d1139512dd2f3ea,3153,false,2857,source_specific,,,,,
1.0,https://www.belnovosti.by/poleznye-sovety/pochemu-stoit-derzhatsya-ot-piva-podalshe-dazhe-odin-bokal-v-den-risk-smerti,Белновости,Беларусь,2026-09-05T11:35:00+00:00,feed:https://www.belnovosti.by/all_rss.xml | sitemap:https://www.belnovosti.by/googlenews.xml,Почему стоит держаться от пива подальше. Даже один бокал в день – риск смерти,REJECT,relevance_rejected,needs_text,нет связки социальной темы и проблемы,"TITLE: Почему стоит держаться от пива подальше. Даже один бокал в день – риск смерти
SUMMARY: Вам ведь говорили: бокал за ужином — не помеха. Красное вино для сердца, пиво для почек, пара глотков для расслабления.
TEXT: Вам ведь говорили: бокал за ужином — не помеха. Красное вино для сердца, пиво для почек, пара глотков для расслабления. Так вот, свежие данные из США заставляют пересмотреть даже эту невинную привычку. Статистика смертности от онкологии, связанной с алкоголем, за 33 года выросла почти в два раза среди людей старше 20 лет. При этом общая смертность от рака в стране падает. Речь не только о тех, кто пьет много: даже одна стандартная порция пива может привести к печальным последствиям. Часто говорят: «Ну, я же не водку пью, а всего лишь пиво». Смысл тут нулевой. Организм не имеет рецепторов для дегустации бокала. Печень расщепляет этанол, а его метаболит ацетальдегид повреждает ДНК клеток. Именно это запускает мутации. Согласно данным Американского онкологического общества, алкоголь официально причислен к канцерогенам первой группы, вместе с асбестом и формальдегидом. И пивная бутылка с 5% содержания этанола тут ничуть не безобиднее стопки крепкого. Прямой вопрос: вы уверены, что ваш единственный вечерний бокал — это привычка, а не ежедневная токсичная нагрузка? В исследовании, на которое ссылается CNN, «стандартная порция» — это 14 граммов чистого этанола. В пиве это примерно 350 миллилитров. Одна такая доза в день уже коррелирует с ростом рисков рака ротовой полости, глотки, пищевода, печени и молочной железы у женщин. Главный сюрприз — не в цифрах про алкоголиков. Среди умерших от рака, ассоциированного со спиртным, много людей, которые никогда не напивались до потери контроля. Они не тряслись с похмелья и не прятали бутылки. Просто пили регулярно и понемногу. Исследователи фиксируют: рост смертности связан с накопительным эффектом, а не с эпизодами интоксикации. То есть телу не важно, сколько вы выпили за один вечер. Ему важно, сколько суммарно этанола прошло через клетки за 10–20 лет. Оборотная сторона — снижение общей смертности от рака. Врачи лучше диагностируют, таргетная терапия работает, скрининги спасают жизни. Но на фоне этого успеха алкогольный фактор вылезает отдельной строкой. Получается, мы научились лечить рак, но не научились не создавать его самостоятельно. Механизм прост и безжалостен. Этанол повышает проницаемость слизистой ЖКТ. Бактериальные токсины попадают в кровь. Печень реагирует воспалением, возникает оксидативный стресс. Клетки делятся быстрее, ошибки при копировании ДНК накапливаются. Плюс ацетальдегид напрямую связывается с белками клеточных мембран. Это триггер для плоскоклеточного рака и аденокарциномы. Вы всё ещё уверены, что хмель и солод что-то меняют? Нет. Это просто транспортировочная среда для этанола. С тем же успехом можно говорить о «пользе» коктейля «Отвертка» для иммунитета из-за витамина C. Точная цифра: в США доля смертей от онкологии, где алкоголь был доказанным кофактором, удвоилась с 1990 по 2023 год. Рост — с 2,8% до 5,4% от всех раковых смертей. При этом число диагностированных онкологий снизилось на 22% за тот же период. Комментарии излишни. Нет. Для канцерогенного эффекта важен суммарный объём этанола, а не график. Пять бокалов в пятницу или по одному каждый вечер — организм получит сопоставимую дозу токсина. Содержание этанола в безалкогольных сортах достигает 0,5%. Такой уровень не создаёт значимого канцерогенного риска. Проблема не в пивном вкусе, а именно в этиловом спирте как молекуле. Свежие метаанализы развалили этот миф. Протективный эффект для сердца не перекрывает онкологические риски. ВОЗ ещё в 2022 году заявила: безопасной дозы алкоголя нет. Бросить пить пиво — не значит стать трезвенником-проповедником. Это значит убрать ежедневный источник ацетальдегида и дать печени шанс восстанавливаться без фонового стресса. Если совсем отказываться не хочется, сократите частоту до одного-двух раз в месяц. Тогда суммарная годовая доза этанола упадёт в 15–30 раз. Банально, но работает: меньше молекул яда — меньше мутаций. Больше данных не нужно.",47a9a6c8d61f7cc9269b568f9cc9e76ff673fb7e5ea4bec9654f8c2e8a8e23ae,4083,false,3863,source_specific,,,,,
1.0,https://www.belnovosti.by/politika/pravitelstvennyy-samolet-ssha-voshel-v-vozdushnoe-prostranstvo-rossii-v-moskve-ozhidayut,Белновости,Беларусь,2026-09-05T10:35:00+00:00,feed:https://www.belnovosti.by/all_rss.xml | sitemap:https://www.belnovosti.by/googlenews.xml,Правительственный самолет США вошел в воздушное пространство России. В Москве ожидают представителей Трампа,REJECT,relevance_rejected,needs_text,нет связки социальной темы и проблемы,"TITLE: Правительственный самолет США вошел в воздушное пространство России. В Москве ожидают представителей Трампа
SUMMARY: Правительственный самолет США Boeing C-32A сегодня, 5 сентября, пересек воздушную границу России со стороны Финляндии. По данным ТАСС, ссылающегося на авиационные службы ЕС, борт направляется в Москву.
TEXT: Правительственный самолет США Boeing C-32A сегодня, 5 сентября, пересек воздушную границу России со стороны Финляндии. По данным ТАСС, ссылающегося на авиационные службы ЕС, борт направляется в Москву. Предполагается, что на его борту находятся спецпосланник президента США Стив Уиткофф и зять американского лидера Джаред Кушнер. Согласно информации источника ТАСС в авиадиспетчерских службах Евросоюза, лайнер вылетел из международного аэропорта Майами (штат Флорида). Около 09:00 по московскому времени он совершил промежуточную посадку в столице Финляндии, а затем продолжил движение в сторону российской территории. Ранее источники агентства сообщали о планах Стива Уиткоффа и Джареда Кушнера совершить турне по двум столицам. Предполагается, что визиты могут пройти 5 и 6 сентября. Маршрут через Хельсинки выглядит логистически оправданным для прямого перелета в Москву. Пресс-секретарь президента РФ Дмитрий Песков, отвечая на вопросы журналистов о прибытии американских переговорщиков, подчеркнул, что официальная информация появится только по факту состоявшихся контактов. Кремль проинформирует о контактах российской стороны с американскими переговорщиками, когда они состоятся, — заявил он. Потенциальный визит столь высокопоставленных фигур, особенно на фоне участия Джареда Кушнера, члена семьи президента США, может указывать на активизацию непубличных каналов связи между Вашингтоном и Москвой. Однако до тех пор, пока борт не приземлится, а стороны не сделают заявлений, характер повестки остается лишь предметом обсуждений.",a6746ad8706be349d8df0f8bf20f42bab726aa4110515a371b5a8746089f3fec,1871,false,1539,source_specific,,,,общественный резонанс,
1.0,https://www.belnovosti.by/v-mire/putin-rasporyadilsya-ne-nanosit-udary-po-kievu-v-techenie-3-sutok,Белновости,Беларусь,2026-09-05T13:05:00+00:00,feed:https://www.belnovosti.by/all_rss.xml | sitemap:https://www.belnovosti.by/googlenews.xml,Путин распорядился не наносить удары по Киеву в течение 3 суток,REJECT,relevance_rejected,needs_text,политическая тема: путин,"TITLE: Путин распорядился не наносить удары по Киеву в течение 3 суток
SUMMARY: Российская армия с полуночи 5 сентября на трое суток прекращает наносить удары по Киеву. Соответствующий приказ отдал Владимир Путин.
TEXT: Российская армия с полуночи 5 сентября на трое суток прекращает наносить удары по Киеву. Соответствующий приказ отдал Владимир Путин. Как сообщил ТАСС пресс-секретарь главы государства Дмитрий Песков, пауза вводится для обеспечения безопасности визита американской делегации, которая в ближайшее время должна провести переговоры в украинской столице. Информация о внезапном прекращении огня первоначально появилась в украинских источниках со ссылкой на командование ВСУ. Позже эти данные официально подтвердил Кремль. Дмитрий Песков уточнил, что инициатива связана не с эскалацией или деэскалацией на фронте в целом, а с логистикой дипломатической миссии. Параллельно с этим в российской столице готовятся к приему зарубежных гостей. Борт с американскими переговорщиками Стивом Уиткоффом и Джаредом Кушнером уже приземлился в Москве днем 5 сентября. В графике — встреча с Владимиром Путиным. Ожидается, что после завершения московской части переговоров делегация отправится в Киев. Именно на время их пребывания в украинской столице и рассчитан режим трехдневной паузы. Это позволяет обеспечить физическую безопасность передвижения представителей США без риска случайного поражения. Стоит отметить, что ограничение касается только Киева. О полном прекращении боевых действий на других участках линии соприкосновения речь не идет. Таким образом, данное решение носит точечный, тактический характер, привязанный к конкретному дипломатическому событию.",6690238da382cb66eb3fc33caab88529fe3e62f2aa3811ca54c0839c6a0e57f6,1669,false,1449,source_specific,,,,,
1.0,https://www.belnovosti.by/krasota-i-zdorove/redkaya-infekciya-stremitelno-rasprostranyaetsya-v-evrope-dozhdevaya-gnil-ranee,Белновости,Беларусь,2026-09-05T10:05:00+00:00,feed:https://www.belnovosti.by/all_rss.xml,Редкая инфекция стремительно распространяется в Европе. «Дождевая гниль» ранее была только у животных,REJECT,relevance_rejected,needs_text,нет связки социальной темы и проблемы,"TITLE: Редкая инфекция стремительно распространяется в Европе. «Дождевая гниль» ранее была только у животных
SUMMARY: Вы тоже думали, что «дождевая гниль» бывает только у лошадей и коров? Забудьте. В 2025–2026 годах бактерия Dermatophilus congolensis пошла по людям. От Швейцарии до Норвегии.
TEXT: Вы тоже думали, что «дождевая гниль» бывает только у лошадей и коров? Забудьте. В 2025–2026 годах бактерия Dermatophilus congolensis пошла по людям. От Швейцарии до Норвегии. И это не случайные фермеры, а посетители спа-салонов, спортзалов и путешественники. Инфекция передаётся через тесный контакт кожа к коже. Без лечения — зуд, корки, гнойнички. С лечением — обычно проходит за пару недель. Но сам факт, что болезнь перешагнула видовой барьер, заставляет напрячься. Дерматофилез у животных развивается во влажной среде. Осень, дожди, грязные загоны — идеальные условия для размножения бактерии. У лошади на спине появляются слипшиеся корочки, шерсть выпадает, кожа мокнет. Знакомо? Это классика для сельского хозяйства. У человека картина другая. Зуд, жжение, бугорки, гнойнички, шелушение. Иногда волдыри. Чаще всего страдают руки, предплечья, ноги. Но в свежих европейских случаях поражения отмечали на лице и в области гениталий. Важный нюанс: раньше люди заражались редко, в основном при уходе за больным скотом. Теперь источником становится человек. Всё началось в Норвегии. Конец 2025 года. Инфекцию нашли у людей, которые занимались боевыми искусствами. Часть заразилась на тренировках внутри страны. Несколько случаев связали с поездкой в Таиланд в январе 2026-го. Потом — волна. Июнь 2026: Европейский центр профилактики и контроля заболеваний (ECDC) сообщает о 70 случаях во Франции, Германии, Испании и Швеции. Диагнозы ставили с декабря 2025-го по июнь 2026-го. Июль. Швейцария. Шесть случаев за полгода. Двое привезли инфекцию из Таиланда и Индонезии, четверо подхватили внутри страны. Август. Шотландия. Первый случай в Великобритании. И общий счёт по Европе — 126. Вы всё ещё думаете, что вас это не касается? Самый вероятный путь — тесный физический контакт. Сексуальный или долгое соприкосновение кожи. Поэтому в группе риска оказались мужчины, посещавшие эротические спа-салоны и сауны «для взрослых». Там влажность, тепло и много открытой кожи — идеальные условия для бактерии. Но есть и другие варианты. В марте 2026-го южнокорейские врачи описали случай 30-летнего мужчины без поездок за границу и без контакта со скотом. У него появились зудящие участки с толстыми желтовато-коричневыми корками на лице и руке. Бактерия, вероятно, проникла через небольшую царапину. Источник так и не нашли. Это уже не «болезнь доярок». Это инфекция, которая находит новые ниши. Влажные помещения, повреждённая кожа, скученность. Знакомый набор, да? Для большинства людей угроза невелика. ECDC оценивает общий риск для населения как низкий. Болезнь обычно ограничивается кожей и поддаётся лечению. Пациент из Южной Кореи после двух недель доксициклина почти полностью очистился от корок. Но «низкий риск» не означает нулевой. Дерматофилез у человека изучен плохо. Никто не знает, как поведёт себя бактерия через год или два. У животных Dermatophilus congolensis уже приобретает устойчивость к антибиотикам. Перенос этого сценария на людей — вопрос времени. Есть ещё один момент. Болезнь передаётся половым путём? Формально — нет. Но фактически — да, при тесном контакте кожи с инфицированными участками. А это меняет правила игры. Теоретически да, но на практике случаи крайне редки. Основные носители — коровы, овцы, лошади. Домашние питомцы болеют нечасто, но если у животного появились мокнущие корки и выпала шерсть — к ветеринару и в перчатках. Возбудитель передаётся при длительном контакте кожа к коже. Интимная близость — один из вариантов такого контакта. Презерватив не защищает, потому что бактерия живёт на коже, а не в биологических жидкостях. Обычно назначают антибиотики курсом от двух недель. Чаще всего помогает доксициклин. До полного заживления кожи поражённые участки нужно закрывать повязками, не пользоваться общими полотенцами и бельём, исключить кожные контакты. Дерматофилез у человека — пока не пандемия и не повод для паники. Но это сигнал. Бактерия вышла из хлева и научилась использовать человеческие привычки: сауны, спа-салоны, тесные контакты. Раньше диагноз ставили единицам. Теперь — сотням. Следите за кожей. Любые необычные корки или зуд после контакта с новым партнёром или влажным помещением — повод для визита к врачу. Статья носит ознакомительный и справочный характер, она не является медицинской рекомендацией. Если Вам требуется медицинская консультация, постановка диагноза, консультируйтесь с квалифицированным врачом.",b6fd8e625bee6e9274098be94eab38709686db1359c41f142a617fcaf50e7131,4671,false,4372,source_specific,,,содержание животных,,
1.0,https://www.belnovosti.by/proisshestviya/ruhnuvshie-derevya-povrezhdennye-avto-v-belarusi-likvidirovali-posledstviya-nepogody,Белновости,Беларусь,2026-09-05T08:35:00+00:00,feed:https://www.belnovosti.by/all_rss.xml | homepage | sitemap:https://www.belnovosti.by/googlenews.xml,"Рухнувшие деревья, поврежденные авто. В Беларуси ликвидировали последствия непогоды",REJECT,relevance_rejected,possible,нет связки социальной темы и проблемы,"TITLE: Рухнувшие деревья, поврежденные авто. В Беларуси ликвидировали последствия непогоды
SUMMARY: о всей Беларуси устраняли последствия сильного ветра. Подразделения МЧС работали в Брестской, Витебской, Гомельской, Минской областях и в столице.
TEXT: По всей Беларуси устраняли последствия сильного ветра. Подразделения МЧС работали в Брестской, Витебской, Гомельской, Минской областях и в столице. В частности, спасатели убирали поваленные деревья с проезжих частей и автомобилей. Согласно информации, обнародованной в ТГ-канале МЧС, пострадавших в результате разгула стихии нет. Стихия внесла коррективы в работу коммунальных и экстренных служб. Наибольшее количество выездов зафиксировано в Витебской области — там спасатели привлекались к ликвидации последствий шесть раз. Инциденты произошли в Оршанском, Витебском, Докшицком и Чашникском районах. В Минской области помощь потребовалась трижды: в Борисовском и Смолевичском районах расчеты убрали пять упавших деревьев, расчищая пространство для безопасного проезда. Обошлось без человеческих жертв, однако стихия нанесла урон частному имуществу. В Бресте порывами ветра повалило деревья на парковку, в результате чего повреждения получили три легковых автомобиля. Аналогичный случай зафиксирован в Докшицком районе, где пострадала одна машина. В Гомельской области инцидент произошел в Мозыре. Там крупное дерево перегородило движение по переулку Фабричному. Спасателям пришлось оперативно распилить ствол, чтобы восстановить транспортное сообщение. Столица также ощутила на себе последствия ветра. В городе зарегистрировано два факта падения деревьев. Кроме того, стихия обрушила временные деревянные опоры, на которых крепился электрический кабель. Работникам МЧС пришлось освобождать из «плена» два поврежденных автомобиля и расчищать дорожное полотно для проезда транспорта. В настоящее время спасатели продолжают отслеживать оперативную обстановку, чтобы своевременно реагировать на новые вызовы природы.",1bf2fbc20d1d4dcdedf849d6d48b49710df1466579138bb6b1ef12f5795a0229,1967,false,1714,source_specific,Минская область,,озеленение/покос,,
1.0,https://www.belnovosti.by/rekordy-i-antirekordy/samaya-bolshaya-peshchera-v-mire-gde-ona-nahoditsya-i-skolko-neboskryobov-v,Белновости,Беларусь,2026-09-05T11:43:00+00:00,feed:https://www.belnovosti.by/all_rss.xml,Самая большая пещера в мире: где она находится и сколько небоскрёбов в ней поместится,REJECT,relevance_rejected,needs_text,нет связки социальной темы и проблемы,"TITLE: Самая большая пещера в мире: где она находится и сколько небоскрёбов в ней поместится
SUMMARY: Вы стоите у входа. Ветер дует из-под земли с такой силой, что срывает шляпу. Внутри — гул подземной реки и запах джунглей. Вы смотрите вниз, а там — облака.
TEXT: Вы стоите у входа. Ветер дует из-под земли с такой силой, что срывает шляпу. Внутри — гул подземной реки и запах джунглей. Вы смотрите вниз, а там — облака. Это не фантастика. Это Шондонг. Пещера, в которой поместился бы 40-этажный небоскрёб. Или 15 пирамид Хеопса. Или целый Боинг 747 с размахом крыльев. 1991 год. Местный фермер Хо Хан прячется от грозы в джунглях Вьетнама. Он натыкается на расщелину, откуда валит туман и доносится грохот воды. Страх берёт верх — он уходит, не запомнив дорогу. Проходит 18 лет. В 2009 году британские спелеологи во главе с Говардом Лимбертом находят вход по описанию Хо Хана. Они спускаются вниз и понимают: мир никогда не видел ничего подобного. Шондонг — самая большая пещера на планете. Автор удивлён, что такое чудо оставалось скрытым почти два десятилетия. Век спутниковых снимков, а гигантская пещера пряталась под джунглями, как тайна, которую не хотели раскрывать. Высота Шондонга — 200 метров. Для сравнения: Статуя Свободы — 93 метра. Пизанская башня — 56 метров. В самой высокой точке пещеры поместился бы 40-этажный дом, и над ним осталось бы ещё пространство. Объём — 38,5 миллиона кубических метров. Это 15 тысяч олимпийских бассейнов. Или 15 пирамид Хеопса. Одна пирамида Хеопса — 2,6 миллиона кубических метров. Умножьте на 15 — и поймёте, почему исследователи до сих пор не изучили пещеру до конца. Ширина некоторых залов достигает 150 метров. Через них мог бы пролететь Боинг 747 с размахом крыльев 68 метров. Шондонг — не просто пустота. Это подземный мир с собственной экосистемой. Сквозь обрушившиеся своды в пещеру проникает солнечный свет. Там выросли настоящие джунгли с деревьями высотой до 50 метров. Внутри течёт река Рао Тхуонг, которая дала пещере название: «Шондонг» переводится как «пещера горной реки». Влажный тёплый воздух поднимается вверх и конденсируется — в пещере образуются облака. Вы идёте по подземному лесу, над головой плывут облака, а вокруг — сталагмиты высотой с 20-этажный дом. Самый высокий сталагмит в мире — 70 метров — находится именно здесь. Автор не верит, что такие места существуют, пока не видит фото. Люди на фоне этих залов выглядят как муравьи. В центральном Вьетнаме, в провинции Куангбинь, в национальном парке Фонгня-Кебанг. Попасть можно только с туроператором — около 1000 человек в год. Тур стоит примерно 3000 долларов и длится 4–6 дней. Нужна хорошая физическая подготовка. По объёму. Рекорд Гиннесса — 38,5 миллиона кубических метров. Это в 5 раз больше, чем Пещера Оленей в Малайзии, которая считалась самой большой до 2009 года. По объёму — нет. Шондонг — абсолютный рекордсмен. Есть пещеры длиннее (например, Мамонтова в США — 650 км), но по объёму и размерам залов Шондонг вне конкуренции. 38,5 миллионов кубических метров. 200 метров в высоту. 9 километров в длину. 15 пирамид Хеопса. 40-этажный дом. Боинг 747. Джунгли, река и облака под землёй. Шондонг — это не пещера. Это целый мир, который случайно нашёл фермер, прячась от дождя. И который до сих пор не изучен до конца. В следующий раз, когда увидите фото людей на фоне гигантского провала в земле, знайте: они стоят в самом большом подземном пространстве на планете. И над ними — 200 метров пустоты, в которой поместился бы небоскрёб. И это не преувеличение. Это просто Шондонг.",d4d6848e1e94d671b384199debba11c0c6bcb594d98c80d4d3e8cb069d9dcde9,3513,false,3248,source_specific,,,река/озеро/берег,,
1.0,https://www.belnovosti.by/deti/sem-produktov-kotorye-vash-rebenok-perestanet-nenavidet-posle-odnogo-razgovora,Белновости,Беларусь,2026-09-05T14:05:00+00:00,feed:https://www.belnovosti.by/all_rss.xml,"Семь продуктов, которые ваш ребенок перестанет ненавидеть после одного разговора",REJECT,relevance_rejected,possible,нет связки социальной темы и проблемы,"TITLE: Семь продуктов, которые ваш ребенок перестанет ненавидеть после одного разговора
SUMMARY: Вы всё ещё верите, что тарелка брокколи способна конкурировать с шоколадным батончиком в голове пятилетки? Напрасно.
TEXT: Вы всё ещё верите, что тарелка брокколи способна конкурировать с шоколадным батончиком в голове пятилетки? Напрасно. Воспитание пищевых привычек — это не про запреты и не про лекции о витаминах. Это про систему, где кабачок становится интереснее конфеты. Парадокс, но детский мозг легко покупается на такую подмену, если знать механику. Она бессмысленна для ребёнка. Абстракция. Родитель говорит «полезно», а ребёнок слышит «невкусно, сейчас заставят». Знакомая ситуация? Детский мозг устроен иначе. Ему нужен видимый результат. Не кальций для костей, а «будешь бегать быстрее, чем папа». Не клетчатка для кишечника, а «животик не заболит после качелей». Конкретика решает. И ещё момент. Дети верят не словам, а повторяющимся сценариям. Если каждый вечер на столе стоит йогурт, ребёнок не спросит, зачем он. Он просто привыкнет, что йогурт — часть ужина. Рутина работает тише и надёжнее любых объяснений. Возьмём морковь. Скучный оранжевый корнеплод. Но если связать её с суперспособностью — видеть в темноте, как кошка, — интерес появится мгновенно. Витамин А, который там содержится, действительно влияет на остроту зрения и адаптацию к слабому освещению. Ребёнку не нужна биохимия. Ему нужна игра в ночного ниндзя. Гречка — топливо для бега. Творог — строительный материал для мышц, как кирпичи для дома. Рыба — смазка для мозговых шестерёнок. Каждый продукт получает роль. И вот уже еда превращается в набор инструментов, а не в скучную обязанность. Вы пробовали объяснить сыну, что печень чистит кровь? А теперь попробуйте сказать: «Твоя печень — это фильтр, как в аквариуме. Если его не мыть, рыбки заболеют». Второй вариант заходит. Проверено. Один из рабочих приёмов — корзинка полезной еды. Даёте ребёнку задание: собери только то, что поможет вырасти большим. Никаких подсказок. Дальше разбор: почему взял помидор, а не чипсы. Ответ ребёнка покажет, как он усвоил предыдущие разговоры. Экскурсия на кухню детского сада тоже ломает барьер. Когда ребёнок видит, как повар режет капусту для супа, эта капуста перестаёт быть абстрактной. Она получает историю. Появляется связь: продукт → человек → процесс. Пищевое поведение формируется через причастность, а не через давление. Запрет на сладкое не работает в долгую. Он рождает тайное поедание под одеялом. Вместо этого можно ввести правило: сначала основная еда, потом десерт. Без драм, без «нельзя». Просто порядок действий. С трёх лет. В этом возрасте ребёнок уже способен связать предмет с действием: «яблоко — твёрдые зубы». До трёх работают только привычки и режим питания, без объяснений. Убрать овощ из поля боя на две недели. Потом вернуть в другом виде: тёртым в котлете, запечённым, в смузи. И ни одного слова про пользу. Просто поставить на стол и съесть самому. Детское любопытство сработает. Нет. Полный запрет создаёт дефицит и невротическую фиксацию. Одна-две конфеты после еды три раза в неделю — безопасная норма. Схема проще, чем кажется. Никаких диет, никакого давления, никаких лекций. Только игра, рутина и конкретные образы. Еда — это сценарий. Пишете его вы. Ребёнок просто играет свою роль.",52d51cc757c02cbe63756965e96f53b9d99f898aa714f10e73dd960e6bffc7cc,3292,false,3072,source_specific,,,,,
1.0,https://www.belnovosti.by/domashnie-zhivotnye/sovmestnye-igry-rebyonka-i-sobaki-5-bezopasnyh-variantov-dlya-doma-i-ulicy,Белновости,Беларусь,2026-09-05T10:43:00+00:00,feed:https://www.belnovosti.by/all_rss.xml,Совместные игры ребёнка и собаки: 5 безопасных вариантов для дома и улицы,REJECT,relevance_rejected,possible,нет связки социальной темы и проблемы,"TITLE: Совместные игры ребёнка и собаки: 5 безопасных вариантов для дома и улицы
SUMMARY: Перетягивание каната — первое, что приходит в голову. И первое, что нельзя делать. Игра, где ребёнок и собака тянут игрушку в разные стороны, учит собаку соревноваться с ребёнком.
TEXT: Перетягивание каната — первое, что приходит в голову. И первое, что нельзя делать. Игра, где ребёнок и собака тянут игрушку в разные стороны, учит собаку соревноваться с ребёнком. Она не укрепляет дружбу, а создаёт почву для конфликта. Если собака выигрывает, она утверждает доминирование. Если ребёнок выигрывает — он провоцирует собаку на агрессию. Автор не раз видел, как такие игры заканчивались рычанием и укусами. Есть пять игр, которые работают иначе. Они учат сотрудничеству, а не конкуренции. Это классика, но с правилами. Ребёнок бросает игрушку, собака приносит, ребёнок забирает и хвалит. Ключевое правило — игрушку забирает ребёнок, а не собака убегает с ней. Если собака не отдаёт, ребёнок не тянет, а просто ждёт команду «дай» или меняет игрушку на лакомство. Игра учит собаку отдавать ресурс ребёнку, а не бороться за него. Ребёнок учится управлять собакой через команды, а не через силу. Бросайте игрушку не дальше 5 метров, чтобы собака не разгонялась и не сбивала ребёнка с ног при возвращении. Спрячьте несколько кусочков лакомства в разных местах комнаты или на участке. Ребёнок даёт команду «ищи», собака ищет. Когда находит — ребёнок хвалит и даёт ещё одно лакомство. Это игра без физического контакта, без борьбы. Она развивает у собаки нюх, у ребёнка — терпение и умение давать команды. Игра безопасна для детей любого возраста, потому что не требует физической силы. Идеально для дождливых дней. Вовлекайте ребёнка в процесс подготовки: пусть он сам прячет лакомства (не в труднодоступных местах) под вашим контролем. Ребёнок бежит, собака догоняет. Но не наоборот. Собака не должна бегать за ребёнком, когда он не готов — это может напугать или спровоцировать хватание за ноги. Правило: ребёнок начинает бежать, собака догоняет, ребёнок останавливается и даёт лакомство, когда собака подбегает. Бег в одной зоне, без резких поворотов. Игра учит собаку контролировать скорость и не врезаться в ребёнка. Ребёнок учится останавливаться и быть предсказуемым. Если собака слишком возбуждена, сделайте паузу — дайте команду «сидеть» перед продолжением. Мяч катится по полу или земле, собака его догоняет и приносит обратно. Ребёнок не бросает, а катит мяч — так собака не прыгает и не хватает мяч из рук. Это снижает риск случайного укуса пальцев. Игра подходит для коридоров и ровных площадок. Ребёнок может катить мяч ногой, если боится рукой. Собака учится брать предмет с пола, а не из рук ребёнка. Игрушка должна быть мягкой, чтобы не травмировать зубы собаки при хватании. Неожиданный вариант. Собаки любят лопать пузыри ртом или лапами. Ребёнок дует пузыри, собака их ловит. Это игра без физического контакта, без игрушек, без борьбы. Развивает у собаки координацию, у ребёнка — мелкую моторику (нажимать на пузырьки). Безопасно для всех возрастов. Используйте только безопасный раствор для пузырей (можно купить в зоомагазине — они съедобные для животных). Не дуйте пузыри прямо в морду собаки — пусть она сама их ловит в воздухе. Если собака пытается их есть — не страшно, главное, чтобы раствор был без токсинов. Риск сохраняется. Даже при команде «дай» игра учит собаку соревноваться с ребёнком. Если вы всё же решаетесь, пусть ребёнок держит игрушку двумя руками, а собака тянет только по команде. И всегда заканчивайте игру до того, как собака перевозбудится. Но лучше — избегать этой игры совсем. С 4–5 лет, когда ребёнок понимает команды и может контролировать свои движения. До этого возраста — только наблюдение и обучение: ребёнок бросает игрушку, взрослый контролирует собаку. В 6–7 лет можно переходить к активным играм, но всегда под присмотром взрослого. Немедленно остановите игру. Возьмите паузу на 2–3 минуты, дайте собаке успокоиться. Не продолжайте, пока она не выполнит команду «сидеть» или «лежать». Если перевозбуждение повторяется, сократите время игры до 5 минут и постепенно увеличивайте по мере того, как собака учится контролировать себя. Пять игр: «Найди и принеси», «Ищем лакомство», «Догони меня», «Перекати мяч», «Мыльные пузыри». Каждая учит сотрудничеству, а не конкуренции. Каждая имеет чёткие правила, которые защищают и ребёнка, и собаку. Никаких перетягиваний. Никакой борьбы за ресурс. Только совместное действие. Ребёнок получает контроль, собака — радость, вы — спокойствие. Начните с одной игры сегодня. Через неделю вы увидите, как они синхронизируются. И никто не пострадает. Выбор за вами. Правильные игры — это не просто веселье. Это безопасность. И она стоит 15 минут вашего времени.",0267b2e8372511b5808d2c028b50731d560ebcd897a3f7208bdc100ea43102de,4734,false,4458,source_specific,,,содержание животных,опасность/безопасность,
1.0,https://www.belnovosti.by/deti/chto-delat-esli-vy-chuvstvuete-razdrazhenie-na-sobstvennogo-rebyonka-i-vinite-sebya-za-eto,Белновости,Беларусь,2026-09-05T12:43:00+00:00,feed:https://www.belnovosti.by/all_rss.xml,"Что делать, если вы чувствуете раздражение на собственного ребёнка и вините себя за это",REJECT,relevance_rejected,needs_text,нет связки социальной темы и проблемы,"TITLE: Что делать, если вы чувствуете раздражение на собственного ребёнка и вините себя за это
SUMMARY: Ребёнок не слушается. Вы повторяете в сотый раз. Голос срывается, внутри закипает. А потом — чувство вины, которое съедает вас изнутри. «Как я могу злиться на собственного ребёнка? Я плохая мать». Это не вы плохая.
TEXT: Ребёнок не слушается. Вы повторяете в сотый раз. Голос срывается, внутри закипает. А потом — чувство вины, которое съедает вас изнутри. «Как я могу злиться на собственного ребёнка? Я плохая мать». Это не вы плохая. Это вы уставшая. И раздражение — не признак того, что вы не любите ребёнка. Это признак того, что ваш ресурс на нуле. И если вы не знаете, что делать, вы будете винить себя и злиться ещё больше. Когда вы злитесь на ребёнка за разбросанные игрушки, вы злитесь не на игрушки. Вы злитесь на то, что у вас нет сил, что вы не можете контролировать ситуацию, что вы устали. Ребёнок — просто триггер. Он не делает это специально, чтобы вывести вас из себя. Он просто живёт своей жизнью, а ваша нервная система не выдерживает. Это не эгоизм. Это истощение. И если вы не признаете это, вы будете продолжать злиться и винить себя. Вы сорвались. Прокричали. Потом — стыд. «Я ужасная мать, я не должна была так». Стыд заставляет вас чувствовать себя хуже, и вы снова срываетесь. Это замкнутый круг, в котором вина — топливо для следующего взрыва. Вы не можете остановить раздражение, но вы можете остановить вину. Признайте: «Я злюсь, потому что устала. Это нормально». Не «я плохая», а «я устала». Разница — между саморазрушением и самоподдержкой. Вы чувствуете, что закипаете. Остановитесь. Сделайте глубокий вдох на 4 счёта, выдох на 6. Это снижает уровень кортизола на 20–30% за 30 секунд. Не думайте о ребёнке — думайте о своём дыхании. Затем скажите ребёнку: «Я сейчас злюсь, мне нужно минуту, чтобы успокоиться. Я вернусь через минуту». И выйдите из комнаты на 1–2 минуты. Это не побег. Это стратегия. Ребёнок видит, что вы управляете своими эмоциями, а не он вами. Вы сорвались. Вместо «я плохая» скажите: «Я была не права, что накричала. Я хочу, чтобы мы поговорили спокойно». Извинитесь перед ребёнком. Это учит его, что ошибки можно исправлять. И это снимает груз вины. Если вы не извиняетесь, вы носите вину внутри, и она перерастает в хроническое чувство неполноценности. Потому что любовь и раздражение — не противоположности. Вы можете любить и одновременно уставать. Раздражение — это сигнал, что ваши ресурсы на исходе, а не что ребёнок плохой. Это как сигнал бензобака в машине: он не означает, что машина плохая. Сделайте три вещи. Первое — выдохните. Второе — подойдите к ребёнку и скажите: «Я накричала, потому что устала. Прости меня. Давай попробуем ещё раз». Третье — не возвращайтесь к чувству вины. Оно не поможет. Оно только истощит вас. Проверьте, не перегружены ли вы. Часто раздражение возникает не от поведения ребёнка, а от вашей усталости. Если вы выспались, поели, сделали паузу, вы реагируете спокойнее. Если вы на пределе, вы реагируете на любой чих. Начните с себя, а не с ребёнка. Раздражение на ребёнка — не признак плохого родительства, а признак усталости. Вина — не решение, а усилитель проблемы. Пауза, дыхание, признание чувств — три инструмента, которые возвращают контроль. Извинитесь, если сорвались. И не носите вину — она не помогает ни вам, ни ребёнку. Вы не плохая. Вы уставшая. И это можно исправить. Не запретом на злость, а уважением к своей усталости и честным разговором с собой. Тогда раздражение перестанет быть врагом, а станет сигналом, который говорит: «Тебе нужна пауза». И вы её возьмёте. Не завтра, а сегодня. Прямо сейчас.",a67896ff6173d6bfddee02a5a0d78e24bfea247aa28ab030305e4c549c4005b5,3615,false,3290,source_specific,,,,,
1.0,https://www.belnovosti.by/shoubiznes/shufutinskiy-stal-narodnym-artistom-rossii-zvanie-prisvoil-putin,Белновости,Беларусь,2026-09-05T15:05:00+00:00,feed:https://www.belnovosti.by/all_rss.xml,Шуфутинский стал народным артистом России. Звание присвоил Путин,REJECT,relevance_rejected,needs_text,политическая тема: путин,"TITLE: Шуфутинский стал народным артистом России. Звание присвоил Путин
SUMMARY: Владимир Путин подписал указ о награждении выдающихся деятелей культуры, спорта и космической отрасли. Согласно документу, опубликованному на официальном портале правовой информации, певец и композитор Михаил Шуфутинский стал народным артистом России.
TEXT: Владимир Путин подписал указ о награждении выдающихся деятелей культуры, спорта и космической отрасли. Согласно документу, опубликованному на официальном портале правовой информации, певец и композитор Михаил Шуфутинский стал народным артистом России. Высокие звания и ордена также получили комментаторы Георгий Черданцев и Виктор Гусев, ведущая Арина Шарапова и космонавты-испытатели. Президент России Владимир Путин утвердил список награжденных, отметив заслуги представителей разных сфер. Главной новостью для поклонников шансона стало присвоение Михаилу Шуфутинскому звания народного артиста. В указе исполнитель значится как композитор и член Международного союза деятелей эстрадного искусства. Параллельно с этим высокие звания получили спортивные журналисты. Легкоатлетка и телекомментатор Ольга Богословская, а также футбольный комментатор Георгий Черданцев удостоены звания заслуженных журналистов РФ. Их коллега Виктор Гусев награжден орденом Дружбы. Отдельного внимания удостоились представители космической отрасли. Космонавт-испытатель Алексей Зубрицкий получил звание Героя России, а его коллега Сергей Рыжиков — орден «За заслуги перед Отечеством» III степени. В списке награжденных также значатся представители бизнеса и медиа. Звание Героя Труда присвоено председателю совета директоров «Газпрома» Виктору Зубкову. Телеведущая Арина Шарапова отмечена орденом «За заслуги в культуре и искусстве», а музыкальный продюсер Юрий Аксюта — орденом «За заслуги перед Отечеством» I степени. Отдельной строкой в указе идет посмертное награждение. Глава фонда «Народный фронт. Все для победы» Анатолий Чернышов удостоен ордена Мужества.",08c175cac5e2886f6bff2ac790a013f1a3e8113b8c737233f294993e380d81ae,1981,false,1642,source_specific,,,,,
1.0,https://www.belnovosti.by/avto/eto-proizoshlo-kvota-po-besposhlinnomu-vvozu-v-belarus-elektromobiley-ischerpana,Белновости,Беларусь,2026-09-05T09:35:00+00:00,feed:https://www.belnovosti.by/all_rss.xml | homepage | sitemap:https://www.belnovosti.by/googlenews.xml,Это произошло. Квота по беспошлинному ввозу в Беларусь электромобилей исчерпана,REJECT,relevance_rejected,needs_text,нет связки социальной темы и проблемы,"TITLE: Это произошло. Квота по беспошлинному ввозу в Беларусь электромобилей исчерпана
SUMMARY: В Беларуси закончился лимит на беспошлинный ввоз электрокаров для физических лиц. Об этом свидетельствуют оперативные данные таможенных органов.
TEXT: В Беларуси закончился лимит на беспошлинный ввоз электрокаров для физических лиц. Об этом свидетельствуют оперативные данные таможенных органов. Теперь при оформлении транспортных средств на границе гражданам придется уплатить таможенную пошлину в размере 15% от стоимости авто. Однако право на освобождение от уплаты НДС за автомобили младше 5 лет сохраняется. Подробности в своем ТГ-канале рассказала пресс-служба Государственного таможенного комитета Беларуси. Лимит, установленный государством для ввоза «зеленых» автомобилей на льготных условиях, подошел к концу. Это означает, что популярная среди белорусов схема экономии при покупке электрокара за рубежом перестает работать в прежнем виде. Для тех, кто только планирует пригнать машину, финансовый расчет теперь выглядит иначе. Ключевой момент, который следует учитывать при планировании сделки, — обязательная уплата таможенной пошлины. Её размер составляет 15% от заявленной стоимости транспортного средства. Это существенное удорожание, которое напрямую повлияет на итоговую цену автомобиля. Однако новость не означает полной отмены всех преференций. Физические лица всё еще могут воспользоваться освобождением от уплаты налога на добавленную стоимость (НДС). Эта норма закреплена указом Президента Республики Беларусь №92 от 12 марта 2020 года и продолжает действовать для электромобилей, с момента выпуска которых прошло не более пяти лет. Таким образом, нагрузка на покупателя увеличивается, но не становится максимально жесткой.",4aed15e4a811b9015adef783d7d4d9b4bad40392d36a264de3bd93ffecc226a5,1741,false,1494,source_specific,,,,,
1.0,https://ru.belsat.eu/95235069/kgb-v-mogileve,Белсат,Беларусь,2026-09-05T09:36:00+00:00,feed:https://ru.belsat.eu/rss,В Могилеве КГБ проводит контрразведывательные мероприятия,REJECT,relevance_rejected,needs_text,нет связки социальной темы и проблемы,"TITLE: В Могилеве КГБ проводит контрразведывательные мероприятия
SUMMARY: КГБ Беларуси заявил о проведении контрразведывательных мероприятий в Могилеве. Проверяют жителя города, подозреваемого в возможном сотрудничестве с иностранными спецслужбами. Его имя не называется.
TEXT: <p>КГБ Беларуси <a href=""https://t.me/kgb_kanal/170"" rel=""noopener noreferrer"" target=""_blank"">заявил</a> о проведении контрразведывательных мероприятий в Могилеве. Проверяют жителя города, подозреваемого в возможном сотрудничестве с иностранными спецслужбами. Его имя не называется.</p>",7e5f09cb9add25cd62fdcec39734e2162f34eaa0126e306d18c01b7f66491e24,565,false,287,json_ld,Могилевская область,Могилев,,,
1.0,https://ru.belsat.eu/95234758/pogibli-chetyre-cheloveka,Белсат,Беларусь,2026-09-05T07:29:00+00:00,feed:https://ru.belsat.eu/rss,В результате очередной ночной атаки России на Украину погибли четыре человека,REJECT,relevance_rejected,needs_text,нет связки социальной темы и проблемы,"TITLE: В результате очередной ночной атаки России на Украину погибли четыре человека
SUMMARY: С вечера 4 сентября Россия вновь обстреливала различные регионы Украины. По состоянию на утро 5 сентября, как минимум 4 человека погибли, множество раненых.
TEXT: Мы обрабатываем ваши данные для демонстрации контента или рекламы и измеряем демонстрацию такого контента или рекламы, чтобы получить представление о работе нашего веб-сайта. Мы предоставляем эту информацию своим партнерам на основании согласия и законных интересов. Вы можете воспользоваться своим правом на согласие с законными интересами или возражение против них в соответствии с конкретной целью ниже или на уровне партнера, перейдя по ссылке, расположенной под каждой целью. Ваши настройки будут переданы нашим поставщикам, придерживающимся стандарта Transparency and Consent Framework. Дополнительная информация Файлы cookie или аналогичные онлайн-идентификаторы устройства (например, идентификаторы на основе входа в систему, случайно назначенные идентификаторы, сетевые идентификаторы) вместе с другой информацией (например, тип браузера и информации, язык, размер экрана, поддерживаемые технологии и т. д.) могут храниться или считываться на вашем устройстве, чтобы распознавать его каждый раз, когда оно подключается к приложению или веб-сайту, для одной или нескольких целей, описанных здесь. Эти файлы cookie позволяют нам подсчитывать количество посещений и источников трафика, чтобы оценивать и улучшать работу нашего веб-сайта. Благодаря им мы знаем, какие страницы являются наиболее и наименее популярными, и видим, каким образом посетители перемещаются по веб-сайту. Все данные, собираемые при помощи этих cookie, группируются в статистику, а значит, являются анонимными. Если вы не одобрите использование этих файлов cookie, у нас не будет данных о посещении вами нашего веб-сайта. Эти файлы cookie настраиваются через наш веб-сайт нашими партнерами по рекламе. Они могут использоваться этими компаниями для сбора данных о ваших интересах и отображения для вас актуальной рекламы на других веб-сайтах. Они работают посредством уникальной идентификации вашего браузера и устройства. Если вы не одобрите использование этих файлов cookie, вам не будет демонстрироваться наша адресная реклама на различных веб-сайтах. Реклама, демонстрируемая вам на этом сервисе, может быть основана на ограниченных данных, таких как используемый вами веб-сайт или приложение, ваше примерное местоположение, тип вашего устройства или контент, с которым вы взаимодействуете (или с которым вы взаимодействовали), (например, для ограничения количества показов вам рекламы). Информация о вашей деятельности на этом сервисе (например, формы, которые вы отправляете, контент, который вы просматриваете) может храниться и объединяться с другой информацией о вас (например, информацией о вашей предыдущей деятельности на этом сервисе и других веб-сайтах или приложениях) или аналогичных пользователях. Затем она используется для создания или совершенствования профиля о вас (который может включать в себя возможные интересы и личные аспекты). Ваш профиль может использоваться (в том числе позднее) этой и другими организациями для демонстрации рекламы, которая кажется более актуальной на основании ваших возможных интересов. Реклама, продемонстрированная вам на этом сервисе, может быть основана на ваших рекламных профилях, которые могут отражать вашу деятельность на этом сервисе или других веб-сайтах или приложениях (например, формы, которые вы отправляете, контент, который вы просматриваете), возможных интересах и личных аспектах. Информация о вашей деятельности на этом сервисе (например, формы, которые вы отправляете, нерекламный контент, который вы просматриваете) может храниться и объединяться с другой информацией о вас (например, о вашей предыдущей деятельности на этом сервисе или других веб-сайтах или приложениях) или аналогичных пользователях. Затем это используется для создания или совершенствования профиля о вас (который может включать в себя, например, возможные интересы и личные аспекты). Ваш профиль может быть использован (в том числе позднее) для демонстрации контента, который кажется более актуальным с учетом ваших возможных интересов, например, путем адаптации порядка отображения контента, чтобы вам было еще проще найти контент, соответствующий вашим интересам. Контент, предложенный вам на этом сервисе, может быть основан на ваших профилях персонализации контента, которые могут отражать вашу деятельность на этом или других сервисах (например, отправляемые вами формы, контент, который вы просматриваете), возможные интересы и личные аспекты, например, путем адаптации порядка отображения контента, чтобы вам было еще проще найти (нерекламный) контент, который соответствует вашим интересам. Информация о том, какую рекламу вам демонстрируют и как вы взаимодействуете с ней, может быть использована для определения того, насколько хорошо реклама сработала на вас или других пользователях, и были ли достигнуты цели рекламы. Например, видели ли вы рекламу, нажали ли вы на нее, заставила ли она вас купить продукт или посетить веб-сайт и т. д. Это очень полезно для понимания актуальности рекламных кампаний. Информация о том, какой контент продемонстрирован вам и как вы взаимодействуете с ним, может быть использована для определения того, достиг ли (нерекламный) контент, например, целевой аудитории и соответствует ли он вашим интересам. Например, читаете ли вы статью, смотрите видео, слушаете подкаст или смотрите описание продукта, сколько времени вы провели на этом сервисе, какие веб-страницы вы посещаете и т. д. Это очень полезно для понимания актуальности (нерекламного) контента, который вам показывается. Отчеты могут создаваться на основе комбинации наборов данных (таких как профили пользователей, статистика, маркетинговые исследования, данные аналитики) о вашем взаимодействии и взаимодействии других пользователей с рекламным или (нерекламным) контентом для выявления общих характеристик (например, чтобы определить, какая целевая аудитория более восприимчива к рекламной кампании или к определенному контенту). Информация о вашей деятельности на этом сервисе, например, ваше взаимодействие с рекламой или контентом, может быть очень полезной для совершенствования продуктов и сервисов, а также для создания новых продуктов и сервисов на основе взаимодействия с пользователями, типа аудитории и т. д. Эта конкретная цель не включает в себя разработку или совершенствование профилей и идентификаторов пользователей. Контент, продемонстрированный вам на этом сервисе, может быть основан на ограниченных данных, таких как веб-сайт или приложение, которые вы используете, ваше примерное местоположение, тип вашего устройства или контент, с которым вы взаимодействуете (или с которым вы взаимодействовали) (например, для ограничения количества раз демонстрации вам видеоролика или статьи). С вашего согласия ваше точное местоположение (в радиусе менее 500 м) может быть использовано в целях, описанных в настоящем уведомлении. С вашего согласия могут быть запрошены и использованы определенные характеристики, специфичные для вашего устройства, чтобы отличать его от других устройств (например, установленные шрифты или плагины, разрешение вашего экрана) в целях, описанных в этом уведомлении. Эти файлы cookie позволяют предоставлять улучшенную функциональность и персонализацию, например для онлайн-чатов и видеороликов. Они могут настраиваться нами или сторонними поставщиками, услуги которых содержатся на наших страницах. Если вы не одобрите использование этих файлов cookie, то, возможно, некоторые или все эти функции будут работать ненадлежащим образом. Ваши данные могут использоваться для мониторинга и предотвращения необычных и, возможно, мошеннических действий (например, в отношении рекламы, кликов ботов на объявления), а также для обеспечения правильной и безопасной работы систем и процессов. Они также могут использоваться для устранения любых проблем, с которыми вы, издатель или",184795aed79078f5e685149f0c111a6199d6e7b80f934836c572a7ae478d1827,7998,true,9825,generic_html,,,,,
1.0,https://ru.belsat.eu/95236663/berausy-baza-rozyska-interpol-mihalevich,Белсат,Беларусь,2026-09-05T14:07:00+00:00,feed:https://ru.belsat.eu/rss,Вы в базе розыска – что с этим делать. Объясняет Михалевич,REJECT,relevance_rejected,needs_text,нет связки социальной темы и проблемы,"TITLE: Вы в базе розыска – что с этим делать. Объясняет Михалевич
SUMMARY: Многие беларусы из числа публичных лиц, живущие за рубежом, нашли свои фамилии в базе розыска России. Кого-то власти ищут даже через Интерпол. Что им делать, как подумать о своей безопасности. Об этом в эфире программы «Утро с «Белсатом» рассуждал юрист, член Чешской палаты адвокатов Алесь Михалевич.
TEXT: <p>Многие беларусы из числа публичных лиц, живущие за рубежом, нашли свои фамилии в базе розыска России. Кого-то власти ищут даже через Интерпол. Что им делать, как подумать о своей безопасности. Об этом в эфире программы «Утро с «Белсатом» рассуждал юрист, член Чешской палаты адвокатов Алесь Михалевич.</p>",dd78249e545a74c6ae1cd382e17224b18661b195846fa5ca66d9a0508bd161d1,691,false,308,json_ld,,,,опасность/безопасность,
1.0,https://ru.belsat.eu/95234947/parkovki-v-minske,Белсат,Беларусь,2026-09-05T04:16:00+00:00,feed:https://ru.belsat.eu/rss,"Лукашенко теперь урбанист: возмутился дворами, заставленными машинами. Почему пустуют паркинги?",KEEP,included,strong,,"TITLE: Лукашенко теперь урбанист: возмутился дворами, заставленными машинами. Почему пустуют паркинги?
SUMMARY: На возмущение Александра Лукашенко «океаном автомобилей» во дворах председатель Мингорисполкома ответил: так пустуют 20 тысяч парковочных мест, так как минчане хотят парковать машины под домами. Правда ли, что народ виноват? Поговорили об этом в «Студии».
TEXT: <p>На возмущение Александра Лукашенко «океаном автомобилей» во дворах председатель Мингорисполкома ответил: так пустуют 20 тысяч парковочных мест, так как минчане хотят парковать машины под домами. Правда ли, что народ виноват? Поговорили об этом в «Студии».</p>",66ab5a82bae6c56bf0fbf574a03aa24c9e74f3a61ecafc14d6f38d7bf43c0671,636,false,262,json_ld,,,жилой дом/двор,общественный резонанс,
1.0,https://ru.belsat.eu/95220868/-pochemu-territorialnye-vojska-treniruyutsya-vse-chashche,Белсат,Беларусь,2026-09-05T09:03:00+00:00,feed:https://ru.belsat.eu/rss,Подготовка к большому кризису? Почему территориальные войска тренируются все чаще,REJECT,relevance_rejected,needs_text,нет связки социальной темы и проблемы,"TITLE: Подготовка к большому кризису? Почему территориальные войска тренируются все чаще
SUMMARY: В Беларуси заметно выросла интенсивность подготовки территориальных войск. Только с конца марта Минобороны отчиталось как минимум о 11 мероприятиях. Эксперты, с которыми поговорил «Белсат», считают, что таким образом власти проверяют готовность к возможному серьезному кризису и дальнейшей эскалации в регионе.
TEXT: <p>В Беларуси заметно выросла интенсивность подготовки территориальных войск. Только с конца марта Минобороны отчиталось как минимум о 11 мероприятиях. Эксперты, с которыми поговорил «Белсат», считают, что таким образом власти проверяют готовность к возможному серьезному кризису и дальнейшей эскалации в регионе.</p>",6447da5b988faa0219d3ddcd90930fca3449fcde3e8aa06db34b8dbd5a076d0a,732,false,317,json_ld,,,,,
1.0,https://ru.belsat.eu/95235902/putin-prikazal-ne-atakovat-kiev,Белсат,Беларусь,2026-09-05T12:47:00+00:00,feed:https://ru.belsat.eu/rss,Путин приказал не атаковать Киев трое суток,REJECT,relevance_rejected,needs_text,политическая тема: путин,"TITLE: Путин приказал не атаковать Киев трое суток
SUMMARY: Владимир Путин отдал приказ не бомбить Киев трое суток. Это связано с визитом в украинскую столицу посланников президента США, который планируется после переговоров Стивена Уиткоффа и Джереда Кушнера в Москве. Стороны будут искать пути к прекращению войны.
TEXT: <p>Владимир Путин отдал приказ не бомбить Киев трое суток. Это связано с визитом в украинскую столицу посланников президента США, который планируется после переговоров Стивена Уиткоффа и Джереда Кушнера в Москве. Стороны будут искать пути к прекращению войны.</p>",81ba2122e607b987474ff52af1ff049dd0e63f78b3064ba037c1c4158b02f1ef,586,false,263,json_ld,,,,,
1.0,https://ru.belsat.eu/95234663/posledstviya-nepogody,Белсат,Беларусь,2026-09-05T07:52:00+00:00,feed:https://ru.belsat.eu/rss,Сломанные деревья по всей стране: МЧС устраняет последствия непогоды и предупреждает о сильном ветре,REJECT,relevance_rejected,possible,нет связки социальной темы и проблемы,"TITLE: Сломанные деревья по всей стране: МЧС устраняет последствия непогоды и предупреждает о сильном ветре
SUMMARY: Министерство по чрезвычайным ситуациям Беларуси рассказало о последствиях непогоды в пятницу, 4 сентября.
TEXT: Мы обрабатываем ваши данные для демонстрации контента или рекламы и измеряем демонстрацию такого контента или рекламы, чтобы получить представление о работе нашего веб-сайта. Мы предоставляем эту информацию своим партнерам на основании согласия и законных интересов. Вы можете воспользоваться своим правом на согласие с законными интересами или возражение против них в соответствии с конкретной целью ниже или на уровне партнера, перейдя по ссылке, расположенной под каждой целью. Ваши настройки будут переданы нашим поставщикам, придерживающимся стандарта Transparency and Consent Framework. Дополнительная информация Файлы cookie или аналогичные онлайн-идентификаторы устройства (например, идентификаторы на основе входа в систему, случайно назначенные идентификаторы, сетевые идентификаторы) вместе с другой информацией (например, тип браузера и информации, язык, размер экрана, поддерживаемые технологии и т. д.) могут храниться или считываться на вашем устройстве, чтобы распознавать его каждый раз, когда оно подключается к приложению или веб-сайту, для одной или нескольких целей, описанных здесь. Эти файлы cookie позволяют нам подсчитывать количество посещений и источников трафика, чтобы оценивать и улучшать работу нашего веб-сайта. Благодаря им мы знаем, какие страницы являются наиболее и наименее популярными, и видим, каким образом посетители перемещаются по веб-сайту. Все данные, собираемые при помощи этих cookie, группируются в статистику, а значит, являются анонимными. Если вы не одобрите использование этих файлов cookie, у нас не будет данных о посещении вами нашего веб-сайта. Эти файлы cookie настраиваются через наш веб-сайт нашими партнерами по рекламе. Они могут использоваться этими компаниями для сбора данных о ваших интересах и отображения для вас актуальной рекламы на других веб-сайтах. Они работают посредством уникальной идентификации вашего браузера и устройства. Если вы не одобрите использование этих файлов cookie, вам не будет демонстрироваться наша адресная реклама на различных веб-сайтах. Реклама, демонстрируемая вам на этом сервисе, может быть основана на ограниченных данных, таких как используемый вами веб-сайт или приложение, ваше примерное местоположение, тип вашего устройства или контент, с которым вы взаимодействуете (или с которым вы взаимодействовали), (например, для ограничения количества показов вам рекламы). Информация о вашей деятельности на этом сервисе (например, формы, которые вы отправляете, контент, который вы просматриваете) может храниться и объединяться с другой информацией о вас (например, информацией о вашей предыдущей деятельности на этом сервисе и других веб-сайтах или приложениях) или аналогичных пользователях. Затем она используется для создания или совершенствования профиля о вас (который может включать в себя возможные интересы и личные аспекты). Ваш профиль может использоваться (в том числе позднее) этой и другими организациями для демонстрации рекламы, которая кажется более актуальной на основании ваших возможных интересов. Реклама, продемонстрированная вам на этом сервисе, может быть основана на ваших рекламных профилях, которые могут отражать вашу деятельность на этом сервисе или других веб-сайтах или приложениях (например, формы, которые вы отправляете, контент, который вы просматриваете), возможных интересах и личных аспектах. Информация о вашей деятельности на этом сервисе (например, формы, которые вы отправляете, нерекламный контент, который вы просматриваете) может храниться и объединяться с другой информацией о вас (например, о вашей предыдущей деятельности на этом сервисе или других веб-сайтах или приложениях) или аналогичных пользователях. Затем это используется для создания или совершенствования профиля о вас (который может включать в себя, например, возможные интересы и личные аспекты). Ваш профиль может быть использован (в том числе позднее) для демонстрации контента, который кажется более актуальным с учетом ваших возможных интересов, например, путем адаптации порядка отображения контента, чтобы вам было еще проще найти контент, соответствующий вашим интересам. Контент, предложенный вам на этом сервисе, может быть основан на ваших профилях персонализации контента, которые могут отражать вашу деятельность на этом или других сервисах (например, отправляемые вами формы, контент, который вы просматриваете), возможные интересы и личные аспекты, например, путем адаптации порядка отображения контента, чтобы вам было еще проще найти (нерекламный) контент, который соответствует вашим интересам. Информация о том, какую рекламу вам демонстрируют и как вы взаимодействуете с ней, может быть использована для определения того, насколько хорошо реклама сработала на вас или других пользователях, и были ли достигнуты цели рекламы. Например, видели ли вы рекламу, нажали ли вы на нее, заставила ли она вас купить продукт или посетить веб-сайт и т. д. Это очень полезно для понимания актуальности рекламных кампаний. Информация о том, какой контент продемонстрирован вам и как вы взаимодействуете с ним, может быть использована для определения того, достиг ли (нерекламный) контент, например, целевой аудитории и соответствует ли он вашим интересам. Например, читаете ли вы статью, смотрите видео, слушаете подкаст или смотрите описание продукта, сколько времени вы провели на этом сервисе, какие веб-страницы вы посещаете и т. д. Это очень полезно для понимания актуальности (нерекламного) контента, который вам показывается. Отчеты могут создаваться на основе комбинации наборов данных (таких как профили пользователей, статистика, маркетинговые исследования, данные аналитики) о вашем взаимодействии и взаимодействии других пользователей с рекламным или (нерекламным) контентом для выявления общих характеристик (например, чтобы определить, какая целевая аудитория более восприимчива к рекламной кампании или к определенному контенту). Информация о вашей деятельности на этом сервисе, например, ваше взаимодействие с рекламой или контентом, может быть очень полезной для совершенствования продуктов и сервисов, а также для создания новых продуктов и сервисов на основе взаимодействия с пользователями, типа аудитории и т. д. Эта конкретная цель не включает в себя разработку или совершенствование профилей и идентификаторов пользователей. Контент, продемонстрированный вам на этом сервисе, может быть основан на ограниченных данных, таких как веб-сайт или приложение, которые вы используете, ваше примерное местоположение, тип вашего устройства или контент, с которым вы взаимодействуете (или с которым вы взаимодействовали) (например, для ограничения количества раз демонстрации вам видеоролика или статьи). С вашего согласия ваше точное местоположение (в радиусе менее 500 м) может быть использовано в целях, описанных в настоящем уведомлении. С вашего согласия могут быть запрошены и использованы определенные характеристики, специфичные для вашего устройства, чтобы отличать его от других устройств (например, установленные шрифты или плагины, разрешение вашего экрана) в целях, описанных в этом уведомлении. Эти файлы cookie позволяют предоставлять улучшенную функциональность и персонализацию, например для онлайн-чатов и видеороликов. Они могут настраиваться нами или сторонними поставщиками, услуги которых содержатся на наших страницах. Если вы не одобрите использование этих файлов cookie, то, возможно, некоторые или все эти функции будут работать ненадлежащим образом. Ваши данные могут использоваться для мониторинга и предотвращения необычных и, возможно, мошеннических действий (например, в отношении рекламы, кликов ботов на объявления), а также для обеспечения правильной и безопасной работы систем и процессов. Они также могут использоваться для устранения любых проблем, с которыми вы, издатель или рекламодатель можете",7ff5641db754e5c02344a1afed310bdbf691f7c55287bf31c547749790915a81,7991,true,9825,generic_html,,,озеленение/покос,,
1.0,https://ru.belsat.eu/95235669/sezd-soyuza-polyakov-otlozhen,Белсат,Беларусь,2026-09-05T11:54:00+00:00,feed:https://ru.belsat.eu/rss,"Съезд Союза поляков в Беларуси отложен, однако это не меняет планов Почобута",REJECT,relevance_rejected,needs_text,политическая тема: политзаключ,"TITLE: Съезд Союза поляков в Беларуси отложен, однако это не меняет планов Почобута
SUMMARY: Журналист и бывший политзаключенный Анджей Почобут сообщил на своей странице в Фейсбуке, что Высший совет Союза поляков Беларуси, который 5 сентября собирался в Белостоке, решил отложить съезд организации, ранее запланированный на 13 сентября.
TEXT: <p>Журналист и бывший политзаключенный Анджей Почобут <a href=""https://www.facebook.com/share/p/176982Bboo/?mibextid=wwXIfr"" rel=""noopener noreferrer"" target=""_blank"">сообщил</a> на своей странице в Фейсбуке, что Высший совет Союза поляков Беларуси, который 5 сентября собирался в Белостоке, решил отложить съезд организации, ранее запланированный на 13 сентября.</p>",cb1c0ebe1ab6546d6ec5a0478f7162854867cf855bbb891c40a76286dc360b3e,710,false,367,json_ld,,,,,
1.0,https://ru.belsat.eu/95236746/charnahor-pra-vazhnasts-byelarusi-dlya-byaspyeki,Белсат,Беларусь,2026-09-05T14:08:00+00:00,feed:https://ru.belsat.eu/rss,Украинский дипломат Черногор связал ситуацию в Беларуси с безопасностью во всем регионе,REJECT,relevance_rejected,needs_text,нет связки социальной темы и проблемы,"TITLE: Украинский дипломат Черногор связал ситуацию в Беларуси с безопасностью во всем регионе
SUMMARY: Посол по особым поручениям МИД Украины Ярослав Черногор пояснил, почему Киев заинтересован в демократической и суверенной Беларуси и почему важно иметь сотрудничество с беларусскими демократическими силами.
TEXT: Мы обрабатываем ваши данные для демонстрации контента или рекламы и измеряем демонстрацию такого контента или рекламы, чтобы получить представление о работе нашего веб-сайта. Мы предоставляем эту информацию своим партнерам на основании согласия и законных интересов. Вы можете воспользоваться своим правом на согласие с законными интересами или возражение против них в соответствии с конкретной целью ниже или на уровне партнера, перейдя по ссылке, расположенной под каждой целью. Ваши настройки будут переданы нашим поставщикам, придерживающимся стандарта Transparency and Consent Framework. Дополнительная информация Файлы cookie или аналогичные онлайн-идентификаторы устройства (например, идентификаторы на основе входа в систему, случайно назначенные идентификаторы, сетевые идентификаторы) вместе с другой информацией (например, тип браузера и информации, язык, размер экрана, поддерживаемые технологии и т. д.) могут храниться или считываться на вашем устройстве, чтобы распознавать его каждый раз, когда оно подключается к приложению или веб-сайту, для одной или нескольких целей, описанных здесь. Эти файлы cookie позволяют нам подсчитывать количество посещений и источников трафика, чтобы оценивать и улучшать работу нашего веб-сайта. Благодаря им мы знаем, какие страницы являются наиболее и наименее популярными, и видим, каким образом посетители перемещаются по веб-сайту. Все данные, собираемые при помощи этих cookie, группируются в статистику, а значит, являются анонимными. Если вы не одобрите использование этих файлов cookie, у нас не будет данных о посещении вами нашего веб-сайта. Эти файлы cookie настраиваются через наш веб-сайт нашими партнерами по рекламе. Они могут использоваться этими компаниями для сбора данных о ваших интересах и отображения для вас актуальной рекламы на других веб-сайтах. Они работают посредством уникальной идентификации вашего браузера и устройства. Если вы не одобрите использование этих файлов cookie, вам не будет демонстрироваться наша адресная реклама на различных веб-сайтах. Реклама, демонстрируемая вам на этом сервисе, может быть основана на ограниченных данных, таких как используемый вами веб-сайт или приложение, ваше примерное местоположение, тип вашего устройства или контент, с которым вы взаимодействуете (или с которым вы взаимодействовали), (например, для ограничения количества показов вам рекламы). Информация о вашей деятельности на этом сервисе (например, формы, которые вы отправляете, контент, который вы просматриваете) может храниться и объединяться с другой информацией о вас (например, информацией о вашей предыдущей деятельности на этом сервисе и других веб-сайтах или приложениях) или аналогичных пользователях. Затем она используется для создания или совершенствования профиля о вас (который может включать в себя возможные интересы и личные аспекты). Ваш профиль может использоваться (в том числе позднее) этой и другими организациями для демонстрации рекламы, которая кажется более актуальной на основании ваших возможных интересов. Реклама, продемонстрированная вам на этом сервисе, может быть основана на ваших рекламных профилях, которые могут отражать вашу деятельность на этом сервисе или других веб-сайтах или приложениях (например, формы, которые вы отправляете, контент, который вы просматриваете), возможных интересах и личных аспектах. Информация о вашей деятельности на этом сервисе (например, формы, которые вы отправляете, нерекламный контент, который вы просматриваете) может храниться и объединяться с другой информацией о вас (например, о вашей предыдущей деятельности на этом сервисе или других веб-сайтах или приложениях) или аналогичных пользователях. Затем это используется для создания или совершенствования профиля о вас (который может включать в себя, например, возможные интересы и личные аспекты). Ваш профиль может быть использован (в том числе позднее) для демонстрации контента, который кажется более актуальным с учетом ваших возможных интересов, например, путем адаптации порядка отображения контента, чтобы вам было еще проще найти контент, соответствующий вашим интересам. Контент, предложенный вам на этом сервисе, может быть основан на ваших профилях персонализации контента, которые могут отражать вашу деятельность на этом или других сервисах (например, отправляемые вами формы, контент, который вы просматриваете), возможные интересы и личные аспекты, например, путем адаптации порядка отображения контента, чтобы вам было еще проще найти (нерекламный) контент, который соответствует вашим интересам. Информация о том, какую рекламу вам демонстрируют и как вы взаимодействуете с ней, может быть использована для определения того, насколько хорошо реклама сработала на вас или других пользователях, и были ли достигнуты цели рекламы. Например, видели ли вы рекламу, нажали ли вы на нее, заставила ли она вас купить продукт или посетить веб-сайт и т. д. Это очень полезно для понимания актуальности рекламных кампаний. Информация о том, какой контент продемонстрирован вам и как вы взаимодействуете с ним, может быть использована для определения того, достиг ли (нерекламный) контент, например, целевой аудитории и соответствует ли он вашим интересам. Например, читаете ли вы статью, смотрите видео, слушаете подкаст или смотрите описание продукта, сколько времени вы провели на этом сервисе, какие веб-страницы вы посещаете и т. д. Это очень полезно для понимания актуальности (нерекламного) контента, который вам показывается. Отчеты могут создаваться на основе комбинации наборов данных (таких как профили пользователей, статистика, маркетинговые исследования, данные аналитики) о вашем взаимодействии и взаимодействии других пользователей с рекламным или (нерекламным) контентом для выявления общих характеристик (например, чтобы определить, какая целевая аудитория более восприимчива к рекламной кампании или к определенному контенту). Информация о вашей деятельности на этом сервисе, например, ваше взаимодействие с рекламой или контентом, может быть очень полезной для совершенствования продуктов и сервисов, а также для создания новых продуктов и сервисов на основе взаимодействия с пользователями, типа аудитории и т. д. Эта конкретная цель не включает в себя разработку или совершенствование профилей и идентификаторов пользователей. Контент, продемонстрированный вам на этом сервисе, может быть основан на ограниченных данных, таких как веб-сайт или приложение, которые вы используете, ваше примерное местоположение, тип вашего устройства или контент, с которым вы взаимодействуете (или с которым вы взаимодействовали) (например, для ограничения количества раз демонстрации вам видеоролика или статьи). С вашего согласия ваше точное местоположение (в радиусе менее 500 м) может быть использовано в целях, описанных в настоящем уведомлении. С вашего согласия могут быть запрошены и использованы определенные характеристики, специфичные для вашего устройства, чтобы отличать его от других устройств (например, установленные шрифты или плагины, разрешение вашего экрана) в целях, описанных в этом уведомлении. Эти файлы cookie позволяют предоставлять улучшенную функциональность и персонализацию, например для онлайн-чатов и видеороликов. Они могут настраиваться нами или сторонними поставщиками, услуги которых содержатся на наших страницах. Если вы не одобрите использование этих файлов cookie, то, возможно, некоторые или все эти функции будут работать ненадлежащим образом. Ваши данные могут использоваться для мониторинга и предотвращения необычных и, возможно, мошеннических действий (например, в отношении рекламы, кликов ботов на объявления), а также для обеспечения правильной и безопасной работы систем и процессов. Они также могут",0944bb4eb62f559015e87ddd3bb4fdc0fa5943e308792531e0e770727f2cabb0,7985,true,9825,generic_html,,,,опасность/безопасность,
1.0,https://t.me/nashaniva/121183,Наша Ніва,Беларусь,2026-09-05T10:50:02+00:00,telegram:https://t.me/s/nashaniva,«У сезон можна зарабляць на рыбе больш за 10 000 у месяц».,REJECT,relevance_rejected,needs_text,нет связки социальной темы и проблемы,"TITLE: «У сезон можна зарабляць на рыбе больш за 10 000 у месяц».
TEXT: «У сезон можна зарабляць на рыбе больш за 10 000 у месяц». Беларуска пра жыццё на Камчатцы Магчыма, Камчатка — гэта самае прыгожае месца на свеце. І адначасова самае складанае. Той, хто перажыў землятрус магнітудай 8,8 або быў занесены снегам да другога паверха, сёе-тое ведае пра бездапаможнасць чалавека перад прыродай. Жыццё на Камчатцы — доля моцных людзей. https://nashaniva.com/403932 Без VPN — https://storage.googleapis.com/nashaniva-by/read.html?page=/403932",48524c6fa9fde7bb356ab780522526d547a013f234f86c3b73a78b96ce52c588,539,false,467,inline_text,,,,,
1.0,https://t.me/nashaniva/121190,Наша Ніва,Беларусь,2026-09-05T13:04:56+00:00,telegram:https://t.me/s/nashaniva,Ігар Карней: Што немагчыма дараваць крыважэрнай сістэме,REJECT,relevance_rejected,needs_text,политическая тема: палітвяз,"TITLE: Ігар Карней: Што немагчыма дараваць крыважэрнай сістэме
TEXT: Ігар Карней: Што немагчыма дараваць крыважэрнай сістэме Журналіст і экс-палітвязень разважае ў сваім фэйсбуку пра балючую праблему новых беларускіх эмігрантаў: немагчымасць сустрэцца са старэнькімі бацькамі. Дзеці не могуць вярнуцца, а бацькі ў сілу ўзросту не могуць выехаць за мяжу. https://nashaniva.com/403942 Без VPN — https://storage.googleapis.com/nashaniva-by/read.html?page=/403942",d247ed9ee4a69bd17f6e23b42342e19d81d2f8dedd02f02f23ffcd11becbf886,459,false,390,inline_text,,,,,
1.0,https://t.me/nashaniva/121180,Наша Ніва,Беларусь,2026-09-05T09:06:02+00:00,telegram:https://t.me/s/nashaniva,Іран не хоча пагаднення з ЗША і рыхтуецца працягваць вайну,REJECT,relevance_rejected,needs_text,нет связки социальной темы и проблемы,"TITLE: Іран не хоча пагаднення з ЗША і рыхтуецца працягваць вайну
TEXT: Іран не хоча пагаднення з ЗША і рыхтуецца працягваць вайну Пры гэтым ва ўрада ў Тэгеране ўзрасла ўпэўненасць у магчымасці атакаваць цэлі на Блізкім Усходзе. https://nashaniva.com/403925 Без VPN — https://storage.googleapis.com/nashaniva-by/read.html?page=/403925",677b0a6c9ebec7a842e7994e4348b0c8721750032d0c609fca902fb2e1248103,334,false,262,inline_text,,,,,
1.0,https://t.me/nashaniva/121195,Наша Ніва,Беларусь,2026-09-05T15:09:38+00:00,telegram:https://t.me/s/nashaniva,Гурт «Дразды» прэзентаваў татарскую версію песні «Хата бацькоў»,REJECT,relevance_rejected,needs_text,нет связки социальной темы и проблемы,"TITLE: Гурт «Дразды» прэзентаваў татарскую версію песні «Хата бацькоў»
TEXT: Гурт «Дразды» прэзентаваў татарскую версію песні «Хата бацькоў» Віталь Карпанаў пераспяваў свой галоўны хіт сумесна з расійскім спеваком Маратам Чанышавым — былым удзельнікам вядомага гурта «Прэм'ер-міністр». https://nashaniva.com/403955 Без VPN — https://storage.googleapis.com/nashaniva-by/read.html?page=/403955",b57f74b632e80617e5e1a9f7cfea6950060ab6aac96baea490d383fd84d5aafe,391,false,314,inline_text,,,,,
1.0,https://t.me/nashaniva/121193,Наша Ніва,Беларусь,2026-09-05T14:09:26+00:00,telegram:https://t.me/s/nashaniva,З'езд Саюза палякаў у Беларусі адклалі,REJECT,relevance_rejected,needs_text,нет связки социальной темы и проблемы,"TITLE: З'езд Саюза палякаў у Беларусі адклалі
TEXT: З'езд Саюза палякаў у Беларусі адклалі Пачобут, аднак, усё адно паедзе ў Гродна. https://nashaniva.com/403951 Без VPN — https://storage.googleapis.com/nashaniva-by/read.html?page=/403951",3244b9ffe3e192338f92dd2f7a69f8ede3df3618cd2f68de94cc806eacfd992f,238,false,186,inline_text,,,,,
1.0,https://t.me/nashaniva/121186,Наша Ніва,Беларусь,2026-09-05T11:26:02+00:00,telegram:https://t.me/s/nashaniva,"Новая мадэль Claude за 44 хвіліны ўзламала шыфр, які не маглі разгадаць 373 гады",REJECT,relevance_rejected,needs_text,нет связки социальной темы и проблемы,"TITLE: Новая мадэль Claude за 44 хвіліны ўзламала шыфр, які не маглі разгадаць 373 гады
TEXT: Новая мадэль Claude за 44 хвіліны ўзламала шыфр, які не маглі разгадаць 373 гады Cyphral Distich стварыў шатландскі пісьменнік Томас Уркхарт у 1653 годзе. Шыфр складаецца з двух радкоў па 32 лічбы. https://nashaniva.com/403935 Без VPN — https://storage.googleapis.com/nashaniva-by/read.html?page=/403935",8b3938ff6b4f4c0aef5622ad2ff9c23971548704744038d15675bb9ea6cca82b,397,false,303,inline_text,,,,,
1.0,https://t.me/nashaniva/121189,Наша Ніва,Беларусь,2026-09-05T12:32:36+00:00,telegram:https://t.me/s/nashaniva,Пасажыра самалёта ў ЗША прыматалі скотчам да крэсла пасля бойкі на борце,REJECT,relevance_rejected,needs_text,нет связки социальной темы и проблемы,"TITLE: Пасажыра самалёта ў ЗША прыматалі скотчам да крэсла пасля бойкі на борце
TEXT: Пасажыра самалёта ў ЗША прыматалі скотчам да крэсла пасля бойкі на борце Мужчына паводзіў сябе так, нібыта быў п’яны, крычаў, «згадваў Ісуса і пекла». https://nashaniva.com/403939 Без VPN — https://storage.googleapis.com/nashaniva-by/read.html?page=/403939",5457de38c8a24d9e2b2d394fe57c4406363154422aebc82c76daf2479d4b9c84,342,false,256,inline_text,Могилевская область,Кричев,,,
1.0,https://t.me/nashaniva/121187,Наша Ніва,Беларусь,2026-09-05T11:51:37+00:00,telegram:https://t.me/s/nashaniva,Пуцін даў указанне трое сутак не біць па Кіеве,REJECT,relevance_rejected,needs_text,нет связки социальной темы и проблемы,"TITLE: Пуцін даў указанне трое сутак не біць па Кіеве
TEXT: Пуцін даў указанне трое сутак не біць па Кіеве Раней пра перамір'е на чацвёра сутак абвесціла Украіна. https://nashaniva.com/403938 Без VPN — https://storage.googleapis.com/nashaniva-by/read.html?page=/403938",1c561e4a96cc86bee2538605f8036ad3a4fb7d11164e7337ab4eb649634c4600,268,false,208,inline_text,,,,,
1.0,https://t.me/nashaniva/121192,Наша Ніва,Беларусь,2026-09-05T13:46:00+00:00,telegram:https://t.me/s/nashaniva,Сталі вядомыя пераможцы сёлетняй Нацыянальнай літаратурнай прэміі,REJECT,relevance_rejected,needs_text,нет связки социальной темы и проблемы,"TITLE: Сталі вядомыя пераможцы сёлетняй Нацыянальнай літаратурнай прэміі
TEXT: Сталі вядомыя пераможцы сёлетняй Нацыянальнай літаратурнай прэміі Не абышлі і Ігара Марзалюка. https://nashaniva.com/403948 Без VPN — https://storage.googleapis.com/nashaniva-by/read.html?page=/403948",79c09273047399931836ff1aef60b04a89eb6e1c5cf380857f2c20019d888370,279,false,200,inline_text,,,,,
1.0,https://t.me/nashaniva/121191,Наша Ніва,Беларусь,2026-09-05T13:25:50+00:00,telegram:https://t.me/s/nashaniva,У Беларусі вычарпалі гадавую квоту на электрамабілі,REJECT,relevance_rejected,needs_text,нет связки социальной темы и проблемы,"TITLE: У Беларусі вычарпалі гадавую квоту на электрамабілі
TEXT: У Беларусі вычарпалі гадавую квоту на электрамабілі Сёлета ўжо нельга ўвезці электрамабіль без аплаты мыта. https://nashaniva.com/403945 Без VPN — https://storage.googleapis.com/nashaniva-by/read.html?page=/403945",6375d95b1a2ab2afcdc5645886a94a1a08ec4dc2b456a42fd882f7ef4bce4c78,278,false,213,inline_text,,,,,
1.0,https://t.me/nashaniva/121188,Наша Ніва,Беларусь,2026-09-05T12:09:02+00:00,telegram:https://t.me/s/nashaniva,"У Гомелі за палітыку асудзілі кіраўніка аб'яднання, якое шукае парэшткі ахвяраў вайны і сталінскіх рэпрэсій, і яго жонку-медсястру",REJECT,relevance_rejected,needs_text,политическая тема: рэпрэс,"TITLE: У Гомелі за палітыку асудзілі кіраўніка аб'яднання, якое шукае парэшткі ахвяраў вайны і сталінскіх рэпрэсій, і яго жонку-медсястру
TEXT: У Гомелі за палітыку асудзілі кіраўніка аб'яднання, якое шукае парэшткі ахвяраў вайны і сталінскіх рэпрэсій, і яго жонку-медсястру Ігар Свірыдзенка шмат гадоў кіраваў пошукавым рухам і вяртаў імёны загінулых салдат, а яго жонка Алена ратавала маленькіх пацыентаў у рэанімацыі. https://nashaniva.com/403879 Без VPN — https://storage.googleapis.com/nashaniva-by/read.html?page=/403879",0d591a99d0d7ff5d95cfbb3026015dda0aee827752fe0fbe35425ac4db297154,526,false,382,inline_text,Гомельская область,Гомель,,,
1.0,https://t.me/nashaniva/121181,Наша Ніва,Беларусь,2026-09-05T09:42:51+00:00,telegram:https://t.me/s/nashaniva,У Крыме ў выніку ўдару УСУ загінуў кіраўнік расійскага фонду «Народны фронт.,REJECT,relevance_rejected,needs_text,нет связки социальной темы и проблемы,"TITLE: У Крыме ў выніку ўдару УСУ загінуў кіраўнік расійскага фонду «Народны фронт.
TEXT: У Крыме ў выніку ўдару УСУ загінуў кіраўнік расійскага фонду «Народны фронт. Усё для Перамогі!» Паветраны ўдар быў здзейснены сёння. https://nashaniva.com/403931 Без VPN — https://storage.googleapis.com/nashaniva-by/read.html?page=/403931",437644816a5f0cbbd95752825e1e1c47d2f4a738eb2a7b5aeae3a38b34ef4cbf,328,false,238,inline_text,,,,,
1.0,https://t.me/nashaniva/121194,Наша Ніва,Беларусь,2026-09-05T14:35:43+00:00,telegram:https://t.me/s/nashaniva,"Украінскі камандзір Білецкі: Беларусы — такія ж, як украінцы, але ў іх няма маральнай традыцыі ўзброенай барацьбы за незалежнасць",REJECT,relevance_rejected,possible,нет связки социальной темы и проблемы,"TITLE: Украінскі камандзір Білецкі: Беларусы — такія ж, як украінцы, але ў іх няма маральнай традыцыі ўзброенай барацьбы за незалежнасць
TEXT: Украінскі камандзір Білецкі: Беларусы — такія ж, як украінцы, але ў іх няма маральнай традыцыі ўзброенай барацьбы за незалежнасць Адзін з найбольш вядомых украінскіх камандзіраў, заснавальнік палка «Азоў», а цяпер камандзір Трэцяга армейскага корпуса УСУ Андрэй Білецкі параўнаў беларусаў і ўкраінцаў і патлумачыў, у чым бачыць галоўнае адрозненне паміж двума народамі. https://nashaniva.com/403944 Без VPN — https://storage.googleapis.com/nashaniva-by/read.html?page=/403944",1f83a4ac5c508cfcb8947b62c83807147e996220c3ddfc556fca02223e7ec8e9,618,false,475,inline_text,,,,,
1.0,https://t.me/nashaniva/121182,Наша Ніва,Беларусь,2026-09-05T10:15:28+00:00,telegram:https://t.me/s/nashaniva,Чэхія рыхтуецца да магчымай вайны ў Еўропе ў выпадку нападу Расіі,REJECT,relevance_rejected,needs_text,нет связки социальной темы и проблемы,"TITLE: Чэхія рыхтуецца да магчымай вайны ў Еўропе ў выпадку нападу Расіі
TEXT: Чэхія рыхтуецца да магчымай вайны ў Еўропе ў выпадку нападу Расіі Краіна плануе рыхтаваць армію да «працяглага канфлікту высокай інтэнсіўнасці з тэхналагічна развітым праціўнікам». https://nashaniva.com/403929 Без VPN — https://storage.googleapis.com/nashaniva-by/read.html?page=/403929",e568629b12db1dc1fac28cf4ca5d9d77af3244aa87448df60dde68e91dda462e,365,false,286,inline_text,,,,,
1.0,https://pozirk.online/ru/news/202563,Позірк,Беларусь,2026-09-05T14:13:17+00:00,homepage,В Самарканде депутат Шпаковский увязал права человека с санкциями и пожаловался на закрытый для белорусского калия порт Клайпеды | Pozirk,REJECT,relevance_rejected,possible,политическая тема: санкц,"TITLE: В Самарканде депутат Шпаковский увязал права человека с санкциями и пожаловался на закрытый для белорусского калия порт Клайпеды | Pozirk
TEXT: 5 сентября, Позірк . О проблеме доступа к морю в контексте прав человека высказался член комиссии Палаты представителей по международным делам Александр Шпаковский 5 сентября на 12-й глобальной конференции молодых парламентариев Межпарламентского союза в Самарканде (Узбекистан). “Я хотел бы напомнить вам об основополагающей Конвенции ООН по морскому праву, — заявил он (организаторы форума синхронно переводили русскоязычное выступление представителя Минска на английский язык; обратный перевод выполнил “Позірк“ ). — Статья 125 этой конвенции гарантирует доступ к морю странам, которые не имеют к нему выхода. Это особенно актуально для моей страны, для Беларуси, у которой нет выхода к морю. Однако этот доступ зависит от соседних государств“. По словам Шпаковского, Беларусь является “крупным производителем калийных удобрений“, которые “необходимы сельскому хозяйству и имеют важное значение для мировой продовольственной безопасности“. “В 2021 году доля нашей страны на рынке калийных удобрений составляла 18%, сейчас наша доля — 10%, — сказал депутат. — Дело в том, что наиболее приемлемый маршрут через литовский порт в Клайпеде закрыт из-за европейских санкций, которые были введены в нарушение санкционного режима ООН“. “Я хотел бы напомнить, что 700 млн человек во всем мире сталкивается с голодом, а нескольким десяткам миллионов угрожает смерть от голода. В таких обстоятельствах введение санкций, особенно в отношении товаров, имеющих важное значение для сельского хозяйства, таких как удобрения, абсолютно неприемлемо“, — добавил он. Шпаковский заявил, что санкции представляют проблему “не только для Ирана, России или Беларуси“. От различных видов ограничительных мер “страдает более 40 стран с общей численностью населения 2,5 млрд человек“. “Именно поэтому мы не можем обсуждать вопрос прав человека, не обсуждая проблему санкций. <…> Мы считаем, что необходимо вернуться к основам международного права“, — отметил спикер. В июне 2021 года Евросоюз в ответ на репрессии в Беларуси, а также принудительную посадку рейса Ryanair в Минске принял пакет секторальных санкций, которым среди прочего ограничил импорт, покупку и передачу определенных видов белорусских калийных удобрений. Запрет коснулся не всего калийного экспорта, потому поставки продукции предприятия “Беларуськалий“ через порт в Клайпеде не прервались. В августе того же года США ввели санкции непосредственно против “Беларуськалия“. Одновременно был установлен переходный период для сворачивания операций с предприятием — до 8 декабря 2021 года. На этом фоне поставки белорусского калия, которые продолжали выполнять “Литовские железные дороги“ (LTG), вызвали политический скандал в Вильнюсе. Специальная комиссия признала договор между LTG и “Беларуськалием“ не соответствующим интересам национальной безопасности — и в январе 2022-го правительство Литвы постановило прекратить его действие с 1 февраля того же года. С этой даты железнодорожный транзит белорусских калийных удобрений по литовской территории прекратился. В марте 2022 года — вскоре после начала полномасштабной войны РФ против Украины, в которой Минск поддерживает Москву, — ЕС резко расширил свои прежние ограничительные меры в отношении белорусской калийной сферы, а в июне ввел санкции непосредственно против “Беларуськалия“ и Белорусской калийной компании (БКК). После возвращения Дональда Трампа в Белый дом в начале 2025 года активизировались публичные контакты представителей США и белорусских властей. По итогам встреч Александра Лукашенко с американскими делегациями, которые стали периодически приезжать в Минск, на свободу начали выходить группы политзаключенных (при этом репрессии в стране не прекратились). В декабре 2025 года Министерство финансов США выдало генеральную лицензию, которая разрешила практически все прежде запрещенные операции с “Беларуськалием“, БКК и Agrorozkvit. В марте 2026-го американские власти исключили все три организации из санкционного списка (незадолго до этого Лукашенко по итогам очередной встречи с представителями Вашингтона распорядился освободить 250 узников). После этого из Вильнюса стали поступать противоречивые сигналы: звучали как заявления о том, что США оказывают давление на Литву с тем, чтобы та разблокировала транзит белорусского калия, так и о том, что никакого давления нет. В мае 2026 года президент Литвы Гитанас Науседа однозначно дал понять, что тема с удобрениями из Беларуси закрыта до тех пор, пока действуют соответствующие санкции ЕС. Спустя несколько месяцев, в середине июля, Общий суд Европейского союза отклонил иск литовской компании Birių krovinių terminalas (терминал сыпучих грузов Клайпедского порта; 30% акций принадлежат белорусскому производителю калийных удобрений), оспаривавшей ограничения ЕС, которые препятствуют в том числе транзиту белорусского калия через Литву.",434ee3aa0411e47a2f08a4f6f9ac7d8aca493558f6154e37aa827679e19f053e,4958,false,4807,source_specific,,,,отсутствие/нехватка,
1.0,https://pozirk.online/ru/news/202552,Позірк,Беларусь,2026-09-05T11:22:47+00:00,homepage,Власти Амурской области РФ хотят обмениваться с Беларусью опытом применения беспилотников в сельском хозяйстве | Pozirk,REJECT,relevance_rejected,needs_text,политическая тема: лукашенко,"TITLE: Власти Амурской области РФ хотят обмениваться с Беларусью опытом применения беспилотников в сельском хозяйстве | Pozirk
TEXT: 5 сентября, Позірк . Усилить сотрудничество по ключевому направлению — сельскому хозяйству — предложил белорусской делегации, участвовавшей в Восточном экономическом форуме (1–4 сентября, Владивосток), губернатор Амурской области России Василий Орлов. “Развиваем научные обмены, селекцию, ветеринарную практику, стажировки специалистов. Предложил усилить это направление — обмениваться опытом по цифровизации, механизации, применению беспилотников в АПК (агропромышленном комплексе. — “Позірк“. )“ — написал руководитель региона в своем телеграм-канале. Орлов сообщил, что на встрече, в которой, судя по опубликованным фотографиям, участвовал глава администрации Александра Лукашенко Дмитрий Крутой, обсуждалось также создание совместных производств: “В частности, есть заинтересованность в организации молочных производств на территории области“. “Продолжаем взаимодействие по поставкам белорусской техники, — отметил он. — В 2025 году в Тамбовке (Тамбовский район Амурской области РФ. — “Позірк“. ) организовали работу мультибрендового центра, где акцент сделан на сельскохозяйственной технике. Сейчас формируется потребность в технике на 2027 год“. Губернатор напомнил, что летом 2024 года делегация Амурской области посещала Беларусь и встречалась с Лукашенко. За прошедшие с тех пор два года, по его словам, “товарооборот вырос более чем в два раза“. “Готовы наращивать поставки продукции амурских производителей — соевого масла, лецитина, изолята и другой продукции переработки сои“, — подчеркнул Орлов. По итогам встречи с руководителями российских регионов на полях ВЭФ 3 сентября Крутой заявил , что Беларусь намерена участвовать в развитии инфраструктуры российского Дальнего Востока. Белорусский чиновник анонсировал участие в развитии Северного морского пути — судоходного маршрута в российской Арктике, кратчайшего морского пути между европейской частью РФ и Дальним Востоком, — который “уже трансформируется в более глобальный проект Трансарктического транспортного коридора, где кроме морской составляющей будут еще подключаться более локальные проекты, связанные с железнодорожным и автомобильным транспортом“. “Несколько губернаторов предложило нам поучаствовать в строительстве портовой инфраструктуры. Что касается тех инвесторов, которые на сегодня не справились, по соответствующим судебным решениям порты будут возвращаться в федеральную собственность [РФ]. А белорусским компаниям, белорусским резидентам предложено застолбиться на Севморпути. Это очень интересная тема“, — сказал Крутой.",70ce7988e6e0d2934c96497e44263d58c8a0c70efb1e956050ade14c89b4587a,2644,false,2511,source_specific,,,,,
1.0,https://pozirk.online/be/news/202546,Позірк,Беларусь,2026-09-05T09:36:47+00:00,telegram:https://t.me/s/pozirkonline,Гадавая квота на льготны ўвоз электрамабіляў фізічнымі асобамі вычарпаная прыкладна за 9 месяцаў,REJECT,relevance_rejected,possible,нет связки социальной темы и проблемы,"TITLE: Гадавая квота на льготны ўвоз электрамабіляў фізічнымі асобамі вычарпаная прыкладна за 9 месяцаў
TEXT: Гадавая квота на льготны ўвоз электрамабіляў фізічнымі асобамі вычарпаная прыкладна за 9 месяцаў Цяпер пры ўвозе трэба плаціць пошліну 15% ад кошту аўтамабіля. Вызваленне ад ПДВ для электрамабіляў узростам да 5 гадоў застаецца. Квота была зацверджана ў траўні і складала 6,2 тыс. машын для фізічных асоб. Усяго з пачатку года льготна ўвезлі каля 6,2 тыс. электрамабіляў. У жніўні 2026 года ""Белтэхагляд"" выдаў дазволы на 3.960 электрамабіляў (у 1,6 раза больш, чым у жніўні 2025-га). БАА раней адзначала ціск льготнага імпарту электрамабіляў на айчынных вытворцаў аўтамабіляў з ДВС. ✅ Падрабязнасці 🗝 Без VPN 📷 Toa Heftiba / unsplash.com",2d5e2180655ff61b6fdea0aeb1e2ae16b2e8ab62870859e6d43c3248203023a7,747,false,637,inline_text,,,,,
1.0,https://pozirk.online/ru/news/202544,Позірк,Беларусь,2026-09-05T09:09:48+00:00,homepage,Годовая квота на льготный ввоз электромобилей физлицами исчерпана примерно за 9 месяцев | Pozirk,REJECT,relevance_rejected,possible,нет связки социальной темы и проблемы,"TITLE: Годовая квота на льготный ввоз электромобилей физлицами исчерпана примерно за 9 месяцев | Pozirk
TEXT: 5 сентября, Позірк . Об исчерпании квоты по беспошлинному ввозу электромобилей физическими лицами сообщила 5 сентября пресс-служба Государственного пограничного комитета. “При планировании дальнейшего таможенного декларирования следует учитывать необходимость уплаты таможенной пошлины в размере 15% от стоимости транспортного средства, — говорится в сообщении. — Обращаем внимание, исчерпание квоты не ограничивает возможность применения физическими лицами освобождения от НДС в отношении электромобилей с даты выпуска которых прошло не более 5 лет“. Согласно постановлению Совета министров № 223 от 5 мая, в течение года физлица могли привезти в страну на льготных условиях 6,2 тыс. электромобилей (с учетом ввезенных с начала 2026-го). Проведенный “Позіркам“ анализ сообщений ГТК показал, что до утверждения правительством квоты физлица ввезли в Беларусь 2.527 электромобилей. С 7 по 15 мая — 190, с 15 по 22 мая — 151, с 22 по 29 мая — 171, с 29 мая по 5 июня — 186, с 5 по 12 июня — 180, с 12 по 19 июня — 185, с 19 по 26 июня — 185, с 26 июня по 2 июля — 146, со 2 по 10 июля — 191, с 10 по 14 июля — 101, с 14 по 24 июля — 279, с 24 по 31 июля — 197, с 31 июля по 7 августа — 251 шт, с 7 по 14 августа — 233, с 14 по 21 августа — 269, с 21 по 28 августа — 321, с 28 августа по 3 сентября — 279, с 3 по 4 сентября — 60, с 4 по 5 сентября — 98. Юридические лица в соответствии с этим документом, могли ввезти без пошлины 13,8 тыс. электромобилей — их часть квоты была исчерпана за неполные восемь месяцев. До утверждения объемов в страну было ввезено 5.709 электромобилей, с 7 по 15 мая — 131, с 15 по 22 мая — 384, с 22 по 29 мая — 273, с 29 мая по 5 июня — 318, с 5 по 12 июня — 330, с 12 по 19 июня — 221, с 19 по 26 июня — 906, с 26 июня по 2 июля — 527, со 2 по 10 июля — 2.143, с 10 по 14 июля — 2.048, с 14 по 24 июля — 810. Ранее глава ведомства Владимир Орловский заявлял, что общий лимит для Беларуси установлен в рамках договоренностей в Евразийском экономическом союзе: “Квота установлена в размере 20 тыс. автомобилей [в год]“. Ограничение введено решением ЕЭК в декабре прошлого года. В августе 2026 года предприятие “Белтехосмотр“ выдало разрешения на допуск к участию в дорожном движении для 3.960 электромобилей (годом ранее — 2.438; рост в 1,6 раза). 25 августа Автомобильная ассоциация “БАА“, анализируя ситуацию на рынке новых легковых авто, констатировала “давление на долю отечественных автомобилей, производимых в основном с двигателями внутреннего сгорания“, со стороны льготируемого импорта электромобилей.",06ff77264029d11690f423b7450cec123751eb23714d093f7e21d72127606882,2646,false,2536,source_specific,,,,,
1.0,https://pozirk.online/ru/news/202557,Позірк,Беларусь,2026-09-05T11:50:07+00:00,homepage,Двое детей пострадало в результате аварии в Белыничском районе | Pozirk,REJECT,relevance_rejected,needs_text,нет связки социальной темы и проблемы,"TITLE: Двое детей пострадало в результате аварии в Белыничском районе | Pozirk
TEXT: 5 сентября, Позірк . Двое детей пострадало в результате аварии, которая произошла около 13:00 5 сентября недалеко от деревни Ермоловичи (Белыничский район Могилевской области), сообщает пресс-служба Министерства внутренних дел. По предварительной информации ведомства, 38-летняя жительница Могилева за рулем автомобиля “Ниссан“ отвлеклась и наехала на тросовое ограждение. Как итог, двое детей — трехлетняя девочка и шестилетний мальчик — госпитализированы с травмами. Сообщается, что один ребенок “перевозился без детского удерживающего устройства“. В прошлом месяце пресс-служба УВД Могилевского облисполкома сообщала о смертельной аварии, которая произошла недалеко от той же деревни Ермоловичи. Заявлялось, что утром 8 августа 60-летний водитель автомобиля КамАЗ с полуприцепом “при повороте налево не предоставил преимущество мотоциклу “Хонда“, двигавшемуся во встречном направлении“. 22-летний мотоциклист столкновение не пережил.",a333adc221d35971f79ac4e99ffa1447c14883ea22dc6cb5dc36ebcd9ac52c39,1021,false,936,source_specific,,,,,
1.0,https://pozirk.online/be/news/202562,Позірк,Беларусь,2026-09-05T12:32:07+00:00,telegram:https://t.me/s/pozirkonline,Двое дзяцей пацярпела ў выніку аварыі ў Бялыніцкім раёне,REJECT,relevance_rejected,needs_text,нет связки социальной темы и проблемы,"TITLE: Двое дзяцей пацярпела ў выніку аварыі ў Бялыніцкім раёне
TEXT: Двое дзяцей пацярпела ў выніку аварыі ў Бялыніцкім раёне Згодна з папярэдняй інфармацыяй ведамства, 38-гадовая жыхарка Магілёва за стырном аўтамабіля “Нісан” згубіла ўвагу і наехала на тросавую агароджу. У выніку двое дзяцей — трохгадовая дзяўчынка і шасцігадовы хлопчык — шпіталізаваныя з траўмамі. Паведамляецца, што адно дзіця “перавозілася без дзіцячай утрымлальнай прылады”. ☝️ У мінулым месяцы прэс-служба УУС Магілёўскага аблвыканкама паведамляла пра смяротную аварыю, якая здарылася непадалёк ад той самай вёскі Ермаловічы. ✅ Падрабязнасці 🗝 Без VPN 📷 прэс-служба МУС",9c301a2c2e78b90ae9d7b29fe5350fe29b0f874dbbee19a2cde1283998eb8b96,645,false,575,inline_text,Могилевская область,Могилев,,опасность/безопасность,
1.0,https://pozirk.online/ru/news/202570,Позірк,Беларусь,2026-09-05T14:58:06+00:00,homepage,"От Беларуси зависит безопасность региона, важно поддерживать диалог со сторонниками ее демократизации — украинский дипломат Чорногор | Pozirk",KEEP,included,needs_text,,"TITLE: От Беларуси зависит безопасность региона, важно поддерживать диалог со сторонниками ее демократизации — украинский дипломат Чорногор | Pozirk
TEXT: 5 сентября, Позірк . Перспективы демократического транзита в Беларуси и взаимодействие с белорусскими демсилами обсуждал с участниками встреч, организованных Молодежным советом и Общественным советом при Министерстве иностранных дел Украины, посол МИД Украины по особым поручениям Ярослав Чорногор. Дипломат, который отвечает в том числе за связи с белорусскими демократическими силами, отметил на своей странице в “Инстаграме“, что для Украины это “не только вопрос отношений с соседним государством“. “От будущего Беларуси в значительной степени зависит безопасность всего региона. Поэтому уже сегодня важно поддерживать открытый и ответственный диалог с теми, кто выступает за демократическое и суверенное развитие Беларуси“, — подчеркнул он. 8 августа Чорногор выступил на конференции “Новая Беларусь“ в Варшаве. Участники форума обозначили ряд проблемных тем, в частности, отметили, что белорусы пострадали от блокировки счетов в Украине; вдовы погибших бойцов, которые сражались на стороне Украины против РФ, не получают помощи от государства; у белорусских граждан есть проблемы с легализацией. Кроме того, поднимался вопрос об увековечении памяти тех белорусов, которые отдали жизнь за Украину. Дипломат признал , что “это очень неприятно“, но подчеркнул, что “у украинцев еще есть ряд своих проблем, которые требуют решения“. “Украина находится в режиме войны. И вся деятельность украинской государственной машины преимущественно акцентируется на выживании и желании победы в этой войне, — отметил он. — Украинское государство, находясь в условиях войны, все-таки является демократическим государством. Оно прислушивается к тем требованиям, которые подает белорусское сообщество в Украине, гражданское общество Украины, и старается реагировать по мере своих возможностей“. Но этих возможностей не так много, потому что каждую ночь Украина страдает от воздушных ударов со стороны России, “гибнут обычные люди, не военные“, гибнут дети, сказал дипломат. Чорногор отметил, что много вопросов на конференции звучало таким образом, будто Украина уже на пороге мира. “Но на самом деле вопрос в том, что, возможно, мы на пороге еще большей войны, и для украинского государства это большой вызов“, — подчеркнул он. По словам представителя МИД, в Украине есть обеспокоенность возможным участием Беларуси в войне на стороне России. “И те ультимативные заявления (речь об ультиматуме президента Украины Владимира Зеленского Александру Лукашенко относительно снятия ретрансляторов для дронов. — “ Позірк “ .), и другие вещи направлены на то, чтобы избежать этой войны, чтобы показать, что цена войны, вступления Республики Беларусь в войну против Украины будет иметь огромные последствия, катастрофические для обоих народов. <…> Когда мы смотрим на опасность расширения войны, тогда много вопросов снимаются, и деятельность украинского государства, власти становится более понятной“, — заявил Чорногор.",4da04fe746a51de0ecc2cc89c71c8be13f341b884208744779c1ca9161b7865f,3054,false,2899,source_specific,,,,опасность/безопасность,
1.0,https://pozirk.online/ru/news/202547,Позірк,Беларусь,2026-09-05T10:27:06+00:00,homepage,Польша до 9 декабря продлевает ограничения на низковысотные полеты вдоль границы с Беларусью и Украиной | Pozirk,REJECT,relevance_rejected,needs_text,нет связки социальной темы и проблемы,"TITLE: Польша до 9 декабря продлевает ограничения на низковысотные полеты вдоль границы с Беларусью и Украиной | Pozirk
TEXT: 5 сентября, Позірк . Ограничения воздушного движения на высоте до 3 км в восточной части Польши продлеваются на период с 10 сентября по 9 декабря 2026 года, следует из сообщения Оперативного командования видов Вооруженных сил этой страны, по запросу которого принято соответствующее решение. Впервые ограничения на низковысотные полеты вдоль границы с Беларусью и Украиной Польша ввела 10 сентября 2025 года — по 9 декабря 2025-го (до того аналогичные ограничения действовали на украинском направлении). Впоследствии они продлевались на периоды с 10 декабря 2025 года по 9 марта 2026-го, с 10 марта по 9 июня 2026-го, с 10 июня по 9 сентября. Военное ведомство подчеркнуло, что очередные ограничения, как и прежде, “не распространяются на пассажирские самолеты, выполняющие полеты на большей высоте“. “В ночное время <…> действует полный запрет на полеты, за исключением полетов военных воздушных судов, а также согласованных с Центром воздушных операций — Командованием воздушного компонента взлетов и посадок на аэродроме Депултыче-Крулевске“, — говорится в сообщении. В дневное время исключения распространяются на пилотируемые воздушные суда с поданными планами полетов, исправными транспондерами и постоянной радиосвязью с диспетчерской службой; военную авиацию; специальные полеты по сигналам GARDA и ALPHA SCRAMBLE; воздушные суда со специальными статусами HEAD, STATE, SAR, HOSP, MEDEVAC и FFR — государственные и особо важные рейсы, поисково-спасательные, медицинские, медико-эвакуационные и противопожарные полеты; гражданские беспилотники — при условии, что они не входят в зоны идентификации ПВО Беларуси и Украины. В сентябре 2025 года Польша приняла решение о создании бесполетной зоны в связи с вторжением в польское воздушное пространство российских дронов, а также с российско-белорусскими учениями “Запад-2025“.",610b258f97d0c44b1b669b4c556b62303a970bc0e58e44a05dacab054b9d1864,1955,false,1829,source_specific,,,,,
1.0,https://pozirk.online/be/news/202551,Позірк,Беларусь,2026-09-05T10:40:42+00:00,telegram:https://t.me/s/pozirkonline,Польшча да 9 снежня падаўжае абмежаванні на нізкавышынныя палёты ўздоўж мяжы з Беларуссю і Украінай,REJECT,relevance_rejected,needs_text,нет связки социальной темы и проблемы,"TITLE: Польшча да 9 снежня падаўжае абмежаванні на нізкавышынныя палёты ўздоўж мяжы з Беларуссю і Украінай
TEXT: Польшча да 9 снежня падаўжае абмежаванні на нізкавышынныя палёты ўздоўж мяжы з Беларуссю і Украінай Яны дзейнічаюць з верасня 2025 года і падаўжаюцца кожныя тры месяцы. Абмежаванні не распаўсюджваюцца на пасажырскія рэйсы. У начны час дзейнічае поўная забарона на палёты, акрамя ваенных, пошукава-выратавальных, медыцынскіх і супрацьпажарных. Удзень дазволены палёты з выкананнем пэўных умоў. ☝️ Абмежаванні ўвялі пасля ўварвання расійскіх дронаў у паветраную прастору Польшчы і ў сувязі з вучэннямі ""Захад-2025"". ✅ Падрабязнасці 🗝 Без VPN 📷 Аператыўнае камандаванне відаў УС Польшчы ў сацыяльнай сетцы Х",3a74cd4b8c3ba6c588e92267660e64ad310efd26c73c8c63584ff2342e53e1a7,717,false,604,inline_text,,,медицина,ограничение доступа,
1.0,https://pozirk.online/be/news/202569,Позірк,Беларусь,2026-09-05T14:42:21+00:00,telegram:https://t.me/s/pozirkonline,У Самаркандзе дэпутат Шпакоўскі звязаў правы чалавека з санкцыямі і паскардзіўся на закрыты для беларускага калію порт Клайпеды,KEEP,included,possible,,"TITLE: У Самаркандзе дэпутат Шпакоўскі звязаў правы чалавека з санкцыямі і паскардзіўся на закрыты для беларускага калію порт Клайпеды
TEXT: У Самаркандзе дэпутат Шпакоўскі звязаў правы чалавека з санкцыямі і паскардзіўся на закрыты для беларускага калію порт Клайпеды Дэпутат заявіў, што санкцыі супраць Беларусі парушаюць права краіны на доступ да мора, гарантаванае Канвенцыяй ААН. Ён паскардзіўся на закрыццё літоўскага порта Клайпеда для беларускага калію і адзначыў, што доля Беларусі на сусветным рынку калію скарацілася з 18% да 10%. ""Я хацеў бы нагадаць, што 700 млн чалавек ва ўсім свеце сутыкаюцца з голадам, а некалькім дзясяткам мільёнаў пагражае смерць ад голаду. У такіх абставінах увядзенне санкцый, асабліва ў дачыненні да тавараў, якія маюць важнае значэнне для сельскай гаспадаркі, такіх як угнаенні, абсалютна непрымальнае"" — сказаў Шпакоўскі. ☝️ Транзіт беларускага калію праз Літву спыніўся 1 лютага 2022 года пасля ўвядзення санкцый ЕС і ЗША. Нягледзячы на амэрыканскія паслабленні ў 2025–2026 гадах, Літва заяўляе, што тэма закрытая, пакуль дзейнічаюць санкцыі ЕС. ✅ Падрабязнасці 🗝 Без VPN 📷 ""Позірк""",69c04f1a1d41ac2d757e586112f5bd4b8268996eeca4e41b34e8177672d84aca,1125,false,984,inline_text,,,,отсутствие/нехватка,
1.0,https://pozirk.online/be/news/202556,Позірк,Беларусь,2026-09-05T11:38:21+00:00,telegram:https://t.me/s/pozirkonline,Улады Амурскай вобласці РФ хочуць абменьвацца з Беларуссю досведам выкарыстання беспілотнікаў у сельскай гаспадарцы,REJECT,relevance_rejected,needs_text,нет связки социальной темы и проблемы,"TITLE: Улады Амурскай вобласці РФ хочуць абменьвацца з Беларуссю досведам выкарыстання беспілотнікаў у сельскай гаспадарцы
TEXT: Улады Амурскай вобласці РФ хочуць абменьвацца з Беларуссю досведам выкарыстання беспілотнікаў у сельскай гаспадарцы Узмацніць супрацу па ключавым кірунку — сельскай гаспадарцы — прапанаваў беларускай дэлегацыі, што ўдзельнічала ва Усходнім эканамічным форуме (1–4 верасня, Уладзівасток), губернатар Амурскай вобласці Расіі Васіль Арлоў. “Развіваем навуковыя абмены, селекцыю, ветэрынарную практыку, стажыроўкі спецыялістаў. Прапанаваў узмацніць гэты кірунак — абменьвацца досведам па лічбавізацыі, механізацыі, выкарыстанні беспілотнікаў у АПК ” — напісаў кіраўнік рэгіёна ў сваім тэлеграм-канале. ✅ Падрабязнасці 🗝 Без VPN 📷 Фота ў тэлеграм-канале Васіля Арлова",fb4fa749b66466f234eea7479f8a8a9fa3a5adbe68cc1e764c09f40ff928bf4d,791,false,662,inline_text,,,,,
1.0,https://charter97.org/ru/news/2026/9/5/697358,Хартия-97,Беларусь,2026-09-05T15:05:00+00:00,feed:https://charter97.org/ru/rss/society/,"«Если русским за такую цену — пожалуйста, а белорусов пожалейте»",REJECT,relevance_rejected,possible,Evidence Binding: тема и проблема связаны только глубоко в тексте,"TITLE: «Если русским за такую цену — пожалуйста, а белорусов пожалейте»
SUMMARY: Минчанин удивился, что его квартирой интересуются только россияне.
TEXT: Минчанин удивился, что его квартирой интересуются только россияне. Минчанин в Threads рассказал, что на его объявление о сдаче в аренду однокомнатной квартиры за 1400 рублей в месяц отзываются только россияне. Он задался вопросом, почему нет интереса у соотечественников. В комментариях другие пользователи объяснили возможные причины, пишет «Зеркало» . Житель Минска выложил видео и фото своей однокомнатной квартиры, указав цену в 1400 рублей. В качестве предпочтительных арендаторов он назвал семейные пары без детей и животных. «Интересно, что за две недели откликнулись только россияне. А где белорусы?» — поинтересовался автор объявления. В комментариях пользователи объяснили мужчине, почему его предложение может быть неинтересно соотечественникам. Основные претензии свелись к высокой, по их мнению, цене и «уставшему» ремонту, в частности — к кухне «из 2000-х». Один из самых залайканных комментариев был о соотношении цены и качества: «1400 за однушку с так себе ремонтом. Вы там головой ударились?» Многие комментаторы посчитали, что цена не соответствует средним зарплатам в стране: «У многих зарплата равна стоимости аренды». «Если русским за такую цену — пожалуйста. Белорусов-то пожалейте». Некоторые пользователи с иронией предположили, что арендодатель мог ошибиться с валютой: Больше всего критики вызвала кухня ярко-салатового цвета. Пользователи назвали ее «бабушатником» и «колхозом»: «О бог ты мой, что это за бабушатина? За такие деньги». «Меня бы в этой кухне эпилепсия схватила». Впрочем, нашлись и те, кто посчитал цену рыночной. Одна из комментаторок рассказала о своем опыте поиска жилья: «1400 — это уже нормальная цена для Минска, сын искал, были цены и повыше. Пока доходил к хозяину заключить договор, <…> квартиру уже забирали, с третьего раза только получилось снять». А кому-то квартира даже понравилась: «Обычная квартира. Я бы снял, но уже купил».",7c2297251d51f40896d738e33be7761bcf5b968d48c6f5710f3f31152047c26d,2039,false,1885,generic_html,,,,,
1.0,https://charter97.org/ru/news/2026/9/5/697368,Хартия-97,Беларусь,2026-09-05T10:58:08+00:00,feed:https://charter97.org/ru/rss/society/,БЖД испытывает проблемы с 62% запчастей для ремонта поездов,KEEP,included,strong,,"TITLE: БЖД испытывает проблемы с 62% запчастей для ремонта поездов
SUMMARY: Особенно сложная ситуация с электропоездами Stadler.
TEXT: Особенно сложная ситуация с электропоездами Stadler. В распоряжении «Сообщества железнодорожников Беларуси» оказались документы БЖД и Минпрома по состоянию на 20 июля 2026 года. В перечне — 3310 позиций запчастей для подвижного состава. Особенно сложная ситуация с электропоездами Stadler: 150 из 155 позиций отнесены к категории, где поставка невозможна. У дизель-поездов Pesa две позиции попали в эту категорию, ещё 685 — в категорию значительных трудностей. БЖД пытается найти белорусских производителей аналогов. Однако техническая документация есть только по 81 из 332 наиболее проблемных позиций, поэтому работа пока находится на предварительной стадии.",666373f5a46cbcba1871ac22dc662a580f00dcc925e7fc9e4031ce65983b7a83,794,false,659,generic_html,,,общественный транспорт,,
1.0,https://charter97.org/ru/news/2026/9/5/697382,Хартия-97,Беларусь,2026-09-05T13:18:36+00:00,feed:https://charter97.org/ru/rss/society/,Белорус придумал необычный способ занять место на парковке,REJECT,relevance_rejected,possible,нет связки социальной темы и проблемы,"TITLE: Белорус придумал необычный способ занять место на парковке
SUMMARY: Находчивость оценили не все.
TEXT: Житель Мяделя заблокировал место на парковке во дворе при помощи табуретки с прикрепленным шпилькой утяжелителем. На асфальте краской он написал номер квартиры. Видео в TikTok опубликовал пользователь siarheikazheunikau. За сутки его посмотрело около 20 000 пользователей. «Сколько килограмм он сюда накрутил на шпильку», — задается вопросом автор видео. Белорус добавляет: если зимой подобное еще можно понять из-за необходимости расчищать место, то летом это выглядит недопустимо.",a269eddeb1bf030da7b6f8dde0cec80d91fee7bafff135910ab4ef172bc1e5ee,592,false,482,generic_html,,,парковка/машино-места,,
1.0,https://charter97.org/ru/news/2026/9/5/697366,Хартия-97,Беларусь,2026-09-05T10:40:33+00:00,feed:https://charter97.org/ru/rss/society/,"Житель Борисова придумал, как не тратить свои деньги",REJECT,relevance_rejected,needs_text,нет связки социальной темы и проблемы,"TITLE: Житель Борисова придумал, как не тратить свои деньги
SUMMARY: Такой способ «экономии» обернулся для подростка уголовным делом.
TEXT: Такой способ «экономии» обернулся для подростка уголовным делом. В Борисове 18-летний парень заметил, что с его банковской карты пропадают деньги, и обратился в милицию. Оказалось, знакомый придумал способ сэкономить за его счет, сообщает УВД Минского горисполкома. 17-летний житель Борисова придумал простой способ не тратить свои деньги: он привязал банковскую карту 18-летнего приятеля к своему мобильному приложению и стал расплачиваться ей за покупки. По такой схеме он потратил с чужой карты около тысячи рублей до того, как ее владелец заметил пропажу денег и обратился в милицию. Пострадавший сразу предположил, что к этому может быть причастен его знакомый. Сотрудники по борьбе с киберпреступностью выяснили, что подозрения были не напрасны. Теперь такой способ «экономии» обернулся для подростка уголовным делом по статье о хищении с использованием компьютерной техники.",ef62ed08cb5b8b5e969658e8edae78aff48d338035508dacf0d25d1dfd2cc650,1021,false,881,generic_html,Минская область,Борисов,,,
1.0,https://charter97.org/ru/news/2026/9/5/697390,Хартия-97,Беларусь,2026-09-05T14:33:44+00:00,feed:https://charter97.org/ru/rss/society/,"Житель Речицы показал, какие грибы нашел за один день в лесу",REJECT,relevance_rejected,needs_text,нет связки социальной темы и проблемы,"TITLE: Житель Речицы показал, какие грибы нашел за один день в лесу
SUMMARY: Много белых.
TEXT: Житель Речицы Виктор поделился результатом удачной вылазки в лес — полной корзиной отборных молодых грибов. На «тихую охоту» мужчина отправился 3 сентября в Речицком районе и вернулся с богатым уловом. Видео с грибной прогулки Виктор опубликовал в TikTok. На кадрах видно, что корзина почти доверху заполнена крепкими лесными находками. Какие именно грибы попали в корзину, грибник не уточнил, однако по внешнему виду на видео можно разглядеть свежие белые грибы в хорошем состоянии. Судя по опубликованным кадрам, сентябрьская прогулка по лесу для жителя Речицы выдалась особенно удачной.",9130c51a0d5785479bf5755881239a7efd116356fe496796b1dc3e126ce774b5,685,false,589,generic_html,Гомельская область,Речица,,,
1.0,https://charter97.org/ru/news/2026/9/5/697374,Хартия-97,Беларусь,2026-09-05T12:13:47+00:00,feed:https://charter97.org/ru/rss/society/,Мэр Минска пошел против пропагандистов Лукашенко?,REJECT,relevance_rejected,possible,политическая тема: лукашенко,"TITLE: Мэр Минска пошел против пропагандистов Лукашенко?
SUMMARY: Поводом стала информация о сроках строительства метро.
TEXT: Поводом стала информация о сроках строительства метро. Председатель Мингорисполкома Владимир Кухарев заявил, что информация о переносе сроков строительства новых станций метро на два года — это фейк, и власти работают по плану. Об этом он сказал в эфире государственного телевидения, сообщает «Зеркало» . Ранее о том, что три новые станции третьей линии метро откроют только к концу 2030 года, писало издание «СБ. Беларусь сегодня». Владимир Кухарев призвал «не реагировать на непонятные фейки, которые недавно были, что Мингорисполком переносит на два года, увеличивает сроки строительства метро». «Это неправда, мы работаем по графику, по плану. В 2028 году мы планируем завершить строительство второй очереди третьей линии метро», — заявил он. Также он анонсировал начало строительства четвертой, кольцевой, линии метро в следующем году. Отметим, что 26 августа издание администрации Александра Лукашенко «СБ. Беларусь сегодня» сообщило, что три новые станции Зеленолужской линии — «Переспа», «Комаровская» и «Парк Дружбы народов» — планируют сдать до конца 2030 года. В августе 2023 года главный инженер «Минскметростроя» Аркадий Арутюня рассказывал, что строительство северного участка Зеленолужской линии рассчитывают завершить через 66 месяцев после начала работ — то есть примерно к концу 2028 года. В апреле 2026 года сообщалось, что открытие строящихся станций «Парк Дружбы народов», «Комаровская» и «Переспа» ожидается уже в 2028—2029 годах.",1a5cf0ad8ff3c2e6d2573920e789f5e4fb1e9e6b01b49df483ebf5602a37b0b1,1579,false,1452,generic_html,Минск,Минск,,,
1.0,https://charter97.org/ru/news/2026/9/5/697361,Хартия-97,Беларусь,2026-09-05T09:39:22+00:00,feed:https://charter97.org/ru/rss/society/,Родителям школьников в Польше выплатили более миллиарда злотых по программе «Хороший старт»,REJECT,relevance_rejected,possible,нет связки социальной темы и проблемы,"TITLE: Родителям школьников в Польше выплатили более миллиарда злотых по программе «Хороший старт»
SUMMARY: Деньги даются для подготовки к учебному году.
TEXT: Деньги даются для подготовки к учебному году. С начала июля Управление социального страхования Польши (ZUS) выплатило свыше 1,1 млрд злотых по программе «Хороший старт». Как сообщили в ZUS, к этому времени принято почти 3 млн заявок на пособия «300+» для подготовки детей к школе, которые охватывают более 4,3 млн учащихся, сообщает «Польское радио» . Пособие по программе «Хороший старт» предоставляется на детей и подростков в возрасте от 7 до 20 лет, а в случае наличия инвалидности — до 24 лет, независимо от уровня доходов родителей. Ежегодную помощь в размере 300 злотых родители могут потратить на учебники, тетради, школьные принадлежности, компьютерную технику и другое оборудование, необходимое для учебы. Окончательный срок подачи заявок — 30 ноября. После этой даты обратиться за пособием можно будет только в том случае, если ребенок старше 20 лет получит решение об установлении инвалидности уже после 30 ноября.",a03c2b0741b436e4f7fa905718b1ae920ecf435c521b64f70c8de2c268f93410,1086,false,926,generic_html,,,школа/детский сад,,
1.0,https://t.me/binklbinkl/29232,Брест Live,Брестская область,2026-09-05T10:47:45+00:00,telegram:https://t.me/s/binklbinkl,В Эквадоре полиция остановила мужчину в состоянии алкогольного опьянения,REJECT,relevance_rejected,needs_text,нет связки социальной темы и проблемы,"TITLE: В Эквадоре полиция остановила мужчину в состоянии алкогольного опьянения
TEXT: В Эквадоре полиция остановила мужчину в состоянии алкогольного опьянения Он попытался «позвонить» своему адвокату с помощью банковской карты вместо телефона.",158ea78130d67074ef5188cf208d544d63cad1f797055e2b634f86c426714806,243,false,157,inline_text,,,,,
1.0,https://t.me/binklbinkl/29233,Брест Live,Брестская область,2026-09-05T11:57:11+00:00,telegram:https://t.me/s/binklbinkl,"Водитель пассажирского автобуса в местечке Буга в Колумбии, как обычно вышел на маршрут.",REJECT,relevance_rejected,possible,нет связки социальной темы и проблемы,"TITLE: Водитель пассажирского автобуса в местечке Буга в Колумбии, как обычно вышел на маршрут.
TEXT: Водитель пассажирского автобуса в местечке Буга в Колумбии, как обычно вышел на маршрут. На остановке перед перекрестком он забыл закрыть дверцу. Почему? Ну, просто забыл. Он и сам не понимает. А когда выехал на перекресток, в автобус со всей дури влетел байк. Если бы дверца была закрыта, то его размазало бы в лепешку. Но поскольку она была открыта, байкер оказался внутри салона. Совмещение распахнутой автобусной дверцы и его тупой башки в пространственно-временном континууме оказалось идеальным. Совпадение? Не думаю.",89a812ce82da3a7fe842238dc2324fb0fc4cb3b65dc531d435d5100904245346,625,false,523,inline_text,,,,отсутствие/нехватка,
1.0,https://t.me/binklbinkl/29236,Брест Live,Брестская область,2026-09-05T14:03:29+00:00,telegram:https://t.me/s/binklbinkl,Как всего одна маленькая туфелька безнадежно испортила трогательное семейное селфи.,REJECT,relevance_rejected,needs_text,нет связки социальной темы и проблемы,"TITLE: Как всего одна маленькая туфелька безнадежно испортила трогательное семейное селфи.
TEXT: Как всего одна маленькая туфелька безнадежно испортила трогательное семейное селфи.",93eeac54a13e0fe1e31db08ff0cffd836283fd1d95fb39c47ce48b525e6461a2,180,false,83,inline_text,,,,,
1.0,https://t.me/binklbinkl/29234,Брест Live,Брестская область,2026-09-05T12:40:05+00:00,telegram:https://t.me/s/binklbinkl,Какие у вас планы на выходные?,REJECT,relevance_rejected,needs_text,нет связки социальной темы и проблемы,"TITLE: Какие у вас планы на выходные?
TEXT: - Какие у вас планы на выходные?",8eb9b1c9b7e6a13cdfd1377a180b546274637c79e010a7523640cd7794e2259b,76,false,32,inline_text,,,,,
1.0,https://t.me/binklbinkl/29237,Брест Live,Брестская область,2026-09-05T15:08:01+00:00,telegram:https://t.me/s/binklbinkl,"Перед тем как войти, откройте дверь.",REJECT,relevance_rejected,needs_text,нет связки социальной темы и проблемы,"TITLE: Перед тем как войти, откройте дверь.
TEXT: Перед тем как войти, откройте дверь. Спасибо.",575c322a5539caeb642352fed38cccdbdfebb097b09c2822a15327ef0a7369d0,95,false,45,inline_text,,,,,
1.0,https://brestcity.com/blog/twitter-okazalsya-pod-zapretom,БрестСИТИ,Брестская область,2026-09-05T12:33:55+00:00,homepage,Twitter оказался под запретом в США – суд встал на сторону соцсети X,REJECT,relevance_rejected,needs_text,нет связки социальной темы и проблемы,"TITLE: Twitter оказался под запретом в США – суд встал на сторону соцсети X
TEXT: Ограничение пока временное, однако судьи будут разбираться в вопросе. Товарный знак и название Twitter оказались в центре судебных разбирательств в США, передает ТАСС. Иск соцсети X к стартапу Operation Bluebird был частично удовлетворен и частично отклонен.Окружной суд в штате Делавэр запретил Operation Bluebird использовать название Twitter на время разбирательства по иску соцсети X, которая ранее носила название Twitter. В октябре 2022-го Илон Маск закрыл сделку по покупке компании Twitter. Спустя некоторое время, в июле 2023-го, он объявил о ее ребрендинге. С тех пор соцсеть носит название X. Птицу на логотипе заменили белой буквой X с черным контуром. ""В декабре 2025 года базирующийся в Вирджинии стартап в сфере соцсетей Operation Bluebird решил запустить под названием Twitter собственную платформу и обратился в американскую службу выдачи патентов и регистрации торговых марок с просьбой аннулировать федеральные товарные знаки Twitter, аргументировав это тем, что корпорация X отказалась от них"", – сказано в сообщении. В ответ X подала на стартап иск в суд. Компанию обвинили в попытке украсть название и нарушить права на товарный знак. В итоге федеральный судья временно запретил Operation Bluebird использовать название Twitter. Суд также отказал X в просьбе заблокировать использование синей птицы с логотипа Twitter. После внесения X залога в размере $500 тыс. запрет вступил в силу 4 сентября 2026 года. Источник информации: Tochka.by Наш канал в Viber и Telegram . Присоединяйтесь! Есть о чем рассказать? Пишите в наш Telegram-бот . Это анонимно и быстро Больше новостей... Наш канал в Viber и Telegram . Присоединяйтесь! Есть о чем рассказать? Пишите в наш Telegram-бот . Это анонимно и быстро",a384ff1b9a754190768ce941bec496d3fc65645b03f920445f4f6dba4c0b9aa2,1802,false,1720,generic_html,,,,ограничение доступа,
1.0,https://brestcity.com/blog/vtoroj-etap-takticheskix-uchenij,БрестСИТИ,Брестская область,2026-09-05T08:41:05+00:00,homepage,Белорусские военные прибыли в РФ на второй этап тактических учений,REJECT,relevance_rejected,needs_text,нет связки социальной темы и проблемы,"TITLE: Белорусские военные прибыли в РФ на второй этап тактических учений
TEXT: На учениях белорусские военные повысят уровень слаженности подразделений, отработают новые тактические приемы и способы ведения боев. Белорусские военные ВВС и войск ПВО прибыли на российский полигон ""Ашулук"" для участия во втором этапе оперативно-тактического учения с боевой стрельбой, сообщили в пресс-службе министерства обороны республик. В том числе в учениях примут участие 115-й зенитный ракетный полк и 8-я радиотехническая бригада, которые ранее прибыли железнодорожным транспортом. В Минобороны сообщили, что личный состав уже разместился в полевом лагере. В ближайшие дни военнослужащим предстоит принять технику, подготовить ее к боевому применению и сдать зачеты на допуск к стрельбе ""В ходе учения белорусские военнослужащие повысят уровень слаженности подразделений, а также отработают новые тактические приемы и способы ведения противовоздушных и воздушных боев"", – говорится в сообщении. Первый этап оперативно-тактического учения ВВС и войск ПВО стартовал в Беларуси 25 августа. Тогда соединения и воинские части отработали обеспечение противовоздушного прикрытия охраняемых объектов и войск от ударов противника с воздуха. Источник информации: Sputnik Беларусь. Наш канал в Viber и Telegram . Присоединяйтесь! Есть о чем рассказать? Пишите в наш Telegram-бот . Это анонимно и быстро Больше новостей... Наш канал в Viber и Telegram . Присоединяйтесь! Есть о чем рассказать? Пишите в наш Telegram-бот . Это анонимно и быстро",fa86fa8bc7c8f9636dea2e93490fbd0f8d0a12fd57451e201c30f65c0aea6152,1522,false,1442,generic_html,,,,,
1.0,https://brestcity.com/blog/brestskaya-oblast-vnosit-dostojnyj,БрестСИТИ,Брестская область,2026-09-05T12:49:44+00:00,homepage,Брестская область вносит достойный вклад в вес хлебного каравая страны - Шулейко,REJECT,relevance_rejected,needs_text,нет связки социальной темы и проблемы,"TITLE: Брестская область вносит достойный вклад в вес хлебного каравая страны - Шулейко
TEXT: Брестская область вносит достойный вклад в вес хлебного каравая страны. Об этом заявил заместитель премьер-министра, уполномоченный главы государства в Брестской области Юрий Шулейко , передает корреспондент БЕЛТА . Юго-западный регион сегодня отмечает праздник урожая. Областные ""Дажынкі"" проходят в агрогородке Жемчужный Барановичского района. Юрий Шулейко зачитал со сцены приветственный адрес хлеборобам Брестчины от Президента. ""Хлеб - всему голова, и вы своим трудом знаете его цену"", - сказал вице-премьер, обращаясь к аграриям. Он вручил труженикам села заслуженные награды. В Брестской области намолотили 1 млн 636 тыс. т зерна с учетом рапса. По словам Юрия Шулейко, регион из года в год показывает стабильный результат, стремясь его увеличить. В планы вносят коррективы погодные условия, но аграрии принимают необходимые меры, чтобы нивелировать негативные последствия. ""По окончании уборочной, вместе с кукурузой, думаю, аграрии Брестчины покажут в очередной раз стабильный результат, - сказал заместитель премьер-министра. - Первыми начинают, первыми заканчивают. В оптимальные сроки все делают. Область технически укреплена. Регион вносит достойный вклад в хлебный каравай нашей страны"". Юрий Шулейко напомнил, что Президент поставил задачу получить в целом 12 млн т зерна с рапсом и кукурузой. Каждая область понимает свои цели, и подходит с ответственностью к их выполнению. Уборочная кампания движется к завершению. Параллельно аграрии заготавливают силос, занимаются севом, заботясь об урожае следующего года. Наш канал в Viber и Telegram . Присоединяйтесь! Есть о чем рассказать? Пишите в наш Telegram-бот . Это анонимно и быстро Больше новостей... Наш канал в Viber и Telegram . Присоединяйтесь! Есть о чем рассказать? Пишите в наш Telegram-бот . Это анонимно и быстро",d1e7d6d1cf28caba709d0158abd497fc1137fa190ecb3aad3aae266fce2788dc,1882,false,1788,generic_html,Брестская область,,,,
1.0,https://brestcity.com/blog/v-belarusi-vtoroj-raz-za-tri-mesyaca,БрестСИТИ,Брестская область,2026-09-05T12:02:36+00:00,homepage,В Беларуси второй раз за три месяца выявили схему незаконной поставки премиальных авто,REJECT,relevance_rejected,needs_text,нет связки социальной темы и проблемы,"TITLE: В Беларуси второй раз за три месяца выявили схему незаконной поставки премиальных авто
TEXT: Сотрудники таможни пресекли очередную незаконную схему доставки и продажи электрокаров и гибридов. На этот раз белорусская компания пыталась ввезти более 100 авто, в том числе Li, Mazda, Nissan и Polar Stone. Подробности рассказали в пресс-службе ГТК. Для таможенного оформления злоумышленники предоставляли документы, где указывали сведения о поставке авто в адрес подставных физлиц для личного пользования. На самом деле, как рассказали в ГТК, машины повторно продавали уже через компанию. Таким образом, участники схемы сэкономили на таможенных платежах и утильсборе на каждом автомобиле в среднем от 60 до 80 тыс. рублей. В итоге общий ущерб государству оценили в 7 млн рублей. Для его погашения изъяли более 40 транспортных средств. В отношении злоумышленников возбуждено уголовное дело. Им грозит ответственность вплоть до лишения свободы сроком на шесть лет. Напомним, три месяца назад в Беларуси также раскрыли схему поставки премиальных авто. Тогда в страну незаконно ввезли 300 машин Li, Voyah и Zeekr. Кроме того, установлены места хранения более 100 автомобилей стоимостью свыше 11 млн рублей, на которые наложен арест в счет возмещения ущерба. Источник информации: Officelife.by Наш канал в Viber и Telegram . Присоединяйтесь! Есть о чем рассказать? Пишите в наш Telegram-бот . Это анонимно и быстро Больше новостей... Наш канал в Viber и Telegram . Присоединяйтесь! Есть о чем рассказать? Пишите в наш Telegram-бот . Это анонимно и быстро",dd11eaf17147957a4b50f6a9a9e70443b8e194081bc131f9d1f5989a35548969,1552,false,1452,generic_html,Витебская область,Поставы,,,
1.0,https://brestcity.com/blog/gai-usilila-kontrol-za-bezopasnostyu,БрестСИТИ,Брестская область,2026-09-05T12:07:32+00:00,homepage,ГАИ усилила контроль за безопасностью на дорогах,REJECT,relevance_rejected,possible,нет связки социальной темы и проблемы,"TITLE: ГАИ усилила контроль за безопасностью на дорогах
TEXT: В выходные Госавтоинспекция уделяет максимум внимания предупреждению ДТП с тяжкими последствиями. Об этом БЕЛТА сообщили в главном управлении ГАИ МВД. По всей стране наряды ДПС контролируют дороги республиканского и местного значения для пресечения грубых нарушений ПДД как водителями, так и пешеходами, велосипедистами и пользователями средств персональной мобильности, особенно в вечернее и ночное время. Экипажи спецподразделения ДПС ""Стрела"" направлены в Брестскую область для оказания помощи территориальным подразделениям. Повышенное внимание уделяется своевременному выявлению нетрезвых участников дорожного движения, отстранению от управления бесправников. На особом контроле - мотоциклисты, а также уязвимые участники дорожного движения. Также стражи дорог обращают внимание на нестабильные погодные условия в эти выходные. ""Водителям следует выбирать безопасную скорость движения, отказаться от опасных маневров, не отвлекаться от управления, обеспечить безопасную перевозку пассажиров, особенно детей. Пешеходам и велосипедистам следует проявлять повышенную осторожность при движении вдоль проезжей части и при ее пересечении, в темноте обозначать себя световозвращающими элементами"", - подчеркнули в ГАИ. Наш канал в Viber и Telegram . Присоединяйтесь! Есть о чем рассказать? Пишите в наш Telegram-бот . Это анонимно и быстро Больше новостей... Наш канал в Viber и Telegram . Присоединяйтесь! Есть о чем рассказать? Пишите в наш Telegram-бот . Это анонимно и быстро",83cf14568b8c2a48f8ff6acc39baa60cd07bf6a004a285b76dd3094bde77da45,1539,false,1477,generic_html,,,дорога/улица,опасность/безопасность,
1.0,https://brestcity.com/blog/drevnij-supervulkan,БрестСИТИ,Брестская область,2026-09-05T05:35:56+00:00,homepage,Древний супервулкан нашли на побережье восточной Англии,REJECT,relevance_rejected,needs_text,иностранная тема в заголовке: англи,"TITLE: Древний супервулкан нашли на побережье восточной Англии
TEXT: На восточном побережье Англии обнаружили древний супервулкан. Породы оказались так сильно разрушены эрозией, что ученым потребовалось около 30 лет, чтобы восстановить его размеры и историю. Исследование показало, что вулкан произвел как минимум одно крупное извержение. Об этом сообщает MIR24.TV. Ученые проанализировали кристаллы циркона, взятые из скважин в Норфолке и Линкольншире. Шахты располагались на расстоянии 65 км друг от друга. Кристаллы часто используют для датировки древних пород, так как они содержат уран, который распадается на изотопы свинца с известной скоростью. Анализ показал, что возраст кристаллов совпадает с возрастом образцов из толстого слоя вулканического пепла, покрывающего Скандинавию и Балтийский регион. Согласно выводам ученых, пепловый шлейф от вулкана на территории современной восточной Англии переместился через Торнквистское море (водоем, существовавший в ордовикский период, от 488,3 до 443,7 млн лет назад) и осел на территории современной Скандинавии. Извержение, породившее такой выброс, должно было быть очень масштабным. Вероятно, оно также породило гигантские пирокластические потоки. Ученые описали катаклизм как ультраплинианское извержение. Это самый мощный тип вулканических взрывов, выбрасывающий более 1000 куб.км материала. Вероятно, извержение длилось от нескольких дней до нескольких недель и образовало облака пепла высотой более 40 км. В современной Англии сохранилось очень мало материала от этого извержения. Большая часть была размыта или погребена под более молодыми породами. Но известно, что недавно обнаруженный вулкан был частью более крупной вулканической системы, которая включала в себя национальный парк Эрири в Уэльсе и Озерный край на северо-западе Англии. Она была активна около 450 млн лет назад, сообщает Geological Society of America Bulletin.- Наш канал в Viber и Telegram . Присоединяйтесь! Есть о чем рассказать? Пишите в наш Telegram-бот . Это анонимно и быстро Больше новостей... Наш канал в Viber и Telegram . Присоединяйтесь! Есть о чем рассказать? Пишите в наш Telegram-бот . Это анонимно и быстро",688364cf831847a4fb225922100995fa11d5135d41ae64ef5ae47f30e8c415e9,2151,false,2082,generic_html,,,,повреждение/плохое состояние,
1.0,https://brestcity.com/blog/kvota-na-besposhlinnyj,БрестСИТИ,Брестская область,2026-09-05T08:43:31+00:00,homepage,"Квота на беспошлинный ввоз физлицами электромобилей исчерпана, но есть выход",REJECT,relevance_rejected,needs_text,нет связки социальной темы и проблемы,"TITLE: Квота на беспошлинный ввоз физлицами электромобилей исчерпана, но есть выход
TEXT: Квота на беспошлинный ввоз электромобилей физлицами исчерпана, сообщили в субботу в Государственном таможенном комитете Беларуси. ""Количественная квота по беспошлинному ввозу физическими лицами электромобилей исчерпана"", – говорится в сообщении. В ГТК предупредили, что теперь при планировании таможенного декларирования автомобилей необходимо учитывать, что придется уплачивать таможенную пошлину в размере 15% от стоимости транспортного средства. Таможенный комитет обратил внимание на то, что исчерпание квоты не распространяется на возможность физическим лицам ввозить электромобили, с даты выпуска которых прошло не менее пяти лет, в таком случае предусмотрено освобождение от НДС. Для юрлиц квота на беспошлинный ввоз была исчерпана в конце июля текущего года. Квоты на беспошлинный ввоз электромобилей для физических и юридических лиц были введены в Беларуси 7 мая. Лимит для физлиц составил 6,2 тысячи единиц, а для физических лиц – 13,8 тысячи. Источник информации: Sputnik Беларусь. Наш канал в Viber и Telegram . Присоединяйтесь! Есть о чем рассказать? Пишите в наш Telegram-бот . Это анонимно и быстро Больше новостей... Наш канал в Viber и Telegram . Присоединяйтесь! Есть о чем рассказать? Пишите в наш Telegram-бот . Это анонимно и быстро",bd98bf6519406b3c054e5792a92ccbc96949c7023d7b23d0948694dcb48f03ab,1343,false,1253,generic_html,,,,,
1.0,https://brestcity.com/blog/luchshix-truzhenikov,БрестСИТИ,Брестская область,2026-09-05T13:16:29+00:00,homepage,"Лучших тружеников чествуют на ""Дажынках"" в Брестской области",REJECT,relevance_rejected,needs_text,нет связки социальной темы и проблемы,"TITLE: Лучших тружеников чествуют на ""Дажынках"" в Брестской области
TEXT: Лучших тружеников Брестской области чествуют на фестивале-ярмарке ""Дажынкі"" в агрогородке Жемчужный Барановичского района, передает корреспондент БЕЛТА . В юго-западном регионе первыми завершили жатву и первыми в Беларуси отмечают праздник урожая. Один из ярких моментов ""Дажынак"" - шествие делегаций районов Брестской области. Гости фестиваля приветствовали аграриев и благодарили их за труд. Названы победители областного соревнования за достижение высоких показателей на уборке урожая зерновых и зернобобовых культур в 2026 году. Так, первое место занял Лунинецкий район. У него в этом году исторический результат. ""Здесь есть несколько факторов. Конечно, в первую очередь - системная государственная политика по поддержке сельского хозяйства. Приобретаем технику, в последние годы активно идет мелиорация. Мы как полесский район это особенно ощутили. Более 5,5 тыс. га у нас прошли через реконструкцию и капитальный ремонт за последние пять лет. Системно приобретаются минеральные удобрения. Нет проблем с обеспечением горюче-смазочными материалами"", - отметил председатель Лунинецкого райисполкома Александр Савина. Аграрии работают с семенным материалом, со средствами защиты растений. Но главное - труд людей. ""Лунинецкий район получил более 100 тыс. т зерна с рапсом. Как настоящие полешуки, работали люди от зари до зари и на уборке, и на севе. Занимались сопутствующими работами"", - добавил Александр Савина. В Лунинецком районе нацелены в будущем нынешний результат превзойти. Второе место в этом году у Столинского района. Третью позицию занял Ганцевичский район. ""В Ганцевичском районе впервые собрали 41 тыс. т зерна с учетом рапса. Такого урожая мы еще не получали. Хочется поблагодарить всех тружеников, которые приложили свои усилия. Результата удалось достичь благодаря трудолюбию людей, соблюдению технологий, поддержке государства и Брестской области. Один из факторов, скажем откровенно: в этом году нам повезло с погодой. Перспектива одна - стремиться к первому месту"", - подчеркнул председатель Ганцевичского райисполкома Павел Волчек. Примечательно, что районы-призеры расположены на Полесье. Земли там требуют особого подхода. Повысить урожайность культур удается благодаря в том числе программе по реконструкции и вовлечению в сельхозоборот мелиорированных земель. Во время церемонии чествования отмечены лучшие хозяйства, инженеры сельхозорганизаций, комбайнеры, водители, агрономы, операторы зерносушильных комплексов. Поощрены представители других профессий, которые помогали аграриям убирать урожай. Труженики удостоены благодарностей и почетных грамот, для них приготовлены ценные подарки. Наш канал в Viber и Telegram . Присоединяйтесь! Есть о чем рассказать? Пишите в наш Telegram-бот . Это анонимно и быстро Больше новостей... Наш канал в Viber и Telegram . Присоединяйтесь! Есть о чем рассказать? Пишите в наш Telegram-бот . Это анонимно и быстро",15c6c6999206122df9f0da67cb831a6db11bd56d528306a412d1f10ec3cfed02,2955,false,2881,generic_html,Брестская область,Барановичи,,,
1.0,https://brestcity.com/blog/nazvany-strany-gde-na-turistov,БрестСИТИ,Брестская область,2026-09-05T12:15:36+00:00,homepage,"Названы страны, где на туристов чаще всего нападают змеи",REJECT,relevance_rejected,needs_text,Evidence Binding: тема и проблема связаны только глубоко в тексте,"TITLE: Названы страны, где на туристов чаще всего нападают змеи
TEXT: Эксперты оценили риски столкновения с опасными пресмыкающимися, изучив медицинскую статистику за 18 лет. Международная группа ученых-токсикологов опровергла распространенное среди туристов мнение, что Австралия является самым змеиным местом на планете. Опубликован топ стран, где случается больше всего смертельных укусов, пишет портал ""Турпром"".По данным большого исследования Ливерпульской школы тропической медицины (LSTM), опубликованного в журнале PLOS Medicine, ежегодно в мире фиксируется от 2,1 до 7 млн случаев укусов змей, из которых до 513 тыс. инцидентов заканчиваются мучительной смертью. Ученые изучили медицинскую статистику за период с января 2007 года по март 2025-го из 79 государств. Сравнительный анализ показал, что 75% от всех случаев нападения змей в мире сконцентрированы в 20 странах. На активность фауны влияют климатический перегрев планеты и волны сильной жары. Причем текущие оценки рисков охватывают только зафиксированные случаи, в реальности же проблема может быть куда серьезнее. Где опаснее всего Рейтинг стран с большим числом случаев нападений змей возглавили азиатские и африканские макрорегионы. Известную другими опасностями Австралию вытеснили далеко за пределы первой двадцатки. На первом месте оказалась Индия. Там ежегодно регистрируется до 1,3 млн нападений змей. В основном кусают индийская кобра, цепочная гадюка, песчаная эфа, индийский крайт. Они также активны на отельных территориях Гоа в пик сезона. На второй строке расположилась Нигерия, где фиксируется до 666 тыс. инцидентов в год. Третьей стала Индонезия (включая курортный Бали) – до 490 тыс. случаев. На Суматре из-за затяжной засухи и лесных пожаров гигантские сетчатые питоны и королевские кобры стали перебираться ближе к бассейнам и пляжным виллам. Далее идут Демократическая Республика Конго (467 000), Эфиопия и Кения. На африканский континент к югу от Сахары официально приходится 45% всех глобальных смертей от укусов. В Кении змеи атакуют туристов во время сафари-туров. В первой девятке оказались Бангладеш, Уганда и Пакистан. А Бразилии досталось 10-е место с показателем до 162 тыс. укусов змей в год. Филиппины, Вьетнам (до 113 000) и Китай (до 97 400) замыкают азиатский рейтинг опасности. Во Вьетнаме (Нячанг, Фукуок) змеи активизируются на побережье сразу после завершения затяжных осенних муссонов. В некоторых отелях туристам уже рекомендуют не ходить по газонам, пляжам, а также темным тропинкам босиком или в открытых сланцах. Змеи ведут преимущественно сумеречный образ жизни и выползают на остывающий песок или плитку для охоты. Источник информации: Tochka.by Наш канал в Viber и Telegram . Присоединяйтесь! Есть о чем рассказать? Пишите в наш Telegram-бот . Это анонимно и быстро Больше новостей... Наш канал в Viber и Telegram . Присоединяйтесь! Есть о чем рассказать? Пишите в наш Telegram-бот . Это анонимно и быстро",e42c290ae531ed0d5ef3744e50c45cd1b06d31650c5a3fcc0b0f8569be87c76b,2920,false,2850,generic_html,,,медицина,опасность/безопасность,
1.0,https://brestcity.com/blog/dazhynki-v-2027-godu,БрестСИТИ,Брестская область,2026-09-05T14:48:01+00:00,homepage,"Областные ""Дажынкі"" в 2027 году пройдут в Столине",REJECT,relevance_rejected,needs_text,нет связки социальной темы и проблемы,"TITLE: Областные ""Дажынкі"" в 2027 году пройдут в Столине
TEXT: Фестиваль-ярмарку тружеников села Брестской области ""Дажынкі"" в 2027 году проведут в Столин е. Об этом сообщил председатель Брестского облисполкома Петр Пархомчик , передает корреспондент БЕЛТА . Агрогородок Жемчужный Барановичского района принимает ""Дажынкі-2026"". Атмосферу веселого и хлебосольного праздника создали сообща все города и районы Брестской области. Креативнее других на фестивале представил свое подворье Дрогичинский район. В праздничном шествии на ""Дажынках"" не было равных по колориту городу Бресту. Победителями конкурса караваев стали мастера Столинского района. По достоинству оценен труд умельцев Барановичского района за их арт-объект из соломы. Также Петр Пархомчик назвал хозяев следующих ""Дажынак"". В 2027 году эстафету областного фестиваля тружеников села примет Столинский район. ""Мы очень долго думали, совещались. Было большое количество предложений. Предлагались разные города и районы. Решили, что мы повторим историю: спустя 30 лет ""Дыжынкі"" снова пройдут в Столине"", - сказал председатель Брестского облисполкома. Первые в истории Беларуси ""Дажынкі"" прошли именно в Столине. Наш канал в Viber и Telegram . Присоединяйтесь! Есть о чем рассказать? Пишите в наш Telegram-бот . Это анонимно и быстро Больше новостей... Наш канал в Viber и Telegram . Присоединяйтесь! Есть о чем рассказать? Пишите в наш Telegram-бот . Это анонимно и быстро",768c0d15840b0f4622d54c379473d3320ca99c018e1196b3b95bf1f5c4ab86b9,1433,false,1370,generic_html,Брестская область,Столин,,,
1.0,https://brestcity.com/blog/slazhennaya-rabota,БрестСИТИ,Брестская область,2026-09-05T13:22:32+00:00,homepage,Слаженная работа большой команды профессионалов. Пархомчик о слагаемых весомого урожая,REJECT,relevance_rejected,needs_text,политическая тема: лукашенко,"TITLE: Слаженная работа большой команды профессионалов. Пархомчик о слагаемых весомого урожая
TEXT: Слаженная работа большой команды профессионалов дает плоды в получении весомого урожая. Такое мнение высказал председатель Брестского облисполкома Петр Пархомчик во время церемонии награждения на областном фестивале тружеников села ""Дажынкі"" в агрогородке Жемчужный Барановичского района, передает корреспондент БЕЛТА . Петр Пархомчик обратил внимание, что Жемчужный преобразился за довольно короткое время. К ""Дажынкам"" в агрогородке благоустроили улицы и дома, обновили школу и амбулаторию, открыли стадион. В Новомышском аграрном колледже для будущих аграриев обустроили передовые лаборатории и мастерские. Председатель Брестского облисполкома подчеркнул, что создать комфортные условия для жизни людей не менее важно. ""Сделать жизнь сельчан лучше и воспитать достойных преемников героев жатвы - в этом и заключается основная идея праздника ""Дажынкі"". Она была предложена 30 лет назад Президентом Александром Лукашенко. Сегодня мы в очередной раз убеждаемся, насколько эта традиция стала значимой и по-настоящему народной. История ""Дажынак"" - история тех, кто выбрал делом своей жизни работу на земле, готов спорить с природой за каждый погожий день, осваивать новые технику и технологии для высокого урожая. А еще это судьба десятков городов и поселков, которые после ""Дажынак"" получили импульс для дальнейшего развития"", - отметил Петр Пархомчик. В юго-западном регионе в этом году уродил озимый рапс. Его валовой намолот - около 237 тыс. т. Он превзошел прошлогодний на треть, урожайность выросла на 6,5 ц. ""Достойный результат, причем прибавили все без исключения районы"", - уточнил председатель облисполкома. Наш канал в Viber и Telegram . Присоединяйтесь! Есть о чем рассказать? Пишите в наш Telegram-бот . Это анонимно и быстро Больше новостей... Наш канал в Viber и Telegram . Присоединяйтесь! Есть о чем рассказать? Пишите в наш Telegram-бот . Это анонимно и быстро",f7c8080e182e6491b3277c0cbfcd5bc000b3eb907fa6b77793b6080a310da4c8,1977,false,1877,generic_html,Брестская область,Барановичи,,,
1.0,https://brestcity.com/blog/k-oblastnym-dazhynkam,БрестСИТИ,Брестская область,2026-09-05T10:22:58+00:00,homepage,"Учебно-производственные мастерские обновили в Новомышском аграрном колледже к областным ""Дажынкам""",REJECT,relevance_rejected,needs_text,нет связки социальной темы и проблемы,"TITLE: Учебно-производственные мастерские обновили в Новомышском аграрном колледже к областным ""Дажынкам""
TEXT: Обновленные учебно-производственные мастерские открыли 5 сентября в Новомышском аграрном колледже, передает корреспондент БЕЛТА . В мероприятии приняли участие заместитель премьер-министра Юрий Шулейко , председатель Постоянной комиссии Совета Республики Национального собрания по законодательству и государственному строительству, уполномоченный представитель главы государства в Брестской области Михаил Русый, помощник Президента - инспектор по Брестской области Александр Ломский, председатель Брестского облисполкома Петр Пархомчик и другие почетные гости. ""Сегодня Брестский регион чествует передовиков жнива. Конечно, в первую очередь - слова благодарности. Первый регион всегда включается в любые виды работ первым, поскольку это более южная территория. В текущем году ситуация на полях была непростой, засуха сильнее всего затронула Брестскую и Гомельскую области"", - отметил первый заместитель министра сельского хозяйства и продовольствия Виталий Кулак. Несмотря на климатические вызовы, Брестская область внесла в общереспубликанский каравай пятую часть урожая. ""Это говорит о том, что регион работает технологично, что позволило ему достойно выйти с хорошим урожаем. Хотелось бы отдельно отметить заслугу наших тружеников села. Они трудились на хлеб, на тот урожай, который мы сегодня чествуем. Хочу подчеркнуть роль специалистов, которые умеют своевременно реагировать на погодные изменения. Это крайне важно - вовремя оценить ситуацию и дать следующий толчок развитию, несмотря на внешние обстоятельства. Даже в этом году климатические условия привели к серьезной корректировке структуры посевных площадей. Мы сумели перестроить озимый сев, подкорректировать его с учетом сложившихся условий"", - сказал Виталий Кулак. ""Посещая Новомышский колледж, хочется отметить: насколько качественно мы подготовим механизаторов и специалистов, настолько успешным будет дальнейшее развитие отрасли. То, что сделано в колледже, - результат работы областного руководства и организаций, которые создают технику для села. Это комплексный подход: современное оборудование, цифровизация, новые технологии. Все это позволит обучать специалистов на более высоком уровне. Молодежь сегодня другая, и мы обязаны создать условия, чтобы дети шли учиться с радостью, чтобы в такие учреждения был конкурс"", - подчеркнул первый замминистра сельского хозяйства и продовольствия. В рамках подготовки к фестивалю-ярмарке ""Дажынкі"", который сегодня проходит в агрогородке Жемчужный, в колледже обновили фасад здания, благоустроили территорию и выполнили текущий ремонт мастерских. ""К началу учебного года мы полностью обновили учебно-производственные мастерские, спортивную площадку с искусственным покрытием, автодромы для тракторов и автомобилей. Все это сделано для того, чтобы будущие специалисты обучались в современных и безопасных условиях. К слову, в этом году мы увеличили набор: 118 человек поступили на специальность тракторист, а всего первокурсников - 174. Сейчас в колледже обучаются 444 учащихся"", - подчеркнул директор Новомышского аграрного колледжа Виктор Хорошко. Главным элементом обновления стала лаборатория точного земледелия - первая в Брестской области. Она оснащена цифровыми тренажерами, позволяющими моделировать реальные процессы управления сельскохозяйственной техникой. Здесь установили систему автоматического вождения трактора двух моделей и систему управления опрыскивателем. Учащиеся могут отрабатывать навыки работы с современными цифровыми технологиями в земледелии. Кроме того, в колледже обновлены лаборатории устройства агрегатируемой техники и оборудования, теории и конструкции двигателей, устройства колесных тракторов и самоходных машин, а также мастерская по техническому обслуживанию автомобилей. Для практики закупили три энергонасыщенных трактора и два автомобиля МАЗ. Подготовили модульный интерактивный комплекс - симулятор кабины зерноуборочного комбайна. К областным ""Дажынкам"" отремонтировали и стадион средней школы в Жемчужном, где сегодня ФК ""Динамо-Брест"" проведет турнир среди девочек 2014 года рождения и организует автограф-сессию известных белорусских футболистов. Наш канал в Viber и Telegram . Присоединяйтесь! Есть о чем рассказать? Пишите в наш Telegram-бот . Это анонимно и быстро Больше новостей... Наш канал в Viber и Telegram . Присоединяйтесь! Есть о чем рассказать? Пишите в наш Telegram-бот . Это анонимно и быстро",174a3fda0b4e027cc8b784fc676a2fcfad1576742144ca1cb97f9804538cef85,4480,false,4368,generic_html,,,,,
1.0,https://virtualbrest.ru/news191117.php,Виртуальный Брест,Брестская область,2026-09-05T12:21:51+00:00,feed:https://virtualbrest.ru/rss/news.php | sitemap:https://virtualbrest.ru/sitemap.xml | sitemap:https://virtualbrest.ru/sitemap_new.xml | sitemap:https://virtualbrest.ru/sitemap_yandex.xml,Twitter оказался под запретом в США – суд встал на сторону соцсети X,REJECT,relevance_rejected,possible,нет связки социальной темы и проблемы,"TITLE: Twitter оказался под запретом в США – суд встал на сторону соцсети X
SUMMARY: Ограничение пока временное, однако судьи будут разбираться в вопросе. Товарный знак и название Twitter оказались в центре судебных разбирательств в США, передает ТАСС. Иск соцсети X к стартапу Operation Bluebird был частично удовлетворен и частично отклонен. Окружной суд в штате Делавэр запретил Operation Bluebird использовать название Twitter на время разбирательства по иску соцсети X, которая ранее носила название Twitter. В октябре 2022-го Илон Маск закрыл сделку по покупке компании Twitter. Спустя некоторое время, в июле 2023-го, он объявил о ее ребрендинге. С тех пор соцсеть носит название X. Птицу на логотипе заменили белой буквой X с черным контуром. ""В декабре 2025 года базирующийся в Вирджинии стартап в сфере соцсетей Operation Bluebird решил запустить под названием Twitter собственную платформу и обратился в американскую службу выдачи патентов и регистрации торговых марок с просьбой аннулировать федеральные товарные знаки Twitter, аргументировав это тем, что корпорация X отказалась от них"", – сказано в сообщении. В ответ X подала на стартап иск в суд. Компанию обвинили в попытке украсть название и нарушить права на товарный знак. В итоге федеральный судья временно запретил Operation Bluebird использовать название Twitter. Суд также отказал X в просьбе заблокировать использование синей птицы с логотипа Twitter. После внесения X залога в размере $500 тыс. запрет вступил в силу 4 сентября 2026 года. Робот Илона Маска подрался с человеком В интернете разошлись кадры, где робот компании Tesla – человекоподобный Optimus – веселит гостей на красной дорожке перед премьерой третьей части кинофраншизы ""Трон"". Там он показывает различные трюки и даже приемы карате. Однако выяснилось, что несколькими месяцами ранее робот такой же модели устроил скандал – напал на инженера компании Tesla Питера Хинтердоблера. Пострадавший подал судебный иск. В заявлении, поданном в Высший суд округа Аламеда, сказано, что машина Tesla неожиданно ожила во время ночной смены, набросилась на инженера и прижала его с огромной силой к столу, нанеся внушительные травмы. К счастью, коллеги быстро пришли на помощь пострадавшему и отключили робота. Хинтердоблер утверждает, что получил несколько повреждений плеча, шеи и спины, а также психологическую травму. Стремясь привлечь компанию к ответственности за халатность, он требует возмещения ущерба за медицинские счета, потерю заработной платы и моральный вред, а также штрафных санкций за то, что его адвокат назвал ""умышленным и безрассудным пренебрежением"" безопасностью сотрудников. ... подробности
TEXT: Ограничение пока временное, однако судьи будут разбираться в вопросе. Товарный знак и название Twitter оказались в центре судебных разбирательств в США, передает ТАСС. Иск соцсети X к стартапу Operation Bluebird был частично удовлетворен и частично отклонен. Окружной суд в штате Делавэр запретил Operation Bluebird использовать название Twitter на время разбирательства по иску соцсети X, которая ранее носила название Twitter. В октябре 2022-го Илон Маск закрыл сделку по покупке компании Twitter. Спустя некоторое время, в июле 2023-го, он объявил о ее ребрендинге. С тех пор соцсеть носит название X. Птицу на логотипе заменили белой буквой X с черным контуром. ""В декабре 2025 года базирующийся в Вирджинии стартап в сфере соцсетей Operation Bluebird решил запустить под названием Twitter собственную платформу и обратился в американскую службу выдачи патентов и регистрации торговых марок с просьбой аннулировать федеральные товарные знаки Twitter, аргументировав это тем, что корпорация X отказалась от них"", – сказано в сообщении. В ответ X подала на стартап иск в суд. Компанию обвинили в попытке украсть название и нарушить права на товарный знак. В итоге федеральный судья временно запретил Operation Bluebird использовать название Twitter. Суд также отказал X в просьбе заблокировать использование синей птицы с логотипа Twitter. После внесения X залога в размере $500 тыс. запрет вступил в силу 4 сентября 2026 года. В интернете разошлись кадры, где робот компании Tesla – человекоподобный Optimus – веселит гостей на красной дорожке перед премьерой третьей части кинофраншизы ""Трон"". Там он показывает различные трюки и даже приемы карате. Однако выяснилось, что несколькими месяцами ранее робот такой же модели устроил скандал – напал на инженера компании Tesla Питера Хинтердоблера. Пострадавший подал судебный иск. В заявлении, поданном в Высший суд округа Аламеда, сказано, что машина Tesla неожиданно ожила во время ночной смены, набросилась на инженера и прижала его с огромной силой к столу, нанеся внушительные травмы. К счастью, коллеги быстро пришли на помощь пострадавшему и отключили робота. Хинтердоблер утверждает, что получил несколько повреждений плеча, шеи и спины, а также психологическую травму. Стремясь привлечь компанию к ответственности за халатность, он требует возмещения ущерба за медицинские счета, потерю заработной платы и моральный вред, а также штрафных санкций за то, что его адвокат назвал ""умышленным и безрассудным пренебрежением"" безопасностью сотрудников.",148a9cc96ec905f2b3ba7532d899ea5ca2637d14a1d22b944341ae2fef8eb55e,5159,false,2506,generic_html,,,,ограничение доступа,
1.0,https://virtualbrest.ru/news191107.php,Виртуальный Брест,Брестская область,2026-09-05T10:32:43+00:00,feed:https://virtualbrest.ru/rss/news.php | sitemap:https://virtualbrest.ru/sitemap.xml | sitemap:https://virtualbrest.ru/sitemap_new.xml | sitemap:https://virtualbrest.ru/sitemap_yandex.xml,«В рот не полезет»: фермер снова «крутит» цены – теперь сало не для всех,REJECT,relevance_rejected,strong,Result Integrity: реакция на цену одного частного продавца,"TITLE: «В рот не полезет»: фермер снова «крутит» цены – теперь сало не для всех
SUMMARY: Стоимость обычных продуктов реально может удивить и вызвать приличные споры.Белорусский фермер-блогер снова активно хайпит в TikTok. Он продолжил возмущать многих пользователей ценами на свою продукцию – хейтеров собрал уже немало.Узнали, почему в этот раз люди так недовольны стоимостью домашнего сала.Итак, любимый многими продукт фермер планирует продавать по 40 BYN за килограмм.""Просолилось мое сало"", – сказал блогер, показывая домашний продукт.Мужчина подчеркнул, что сало очень мягкое и легко протыкается спичкой.""Это премиум"", – продолжил он невероятно нахваливать свой продукт.Многие пользователи традиционно начали возмущаться ценнику. Вот лишь некоторые комментарии (авторские орфография и пунктуация сохранены):""В Слуцке у ребят такое же сало 18р, хлопцы продают, а ты за 40""""Цена этому сало 20 р""""У меня по 25р – крычат дорого""""В Полоцке 22р фермерское, мягкое, а тут перекуп""""Ты лучший, давай дави хэйтеров""""Оно не просалилось. Если б пару месяцев в марле и соли полежало, тогда да. А так – это резина свежая"".Ранее этот фермер уже шокировал ценами, рекламируя домашнюю мясную продукцию в TikTok. Тогда возмущение вызвала свинина, которую он продавал по 70 BYN за 1 кг.Мужчина рассказал, что сделал сырокопченую вырезку, грудинку и полендвицу. По словам тиктокера, на приготовление такой свинины уходит неделя.Тогда фермер тоже столкнулся с хейтом в соцсети. Пользователи начали активно комментировать видео. Практически всех возмутила цена свиной продукции. Люди считают, что это очень дорого и стоимость не обоснована.... подробности
TEXT: Стоимость обычных продуктов реально может удивить и вызвать приличные споры. Белорусский фермер-блогер снова активно хайпит в TikTok. Он продолжил возмущать многих пользователей ценами на свою продукцию – хейтеров собрал уже немало. Узнали, почему в этот раз люди так недовольны стоимостью домашнего сала. Итак, любимый многими продукт фермер планирует продавать по 40 BYN за килограмм. ""Просолилось мое сало"", – сказал блогер, показывая домашний продукт. Мужчина подчеркнул, что сало очень мягкое и легко протыкается спичкой. ""Это премиум"", – продолжил он невероятно нахваливать свой продукт. Многие пользователи традиционно начали возмущаться ценнику. Вот лишь некоторые комментарии (авторские орфография и пунктуация сохранены): Ранее этот фермер уже шокировал ценами, рекламируя домашнюю мясную продукцию в TikTok. Тогда возмущение вызвала свинина, которую он продавал по 70 BYN за 1 кг. Мужчина рассказал, что сделал сырокопченую вырезку, грудинку и полендвицу. По словам тиктокера, на приготовление такой свинины уходит неделя. Тогда фермер тоже столкнулся с хейтом в соцсети. Пользователи начали активно комментировать видео. Практически всех возмутила цена свиной продукции. Люди считают, что это очень дорого и стоимость не обоснована.",db41f4376fa0e498cb06f654938faef8d37aed0520e31a5744dac83b038f5394,2890,false,1244,generic_html,,,,общественный резонанс,
1.0,https://virtualbrest.ru/news191111.php,Виртуальный Брест,Брестская область,2026-09-05T10:49:08+00:00,feed:https://virtualbrest.ru/rss/news.php | sitemap:https://virtualbrest.ru/sitemap.xml | sitemap:https://virtualbrest.ru/sitemap_new.xml | sitemap:https://virtualbrest.ru/sitemap_yandex.xml,«Исторический момент». ООН поддержала отказ от привычной карты мира,REJECT,relevance_rejected,possible,нет связки социальной темы и проблемы,"TITLE: «Исторический момент». ООН поддержала отказ от привычной карты мира
SUMMARY: Генеральная Ассамблея ООН поддержала резолюцию с призывом отказаться от привычной проекции Меркатора в тех случаях, когда важно точно показывать соотношение площадей стран и континентов. За документ, предложенный Того и поддержанный странами Африканского союза, проголосовали 164 государства, шесть воздержались, только США выступили против.Проекция Меркатора используется с XVI века и удобна для навигации, однако сильно искажает размеры территорий: чем дальше от экватора, тем крупнее они выглядят. Например, на некоторых картах Гренландия кажется сопоставимой по размеру с Африкой, хотя в реальности площадь Африки почти в 14 раз больше.Резолюция предлагает правительствам, школам, международным организациям и технологическим компаниям чаще использовать проекцию Equal Earth и другие карты, сохраняющие реальные соотношения площадей.Министр иностранных дел Того Робер Дюссе назвал голосование ""историческим моментом"" и заявил, что речь идет не только о картографии, но и о ""справедливости, достоинстве и равноправии"".США стали единственной страной, проголосовавшей против, назвав инициативу частью ""радикального идеологического проекта"". Франция уже объявила, что намерена отказаться от проекции Меркатора в пользу более точных картографических изображений, сообщает France 24.... подробности
TEXT: Генеральная Ассамблея ООН поддержала резолюцию с призывом отказаться от привычной проекции Меркатора в тех случаях, когда важно точно показывать соотношение площадей стран и континентов. За документ, предложенный Того и поддержанный странами Африканского союза, проголосовали 164 государства, шесть воздержались, только США выступили против. Проекция Меркатора используется с XVI века и удобна для навигации, однако сильно искажает размеры территорий: чем дальше от экватора, тем крупнее они выглядят. Например, на некоторых картах Гренландия кажется сопоставимой по размеру с Африкой, хотя в реальности площадь Африки почти в 14 раз больше. Резолюция предлагает правительствам, школам, международным организациям и технологическим компаниям чаще использовать проекцию Equal Earth и другие карты, сохраняющие реальные соотношения площадей. Министр иностранных дел Того Робер Дюссе назвал голосование «историческим моментом» и заявил, что речь идет не только о картографии, но и о «справедливости, достоинстве и равноправии». США стали единственной страной, проголосовавшей против, назвав инициативу частью «радикального идеологического проекта». Франция уже объявила, что намерена отказаться от проекции Меркатора в пользу более точных картографических изображений, сообщает France 24.",97f49b02a58c8f296f7a14de8f735fbd4eb46144909d54c69b85f91028b8f558,2672,false,1285,generic_html,Витебская область,Поставы,школа/детский сад,,
1.0,https://virtualbrest.ru/news191112.php,Виртуальный Брест,Брестская область,2026-09-05T10:49:51+00:00,feed:https://virtualbrest.ru/rss/news.php | sitemap:https://virtualbrest.ru/sitemap.xml | sitemap:https://virtualbrest.ru/sitemap_new.xml | sitemap:https://virtualbrest.ru/sitemap_yandex.xml,«Такого вообще не должно было произойти». Хакеры опубликовали более пяти терабайтов данных властей Берлина,REJECT,relevance_rejected,possible,нет связки социальной темы и проблемы,"TITLE: «Такого вообще не должно было произойти». Хакеры опубликовали более пяти терабайтов данных властей Берлина
SUMMARY: Хакерская группировка Rhysida выложила в даркнет 5,26 терабайта данных, похищенных у властей Берлина, после отказа Сената заплатить около 2 млн евро выкупа. По информации BILD, опубликовано почти 1,44 млн файлов, среди которых могут быть планы действий при чрезвычайных ситуациях, банковские реквизиты, телефоны, адреса и другие персональные данные.Особую тревогу вызывают документы, связанные с реагированием на химические, биологические, радиологические и ядерные угрозы. В массиве также обнаружены свидетельства о рождении, списки сотрудников, строительные планы, инструкции на случай ЧС и материалы земельного управления уголовной полиции. Полный масштаб утечки пока неизвестен из-за огромного объема данных.Эксперт ХДС по безопасности Родерих Кизеветтер заявил BILD, что власти правильно отказались платить выкуп, но добавил, что ""такого вообще не должно было произойти"". По его словам, особенно серьезной была бы утечка закрытых каналов связи и кризисных планов.Журналист-расследователь Ларс Винкельсдорф, изучивший часть файлов, утверждает, что среди них есть документы о действиях в случае обороны и секретных каналах связи федерального правительства. Он предупредил, что такая информация потенциально может облегчить атаки на критическую инфраструктуру немецкой столицы.... подробности
TEXT: Хакерская группировка Rhysida выложила в даркнет 5,26 терабайта данных, похищенных у властей Берлина, после отказа Сената заплатить около 2 млн евро выкупа. По информации BILD, опубликовано почти 1,44 млн файлов, среди которых могут быть планы действий при чрезвычайных ситуациях, банковские реквизиты, телефоны, адреса и другие персональные данные. Особую тревогу вызывают документы, связанные с реагированием на химические, биологические, радиологические и ядерные угрозы. В массиве также обнаружены свидетельства о рождении, списки сотрудников, строительные планы, инструкции на случай ЧС и материалы земельного управления уголовной полиции. Полный масштаб утечки пока неизвестен из-за огромного объема данных. Эксперт ХДС по безопасности Родерих Кизеветтер заявил BILD, что власти правильно отказались платить выкуп, но добавил, что «такого вообще не должно было произойти». По его словам, особенно серьезной была бы утечка закрытых каналов связи и кризисных планов. Журналист-расследователь Ларс Винкельсдорф, изучивший часть файлов, утверждает, что среди них есть документы о действиях в случае обороны и секретных каналах связи федерального правительства. Он предупредил, что такая информация потенциально может облегчить атаки на критическую инфраструктуру немецкой столицы.",99486d950ae53908679fee79a2c2ba6f8bea423e4616dc9fc95ded45df668d17,2706,false,1282,generic_html,,,,,
1.0,https://virtualbrest.ru/news191122.php,Виртуальный Брест,Брестская область,2026-09-05T12:47:17+00:00,feed:https://virtualbrest.ru/rss/news.php | sitemap:https://virtualbrest.ru/sitemap.xml | sitemap:https://virtualbrest.ru/sitemap_new.xml | sitemap:https://virtualbrest.ru/sitemap_yandex.xml,Беларусбанк меняет правила работы с чужими картами в приложении: что делать клиентам,REJECT,relevance_rejected,possible,нет связки социальной темы и проблемы,"TITLE: Беларусбанк меняет правила работы с чужими картами в приложении: что делать клиентам
SUMMARY: С 1 октября в мобильном приложении M-Belarusbank будет отключена возможность добавления карт, не принадлежащих пользователю. Ранее такая опция была востребована. С ее помощью удобно было помогать родственникам распоряжаться счетом или вести совместный бюджет. ""Но для предупреждения мошеннических операций такой возможности скоро больше не будет"", – предупредили в Беларусбанке. Что делать клиентам? 1) До 1 октября самостоятельно удалить из приложения не свои карты. Для этого в приложении нужно перейти в раздел ""Карты"", выбрать нужную карту, открыть ""Настройки"" и нажать ""Удалить карту"". Если этого не сделать, то пользоваться в приложении M-Belarusbank всеми картами будет нельзя. Но сами карты или счета не блокируются. Ими можно и дальше пользоваться в магазинах и других организациях. 2) Оформить дополнительную карту к счету другого лица и зарегистрировать ее в приложении. Такую карту может выпустить владелец счета — в любом отделении банка. При этом родственные связи не имеют значения. Обновленный порядок работы позволит сохранить возможность совместных финансовых операций, обеспечив при этом дополнительный уровень безопасности денежных средств.... подробности
TEXT: С 1 октября в мобильном приложении M-Belarusbank будет отключена возможность добавления карт, не принадлежащих пользователю. Ранее такая опция была востребована. С ее помощью удобно было помогать родственникам распоряжаться счетом или вести совместный бюджет. «Но для предупреждения мошеннических операций такой возможности скоро больше не будет», – предупредили в Беларусбанке. 1) До 1 октября самостоятельно удалить из приложения не свои карты. Для этого в приложении нужно перейти в раздел «Карты», выбрать нужную карту, открыть «Настройки» и нажать «Удалить карту». Если этого не сделать, то пользоваться в приложении M-Belarusbank всеми картами будет нельзя. Но сами карты или счета не блокируются. Ими можно и дальше пользоваться в магазинах и других организациях. 2) Оформить дополнительную карту к счету другого лица и зарегистрировать ее в приложении. Такую карту может выпустить владелец счета — в любом отделении банка. При этом родственные связи не имеют значения. Обновленный порядок работы позволит сохранить возможность совместных финансовых операций, обеспечив при этом дополнительный уровень безопасности денежных средств.",c5d8ecb0b1228811ad78676ccb78b2d5f6952365455940087d41e2dcbfa8adfa,2422,false,1139,generic_html,,,,,
1.0,https://virtualbrest.ru/news191097.php,Виртуальный Брест,Брестская область,2026-09-05T08:52:01+00:00,feed:https://virtualbrest.ru/rss/news.php | sitemap:https://virtualbrest.ru/sitemap.xml | sitemap:https://virtualbrest.ru/sitemap_new.xml | sitemap:https://virtualbrest.ru/sitemap_yandex.xml,"Белоруска присвоила деньги, собранные школьным попечительским советом",REJECT,relevance_rejected,possible,нет связки социальной темы и проблемы,"TITLE: Белоруска присвоила деньги, собранные школьным попечительским советом
SUMMARY: В отношении женщины возбуждено уголовное дело о мошенничестве. В Гродно председательница попечительского совета одной из школ забрала себе деньги, собранные как добровольные взносы. Женщина призналась, что потратила деньги на личные нужды, объяснив это сложным материальным положением. Забрала ""от безысходности"" 32-летняя гродненка возглавляла попечительский совет школы. Деньги, которые родители и другие жертвователи перечисляли на нужды учебного заведения, она забирала себе. Когда факт вскрылся, женщина призналась в содеянном. По ее словам, к этому шагу ее подтолкнула безысходность: после увольнения она осталась без средств к существованию, а на руках – ребенок. Общий ущерб составил 3640 BYN – сумма, которую она не смогла вернуть. В отношении женщины возбуждено уголовное дело о мошенничестве. Ей грозит ответственность по соответствующей статье Уголовного кодекса. Белорус украл 90 тысяч рублей из сейфа Ранее писали о другом случае присвоения средств. Бывший работник проник на охраняемую территорию предприятия ночью. В кабинете руководителя нашел ключ от сейфа, в котором обнаружил 90 тыс BYN. Крупная сумма перекочевала в карман уволенного сотрудника. Часть денег мужчина сразу отложил на развлечения и покупки. Оставшиеся разложил по стеклянным банкам и закопал в подполье своего дома, а также на даче у сожительницы. Следователи нашли большую часть похищенного. За кражу в особо крупном размере мужчина может получить до 12 лет лишения свободы. ... подробности
TEXT: В отношении женщины возбуждено уголовное дело о мошенничестве. В Гродно председательница попечительского совета одной из школ забрала себе деньги, собранные как добровольные взносы. Женщина призналась, что потратила деньги на личные нужды, объяснив это сложным материальным положением. 32-летняя гродненка возглавляла попечительский совет школы. Деньги, которые родители и другие жертвователи перечисляли на нужды учебного заведения, она забирала себе. Когда факт вскрылся, женщина призналась в содеянном. По ее словам, к этому шагу ее подтолкнула безысходность: после увольнения она осталась без средств к существованию, а на руках – ребенок. Общий ущерб составил 3640 BYN – сумма, которую она не смогла вернуть. В отношении женщины возбуждено уголовное дело о мошенничестве. Ей грозит ответственность по соответствующей статье Уголовного кодекса. Ранее писали о другом случае присвоения средств. Бывший работник проник на охраняемую территорию предприятия ночью. В кабинете руководителя нашел ключ от сейфа, в котором обнаружил 90 тыс BYN. Крупная сумма перекочевала в карман уволенного сотрудника. Часть денег мужчина сразу отложил на развлечения и покупки. Оставшиеся разложил по стеклянным банкам и закопал в подполье своего дома, а также на даче у сожительницы. Следователи нашли большую часть похищенного. За кражу в особо крупном размере мужчина может получить до 12 лет лишения свободы.",ce56b019af4aa69c22fafb49d8fec65a7b7564f9f183466042d5dd880abe3c16,2965,false,1395,generic_html,,,школа/детский сад,,
1.0,https://virtualbrest.ru/news191118.php,Виртуальный Брест,Брестская область,2026-09-05T12:28:46+00:00,feed:https://virtualbrest.ru/rss/news.php | sitemap:https://virtualbrest.ru/sitemap.xml | sitemap:https://virtualbrest.ru/sitemap_new.xml | sitemap:https://virtualbrest.ru/sitemap_yandex.xml,Брестская область вносит достойный вклад в вес хлебного каравая страны - Шулейко,REJECT,relevance_rejected,possible,нет связки социальной темы и проблемы,"TITLE: Брестская область вносит достойный вклад в вес хлебного каравая страны - Шулейко
SUMMARY: Брестская область вносит достойный вклад в вес хлебного каравая страны. Об этом заявил заместитель премьер-министра, уполномоченный главы государства в Брестской области Юрий Шулейко, передает корреспондент БЕЛТА. Юго-западный регион сегодня отмечает праздник урожая. Областные ""Дажынкі"" проходят в агрогородке Жемчужный Барановичского района. Юрий Шулейко зачитал со сцены приветственный адрес хлеборобам Брестчины от Президента. ""Хлеб - всему голова, и вы своим трудом знаете его цену"", - сказал вице-премьер, обращаясь к аграриям. Он вручил труженикам села заслуженные награды. В Брестской области намолотили 1 млн 636 тыс. т зерна с учетом рапса. По словам Юрия Шулейко, регион из года в год показывает стабильный результат, стремясь его увеличить. В планы вносят коррективы погодные условия, но аграрии принимают необходимые меры, чтобы нивелировать негативные последствия. ""По окончании уборочной, вместе с кукурузой, думаю, аграрии Брестчины покажут в очередной раз стабильный результат, - сказал заместитель премьер-министра. - Первыми начинают, первыми заканчивают. В оптимальные сроки все делают. Область технически укреплена. Регион вносит достойный вклад в хлебный каравай нашей страны"". Юрий Шулейко напомнил, что Президент поставил задачу получить в целом 12 млн т зерна с рапсом и кукурузой. Каждая область понимает свои цели, и подходит с ответственностью к их выполнению. Уборочная кампания движется к завершению. Параллельно аграрии заготавливают силос, занимаются севом, заботясь об урожае следующего года. ... подробности
TEXT: Брестская область вносит достойный вклад в вес хлебного каравая страны. Об этом заявил заместитель премьер-министра, уполномоченный главы государства в Брестской области Юрий Шулейко, передает корреспондент БЕЛТА. Юго-западный регион сегодня отмечает праздник урожая. Областные ""Дажынкі"" проходят в агрогородке Жемчужный Барановичского района. Юрий Шулейко зачитал со сцены приветственный адрес хлеборобам Брестчины от Президента. ""Хлеб - всему голова, и вы своим трудом знаете его цену"", - сказал вице-премьер, обращаясь к аграриям. Он вручил труженикам села заслуженные награды. В Брестской области намолотили 1 млн 636 тыс. т зерна с учетом рапса. По словам Юрия Шулейко, регион из года в год показывает стабильный результат, стремясь его увеличить. В планы вносят коррективы погодные условия, но аграрии принимают необходимые меры, чтобы нивелировать негативные последствия. ""По окончании уборочной, вместе с кукурузой, думаю, аграрии Брестчины покажут в очередной раз стабильный результат, - сказал заместитель премьер-министра. - Первыми начинают, первыми заканчивают. В оптимальные сроки все делают. Область технически укреплена. Регион вносит достойный вклад в хлебный каравай нашей страны"". Юрий Шулейко напомнил, что Президент поставил задачу получить в целом 12 млн т зерна с рапсом и кукурузой. Каждая область понимает свои цели, и подходит с ответственностью к их выполнению. Уборочная кампания движется к завершению. Параллельно аграрии заготавливают силос, занимаются севом, заботясь об урожае следующего года.",2d22cd3ba52fb8758b29a873e65e3ecb742c67fd83a73ca02138c80b2116ba5f,3170,false,1525,generic_html,Брестская область,,труд/оплата труда,условия труда,region:брестская область|labor|work_conditions
1.0,https://virtualbrest.ru/news191124.php,Виртуальный Брест,Брестская область,2026-09-05T12:57:39+00:00,feed:https://virtualbrest.ru/rss/news.php | sitemap:https://virtualbrest.ru/sitemap.xml | sitemap:https://virtualbrest.ru/sitemap_new.xml | sitemap:https://virtualbrest.ru/sitemap_yandex.xml,В Беларуси второй раз за три месяца выявили схему незаконной поставки премиальных авто,REJECT,relevance_rejected,needs_text,нет связки социальной темы и проблемы,"TITLE: В Беларуси второй раз за три месяца выявили схему незаконной поставки премиальных авто
SUMMARY: Сотрудники таможни пресекли очередную незаконную схему доставки и продажи электрокаров и гибридов. На этот раз белорусская компания пыталась ввезти более 100 авто, в том числе Li, Mazda, Nissan и Polar Stone. Подробности рассказали в пресс-службе ГТК. Для таможенного оформления злоумышленники предоставляли документы, где указывали сведения о поставке авто в адрес подставных физлиц для личного пользования. На самом деле, как рассказали в ГТК, машины повторно продавали уже через компанию. Таким образом, участники схемы сэкономили на таможенных платежах и утильсборе на каждом автомобиле в среднем от 60 до 80 тыс. рублей. В итоге общий ущерб государству оценили в 7 млн рублей. Для его погашения изъяли более 40 транспортных средств. В отношении злоумышленников возбуждено уголовное дело. Им грозит ответственность вплоть до лишения свободы сроком на шесть лет. Напомним, три месяца назад в Беларуси также раскрыли схему поставки премиальных авто. Тогда в страну незаконно ввезли 300 машин Li, Voyah и Zeekr. Кроме того, установлены места хранения более 100 автомобилей стоимостью свыше 11 млн рублей, на которые наложен арест в счет возмещения ущерба.... подробности
TEXT: Сотрудники таможни пресекли очередную незаконную схему доставки и продажи электрокаров и гибридов. На этот раз белорусская компания пыталась ввезти более 100 авто, в том числе Li, Mazda, Nissan и Polar Stone. Подробности рассказали в пресс-службе ГТК. Для таможенного оформления злоумышленники предоставляли документы, где указывали сведения о поставке авто в адрес подставных физлиц для личного пользования. На самом деле, как рассказали в ГТК, машины повторно продавали уже через компанию. Таким образом, участники схемы сэкономили на таможенных платежах и утильсборе на каждом автомобиле в среднем от 60 до 80 тыс. рублей. В итоге общий ущерб государству оценили в 7 млн рублей. Для его погашения изъяли более 40 транспортных средств. В отношении злоумышленников возбуждено уголовное дело. Им грозит ответственность вплоть до лишения свободы сроком на шесть лет. Напомним, три месяца назад в Беларуси также раскрыли схему поставки премиальных авто. Тогда в страну незаконно ввезли 300 машин Li, Voyah и Zeekr. Кроме того, установлены места хранения более 100 автомобилей стоимостью свыше 11 млн рублей, на которые наложен арест в счет возмещения ущерба.",9bbcaaae5fa4cfd2beec4ff583d04ef99353742746cbc35a73ba2dc15e75b9eb,2437,false,1156,generic_html,Витебская область,Поставы,,,
1.0,https://virtualbrest.ru/news191123.php,Виртуальный Брест,Брестская область,2026-09-05T12:47:45+00:00,feed:https://virtualbrest.ru/rss/news.php | homepage | sitemap:https://virtualbrest.ru/sitemap.xml | sitemap:https://virtualbrest.ru/sitemap_new.xml | sitemap:https://virtualbrest.ru/sitemap_yandex.xml,"В Минтруда объяснили, почему некоторые белорусы рискуют остаться с минимальной пенсией",REJECT,relevance_rejected,possible,нет связки социальной темы и проблемы,"TITLE: В Минтруда объяснили, почему некоторые белорусы рискуют остаться с минимальной пенсией
SUMMARY: Индивидуальные предприниматели, адвокаты, нотариусы и другие категории самозанятых формируют пенсию через уплату взносов в Фонд социальной защиты населения. Размер будущей выплаты зависит не только от того, сколько лет человек работал, но и от того, с какого дохода уплачивались взносы. От чего зависит размер пенсии ИП На размер трудовой пенсии влияют: продолжительность стажа работы; размер дохода, из которого уплачивались взносы в ФСЗН; право на надбавки и повышения к пенсии. Например, дополнительные выплаты могут предоставляться отдельным категориям граждан, в том числе инвалидам I группы и лицам старше 75 лет. Сколько составляют отчисления в ФСЗН Обязательные страховые взносы для отдельных категорий плательщиков составляют 35% от минимальной заработной платы (МЗП). С 1 января 2026 года размер МЗП составляет 858 рублей. Для ИП, адвокатов и нотариусов взносы включают две части: 29% – пенсионное страхование; 6% – социальное страхование (на случай временной нетрудоспособности, беременности и родов). Для ремесленников, владельцев агроусадеб и плательщиков единого налога действует только пенсионное страхование – 29% от минимальной зарплаты. Для индивидуальных предпринимателей, уплачивающих подоходный налог, размер взносов зависит от фактического дохода. Если доход: меньше 12 минимальных зарплат декабря 2025 года – взносы составляют 35% от фактического дохода; составляет 12 минималок декабря 2025 года и выше – 35% из 12 МЗП. Для ИП, которые уплачивают единый налог, взносы составляют 35% от минимальной зарплаты за месяц уплаты единого налога. Почему у ИП может быть небольшая пенсия Важно учитывать: если человек не менее 20 лет (минимальный страховой стаж) уплачивал взносы из дохода не выше МЗП, он формирует право только на минимальную трудовую пенсию по возрасту. Сейчас размер такой пенсии составляет 600 рублей. Средний размер пенсии по возрасту – 1125 рублей. Как ИП увеличить будущую пенсию В Минтруда отмечают: чтобы увеличить размер будущей выплаты, предприниматель может делать отчисления в ФСЗН из дохода свыше минимальной зарплаты. При этом важно учитывать, что в страховой стаж для назначения трудовой пенсии засчитываются периоды предпринимательской деятельности только при условии уплаты взносов в бюджет ФСЗН. Если взносы не уплачивались или уплачивались из расчета ниже минимального размера, такие периоды могут не войти в страховой стаж либо будут засчитаны пропорционально размеру уплаченных взносов с применением понижающего коэффициента. Как проверить свой страховой стаж Проверить страховой стаж за период начиная с 1 января 2003 года можно: через мобильное приложение ""ФСЗН""; обратившись в органы Фонда социальной защиты населения. ... подробности
TEXT: Индивидуальные предприниматели, адвокаты, нотариусы и другие категории самозанятых формируют пенсию через уплату взносов в Фонд социальной защиты населения. Размер будущей выплаты зависит не только от того, сколько лет человек работал, но и от того, с какого дохода уплачивались взносы. На размер трудовой пенсии влияют: Например, дополнительные выплаты могут предоставляться отдельным категориям граждан, в том числе инвалидам I группы и лицам старше 75 лет. Обязательные страховые взносы для отдельных категорий плательщиков составляют 35% от минимальной заработной платы (МЗП). С 1 января 2026 года размер МЗП составляет 858 рублей. Для ИП, адвокатов и нотариусов взносы включают две части: Для ремесленников, владельцев агроусадеб и плательщиков единого налога действует только пенсионное страхование – 29% от минимальной зарплаты. Для индивидуальных предпринимателей, уплачивающих подоходный налог, размер взносов зависит от фактического дохода. Для ИП, которые уплачивают единый налог, взносы составляют 35% от минимальной зарплаты за месяц уплаты единого налога. Важно учитывать: если человек не менее 20 лет (минимальный страховой стаж) уплачивал взносы из дохода не выше МЗП, он формирует право только на минимальную трудовую пенсию по возрасту. Сейчас размер такой пенсии составляет 600 рублей. Средний размер пенсии по возрасту – 1125 рублей. В Минтруда отмечают: чтобы увеличить размер будущей выплаты, предприниматель может делать отчисления в ФСЗН из дохода свыше минимальной зарплаты. При этом важно учитывать, что в страховой стаж для назначения трудовой пенсии засчитываются периоды предпринимательской деятельности только при условии уплаты взносов в бюджет ФСЗН. Если взносы не уплачивались или уплачивались из расчета ниже минимального размера, такие периоды могут не войти в страховой стаж либо будут засчитаны пропорционально размеру уплаченных взносов с применением понижающего коэффициента. Проверить страховой стаж за период начиная с 1 января 2003 года можно:",e0fb47f607492d5c3e384cd47d45fe147bc24f9248b0ac88d7857d6c4252fdbb,4786,false,1985,generic_html,,,труд/оплата труда,условия труда,
1.0,https://virtualbrest.ru/news191131.php,Виртуальный Брест,Брестская область,2026-09-05T13:42:51+00:00,feed:https://virtualbrest.ru/rss/news.php | sitemap:https://virtualbrest.ru/sitemap.xml | sitemap:https://virtualbrest.ru/sitemap_new.xml | sitemap:https://virtualbrest.ru/sitemap_yandex.xml,"В Нацбанке рассказали, каким был средний курс доллара в августе",REJECT,relevance_rejected,possible,нет связки социальной темы и проблемы,"TITLE: В Нацбанке рассказали, каким был средний курс доллара в августе
SUMMARY: Национальный банк опубликовал средний официальный курс белорусского рубля по отношению к иностранным валютам за август 2026 года. Средний курс белорусского рубля по отношению к доллару составил: рассчитанный как средняя геометрическая величина – 2,9756 руб.; рассчитанный как средняя арифметическая величина – 2,9737 руб. Оба показателя свидетельствуют, что в августе средний курс доллара находился чуть ниже отметки 3 рубля. Напомним, в конце августа заместитель председателя правления Нацбанка Андрей Картун заявил, что белорусы все чаще выбирают вклады в белорусских рублях, а интерес к иностранной валюте снижается. ""Общий объем депозитов населения нашей страны превысил психологическую отметку в 25 млрд рублей. Причем 70% – это вклады в рублях, хотя еще всего несколько лет назад около половины были в долларах"", – отметил представитель Нацбанка.... подробности
TEXT: Национальный банк опубликовал средний официальный курс белорусского рубля по отношению к иностранным валютам за август 2026 года. Средний курс белорусского рубля по отношению к доллару составил: Оба показателя свидетельствуют, что в августе средний курс доллара находился чуть ниже отметки 3 рубля. Напомним, в конце августа заместитель председателя правления Нацбанка Андрей Картун заявил, что белорусы все чаще выбирают вклады в белорусских рублях, а интерес к иностранной валюте снижается. «Общий объем депозитов населения нашей страны превысил психологическую отметку в 25 млрд рублей. Причем 70% – это вклады в рублях, хотя еще всего несколько лет назад около половины были в долларах», – отметил представитель Нацбанка.",791d3bc706652d6435fff82c0c14d092d8b637b270f5dc5632d1b517f4276a53,1679,false,725,generic_html,,,,,
1.0,https://virtualbrest.ru/news191109.php,Виртуальный Брест,Брестская область,2026-09-05T10:47:10+00:00,feed:https://virtualbrest.ru/rss/news.php | sitemap:https://virtualbrest.ru/sitemap.xml | sitemap:https://virtualbrest.ru/sitemap_new.xml | sitemap:https://virtualbrest.ru/sitemap_yandex.xml,Вы вряд ли видели такие доллары: 4 необычные банкноты США,REJECT,relevance_rejected,needs_text,нет связки социальной темы и проблемы,"TITLE: Вы вряд ли видели такие доллары: 4 необычные банкноты США
SUMMARY: Американские доллары – одни из самых узнаваемых денег в мире. Но среди миллионов банкнот есть экземпляры, которые сильно отличаются от привычных купюр: одни появились из-за ошибок печати, другие стали частью истории, а некоторые удивляют необычными номиналами. ""Банановая"" банкнота Del Monte: ошибка стоимостью $396 тысяч Одна из самых известных ошибочных банкнот США – 20-долларовая купюра 1996 года, которую коллекционеры называют ""банановой"" банкнотой Del Monte. Во время производства на лист банкнот попала наклейка от упаковки бананов Del Monte. Она осталась на купюре в процессе печати, а часть элементов печати была нанесена уже поверх нее. Эксперты подтвердили, что наклейка появилась на банкноте именно во время производства, а не была приклеена позже. Изображение: PMG Такая ошибка относится к типу retained obstruction error – когда посторонний предмет мешает процессу печати и остается на готовой банкноте. Изображение: PMG В 2021 году эту купюру продали на аукционе за 396 тысяч долларов. Купюра с двумя номиналами: $5 и $10 Еще один пример известных ошибок американских банкнот – $5/$10 ФРС серии 1934D. На одной стороне этой купюры находится дизайн $5, а на другой – элементы $10. Ошибка возникла во время печати: на банкноте оказались элементы, предназначенные для разных номиналов. В результате одна сторона получила оформление $10, а другая – $5. Изображение: Heritage Auctions По данным Heritage Auctions, банкноты этого типа выпускались в обращение примерно в конце 1950 года – январе 1951 года. Один из таких экземпляров был продан на аукционе за 44 400 долларов. $20 с Кливлендом: каким был доллар до привычного Джексона В 1913 году в США была создана Федеральная резервная система, а уже в 1914 году появились первые Federal Reserve Notes – банкноты новой системы. Так, на 20 долларах 1914 года был изображен Гровер Кливленд – 22-й и 24-й президент США. Изображение: Нумизматическая коллекция Смитсоновского института Сегодня на купюре номиналом $20 находится портрет Эндрю Джексона, поэтому старые выпуски ФРС выглядят непривычно даже для тех, кто хорошо знает американскую валюту. Один из экземпляров $20 с Кливлендом был продан на Heritage Auctions за 4800 долларов. $10 000: самый крупный доллар, который был в обращении Банкнота номиналом 10 000 долларов была крупнейшим номиналом среди банкнот США, выпускавшихся для обращения. Ее использовали преимущественно для крупных финансовых операций, а не для обычных покупок. Изображение: Heritage Auctions При этом в истории США существовала еще более крупная купюра – золотой сертификат на $100 000. Она не предназначалась для обращения среди населения и использовалась только для официальных операций между Федеральной резервной системой и Казначейством США. В 1969 году выпуск крупных номиналов был прекращен. Формально такие банкноты сохраняют статус законного платежного средства, однако практически все экземпляры находятся у коллекционеров. В январе 2026 года один из экземпляров $10 000 серии 1934 года был продан на аукционе Heritage Auctions за 317 200 долларов.... подробности
TEXT: Американские доллары – одни из самых узнаваемых денег в мире. Но среди миллионов банкнот есть экземпляры, которые сильно отличаются от привычных купюр: одни появились из-за ошибок печати, другие стали частью истории, а некоторые удивляют необычными номиналами. Одна из самых известных ошибочных банкнот США – 20-долларовая купюра 1996 года, которую коллекционеры называют «банановой» банкнотой Del Monte. Во время производства на лист банкнот попала наклейка от упаковки бананов Del Monte. Она осталась на купюре в процессе печати, а часть элементов печати была нанесена уже поверх нее. Эксперты подтвердили, что наклейка появилась на банкноте именно во время производства, а не была приклеена позже. Такая ошибка относится к типу retained obstruction error – когда посторонний предмет мешает процессу печати и остается на готовой банкноте. В 2021 году эту купюру продали на аукционе за 396 тысяч долларов. Еще один пример известных ошибок американских банкнот – $5/$10 ФРС серии 1934D. На одной стороне этой купюры находится дизайн $5, а на другой – элементы $10. Ошибка возникла во время печати: на банкноте оказались элементы, предназначенные для разных номиналов. В результате одна сторона получила оформление $10, а другая – $5. Изображение: Heritage Auctions По данным Heritage Auctions, банкноты этого типа выпускались в обращение примерно в конце 1950 года – январе 1951 года. Один из таких экземпляров был продан на аукционе за 44 400 долларов. В 1913 году в США была создана Федеральная резервная система, а уже в 1914 году появились первые Federal Reserve Notes – банкноты новой системы. Так, на 20 долларах 1914 года был изображен Гровер Кливленд – 22-й и 24-й президент США. Изображение: Нумизматическая коллекция Смитсоновского института Сегодня на купюре номиналом $20 находится портрет Эндрю Джексона, поэтому старые выпуски ФРС выглядят непривычно даже для тех, кто хорошо знает американскую валюту. Один из экземпляров $20 с Кливлендом был продан на Heritage Auctions за 4800 долларов. Банкнота номиналом 10 000 долларов была крупнейшим номиналом среди банкнот США, выпускавшихся для обращения. Ее использовали преимущественно для крупных финансовых операций, а не для обычных покупок. При этом в истории США существовала еще более крупная купюра – золотой сертификат на $100 000. Она не предназначалась для обращения среди населения и использовалась только для официальных операций между Федеральной резервной системой и Казначейством США. В 1969 году выпуск крупных номиналов был прекращен. Формально такие банкноты сохраняют статус законного платежного средства, однако практически все экземпляры находятся у коллекционеров. В январе 2026 года один из экземпляров $10 000 серии 1934 года был продан на аукционе Heritage Auctions за 317 200 долларов.",e5e24fb50be7e4be8a3fa26f4c75d7d4d9d71dafeafaf48a5763227cffe0dac5,5911,false,2770,generic_html,,,,,
1.0,https://virtualbrest.ru/news191115.php,Виртуальный Брест,Брестская область,2026-09-05T12:15:39+00:00,feed:https://virtualbrest.ru/rss/news.php | sitemap:https://virtualbrest.ru/sitemap.xml | sitemap:https://virtualbrest.ru/sitemap_new.xml | sitemap:https://virtualbrest.ru/sitemap_yandex.xml,Два ребенка пострадали в ДТП в Белыничском районе,REJECT,relevance_rejected,possible,нет связки социальной темы и проблемы,"TITLE: Два ребенка пострадали в ДТП в Белыничском районе
SUMMARY: В Белыничском районе в ДТП пострадали два ребенка. Об этом БЕЛТА сообщили в МВД. Сегодня около 13.00 возле деревни Ермоловичи Белыничского района 38-летняя могилевчанка на автомобиле Nissan, по предварительной информации, отвлеклась от управления и врезалась в тросовое ограждение. В результате происшествия двое детей (3-летняя девочка и 6-летний мальчик) с травмами доставлены в больницу. Один из них перевозился без детского удерживающего устройства. ""Во время движения водителю категорически запрещается отвлекаться от управления на посторонние действия (телефон, навигатор и иное). Детей до 12 лет и ростом ниже 150 см можно перевозить только в детских удерживающих устройствах, соответствующих росту и весу ребенка"", - напомнили правоохранители. ... подробности
TEXT: В Белыничском районе в ДТП пострадали два ребенка. Об этом БЕЛТА сообщили в МВД. Сегодня около 13.00 возле деревни Ермоловичи Белыничского района 38-летняя могилевчанка на автомобиле Nissan, по предварительной информации, отвлеклась от управления и врезалась в тросовое ограждение. В результате происшествия двое детей (3-летняя девочка и 6-летний мальчик) с травмами доставлены в больницу. Один из них перевозился без детского удерживающего устройства. ""Во время движения водителю категорически запрещается отвлекаться от управления на посторонние действия (телефон, навигатор и иное). Детей до 12 лет и ростом ниже 150 см можно перевозить только в детских удерживающих устройствах, соответствующих росту и весу ребенка"", - напомнили правоохранители.",e165f3115677dad3334d3fb56add8c6fd75caaab50781b168c629f172cc3f17f,1591,false,751,generic_html,Могилевская область,Могилев,,опасность/безопасность,
1.0,https://virtualbrest.ru/news191099.php,Виртуальный Брест,Брестская область,2026-09-05T08:53:41+00:00,feed:https://virtualbrest.ru/rss/news.php | sitemap:https://virtualbrest.ru/sitemap.xml | sitemap:https://virtualbrest.ru/sitemap_new.xml | sitemap:https://virtualbrest.ru/sitemap_yandex.xml,"Заявку в 115 закрыли, но ничего не сделали – как в этом случае поступать",REJECT,relevance_rejected,strong,Editorial Intent: общий порядок повторного обращения без самостоятельного случая,"TITLE: Заявку в 115 закрыли, но ничего не сделали – как в этом случае поступать
SUMMARY: На исправление проблемы, если она не была решена как следует, дается не более одного рабочего дня. Вы отправили заявку в 115 – вам ответили, что проблема устранена, а на деле ничего не изменилось. Знакомая ситуация? В Министерстве жилищно-коммунального хозяйства объяснили, что делать, если служба отчиталась о выполнении, а неполадка осталась. Оказывается, порядок действий в такой ситуации прописан четко – и он проще, чем кажется. Заявку закрыли, а проблема осталась Если ваше обращение закрыли, но работа выполнена некачественно или не сделана вовсе, оформлять новую заявку не нужно. Это главное правило, которое стоит запомнить. У вас есть три рабочих дня с момента закрытия заявки, чтобы сообщить о замечаниях. Сделать это можно любым удобным способом: позвонить по номеру 115, написать в личном кабинете на портале ""Мая Рэспубліка: 115.бел"" или через мобильное приложение. После этого заявку повторно откроют и вернут тому же исполнителю на доработку. Сроки и контроль – по правилам На исправление проблемы дается не более одного рабочего дня. Это строгое требование, предусмотренное постановлением Совета министров №214, и оно работает без исключений. Как только заявка возвращается на доработку, она автоматически переходит под контроль контакт-центра. Это значит, что теперь ее выполнение отслеживают на уровне системы – если исполнитель снова не справится, это не останется незамеченным. Главное – не затягивать. Чем раньше вы сообщите о том, что проблема не устранена, тем быстрее заявку вернут в работу. ... подробности
TEXT: На исправление проблемы, если она не была решена как следует, дается не более одного рабочего дня. Вы отправили заявку в 115 – вам ответили, что проблема устранена, а на деле ничего не изменилось. Знакомая ситуация? В Министерстве жилищно-коммунального хозяйства объяснили, что делать, если служба отчиталась о выполнении, а неполадка осталась. Оказывается, порядок действий в такой ситуации прописан четко – и он проще, чем кажется. Если ваше обращение закрыли, но работа выполнена некачественно или не сделана вовсе, оформлять новую заявку не нужно. Это главное правило, которое стоит запомнить. У вас есть три рабочих дня с момента закрытия заявки, чтобы сообщить о замечаниях. Сделать это можно любым удобным способом: позвонить по номеру 115, написать в личном кабинете на портале ""Мая Рэспубліка: 115.бел"" или через мобильное приложение. После этого заявку повторно откроют и вернут тому же исполнителю на доработку. На исправление проблемы дается не более одного рабочего дня. Это строгое требование, предусмотренное постановлением Совета министров №214, и оно работает без исключений. Как только заявка возвращается на доработку, она автоматически переходит под контроль контакт-центра. Это значит, что теперь ее выполнение отслеживают на уровне системы – если исполнитель снова не справится, это не останется незамеченным. Главное – не затягивать. Чем раньше вы сообщите о том, что проблема не устранена, тем быстрее заявку вернут в работу.",f52191652bf3a84fbdb65e64fffb34ad09ca7a320c3e1d074aebe03211dde22d,3077,false,1449,generic_html,,,жилой дом/двор,отсутствие/нехватка,
1.0,https://virtualbrest.ru/news191114.php,Виртуальный Брест,Брестская область,2026-09-05T11:36:00+00:00,feed:https://virtualbrest.ru/rss/news.php | homepage | sitemap:https://virtualbrest.ru/sitemap.xml | sitemap:https://virtualbrest.ru/sitemap_new.xml | sitemap:https://virtualbrest.ru/sitemap_yandex.xml,Изменение программ и нормативов. Как в школах и вузах Беларуси усиливают физподготовку,REJECT,relevance_rejected,possible,нет связки социальной темы и проблемы,"TITLE: Изменение программ и нормативов. Как в школах и вузах Беларуси усиливают физподготовку
SUMMARY: Как улучшается система физической подготовки в белорусских учреждениях образования, в эфире телеканала ""Беларусь 1"" в программе ""Разговор у Президента"" рассказал министр образования Андрей Иванец, передает корреспондент БЕЛТА.""Еще в апреле на совещании с силовым блоком глава государства отметил, что физическая подготовка выпускников наших учреждений образования, которые приходят на срочную военную службу, не всегда соответствует тем требованиям, которые предъявляются к новобранцам"", - отметил Андрей Иванец.Для изменения ситуации была скорректирована школьная программа по физической культуре. ""Она достаточно разнообразная, включает в себя элементы легкой атлетики, гимнастики и других дисциплин. Очень важный аспект заключается в том, что вместо двух полноценных уроков физической культуры и одного урока игровой направленности, будут три полноценных урока физкультуры, где будут осваиваться в том числе игровые виды спорта"", - сказал министр.Также была принята новая учебная программа по физкультуре для вузов. ""Главная новация - приведение нормативов, которые сдают студенты, в соответствие с нормативами на воинской службе. То есть мы их унифицировали. Они не являются какими-то сверхсложными, но при этом это четкий и понятный ориентир на то, какими базовыми навыками и умениями должны обладать выпускники наших вузов"", - отметил Андрей Иванец.Еще один немаловажный аспект - привлечение школьников и студентов к здоровому образу жизни. ""По поручению правительства в этом году Республиканская универсиада студентов пройдет в новом формате. Она будет включать 29 видов спорта. Начиная с регионального этапа и заканчивая республиканским, универсиада будет проходить со зрителями на знаковых спортивных объектах, чтобы привлечь максимально широкий интерес молодежи к здоровому образу жизни. На одной площадке с универсиадой пройдет и спартакиада колледжей. Раньше это были два отдельных события"", - рассказал министр образования.... подробности
TEXT: Как улучшается система физической подготовки в белорусских учреждениях образования, в эфире телеканала ""Беларусь 1"" в программе ""Разговор у Президента"" рассказал министр образования Андрей Иванец, передает корреспондент БЕЛТА. ""Еще в апреле на совещании с силовым блоком глава государства отметил, что физическая подготовка выпускников наших учреждений образования, которые приходят на срочную военную службу, не всегда соответствует тем требованиям, которые предъявляются к новобранцам"", - отметил Андрей Иванец. Для изменения ситуации была скорректирована школьная программа по физической культуре. ""Она достаточно разнообразная, включает в себя элементы легкой атлетики, гимнастики и других дисциплин. Очень важный аспект заключается в том, что вместо двух полноценных уроков физической культуры и одного урока игровой направленности, будут три полноценных урока физкультуры, где будут осваиваться в том числе игровые виды спорта"", - сказал министр. Также была принята новая учебная программа по физкультуре для вузов. ""Главная новация - приведение нормативов, которые сдают студенты, в соответствие с нормативами на воинской службе. То есть мы их унифицировали. Они не являются какими-то сверхсложными, но при этом это четкий и понятный ориентир на то, какими базовыми навыками и умениями должны обладать выпускники наших вузов"", - отметил Андрей Иванец. Еще один немаловажный аспект - привлечение школьников и студентов к здоровому образу жизни. ""По поручению правительства в этом году Республиканская универсиада студентов пройдет в новом формате. Она будет включать 29 видов спорта. Начиная с регионального этапа и заканчивая республиканским, универсиада будет проходить со зрителями на знаковых спортивных объектах, чтобы привлечь максимально широкий интерес молодежи к здоровому образу жизни. На одной площадке с универсиадой пройдет и спартакиада колледжей. Раньше это были два отдельных события"", - рассказал министр образования.",d79eb41b004d5271ba1e0b0ff0f4aa34b57f38b5c09b7fd2602f7ee705107a74,4001,false,1940,generic_html,,,школа/детский сад,,
1.0,https://virtualbrest.ru/news191103.php,Виртуальный Брест,Брестская область,2026-09-05T09:38:26+00:00,feed:https://virtualbrest.ru/rss/news.php | sitemap:https://virtualbrest.ru/sitemap.xml | sitemap:https://virtualbrest.ru/sitemap_new.xml | sitemap:https://virtualbrest.ru/sitemap_yandex.xml,Испытанный на полях Брестской области отечественный пресс-подборщик запустят в серийное производство,REJECT,relevance_rejected,needs_text,нет связки социальной темы и проблемы,"TITLE: Испытанный на полях Брестской области отечественный пресс-подборщик запустят в серийное производство
SUMMARY: Испытанный на полях Брестской области отечественный пресс-подборщик запустят в серийное производство. Об этом сообщил журналистам министр промышленности Андрей Кузнецов, передает корреспондент БЕЛТА.""В Брестской области мы проводили испытания комбинированного пресс-подборщика, который зарекомендовал себя с положительной стороны. В следующем году он становится на серийное производство"", - сказал министр промышленности, добавив, что на полях юго-западного региона также проходит испытания новый мощный трактор.По словам Андрея Кузнецова, в сельхозработах в целом задействовано большое количество отечественной техники, произведенной предприятиями системы Минпрома и хорошо себя зарекомендовавшей. Белорусская техника также поставляется на экспорт.Фото Минпрома... подробности
TEXT: Испытанный на полях Брестской области отечественный пресс-подборщик запустят в серийное производство. Об этом сообщил журналистам министр промышленности Андрей Кузнецов, передает корреспондент БЕЛТА. ""В Брестской области мы проводили испытания комбинированного пресс-подборщика, который зарекомендовал себя с положительной стороны. В следующем году он становится на серийное производство"", - сказал министр промышленности, добавив, что на полях юго-западного региона также проходит испытания новый мощный трактор. По словам Андрея Кузнецова, в сельхозработах в целом задействовано большое количество отечественной техники, произведенной предприятиями системы Минпрома и хорошо себя зарекомендовавшей. Белорусская техника также поставляется на экспорт.",b945cbc202800bf8d0402a26d5f61191ff4abe6efaa4376c5e1e4d77b8e39974,1652,false,751,generic_html,Брестская область,,,,
1.0,https://virtualbrest.ru/news191096.php,Виртуальный Брест,Брестская область,2026-09-05T08:39:10+00:00,feed:https://virtualbrest.ru/rss/news.php | sitemap:https://virtualbrest.ru/sitemap.xml | sitemap:https://virtualbrest.ru/sitemap_new.xml | sitemap:https://virtualbrest.ru/sitemap_yandex.xml,"Кажется, до перехода границы Брест - Тересполь дотянут тротуар. Его не было до сих пор",REJECT,relevance_rejected,strong,нет связки социальной темы и проблемы,"TITLE: Кажется, до перехода границы Брест - Тересполь дотянут тротуар. Его не было до сих пор
SUMMARY: Модернизация городской инфраструктуры В настоящее время специалисты Брестского ДЭП проводят работы по укладке тротуарной плитки на Варшавском шоссе с целью повышения уровня комфорта городской среды. Подобные изменения можно только приветствовать. Плохо, что так долго до этого места не могли ""дойти руки"". ... подробности
TEXT: Модернизация городской инфраструктуры В настоящее время специалисты Брестского ДЭП проводят работы по укладке тротуарной плитки на Варшавском шоссе с целью повышения уровня комфорта городской среды. Подобные изменения можно только приветствовать. Плохо, что так долго до этого места не могли ""дойти руки"".",f2135cb5bebfde5f7484c5ecc4ed9b9cfcc74b1c46b45174c35578b563cabd2e,736,false,305,generic_html,Брестская область,Брест,дорога/улица,,
1.0,https://virtualbrest.ru/news191125.php,Виртуальный Брест,Брестская область,2026-09-05T12:58:09+00:00,feed:https://virtualbrest.ru/rss/news.php | sitemap:https://virtualbrest.ru/sitemap.xml | sitemap:https://virtualbrest.ru/sitemap_new.xml | sitemap:https://virtualbrest.ru/sitemap_yandex.xml,Как в Беларуси будут составлять перечень критических товаров для финансирования из бюджета,REJECT,relevance_rejected,needs_text,нет связки социальной темы и проблемы,"TITLE: Как в Беларуси будут составлять перечень критических товаров для финансирования из бюджета
SUMMARY: При Госкомитете по науке и технологиям (ГКНТ) создают Межведомственный совет по обеспечению технологического суверенитета. Среди его основных функций — формирование перечня критических технологий и товаров, которые для разработки и производства получат финансирование из бюджета. Постановление ведомства опубликовано на Национальном правовом портале. Документ конкретизирует майское постановление Совмина, которое предусматривало создание такого перечня критических технологий и товаров. Сейчас определено, что совет будет включать в себя представителей госорганов и экспертов в этой сфере. Руководить им будет председатель ГКНТ. Межведомственный совет будет собираться по мере необходимости, но не реже раза в год, чтобы обсудить работу по обеспечению технологического суверенитета и формирование списка. Финансировать проекты планируют в рамках госпрограмм — как из республиканского бюджета, так и за счет средств инновационного фонда. Отбор будет конкурсным. Решения станут принимать члены совета путем открытого голосования — проекты по созданию и модернизации критических товаров должны получить простое большинство голосов. При этом права голоса не будет у госорганов, которые внесли предложения. Среди основных критериев отбора: проекты должны быть импортозамещающими, значимыми для социально-экономического развития. Также учитывают экономическую эффективность, наличие технических финансовых возможностей для реализации в сжатые сроки. Все исследования и опытно-конструкторские работы нужно завершить за два года, а весь проект — за семь лет за редкими исключениями.... подробности
TEXT: При Госкомитете по науке и технологиям (ГКНТ) создают Межведомственный совет по обеспечению технологического суверенитета. Среди его основных функций — формирование перечня критических технологий и товаров, которые для разработки и производства получат финансирование из бюджета. Постановление ведомства опубликовано на Национальном правовом портале. Документ конкретизирует майское постановление Совмина, которое предусматривало создание такого перечня критических технологий и товаров. Сейчас определено, что совет будет включать в себя представителей госорганов и экспертов в этой сфере. Руководить им будет председатель ГКНТ. Межведомственный совет будет собираться по мере необходимости, но не реже раза в год, чтобы обсудить работу по обеспечению технологического суверенитета и формирование списка. Финансировать проекты планируют в рамках госпрограмм — как из республиканского бюджета, так и за счет средств инновационного фонда. Отбор будет конкурсным. Решения станут принимать члены совета путем открытого голосования — проекты по созданию и модернизации критических товаров должны получить простое большинство голосов. При этом права голоса не будет у госорганов, которые внесли предложения. Среди основных критериев отбора: проекты должны быть импортозамещающими, значимыми для социально-экономического развития. Также учитывают экономическую эффективность, наличие технических финансовых возможностей для реализации в сжатые сроки. Все исследования и опытно-конструкторские работы нужно завершить за два года, а весь проект — за семь лет за редкими исключениями.",eedb380c0e60edb00b520947ab46c1807a416b1e3c7832b4b1467982dda48827,3279,false,1575,generic_html,,,,,
1.0,https://virtualbrest.ru/news191100.php,Виртуальный Брест,Брестская область,2026-09-05T08:56:35+00:00,feed:https://virtualbrest.ru/rss/news.php | sitemap:https://virtualbrest.ru/sitemap.xml | sitemap:https://virtualbrest.ru/sitemap_new.xml | sitemap:https://virtualbrest.ru/sitemap_yandex.xml,Локальное соглашение о прекращении огня вступило в силу в районе ЗАЭС,REJECT,relevance_rejected,strong,иностранная тема: украин,"TITLE: Локальное соглашение о прекращении огня вступило в силу в районе ЗАЭС
SUMMARY: Очередное локальное прекращение огня при посредничестве Международного агентства по атомной энергии (МАГАТЭ) вступило в силу. Оно позволит приступить к ремонту линий электропередачи, идущих к Запорожской АЭС (ЗАЭС). Об этом говорится в заявлении генерального директора агентства Рафаэля Гросси, сообщает ТАСС. ""Вступило в силу очередное локальное соглашение о прекращении огня при посредничестве МАГАТЭ, позволяющее провести ремонт линий электропередачи, необходимый для восстановления электроснабжения Запорожской АЭС за пределами площадки после длительного простоя. Из-за военных действий на северном берегу Днепра 20 августа электростанция потеряла подключение к единственной оставшейся линии электропередачи - 330-киловольтной ""Ферросплавная-1"". С тех пор ЗАЭС использует аварийные дизельные генераторы для охлаждения своих шести реакторов и резервуаров с отработавшим топливом. В настоящее время на станции заканчиваются запасы дизельного топлива, и в течение нескольких дней станция может отключиться, если не будет восстановлено электроснабжение за пределами площадки или если не удастся доставить дополнительные запасы топлива на площадку, расположенную в зоне активных боевых действий"", - указывается в тексте. При временном прекращении огня вокруг поврежденной линии украинские специалисты приступят к ремонтным работам после разминирования территории. Рафаэль Гросси отметил, что обе стороны конструктивно взаимодействовали с МАГАТЭ ради обеспечения ядерной безопасности. Представители агентства будут контролировать ход ремонта в период перемирия, подчеркивается в сообщении.... подробности
TEXT: Очередное локальное прекращение огня при посредничестве Международного агентства по атомной энергии (МАГАТЭ) вступило в силу. Оно позволит приступить к ремонту линий электропередачи, идущих к Запорожской АЭС (ЗАЭС). Об этом говорится в заявлении генерального директора агентства Рафаэля Гросси, сообщает ТАСС. ""Вступило в силу очередное локальное соглашение о прекращении огня при посредничестве МАГАТЭ, позволяющее провести ремонт линий электропередачи, необходимый для восстановления электроснабжения Запорожской АЭС за пределами площадки после длительного простоя. Из-за военных действий на северном берегу Днепра 20 августа электростанция потеряла подключение к единственной оставшейся линии электропередачи - 330-киловольтной ""Ферросплавная-1"". С тех пор ЗАЭС использует аварийные дизельные генераторы для охлаждения своих шести реакторов и резервуаров с отработавшим топливом. В настоящее время на станции заканчиваются запасы дизельного топлива, и в течение нескольких дней станция может отключиться, если не будет восстановлено электроснабжение за пределами площадки или если не удастся доставить дополнительные запасы топлива на площадку, расположенную в зоне активных боевых действий"", - указывается в тексте. При временном прекращении огня вокруг поврежденной линии украинские специалисты приступят к ремонтным работам после разминирования территории. Рафаэль Гросси отметил, что обе стороны конструктивно взаимодействовали с МАГАТЭ ради обеспечения ядерной безопасности. Представители агентства будут контролировать ход ремонта в период перемирия, подчеркивается в сообщении.",2245e2d91d9fb4891370785ce8b5b3557c3f79863afd4f6b030ed520422411b1,3282,false,1587,generic_html,,,река/озеро/берег,,
1.0,https://virtualbrest.ru/news191102.php,Виртуальный Брест,Брестская область,2026-09-05T09:37:20+00:00,feed:https://virtualbrest.ru/rss/news.php | sitemap:https://virtualbrest.ru/sitemap.xml | sitemap:https://virtualbrest.ru/sitemap_new.xml | sitemap:https://virtualbrest.ru/sitemap_yandex.xml,Лукашенко: День белорусской письменности - это праздник самобытной национальной культуры,REJECT,relevance_rejected,possible,политическая тема: лукашенко,"TITLE: Лукашенко: День белорусской письменности - это праздник самобытной национальной культуры
SUMMARY: Президент Беларуси Александр Лукашенко поздравил участников и гостей Дня белорусской письменности с этим традиционным осенним праздником самобытной национальной культуры, богатого духовного наследия. Об этом БЕЛТА сообщили в пресс-службе главы государства.""Такие встречи мастеров, печатников и любителей художественного слова являются неизменным источником мудрости предков, живого диалога между людьми и средством формирования в обществе общечеловеческих ценностей"", - говорится в поздравлении.Президент отметил, что в этом году гостей праздника принимает гостеприимный Костюковичский район - край шумливых боров и древних храмов, родина выдающихся белорусских классиков Аркадия Кулешова и Ивана Чигринова.""Уверен, что именно на этой земле каждый сможет прикоснуться к настоящим литературным сокровищам нашего народа, услышать звучание родного языка, открыть для себя новые имена и произведения современных белорусских и зарубежных авторов"", - подчеркнул Александр Лукашенко.Президент пожелал участникам и гостям Дня белорусской письменности крепкого здоровья, интересных встреч, неисчерпаемого творческого вдохновения и благополучия.Поздравление Президента с Днем белорусской письменностиУдзельнікам і гасцям Дня беларускага пісьменстваПаважаныя сябры!Шчыра віншую вас з Днём беларускага пісьменства - традыцыйным восеньскім святам самабытнай нацыянальнай культуры і яе багатай духоўнай спадчыны.Такія сустрэчы майстроў, друкароў і аматараў мастацкага слова з'яўляюцца нязменнай крыніцай мудрасці продкаў, жывога дыялогу паміж людзьмі і сродкам фарміравання ў грамадстве агульначалавечых каштоўнасцей.Сёлета гасцей прымае паэтычная Касцюкоўшчына - край шумлівых бароў і старажытных храмаў, радзіма выбітных беларускіх класікаў Аркадзя Куляшова і Iвана Чыгрынава.Упэўнены, што менавіта на гэтай зямлі кожны зможа дакрануцца да сапраўдных літаратурных скарбаў нашага народа, пачуць гучанне роднай мовы, адкрыць для сябе новыя імёны і творы сучасных беларускіх і замежных аўтараў.Жадаю ўсім моцнага здароўя, цікавых сустрэч, невычэрпнага творчага натхнення і дабрабыту.Аляксандр Лукашэнка.... подробности
TEXT: Президент Беларуси Александр Лукашенко поздравил участников и гостей Дня белорусской письменности с этим традиционным осенним праздником самобытной национальной культуры, богатого духовного наследия. Об этом БЕЛТА сообщили в пресс-службе главы государства. ""Такие встречи мастеров, печатников и любителей художественного слова являются неизменным источником мудрости предков, живого диалога между людьми и средством формирования в обществе общечеловеческих ценностей"", - говорится в поздравлении. Президент отметил, что в этом году гостей праздника принимает гостеприимный Костюковичский район - край шумливых боров и древних храмов, родина выдающихся белорусских классиков Аркадия Кулешова и Ивана Чигринова. ""Уверен, что именно на этой земле каждый сможет прикоснуться к настоящим литературным сокровищам нашего народа, услышать звучание родного языка, открыть для себя новые имена и произведения современных белорусских и зарубежных авторов"", - подчеркнул Александр Лукашенко. Президент пожелал участникам и гостям Дня белорусской письменности крепкого здоровья, интересных встреч, неисчерпаемого творческого вдохновения и благополучия. Поздравление Президента с Днем белорусской письменности Удзельнікам і гасцям Дня беларускага пісьменства Шчыра віншую вас з Днём беларускага пісьменства - традыцыйным восеньскім святам самабытнай нацыянальнай культуры і яе багатай духоўнай спадчыны. Такія сустрэчы майстроў, друкароў і аматараў мастацкага слова з'яўляюцца нязменнай крыніцай мудрасці продкаў, жывога дыялогу паміж людзьмі і сродкам фарміравання ў грамадстве агульначалавечых каштоўнасцей. Сёлета гасцей прымае паэтычная Касцюкоўшчына - край шумлівых бароў і старажытных храмаў, радзіма выбітных беларускіх класікаў Аркадзя Куляшова і Iвана Чыгрынава. Упэўнены, што менавіта на гэтай зямлі кожны зможа дакрануцца да сапраўдных літаратурных скарбаў нашага народа, пачуць гучанне роднай мовы, адкрыць для сябе новыя імёны і творы сучасных беларускіх і замежных аўтараў. Жадаю ўсім моцнага здароўя, цікавых сустрэч, невычэрпнага творчага натхнення і дабрабыту.",4c538c9d4264864b2fbdcffa36fc3edda75afbd9f92f5cc95da7033b572a8004,4278,false,2063,generic_html,,,,,
1.0,https://virtualbrest.ru/news191113.php,Виртуальный Брест,Брестская область,2026-09-05T11:06:15+00:00,feed:https://virtualbrest.ru/rss/news.php | sitemap:https://virtualbrest.ru/sitemap.xml | sitemap:https://virtualbrest.ru/sitemap_new.xml | sitemap:https://virtualbrest.ru/sitemap_yandex.xml,Лукашенко: из года в год брестская земля удивляет щедростью хлебной нивы,REJECT,relevance_rejected,strong,политическая тема: лукашенко,"TITLE: Лукашенко: из года в год брестская земля удивляет щедростью хлебной нивы
SUMMARY: Президент Беларуси Александр Лукашенко поздравил участников и гостей областного фестиваля-ярмарки ""Дажынкi-2026"" в агрогородке Жемчужный Барановичского района. Об этом БЕЛТА сообщили в пресс-службе белорусского лидера. Глава государства адресовал труженикам Брестской области самые теплые поздравления с главным праздником хлеборобов - фестивалем-ярмаркой ""Дажынкі-2026"". ""Из года в год брестская земля удивляет щедростью хлебной нивы. И не только ей. Главное богатство региона - это трудолюбивые, целеустремленные люди, которые искренне любят родной край, умеют работать и всегда нацелены на максимальный результат, - говорится в поздравлении. - Еще одно ценное качество полешуков - не пасовать перед трудностями. В нынешнем году природа неоднократно испытывала вас на прочность, однако и этот экзамен вы выдержали с честью, первыми в стране завершили жатву с солидным весом областного каравая свыше 1,6 миллиона тонн"". Президент поблагодарил механизаторов, агрономов, водителей, комбайнеров, руководителей всех уровней и других специалистов, которые сплоченной командой достойно финишировали в такой непростой, но очень важной для страны кампании. Слова особой признательности Александр Лукашенко адресовал экипажам, для которых уборочная страда стала делом семейным. В их составе - почти треть представительниц прекрасного пола, ударным трудом отметивших Год белорусской женщины. Президент пожелал участникам и гостям праздника на славной барановичской земле здоровья, мира и добра. Президент Республики Беларусь Участникам и гостям областного фестиваля-ярмарки ""Дажынкi-2026"" в агрогородке Жемчужный Барановичского района Дорогие труженики Брестчины! Примите самые теплые поздравления с главным праздником хлеборобов - фестивалем-ярмаркой ""Дажынкі-2026"". Из года в год брестская земля удивляет щедростью хлебной нивы. И не только ей. Главное богатство региона - это трудолюбивые, целеустремленные люди, которые искренне любят родной край, умеют работать и всегда нацелены на максимальный результат. Еще одно ценное качество полешуков - не пасовать перед трудностями. В нынешнем году природа неоднократно испытывала вас на прочность, однако и этот экзамен вы выдержали с честью, первыми в стране завершили жатву с солидным весом областного каравая свыше 1,6 миллиона тонн. От души благодарю механизаторов, агрономов, водителей, комбайнеров, руководителей всех уровней и других специалистов, которые сплоченной командой достойно финишировали в такой непростой, но очень важной для страны кампании. Слова особой признательности экипажам, для которых уборочная страда стала делом семейным. В их составе - почти треть представительниц прекрасного пола, ударным трудом отметивших Год белорусской женщины. Желаю участникам и гостям праздника на славной барановичской земле здоровья, мира и добра. Александр Лукашенко 5 сентября 2026 года.... подробности
TEXT: Президент Беларуси Александр Лукашенко поздравил участников и гостей областного фестиваля-ярмарки ""Дажынкi-2026"" в агрогородке Жемчужный Барановичского района. Об этом БЕЛТА сообщили в пресс-службе белорусского лидера. Глава государства адресовал труженикам Брестской области самые теплые поздравления с главным праздником хлеборобов - фестивалем-ярмаркой ""Дажынкі-2026"". ""Из года в год брестская земля удивляет щедростью хлебной нивы. И не только ей. Главное богатство региона - это трудолюбивые, целеустремленные люди, которые искренне любят родной край, умеют работать и всегда нацелены на максимальный результат, - говорится в поздравлении. - Еще одно ценное качество полешуков - не пасовать перед трудностями. В нынешнем году природа неоднократно испытывала вас на прочность, однако и этот экзамен вы выдержали с честью, первыми в стране завершили жатву с солидным весом областного каравая свыше 1,6 миллиона тонн"". Президент поблагодарил механизаторов, агрономов, водителей, комбайнеров, руководителей всех уровней и других специалистов, которые сплоченной командой достойно финишировали в такой непростой, но очень важной для страны кампании. Слова особой признательности Александр Лукашенко адресовал экипажам, для которых уборочная страда стала делом семейным. В их составе - почти треть представительниц прекрасного пола, ударным трудом отметивших Год белорусской женщины. Президент пожелал участникам и гостям праздника на славной барановичской земле здоровья, мира и добра. Участникам и гостям областного фестиваля-ярмарки ""Дажынкi-2026"" в агрогородке Жемчужный Барановичского района Примите самые теплые поздравления с главным праздником хлеборобов - фестивалем-ярмаркой ""Дажынкі-2026"". Из года в год брестская земля удивляет щедростью хлебной нивы. И не только ей. Главное богатство региона - это трудолюбивые, целеустремленные люди, которые искренне любят родной край, умеют работать и всегда нацелены на максимальный результат. Еще одно ценное качество полешуков - не пасовать перед трудностями. В нынешнем году природа неоднократно испытывала вас на прочность, однако и этот экзамен вы выдержали с честью, первыми в стране завершили жатву с солидным весом областного каравая свыше 1,6 миллиона тонн. От души благодарю механизаторов, агрономов, водителей, комбайнеров, руководителей всех уровней и других специалистов, которые сплоченной командой достойно финишировали в такой непростой, но очень важной для страны кампании. Слова особой признательности экипажам, для которых уборочная страда стала делом семейным. В их составе - почти треть представительниц прекрасного пола, ударным трудом отметивших Год белорусской женщины. Желаю участникам и гостям праздника на славной барановичской земле здоровья, мира и добра.",4ab203a73799486064811d1154f8059cb55d1cc8d084cf340e2f492a6419996d,5680,false,2734,generic_html,Брестская область,Барановичи,,,
1.0,https://virtualbrest.ru/news191104.php,Виртуальный Брест,Брестская область,2026-09-05T10:05:16+00:00,feed:https://virtualbrest.ru/rss/news.php | homepage | sitemap:https://virtualbrest.ru/sitemap.xml | sitemap:https://virtualbrest.ru/sitemap_new.xml | sitemap:https://virtualbrest.ru/sitemap_yandex.xml,"Максимально приблизить к домашнему. Как улучшается питание детей в школах, рассказал Иванец",REJECT,relevance_rejected,strong,нет связки социальной темы и проблемы,"TITLE: Максимально приблизить к домашнему. Как улучшается питание детей в школах, рассказал Иванец
SUMMARY: Как развивается система школьного питания, в эфире телеканала ""Беларусь 1"" в программе ""Разговор у Президента"" рассказал министр образования Андрей Иванец. Министр указал на то, что вопрос школьного питания достаточно длительное время находится в фокусе внимания Президента. ""У ребенка в школе напряженная учеба, большая нагрузка, и должен быть прием пищи - нормальный, спокойный, как в домашних условиях. Но Президент еще раз сделал акцент на том, что из школы не следует делать ресторан. Это абсолютно справедливо, потому что в первую очередь ребенок приходит в школу за знаниями"", - отметил Андрей Иванец. Совместно с правительством министерство к началу нового учебного года провело большую работу по корректировке системы школьного питания. ""В первую очередь она касается тех ребят, которые получают одноразовое питание, то есть их время пребывания в школе не превышает восьми часов. Мы постарались сделать так, чтобы их питание было максимально приближено к домашнему, но при этом соблюдались правила детской диететики"", - подчеркнул министр. Еще один немаловажный аспект системы питания - разделение ребят на возрастные группы. ""Мы прекрасно понимаем, что в начальной школе, на второй или третьей ступени общего среднего образования у детей разные физиологические потребности. Поэтому распределение на три возрастные группы по классам должно их полностью удовлетворить"", - сказал Андрей Иванец. Необходима и доступность буфетов. ""Разнообразие продуктов, которые могут продаваться в школьных буфетах исключительно в соответствии с правилами детского питания, стало значительно больше. Мы будем смотреть, насколько данная доработка станет эффективной"", - резюмировал министр.... подробности
TEXT: Как развивается система школьного питания, в эфире телеканала ""Беларусь 1"" в программе ""Разговор у Президента"" рассказал министр образования Андрей Иванец. Министр указал на то, что вопрос школьного питания достаточно длительное время находится в фокусе внимания Президента. ""У ребенка в школе напряженная учеба, большая нагрузка, и должен быть прием пищи - нормальный, спокойный, как в домашних условиях. Но Президент еще раз сделал акцент на том, что из школы не следует делать ресторан. Это абсолютно справедливо, потому что в первую очередь ребенок приходит в школу за знаниями"", - отметил Андрей Иванец. Совместно с правительством министерство к началу нового учебного года провело большую работу по корректировке системы школьного питания. ""В первую очередь она касается тех ребят, которые получают одноразовое питание, то есть их время пребывания в школе не превышает восьми часов. Мы постарались сделать так, чтобы их питание было максимально приближено к домашнему, но при этом соблюдались правила детской диететики"", - подчеркнул министр. Еще один немаловажный аспект системы питания - разделение ребят на возрастные группы. ""Мы прекрасно понимаем, что в начальной школе, на второй или третьей ступени общего среднего образования у детей разные физиологические потребности. Поэтому распределение на три возрастные группы по классам должно их полностью удовлетворить"", - сказал Андрей Иванец. Необходима и доступность буфетов. ""Разнообразие продуктов, которые могут продаваться в школьных буфетах исключительно в соответствии с правилами детского питания, стало значительно больше. Мы будем смотреть, насколько данная доработка станет эффективной"", - резюмировал министр.",96d50c767e84970ba252239e304e40c81bbfb8f2bf21d866e585237424896ded,3490,false,1680,generic_html,,,школа/детский сад,,
1.0,https://virtualbrest.ru/news191126.php,Виртуальный Брест,Брестская область,2026-09-05T13:02:19+00:00,feed:https://virtualbrest.ru/rss/news.php | sitemap:https://virtualbrest.ru/sitemap.xml | sitemap:https://virtualbrest.ru/sitemap_new.xml | sitemap:https://virtualbrest.ru/sitemap_yandex.xml,Моча альпинистов ускоряет таяние ледника у Эвереста,REJECT,relevance_rejected,strong,Evidence Binding: тема и проблема связаны только глубоко в тексте,"TITLE: Моча альпинистов ускоряет таяние ледника у Эвереста
SUMMARY: Моча альпинистов может ежегодно способствовать таянию более 150 тонн льда и снега на леднике Кхумбу у Эвереста. К такому выводу пришла международная группа исследователей, изучавшая нагрузку на район базового лагеря на непальской стороне горы, сообщает журнал Regional Environmental Change. По расчетам ученых, во время примерно 50-дневной экспедиции один человек может выделять около трех литров мочи в день. В сезон в районе базового лагеря скапливается порядка 330 тысяч литров. Поскольку температура жидкости близка к температуре человеческого тела, ее тепло может растопить около 154 тонн льда за сезон. Если добавить тепло от топлива, которое используют для приготовления еды и обогрева, расчетная масса растаявшего льда возрастает примерно до 2500 тонн. При этом сами авторы подчеркивают, что это максимальная оценка: часть тепла теряется, например, когда жидкость уходит в каменистый грунт. Исследователи предлагают перенести базовый лагерь на сухой участок без льда. Проблема отходов на Эвересте остается шире: на горе накопилось более 50 тонн мусора, а действовавшая в Непале программа денежных выплат за его спуск вниз была прекращена из-за отсутствия заметного эффекта. ... подробности
TEXT: Моча альпинистов может ежегодно способствовать таянию более 150 тонн льда и снега на леднике Кхумбу у Эвереста. К такому выводу пришла международная группа исследователей, изучавшая нагрузку на район базового лагеря на непальской стороне горы, сообщает журнал Regional Environmental Change. По расчетам ученых, во время примерно 50-дневной экспедиции один человек может выделять около трех литров мочи в день. В сезон в районе базового лагеря скапливается порядка 330 тысяч литров. Поскольку температура жидкости близка к температуре человеческого тела, ее тепло может растопить около 154 тонн льда за сезон. Если добавить тепло от топлива, которое используют для приготовления еды и обогрева, расчетная масса растаявшего льда возрастает примерно до 2500 тонн. При этом сами авторы подчеркивают, что это максимальная оценка: часть тепла теряется, например, когда жидкость уходит в каменистый грунт. Исследователи предлагают перенести базовый лагерь на сухой участок без льда. Проблема отходов на Эвересте остается шире: на горе накопилось более 50 тонн мусора, а действовавшая в Непале программа денежных выплат за его спуск вниз была прекращена из-за отсутствия заметного эффекта.",047c1d2ff78a6f8b3a4079b41f367527640d6c8c783acf20ac2329d9c23a9997,2453,false,1181,generic_html,,,мусор/санитарное состояние,,
1.0,https://virtualbrest.ru/news191098.php,Виртуальный Брест,Брестская область,2026-09-05T08:52:48+00:00,feed:https://virtualbrest.ru/rss/news.php | sitemap:https://virtualbrest.ru/sitemap.xml | sitemap:https://virtualbrest.ru/sitemap_new.xml | sitemap:https://virtualbrest.ru/sitemap_yandex.xml,"Названы страны, где на туристов чаще всего нападают змеи",REJECT,relevance_rejected,strong,Evidence Binding: тема и проблема связаны только глубоко в тексте,"TITLE: Названы страны, где на туристов чаще всего нападают змеи
SUMMARY: Эксперты оценили риски столкновения с опасными пресмыкающимися, изучив медицинскую статистику за 18 лет. Международная группа ученых-токсикологов опровергла распространенное среди туристов мнение, что Австралия является самым змеиным местом на планете. Опубликован топ стран, где случается больше всего смертельных укусов, пишет портал ""Турпром"". По данным большого исследования Ливерпульской школы тропической медицины (LSTM), опубликованного в журнале PLOS Medicine, ежегодно в мире фиксируется от 2,1 до 7 млн случаев укусов змей, из которых до 513 тыс. инцидентов заканчиваются мучительной смертью. Ученые изучили медицинскую статистику за период с января 2007 года по март 2025-го из 79 государств. Сравнительный анализ показал, что 75% от всех случаев нападения змей в мире сконцентрированы в 20 странах. На активность фауны влияют климатический перегрев планеты и волны сильной жары. Причем текущие оценки рисков охватывают только зафиксированные случаи, в реальности же проблема может быть куда серьезнее. Где опаснее всего Рейтинг стран с большим числом случаев нападений змей возглавили азиатские и африканские макрорегионы. Известную другими опасностями Австралию вытеснили далеко за пределы первой двадцатки. На первом месте оказалась Индия. Там ежегодно регистрируется до 1,3 млн нападений змей. В основном кусают индийская кобра, цепочная гадюка, песчаная эфа, индийский крайт. Они также активны на отельных территориях Гоа в пик сезона. На второй строке расположилась Нигерия, где фиксируется до 666 тыс. инцидентов в год. Третьей стала Индонезия (включая курортный Бали) – до 490 тыс. случаев. На Суматре из-за затяжной засухи и лесных пожаров гигантские сетчатые питоны и королевские кобры стали перебираться ближе к бассейнам и пляжным виллам. Далее идут Демократическая Республика Конго (467 000), Эфиопия и Кения. На африканский континент к югу от Сахары официально приходится 45% всех глобальных смертей от укусов. В Кении змеи атакуют туристов во время сафари-туров. В первой девятке оказались Бангладеш, Уганда и Пакистан. А Бразилии досталось 10-е место с показателем до 162 тыс. укусов змей в год. Филиппины, Вьетнам (до 113 000) и Китай (до 97 400) замыкают азиатский рейтинг опасности. Во Вьетнаме (Нячанг, Фукуок) змеи активизируются на побережье сразу после завершения затяжных осенних муссонов. В некоторых отелях туристам уже рекомендуют не ходить по газонам, пляжам, а также темным тропинкам босиком или в открытых сланцах. Змеи ведут преимущественно сумеречный образ жизни и выползают на остывающий песок или плитку для охоты. ... подробности
TEXT: Эксперты оценили риски столкновения с опасными пресмыкающимися, изучив медицинскую статистику за 18 лет. Международная группа ученых-токсикологов опровергла распространенное среди туристов мнение, что Австралия является самым змеиным местом на планете. Опубликован топ стран, где случается больше всего смертельных укусов, пишет портал ""Турпром"". По данным большого исследования Ливерпульской школы тропической медицины (LSTM), опубликованного в журнале PLOS Medicine, ежегодно в мире фиксируется от 2,1 до 7 млн случаев укусов змей, из которых до 513 тыс. инцидентов заканчиваются мучительной смертью. Ученые изучили медицинскую статистику за период с января 2007 года по март 2025-го из 79 государств. Сравнительный анализ показал, что 75% от всех случаев нападения змей в мире сконцентрированы в 20 странах. На активность фауны влияют климатический перегрев планеты и волны сильной жары. Причем текущие оценки рисков охватывают только зафиксированные случаи, в реальности же проблема может быть куда серьезнее. Рейтинг стран с большим числом случаев нападений змей возглавили азиатские и африканские макрорегионы. Известную другими опасностями Австралию вытеснили далеко за пределы первой двадцатки. На первом месте оказалась Индия. Там ежегодно регистрируется до 1,3 млн нападений змей. В основном кусают индийская кобра, цепочная гадюка, песчаная эфа, индийский крайт. Они также активны на отельных территориях Гоа в пик сезона. На второй строке расположилась Нигерия, где фиксируется до 666 тыс. инцидентов в год. Третьей стала Индонезия (включая курортный Бали) – до 490 тыс. случаев. На Суматре из-за затяжной засухи и лесных пожаров гигантские сетчатые питоны и королевские кобры стали перебираться ближе к бассейнам и пляжным виллам. Далее идут Демократическая Республика Конго (467 000), Эфиопия и Кения. На африканский континент к югу от Сахары официально приходится 45% всех глобальных смертей от укусов. В Кении змеи атакуют туристов во время сафари-туров. В первой девятке оказались Бангладеш, Уганда и Пакистан. А Бразилии досталось 10-е место с показателем до 162 тыс. укусов змей в год. Филиппины, Вьетнам (до 113 000) и Китай (до 97 400) замыкают азиатский рейтинг опасности. Во Вьетнаме (Нячанг, Фукуок) змеи активизируются на побережье сразу после завершения затяжных осенних муссонов. В некоторых отелях туристам уже рекомендуют не ходить по газонам, пляжам, а также темным тропинкам босиком или в открытых сланцах. Змеи ведут преимущественно сумеречный образ жизни и выползают на остывающий песок или плитку для охоты.",73fe645a54ae8f92a6cf380f4eccb910be7a74c8c1799710ee46b1c245fead3e,5196,false,2541,generic_html,,,,,
1.0,https://virtualbrest.ru/news191106.php,Виртуальный Брест,Брестская область,2026-09-05T10:16:24+00:00,feed:https://virtualbrest.ru/rss/news.php | homepage | sitemap:https://virtualbrest.ru/sitemap.xml | sitemap:https://virtualbrest.ru/sitemap_new.xml | sitemap:https://virtualbrest.ru/sitemap_yandex.xml,"Ожидать ли белорусам дождя 6 сентября, сообщили синоптики",REJECT,relevance_rejected,strong,прогноз без фактической социальной проблемы: синоптик,"TITLE: Ожидать ли белорусам дождя 6 сентября, сообщили синоптики
SUMMARY: Днем 6 сентября по юго-западу Беларуси во многих районах ожидается усиление северо-западного ветра порывами 15-20 м/с. Объявлен оранжевый уровень опасности. Об этом БЕЛТА сообщили в Республиканском центре по гидрометеорологии, контролю радиоактивного загрязнения и мониторингу окружающей среды Минприроды. Ожидается облачная погода с прояснениями. Кратковременные дожди пройдут на большей части территории страны. В отдельных районах возможны грозы. Ветер будет западный, северо-западный порывистый, местами - а днем по юго-западу во многих районах - сильный порывистый. Температура воздуха ночью составит 8-14 градусов тепла, а днем - 15-20 градусов выше нуля. ... подробности
TEXT: Днем 6 сентября по юго-западу Беларуси во многих районах ожидается усиление северо-западного ветра порывами 15-20 м/с. Объявлен оранжевый уровень опасности. Об этом БЕЛТА сообщили в Республиканском центре по гидрометеорологии, контролю радиоактивного загрязнения и мониторингу окружающей среды Минприроды. Ожидается облачная погода с прояснениями. Кратковременные дожди пройдут на большей части территории страны. В отдельных районах возможны грозы. Ветер будет западный, северо-западный порывистый, местами - а днем по юго-западу во многих районах - сильный порывистый. Температура воздуха ночью составит 8-14 градусов тепла, а днем - 15-20 градусов выше нуля.",c3e053b65fee65c980b93d95f72fdaf9ac678fa3b1c363ad13ae7fbe246fa4c0,1419,false,661,generic_html,,,,,
1.0,https://virtualbrest.ru/news191120.php,Виртуальный Брест,Брестская область,2026-09-05T12:44:47+00:00,feed:https://virtualbrest.ru/rss/news.php | sitemap:https://virtualbrest.ru/sitemap.xml | sitemap:https://virtualbrest.ru/sitemap_new.xml | sitemap:https://virtualbrest.ru/sitemap_yandex.xml,Пассажира American Airlines примотали скотчем к креслу после драки на борту,REJECT,relevance_rejected,needs_text,нет связки социальной темы и проблемы,"TITLE: Пассажира American Airlines примотали скотчем к креслу после драки на борту
SUMMARY: На рейсе American Airlines из Далласа в Ньюарк пассажира связали и примотали к креслу после того, как он оскорблял бортпроводника и нападал на других людей, сообщает TMZ. По данным издания, мужчина вел себя так, будто был пьян, кричал, ""упоминал Иисуса и ад"", а затем начал оскорблять бортпроводника. Позже он, как утверждается, ударил соседа по креслу и оттолкнул женщину, которая попыталась вмешаться в конфликт.Тогда несколько пассажиров совместно скрутили его и зафиксировали на кресле с помощью скотча и пластиковых стяжек. Самолет пришлось перенаправить в Балтимор, где мужчину задержала полиция. После этого рейс продолжил путь в Ньюарк.American Airlines подтвердила вынужденную посадку из-за ""буйного пассажира"" и заявила, что не терпит насилия на борту. Мужчину проверяют по статьям о нападении и нарушении общественного порядка.... подробности
TEXT: На рейсе American Airlines из Далласа в Ньюарк пассажира связали и примотали к креслу после того, как он оскорблял бортпроводника и нападал на других людей, сообщает TMZ. По данным издания, мужчина вел себя так, будто был пьян, кричал, «упоминал Иисуса и ад», а затем начал оскорблять бортпроводника. Позже он, как утверждается, ударил соседа по креслу и оттолкнул женщину, которая попыталась вмешаться в конфликт. Тогда несколько пассажиров совместно скрутили его и зафиксировали на кресле с помощью скотча и пластиковых стяжек. Самолет пришлось перенаправить в Балтимор, где мужчину задержала полиция. После этого рейс продолжил путь в Ньюарк. American Airlines подтвердила вынужденную посадку из-за «буйного пассажира» и заявила, что не терпит насилия на борту. Мужчину проверяют по статьям о нападении и нарушении общественного порядка.",1a4df71f517e0567291cdd0f35b4266c5b0aed92f5d745d1a40ab48e44e1acc8,1792,false,840,generic_html,,,,,
1.0,https://virtualbrest.ru/news191121.php,Виртуальный Брест,Брестская область,2026-09-05T12:45:30+00:00,feed:https://virtualbrest.ru/rss/news.php | sitemap:https://virtualbrest.ru/sitemap.xml | sitemap:https://virtualbrest.ru/sitemap_new.xml | sitemap:https://virtualbrest.ru/sitemap_yandex.xml,При взрыве на военном объекте в Боливии погибли как минимум 10 человек,REJECT,relevance_rejected,possible,нет связки социальной темы и проблемы,"TITLE: При взрыве на военном объекте в Боливии погибли как минимум 10 человек
SUMMARY: По меньшей мере десять человек погибли и десятки получили ранения при взрыве на военном объекте в городе Вьяча, примерно в 30 километрах от крупнейшего города Боливии Ла-Паса. Инцидент произошел накануне днем.По данным местных властей, взрыв произошел на складе пиротехнических материалов Министерства обороны. Точная причина пока неизвестна. Руководитель местного управления здравоохранения Рита Небраска сообщила местному телевидению, что число погибших может достигать 15, а раненых — более 60.Некоторых пострадавших в тяжелом состоянии доставили в больницы Ла-Паса. Взрывной волной также выбило стекла в жилых домах поблизости. Пожарные предупреждают о риске новых взрывов.... подробности
TEXT: По меньшей мере десять человек погибли и десятки получили ранения при взрыве на военном объекте в городе Вьяча, примерно в 30 километрах от крупнейшего города Боливии Ла-Паса. Инцидент произошел накануне днем. По данным местных властей, взрыв произошел на складе пиротехнических материалов Министерства обороны. Точная причина пока неизвестна. Руководитель местного управления здравоохранения Рита Небраска сообщила местному телевидению, что число погибших может достигать 15, а раненых — более 60. Некоторых пострадавших в тяжелом состоянии доставили в больницы Ла-Паса. Взрывной волной также выбило стекла в жилых домах поблизости. Пожарные предупреждают о риске новых взрывов.",957861557a6ea409ab055246d99ce1da0a96ff8ae38c7dff4a31614fd60bbb49,1465,false,679,generic_html,,,,,
1.0,https://virtualbrest.ru/news191116.php,Виртуальный Брест,Брестская область,2026-09-05T12:16:06+00:00,feed:https://virtualbrest.ru/rss/news.php | sitemap:https://virtualbrest.ru/sitemap.xml | sitemap:https://virtualbrest.ru/sitemap_new.xml | sitemap:https://virtualbrest.ru/sitemap_yandex.xml,Проверка боеготовности внутренних войск. Военнообязанные отрабатывают передвижение малыми группами,REJECT,relevance_rejected,possible,нет связки социальной темы и проблемы,"TITLE: Проверка боеготовности внутренних войск. Военнообязанные отрабатывают передвижение малыми группами
SUMMARY: Во время проверки боевой готовности внутренних войск МВД, инициированной Президентом, продолжаются мобилизационные мероприятия. Об этом БЕЛТА сообщили в МВД. В первый день занятий военнообязанные отработали изготовку к стрельбе из различных положений, а также передвижение на поле боя в составе малых групп. Далее резервистам предстоит отточить меткость стрельбы из автомата Калашникова. Своими впечатлениями поделился Александр Шинкоренко, который ранее проходил службу в войсках правопорядка, а на сборы пришел добровольцем. ""Прибыл я из Витебска. Нам обеспечили комфортные условия, выдали обмундирование и экипировку. На тренировках не только освежил ранее полученные знания, но и научился новому. Все организовано на высоком уровне"", - отметил доброволец. Заместитель командира в/ч 5530 Александр Казак подчеркнул, что военнообязанные под руководством инструкторов действуют уверенно, и их морально-психологическое состояние позволит выполнить все поставленные перед подразделением задачи. ... подробности
TEXT: Во время проверки боевой готовности внутренних войск МВД, инициированной Президентом, продолжаются мобилизационные мероприятия. Об этом БЕЛТА сообщили в МВД. В первый день занятий военнообязанные отработали изготовку к стрельбе из различных положений, а также передвижение на поле боя в составе малых групп. Далее резервистам предстоит отточить меткость стрельбы из автомата Калашникова. Своими впечатлениями поделился Александр Шинкоренко, который ранее проходил службу в войсках правопорядка, а на сборы пришел добровольцем. ""Прибыл я из Витебска. Нам обеспечили комфортные условия, выдали обмундирование и экипировку. На тренировках не только освежил ранее полученные знания, но и научился новому. Все организовано на высоком уровне"", - отметил доброволец. Заместитель командира в/ч 5530 Александр Казак подчеркнул, что военнообязанные под руководством инструкторов действуют уверенно, и их морально-психологическое состояние позволит выполнить все поставленные перед подразделением задачи.",7f2bb61742be2e23802b17d0cded3ce574124241170ca87f3af449b520c6b923,2124,false,993,generic_html,Витебская область,,,,
1.0,https://virtualbrest.ru/news191105.php,Виртуальный Брест,Брестская область,2026-09-05T10:06:01+00:00,feed:https://virtualbrest.ru/rss/news.php | sitemap:https://virtualbrest.ru/sitemap.xml | sitemap:https://virtualbrest.ru/sitemap_new.xml | sitemap:https://virtualbrest.ru/sitemap_yandex.xml,Производственный календарь на осень 2026: сколько работаем и отдыхаем,REJECT,relevance_rejected,strong,нет связки социальной темы и проблемы,"TITLE: Производственный календарь на осень 2026: сколько работаем и отдыхаем
SUMMARY: Осенью 2026 года при пятидневной рабочей неделе будет 65 рабочих дней. За три месяца предстоит отработать 519 часов при 40-часовой рабочей неделе. В осенние месяцы не будет дополнительных выходных среди рабочих дней. Единственный осенний нерабочий праздничный день – 7 ноября (День Октябрьской революции) – в 2026 году выпадает на субботу, которая и так является выходным днем при пятидневной рабочей неделе. Сентябрь 2026: 22 рабочих дня В сентябре будет: 30 календарных дней; 22 рабочих дня; 8 нерабочих дней; 176 часов работы при 40-часовой рабочей неделе. Октябрь 2026: 22 рабочих дня В октябре: 31 календарный день; 22 рабочих дня; 9 нерабочих дней; 176 часов работы при 40-часовой рабочей неделе. Ноябрь 2026: 21 рабочий день В ноябре будет: 30 календарных дней; 21 рабочий день; 9 нерабочих дней; 167 часов работы при 40-часовой рабочей неделе. Рабочий день 6 ноября будет сокращен на один час как предпраздничный. Для работников с неполным рабочим временем продолжительность работы сокращается пропорционально установленной нагрузке. Например, при работе на 0,5 ставки сокращение составит 30 минут. Месяц Календарные дни Рабочие дни Нерабочие дни Норма рабочего времени Сентябрь 30 22 8 176 часов Октябрь 31 22 9 176 часов Ноябрь 30 21 9 167 часов Самыми загруженными месяцами осени станут сентябрь и октябрь – по 22 рабочих дня. В ноябре будет меньше всего рабочих дней – 21. Расчеты приведены для пятидневной рабочей недели с выходными днями в субботу и воскресенье. Для шестидневной рабочей недели количество рабочих и нерабочих дней отличается.... подробности
TEXT: Осенью 2026 года при пятидневной рабочей неделе будет 65 рабочих дней. За три месяца предстоит отработать 519 часов при 40-часовой рабочей неделе. В осенние месяцы не будет дополнительных выходных среди рабочих дней. Единственный осенний нерабочий праздничный день – 7 ноября (День Октябрьской революции) – в 2026 году выпадает на субботу, которая и так является выходным днем при пятидневной рабочей неделе. Рабочий день 6 ноября будет сокращен на один час как предпраздничный. Для работников с неполным рабочим временем продолжительность работы сокращается пропорционально установленной нагрузке. Например, при работе на 0,5 ставки сокращение составит 30 минут. Самыми загруженными месяцами осени станут сентябрь и октябрь – по 22 рабочих дня. В ноябре будет меньше всего рабочих дней – 21. Расчеты приведены для пятидневной рабочей недели с выходными днями в субботу и воскресенье. Для шестидневной рабочей недели количество рабочих и нерабочих дней отличается.",e51f34f2f4f98d3e599d850d92693f9beea86878ed33be923847b3d1f5c39c74,2628,false,964,generic_html,,,труд/оплата труда,,
1.0,https://virtualbrest.ru/news191119.php,Виртуальный Брест,Брестская область,2026-09-05T12:32:27+00:00,feed:https://virtualbrest.ru/rss/news.php | sitemap:https://virtualbrest.ru/sitemap.xml | sitemap:https://virtualbrest.ru/sitemap_new.xml | sitemap:https://virtualbrest.ru/sitemap_yandex.xml,Путин дал указание в течение трех суток не наносить ударов по Киеву - Песков,REJECT,relevance_rejected,needs_text,политическая тема: путин,"TITLE: Путин дал указание в течение трех суток не наносить ударов по Киеву - Песков
SUMMARY: Президент России Владимир Путин дал указание с полуночи 5 сентября в течение трех суток не наносить ударов по Киеву. Это связано с подготовкой и проведением там контактов американских переговорщиков, сообщил ТАСС пресс-секретарь российского лидера Дмитрий Песков. ""Действительно, такая информация поступала от украинской стороны. Президент России дал указание: начиная сегодня с полуночи в течение трех суток не наносить ударов по Киеву. Это связано с подготовкой и проведением контактов американцев в Киеве"", - сказал Дмитрий Песков. Ранее украинские СМИ сообщали о том, что в ВСУ объявлен режим прекращения огня с полуночи 5 сентября до 8 сентября. Также пресс-секретарь рассказал о том, что Владимир Путин встретится 5 сентября с американскими переговорщиками Стивом Уиткоффом и Джаредом Кушнером. Самолет с представителями США приземлился в Москве сегодня днем. Как ожидается, после Москвы Стив Уиткофф и Джаред Кушнер посетят Киев.... подробности
TEXT: Президент России Владимир Путин дал указание с полуночи 5 сентября в течение трех суток не наносить ударов по Киеву. Это связано с подготовкой и проведением там контактов американских переговорщиков, сообщил ТАСС пресс-секретарь российского лидера Дмитрий Песков. ""Действительно, такая информация поступала от украинской стороны. Президент России дал указание: начиная сегодня с полуночи в течение трех суток не наносить ударов по Киеву. Это связано с подготовкой и проведением контактов американцев в Киеве"", - сказал Дмитрий Песков. Ранее украинские СМИ сообщали о том, что в ВСУ объявлен режим прекращения огня с полуночи 5 сентября до 8 сентября. Также пресс-секретарь рассказал о том, что Владимир Путин встретится 5 сентября с американскими переговорщиками Стивом Уиткоффом и Джаредом Кушнером. Самолет с представителями США приземлился в Москве сегодня днем. Как ожидается, после Москвы Стив Уиткофф и Джаред Кушнер посетят Киев.",b28695daf5f16be84b5a9b36774024f23b0d113b61a62eef229bdb9f5e2cd527,1987,false,936,generic_html,,,,,
1.0,https://virtualbrest.ru/news191101.php,Виртуальный Брест,Брестская область,2026-09-05T08:59:03+00:00,feed:https://virtualbrest.ru/rss/news.php | homepage | sitemap:https://virtualbrest.ru/sitemap.xml | sitemap:https://virtualbrest.ru/sitemap_new.xml | sitemap:https://virtualbrest.ru/sitemap_yandex.xml,С карты Беларуси исчезли 18 населенных пунктов: где они находились?,REJECT,relevance_rejected,needs_text,нет связки социальной темы и проблемы,"TITLE: С карты Беларуси исчезли 18 населенных пунктов: где они находились?
SUMMARY: В 2026 году в Беларуси прекратили существование 18 географических объектов. В основном это небольшие деревни и хутора, которые были исключены из перечня населенных пунктов. Где исчезло больше всего населенных пунктов Больше всего таких случаев пришлось на Витебскую область – 15 объектов из 18. Еще по одному населенному пункту исчезло в Брестской, Гомельской и Могилевской областях. Основная часть упраздненных объектов находилась в Витебской области. Больше всего изменений произошло в: Шарковщинском районе – 8 населенных пунктов; Поставском районе – 4 населенных пункта. Какие населенные пункты прекратили существование В перечень вошли 18 объектов в разных районах Беларуси. Населенный пункт Местоположение Алашковщина (деревня) Витебская обл., Поставский р-н Бель (деревня) Витебская обл., Лиозненский р-н Гузоватка (хутор) Витебская обл., Шарковщинский р-н Дубники (деревня) Витебская обл., Шарковщинский р-н Ериново (хутор) Витебская обл., Поставский р-н Изабелино (деревня) Витебская обл., Шарковщинский р-н Красная Горка (хутор) Витебская обл., Шарковщинский р-н Кривое Село (деревня) Брестская обл., Ляховичский р-н Кручполье (поселок) Гомельская обл., Рогачёвский р-н Липово (хутор) Витебская обл., Шарковщинский р-н Мацковичи (деревня) Витебская обл., Поставский р-н Муращина (хутор) Витебская обл., Шарковщинский р-н Пестуны (деревня) Витебская обл., Шарковщинский р-н Подсосна (хутор) Витебская обл., Поставский р-н Солодовня (деревня) Могилевская обл., Круглянский р-н Стуканы (деревня) Витебская обл., Толочинский р-н Тёплая Гора (хутор) Витебская обл., Шарковщинский р-н Ятелевщина (деревня) Витебская обл., Шарковщинский р-н Почему исчезают деревни и хутора Упразднение населенных пунктов обычно происходит после того, как в них перестают оставаться постоянные жители. Люди переезжают в города в поисках работы и более комфортных условий, а небольшие деревни постепенно теряют хозяйственное и социальное значение. Как отмечают в ""Белгеодезии"", такие изменения связаны с процессом трансформации сельского расселения: города и агломерации растут, а небольшие населенные пункты, в которых уже нет жителей, переходят из категории действующих в историческую память.... подробности
TEXT: В 2026 году в Беларуси прекратили существование 18 географических объектов. В основном это небольшие деревни и хутора, которые были исключены из перечня населенных пунктов. Больше всего таких случаев пришлось на Витебскую область – 15 объектов из 18. Еще по одному населенному пункту исчезло в Брестской, Гомельской и Могилевской областях. Основная часть упраздненных объектов находилась в Витебской области. Больше всего изменений произошло в: В перечень вошли 18 объектов в разных районах Беларуси. Витебская обл., Поставский р-н Витебская обл., Лиозненский р-н Витебская обл., Шарковщинский р-н Брестская обл., Ляховичский р-н Гомельская обл., Рогачёвский р-н Могилевская обл., Круглянский р-н Витебская обл., Толочинский р-н Упразднение населенных пунктов обычно происходит после того, как в них перестают оставаться постоянные жители. Люди переезжают в города в поисках работы и более комфортных условий, а небольшие деревни постепенно теряют хозяйственное и социальное значение. Как отмечают в «Белгеодезии», такие изменения связаны с процессом трансформации сельского расселения: города и агломерации растут, а небольшие населенные пункты, в которых уже нет жителей, переходят из категории действующих в историческую память.",815fa5024c6611e50ff1721f15bd751d0b8a3066db743022a83d3376d6af5958,3516,false,1231,generic_html,,,,,
1.0,https://virtualbrest.ru/news191129.php,Виртуальный Брест,Брестская область,2026-09-05T13:21:13+00:00,feed:https://virtualbrest.ru/rss/news.php | sitemap:https://virtualbrest.ru/sitemap.xml | sitemap:https://virtualbrest.ru/sitemap_new.xml | sitemap:https://virtualbrest.ru/sitemap_yandex.xml,Слаженная работа большой команды профессионалов. Пархомчик о слагаемых весомого урожая,REJECT,relevance_rejected,possible,политическая тема: лукашенко,"TITLE: Слаженная работа большой команды профессионалов. Пархомчик о слагаемых весомого урожая
SUMMARY: Слаженная работа большой команды профессионалов дает плоды в получении весомого урожая. Такое мнение высказал председатель Брестского облисполкома Петр Пархомчик во время церемонии награждения на областном фестивале тружеников села ""Дажынкі"" в агрогородке Жемчужный Барановичского района, передает корреспондент БЕЛТА. Петр Пархомчик обратил внимание, что Жемчужный преобразился за довольно короткое время. К ""Дажынкам"" в агрогородке благоустроили улицы и дома, обновили школу и амбулаторию, открыли стадион. В Новомышском аграрном колледже для будущих аграриев обустроили передовые лаборатории и мастерские. Председатель Брестского облисполкома подчеркнул, что создать комфортные условия для жизни людей не менее важно. ""Сделать жизнь сельчан лучше и воспитать достойных преемников героев жатвы - в этом и заключается основная идея праздника ""Дажынкі"". Она была предложена 30 лет назад Президентом Александром Лукашенко. Сегодня мы в очередной раз убеждаемся, насколько эта традиция стала значимой и по-настоящему народной. История ""Дажынак"" - история тех, кто выбрал делом своей жизни работу на земле, готов спорить с природой за каждый погожий день, осваивать новые технику и технологии для высокого урожая. А еще это судьба десятков городов и поселков, которые после ""Дажынак"" получили импульс для дальнейшего развития"", - отметил Петр Пархомчик. Плоды приносит слаженная работа агрономов, механизаторов, комбайнеров, водителей, руководителей хозяйств и районов. Брестская область в этом году получила более 1,4 млн т зерна. Хорошую динамику по сбору зерновых получили полесские регионы. ""К прошлому году свыше 24 тыс. т добавил Лунинецкий район, более 10 тыс. т - Пинский, 9 тыс. т - Столинский. Плюс 7 тыс. т - у Ганцевичского района. Это все еще раз подтверждает, что разработанная по поручению Президента и утвержденная правительством программа развития районов Припятского Полесья на 2025-2030 годы дает хороший результат"", - сказал глава Брестской области. В юго-западном регионе в этом году уродил озимый рапс. Его валовой намолот - около 237 тыс. т. Он превзошел прошлогодний на треть, урожайность выросла на 6,5 ц. ""Достойный результат, причем прибавили все без исключения районы"", - уточнил председатель облисполкома. За каждой тонной хлеба стоят конкретные люди, профессионалы, чьим делом жизни стало сельское хозяйство. На уборочной помогала аграриям большая команда людей, которые трудятся в других сферах. ""Очень важно, что аграрные традиции с каждым годом уверенно принимает наша молодежь. Наравне с опытными аграриями работали 111 молодежных и 141 семейный экипажей, 171 молодой водитель. Достойно потрудились ребята из студенческих отрядов. В Год белорусской женщины в составе экипажей на зерноуборочных комбайнах отработали 27 девушек. Молодцы! Как всегда, готовы подставить плечо в любом деле"", - констатировал Петр Пархомчик.... подробности
TEXT: Слаженная работа большой команды профессионалов дает плоды в получении весомого урожая. Такое мнение высказал председатель Брестского облисполкома Петр Пархомчик во время церемонии награждения на областном фестивале тружеников села ""Дажынкі"" в агрогородке Жемчужный Барановичского района, передает корреспондент БЕЛТА. Петр Пархомчик обратил внимание, что Жемчужный преобразился за довольно короткое время. К ""Дажынкам"" в агрогородке благоустроили улицы и дома, обновили школу и амбулаторию, открыли стадион. В Новомышском аграрном колледже для будущих аграриев обустроили передовые лаборатории и мастерские. Председатель Брестского облисполкома подчеркнул, что создать комфортные условия для жизни людей не менее важно. ""Сделать жизнь сельчан лучше и воспитать достойных преемников героев жатвы - в этом и заключается основная идея праздника ""Дажынкі"". Она была предложена 30 лет назад Президентом Александром Лукашенко. Сегодня мы в очередной раз убеждаемся, насколько эта традиция стала значимой и по-настоящему народной. История ""Дажынак"" - история тех, кто выбрал делом своей жизни работу на земле, готов спорить с природой за каждый погожий день, осваивать новые технику и технологии для высокого урожая. А еще это судьба десятков городов и поселков, которые после ""Дажынак"" получили импульс для дальнейшего развития"", - отметил Петр Пархомчик. Плоды приносит слаженная работа агрономов, механизаторов, комбайнеров, водителей, руководителей хозяйств и районов. Брестская область в этом году получила более 1,4 млн т зерна. Хорошую динамику по сбору зерновых получили полесские регионы. ""К прошлому году свыше 24 тыс. т добавил Лунинецкий район, более 10 тыс. т - Пинский, 9 тыс. т - Столинский. Плюс 7 тыс. т - у Ганцевичского района. Это все еще раз подтверждает, что разработанная по поручению Президента и утвержденная правительством программа развития районов Припятского Полесья на 2025-2030 годы дает хороший результат"", - сказал глава Брестской области. В юго-западном регионе в этом году уродил озимый рапс. Его валовой намолот - около 237 тыс. т. Он превзошел прошлогодний на треть, урожайность выросла на 6,5 ц. ""Достойный результат, причем прибавили все без исключения районы"", - уточнил председатель облисполкома. За каждой тонной хлеба стоят конкретные люди, профессионалы, чьим делом жизни стало сельское хозяйство. На уборочной помогала аграриям большая команда людей, которые трудятся в других сферах. ""Очень важно, что аграрные традиции с каждым годом уверенно принимает наша молодежь. Наравне с опытными аграриями работали 111 молодежных и 141 семейный экипажей, 171 молодой водитель. Достойно потрудились ребята из студенческих отрядов. В Год белорусской женщины в составе экипажей на зерноуборочных комбайнах отработали 27 девушек. Молодцы! Как всегда, готовы подставить плечо в любом деле"", - констатировал Петр Пархомчик.",0c933ffb7bee5559fdd9de3d53904b5db577a8bc6dd7ae8fceea7353488e40f5,5823,false,2849,generic_html,Брестская область,,,условия труда,
1.0,https://virtualbrest.ru/news191130.php,Виртуальный Брест,Брестская область,2026-09-05T13:31:24+00:00,feed:https://virtualbrest.ru/rss/news.php | sitemap:https://virtualbrest.ru/sitemap.xml | sitemap:https://virtualbrest.ru/sitemap_new.xml | sitemap:https://virtualbrest.ru/sitemap_yandex.xml,Слово «шумахер» стало в России нарицательным,REJECT,relevance_rejected,possible,нет связки социальной темы и проблемы,"TITLE: Слово «шумахер» стало в России нарицательным
SUMMARY: Привычка называть лихачей на дорогах ""шумахерами"" появилась на постсоветском пространстве в 1990-х – на волне популярности немецкого гонщика. Слово ""шумахер"" стало в России нарицательным, оно внесено в орфографический академический ресурс Института русского языка имени Виноградова РАН ""Академос"". ""О гонщике, лихаче"", – говорится в описании к слову. ""Шумахерами"" на постсоветском пространстве давно называют лихачей – это выражение пришло в страны бывшего СССР в 1990-х, после того, как немецкий гонщик ""Формулы-1"" стал популярным. Михаэль Шумахер – первый семикратный чемпион ""Формулы-1"", сейчас он делит этот рекорд с британцем Льюисом Хэмилтоном, у которого также семь чемпионских титулов в ""Королеве автоспорта"". В декабре 2013-го легендарный гонщик получил тяжелую травму головы в результате несчастного случая во время катания на горных лыжах во французских Альпах. Информации о состоянии его здоровья крайне мало, в прошлом году сообщалось, что он находится в ""печальном состоянии"", нуждается в постоянном уходе и полностью зависит от своих помощников, так как больше не может вербально выразить свои мысли.... подробности
TEXT: Привычка называть лихачей на дорогах ""шумахерами"" появилась на постсоветском пространстве в 1990-х – на волне популярности немецкого гонщика. Слово ""шумахер"" стало в России нарицательным, оно внесено в орфографический академический ресурс Института русского языка имени Виноградова РАН ""Академос"". ""О гонщике, лихаче"", – говорится в описании к слову. ""Шумахерами"" на постсоветском пространстве давно называют лихачей – это выражение пришло в страны бывшего СССР в 1990-х, после того, как немецкий гонщик ""Формулы-1"" стал популярным. Михаэль Шумахер – первый семикратный чемпион ""Формулы-1"", сейчас он делит этот рекорд с британцем Льюисом Хэмилтоном, у которого также семь чемпионских титулов в ""Королеве автоспорта"". В декабре 2013-го легендарный гонщик получил тяжелую травму головы в результате несчастного случая во время катания на горных лыжах во французских Альпах. Информации о состоянии его здоровья крайне мало, в прошлом году сообщалось, что он находится в ""печальном состоянии"", нуждается в постоянном уходе и полностью зависит от своих помощников, так как больше не может вербально выразить свои мысли.",9307b03c806aaa4195965b3bc4675b8e027b971b6b76f3fb991fcbed2a4fd018,2313,false,1115,generic_html,,,дорога/улица,опасность/безопасность,
1.0,https://virtualbrest.ru/news191128.php,Виртуальный Брест,Брестская область,2026-09-05T13:20:44+00:00,feed:https://virtualbrest.ru/rss/news.php | sitemap:https://virtualbrest.ru/sitemap.xml | sitemap:https://virtualbrest.ru/sitemap_new.xml | sitemap:https://virtualbrest.ru/sitemap_yandex.xml,Титанический труд и толика удачи. Лучших тружеников чествуют на «Дажынках» в Брестской области,REJECT,relevance_rejected,possible,нет связки социальной темы и проблемы,"TITLE: Титанический труд и толика удачи. Лучших тружеников чествуют на «Дажынках» в Брестской области
SUMMARY: Лучших тружеников Брестской области чествуют на фестивале-ярмарке ""Дажынкі"" в агрогородке Жемчужный Барановичского района, передает корреспондент БЕЛТА. В юго-западном регионе первыми завершили жатву и первыми в Беларуси отмечают праздник урожая. Один из ярких моментов ""Дажынак"" - шествие делегаций районов Брестской области. Гости фестиваля приветствовали аграриев и благодарили их за труд. Названы победители областного соревнования за достижение высоких показателей на уборке урожая зерновых и зернобобовых культур в 2026 году. Так, первое место занял Лунинецкий район. У него в этом году исторический результат. ""Здесь есть несколько факторов. Конечно, в первую очередь - системная государственная политика по поддержке сельского хозяйства. Приобретаем технику, в последние годы активно идет мелиорация. Мы как полесский район это особенно ощутили. Более 5,5 тыс. га у нас прошли через реконструкцию и капитальный ремонт за последние пять лет. Системно приобретаются минеральные удобрения. Нет проблем с обеспечением горюче-смазочными материалами"", - отметил председатель Лунинецкого райисполкома Александр Савина. Аграрии работают с семенным материалом, со средствами защиты растений. Но главное - труд людей. ""Лунинецкий район получил более 100 тыс. т зерна с рапсом. Как настоящие полешуки, работали люди от зари до зари и на уборке, и на севе. Занимались сопутствующими работами"", - добавил Александр Савина. В Лунинецком районе нацелены в будущем нынешний результат превзойти. Второе место в этом году у Столинского района. Третью позицию занял Ганцевичский район. ""В Ганцевичском районе впервые собрали 41 тыс. т зерна с учетом рапса. Такого урожая мы еще не получали. Хочется поблагодарить всех тружеников, которые приложили свои усилия. Результата удалось достичь благодаря трудолюбию людей, соблюдению технологий, поддержке государства и Брестской области. Один из факторов, скажем откровенно: в этом году нам повезло с погодой. Перспектива одна - стремиться к первому месту"", - подчеркнул председатель Ганцевичского райисполкома Павел Волчек. Примечательно, что районы-призеры расположены на Полесье. Земли там требуют особого подхода. Повысить урожайность культур удается благодаря в том числе программе по реконструкции и вовлечению в сельхозоборот мелиорированных земель. Во время церемонии чествования отмечены лучшие хозяйства, инженеры сельхозорганизаций, комбайнеры, водители, агрономы, операторы зерносушильных комплексов. Поощрены представители других профессий, которые помогали аграриям убирать урожай. Труженики удостоены благодарностей и почетных грамот, для них приготовлены ценные подарки. Фото Виолетты Южаковой... подробности
TEXT: Лучших тружеников Брестской области чествуют на фестивале-ярмарке ""Дажынкі"" в агрогородке Жемчужный Барановичского района, передает корреспондент БЕЛТА. В юго-западном регионе первыми завершили жатву и первыми в Беларуси отмечают праздник урожая. Один из ярких моментов ""Дажынак"" - шествие делегаций районов Брестской области. Гости фестиваля приветствовали аграриев и благодарили их за труд. Названы победители областного соревнования за достижение высоких показателей на уборке урожая зерновых и зернобобовых культур в 2026 году. Так, первое место занял Лунинецкий район. У него в этом году исторический результат. ""Здесь есть несколько факторов. Конечно, в первую очередь - системная государственная политика по поддержке сельского хозяйства. Приобретаем технику, в последние годы активно идет мелиорация. Мы как полесский район это особенно ощутили. Более 5,5 тыс. га у нас прошли через реконструкцию и капитальный ремонт за последние пять лет. Системно приобретаются минеральные удобрения. Нет проблем с обеспечением горюче-смазочными материалами"", - отметил председатель Лунинецкого райисполкома Александр Савина. Аграрии работают с семенным материалом, со средствами защиты растений. Но главное - труд людей. ""Лунинецкий район получил более 100 тыс. т зерна с рапсом. Как настоящие полешуки, работали люди от зари до зари и на уборке, и на севе. Занимались сопутствующими работами"", - добавил Александр Савина. В Лунинецком районе нацелены в будущем нынешний результат превзойти. Второе место в этом году у Столинского района. Третью позицию занял Ганцевичский район. ""В Ганцевичском районе впервые собрали 41 тыс. т зерна с учетом рапса. Такого урожая мы еще не получали. Хочется поблагодарить всех тружеников, которые приложили свои усилия. Результата удалось достичь благодаря трудолюбию людей, соблюдению технологий, поддержке государства и Брестской области. Один из факторов, скажем откровенно: в этом году нам повезло с погодой. Перспектива одна - стремиться к первому месту"", - подчеркнул председатель Ганцевичского райисполкома Павел Волчек. Примечательно, что районы-призеры расположены на Полесье. Земли там требуют особого подхода. Повысить урожайность культур удается благодаря в том числе программе по реконструкции и вовлечению в сельхозоборот мелиорированных земель. Во время церемонии чествования отмечены лучшие хозяйства, инженеры сельхозорганизаций, комбайнеры, водители, агрономы, операторы зерносушильных комплексов. Поощрены представители других профессий, которые помогали аграриям убирать урожай. Труженики удостоены благодарностей и почетных грамот, для них приготовлены ценные подарки.",4cfc0bc7c51404ff6e81f9f81cc0620401680e2991eb484db7df6d842e55d844,5394,false,2619,generic_html,Брестская область,,,,
1.0,https://virtualbrest.ru/news191110.php,Виртуальный Брест,Брестская область,2026-09-05T10:48:02+00:00,feed:https://virtualbrest.ru/rss/news.php | homepage | sitemap:https://virtualbrest.ru/sitemap.xml | sitemap:https://virtualbrest.ru/sitemap_new.xml | sitemap:https://virtualbrest.ru/sitemap_yandex.xml,Уиткофф и Кушнер прибыли в Москву на переговоры,REJECT,relevance_rejected,possible,политическая тема: путин,"TITLE: Уиткофф и Кушнер прибыли в Москву на переговоры
SUMMARY: Представители президента США Стив Уиткофф и зять Дональда Трампа Джаред Кушнер, как предает ТАСС, в ближайшее время приземлятся в московском аэропорту ""Внуково"". После визита в российскую столицу спецпосланники планируют посетить Киев. По данным Reuters, Вашингтон хочет получить гарантии безопасности на время визитов: Украина должна будет воздержаться от ударов по Москве, а Россия — по Киеву. Предварительный план предполагает переговоры сегодня в Москве и завтра в Киеве. Это будет уже второй за короткое время визит высокопоставленных представителей администрации Трампа в Россию. 25 августа Москву посетил директор ЦРУ Джон Рэтклифф, который встречался с руководителями российских спецслужб, в том числе с главой СВР Сергеем Нарышкиным. С Владимиром Путиным он, по данным Кремля, не встречался. Уиткофф и Кушнер уже знакомы с Путиным: в январе этого года они провели с ним около четырех часов в Кремле. Президент Украины Владимир Зеленский подтвердил, что предварительные даты новых переговоров согласованы. При этом позиции сторон остаются далекими: Москва продолжает требовать отказа Украины от вступления в НАТО и передачи России четырех украинских регионов целиком, включая территории, которые российские войска не контролируют. Спецпосланник президента США Стив Уиткофф и зять Дональда Трампа Джаред Кушнер прибыли в Москву, сообщают российские СМИ. В российской столице, как предполагается, они должны провести переговоры с Кириллом Дмитриевым, советником Владимира Путина и главой Российского фонда прямых инвестиций. Визит проходит на фоне новых попыток администрации Трампа добиться продвижения в переговорах о завершении конфликта России и Украины. ... подробности
TEXT: Представители президента США Стив Уиткофф и зять Дональда Трампа Джаред Кушнер, как предает ТАСС, в ближайшее время приземлятся в московском аэропорту «Внуково». После визита в российскую столицу спецпосланники планируют посетить Киев. По данным Reuters, Вашингтон хочет получить гарантии безопасности на время визитов: Украина должна будет воздержаться от ударов по Москве, а Россия — по Киеву. Предварительный план предполагает переговоры сегодня в Москве и завтра в Киеве. Это будет уже второй за короткое время визит высокопоставленных представителей администрации Трампа в Россию. 25 августа Москву посетил директор ЦРУ Джон Рэтклифф, который встречался с руководителями российских спецслужб, в том числе с главой СВР Сергеем Нарышкиным. С Владимиром Путиным он, по данным Кремля, не встречался. Уиткофф и Кушнер уже знакомы с Путиным: в январе этого года они провели с ним около четырех часов в Кремле. Президент Украины Владимир Зеленский подтвердил, что предварительные даты новых переговоров согласованы. При этом позиции сторон остаются далекими: Москва продолжает требовать отказа Украины от вступления в НАТО и передачи России четырех украинских регионов целиком, включая территории, которые российские войска не контролируют. Спецпосланник президента США Стив Уиткофф и зять Дональда Трампа Джаред Кушнер прибыли в Москву, сообщают российские СМИ. В российской столице, как предполагается, они должны провести переговоры с Кириллом Дмитриевым, советником Владимира Путина и главой Российского фонда прямых инвестиций. Визит проходит на фоне новых попыток администрации Трампа добиться продвижения в переговорах о завершении конфликта России и Украины.",6ae445fc5e0eb758a2b7616669e876a5005971b0779bf6f9dbddc7356e092ca7,3415,false,1664,generic_html,Витебская область,Поставы,жилой дом/двор,опасность/безопасность,поставы|housing|safety
1.0,https://virtualbrest.ru/news191108.php,Виртуальный Брест,Брестская область,2026-09-05T10:33:34+00:00,feed:https://virtualbrest.ru/rss/news.php | sitemap:https://virtualbrest.ru/sitemap.xml | sitemap:https://virtualbrest.ru/sitemap_new.xml | sitemap:https://virtualbrest.ru/sitemap_yandex.xml,Учебно-производственные мастерские обновили в Новомышском аграрном колледже к областным «Дажынкам»,REJECT,relevance_rejected,strong,нет связки социальной темы и проблемы,"TITLE: Учебно-производственные мастерские обновили в Новомышском аграрном колледже к областным «Дажынкам»
SUMMARY: Обновленные учебно-производственные мастерские открыли 5 сентября в Новомышском аграрном колледже, передает корреспондент БЕЛТА. В мероприятии приняли участие заместитель премьер-министра Юрий Шулейко, председатель Постоянной комиссии Совета Республики Национального собрания по законодательству и государственному строительству, уполномоченный представитель главы государства в Брестской области Михаил Русый, помощник Президента - инспектор по Брестской области Александр Ломский, председатель Брестского облисполкома Петр Пархомчик и другие почетные гости. ""Сегодня Брестский регион чествует передовиков жнива. Конечно, в первую очередь - слова благодарности. Первый регион всегда включается в любые виды работ первым, поскольку это более южная территория. В текущем году ситуация на полях была непростой, засуха сильнее всего затронула Брестскую и Гомельскую области"", - отметил первый заместитель министра сельского хозяйства и продовольствия Виталий Кулак. Несмотря на климатические вызовы, Брестская область внесла в общереспубликанский каравай пятую часть урожая. ""Это говорит о том, что регион работает технологично, что позволило ему достойно выйти с хорошим урожаем. Хотелось бы отдельно отметить заслугу наших тружеников села. Они трудились на хлеб, на тот урожай, который мы сегодня чествуем. Хочу подчеркнуть роль специалистов, которые умеют своевременно реагировать на погодные изменения. Это крайне важно - вовремя оценить ситуацию и дать следующий толчок развитию, несмотря на внешние обстоятельства. Даже в этом году климатические условия привели к серьезной корректировке структуры посевных площадей. Мы сумели перестроить озимый сев, подкорректировать его с учетом сложившихся условий"", - сказал Виталий Кулак. ""Посещая Новомышский колледж, хочется отметить: насколько качественно мы подготовим механизаторов и специалистов, настолько успешным будет дальнейшее развитие отрасли. То, что сделано в колледже, - результат работы областного руководства и организаций, которые создают технику для села. Это комплексный подход: современное оборудование, цифровизация, новые технологии. Все это позволит обучать специалистов на более высоком уровне. Молодежь сегодня другая, и мы обязаны создать условия, чтобы дети шли учиться с радостью, чтобы в такие учреждения был конкурс"", - подчеркнул первый замминистра сельского хозяйства и продовольствия. В рамках подготовки к фестивалю-ярмарке ""Дажынкі"", который сегодня проходит в агрогородке Жемчужный, в колледже обновили фасад здания, благоустроили территорию и выполнили текущий ремонт мастерских. ""К началу учебного года мы полностью обновили учебно-производственные мастерские, спортивную площадку с искусственным покрытием, автодромы для тракторов и автомобилей. Все это сделано для того, чтобы будущие специалисты обучались в современных и безопасных условиях. К слову, в этом году мы увеличили набор: 118 человек поступили на специальность тракторист, а всего первокурсников - 174. Сейчас в колледже обучаются 444 учащихся"", - подчеркнул директор Новомышского аграрного колледжа Виктор Хорошко. Главным элементом обновления стала лаборатория точного земледелия - первая в Брестской области. Она оснащена цифровыми тренажерами, позволяющими моделировать реальные процессы управления сельскохозяйственной техникой. Здесь установили систему автоматического вождения трактора двух моделей и систему управления опрыскивателем. Учащиеся могут отрабатывать навыки работы с современными цифровыми технологиями в земледелии. Кроме того, в колледже обновлены лаборатории устройства агрегатируемой техники и оборудования, теории и конструкции двигателей, устройства колесных тракторов и самоходных машин, а также мастерская по техническому обслуживанию автомобилей. Для практики закупили три энергонасыщенных трактора и два автомобиля МАЗ. Подготовили модульный интерактивный комплекс - симулятор кабины зерноуборочного комбайна. К областным ""Дажынкам"" отремонтировали и стадион средней школы в Жемчужном, где сегодня ФК ""Динамо-Брест"" проведет турнир среди девочек 2014 года рождения и организует автограф-сессию известных белорусских футболистов. ... подробности
TEXT: Обновленные учебно-производственные мастерские открыли 5 сентября в Новомышском аграрном колледже, передает корреспондент БЕЛТА. В мероприятии приняли участие заместитель премьер-министра Юрий Шулейко, председатель Постоянной комиссии Совета Республики Национального собрания по законодательству и государственному строительству, уполномоченный представитель главы государства в Брестской области Михаил Русый, помощник Президента - инспектор по Брестской области Александр Ломский, председатель Брестского облисполкома Петр Пархомчик и другие почетные гости. ""Сегодня Брестский регион чествует передовиков жнива. Конечно, в первую очередь - слова благодарности. Первый регион всегда включается в любые виды работ первым, поскольку это более южная территория. В текущем году ситуация на полях была непростой, засуха сильнее всего затронула Брестскую и Гомельскую области"", - отметил первый заместитель министра сельского хозяйства и продовольствия Виталий Кулак. Несмотря на климатические вызовы, Брестская область внесла в общереспубликанский каравай пятую часть урожая. ""Это говорит о том, что регион работает технологично, что позволило ему достойно выйти с хорошим урожаем. Хотелось бы отдельно отметить заслугу наших тружеников села. Они трудились на хлеб, на тот урожай, который мы сегодня чествуем. Хочу подчеркнуть роль специалистов, которые умеют своевременно реагировать на погодные изменения. Это крайне важно - вовремя оценить ситуацию и дать следующий толчок развитию, несмотря на внешние обстоятельства. Даже в этом году климатические условия привели к серьезной корректировке структуры посевных площадей. Мы сумели перестроить озимый сев, подкорректировать его с учетом сложившихся условий"", - сказал Виталий Кулак. ""Посещая Новомышский колледж, хочется отметить: насколько качественно мы подготовим механизаторов и специалистов, настолько успешным будет дальнейшее развитие отрасли. То, что сделано в колледже, - результат работы областного руководства и организаций, которые создают технику для села. Это комплексный подход: современное оборудование, цифровизация, новые технологии. Все это позволит обучать специалистов на более высоком уровне. Молодежь сегодня другая, и мы обязаны создать условия, чтобы дети шли учиться с радостью, чтобы в такие учреждения был конкурс"", - подчеркнул первый замминистра сельского хозяйства и продовольствия. В рамках подготовки к фестивалю-ярмарке ""Дажынкі"", который сегодня проходит в агрогородке Жемчужный, в колледже обновили фасад здания, благоустроили территорию и выполнили текущий ремонт мастерских. ""К началу учебного года мы полностью обновили учебно-производственные мастерские, спортивную площадку с искусственным покрытием, автодромы для тракторов и автомобилей. Все это сделано для того, чтобы будущие специалисты обучались в современных и безопасных условиях. К слову, в этом году мы увеличили набор: 118 человек поступили на специальность тракторист, а всего первокурсников - 174. Сейчас в колледже обучаются 444 учащихся"", - подчеркнул директор Новомышского аграрного колледжа Виктор Хорошко. Главным элементом обновления стала лаборатория точного земледелия - первая в Брестской области. Она оснащена цифровыми тренажерами, позволяющими моделировать реальные процессы управления сельскохозяйственной техникой. Здесь установили систему автоматического вождения трактора двух моделей и систему управления опрыскивателем. Учащиеся могут отрабатывать навыки работы с современными цифровыми технологиями в земледелии. Кроме того, в колледже обновлены лаборатории устройства агрегатируемой техники и оборудования, теории и конструкции двигателей, устройства колесных тракторов и самоходных машин, а также мастерская по техническому обслуживанию автомобилей. Для практики закупили три",af8d4ae12acce4b2feb4243129b98de21e8a7c349696c683fbd6de4f238cbafa,7991,true,4105,generic_html,Гомельская область,Гомель,,,
1.0,https://virtualbrest.ru/news191127.php,Виртуальный Брест,Брестская область,2026-09-05T13:13:19+00:00,feed:https://virtualbrest.ru/rss/news.php | sitemap:https://virtualbrest.ru/sitemap.xml | sitemap:https://virtualbrest.ru/sitemap_new.xml | sitemap:https://virtualbrest.ru/sitemap_yandex.xml,"Ученые определили, как должна выглядеть идеальная грудь – речь не о размере",REJECT,relevance_rejected,possible,нет связки социальной темы и проблемы,"TITLE: Ученые определили, как должна выглядеть идеальная грудь – речь не о размере
SUMMARY: Специалисты решили выяснить на практике, как должен выглядеть эталон человеческой груди. Они отбросили глянцевые стереотипы и измерили красоту в конкретных цифрах и пропорциях. Узнали, к каким выводам привел эксперимент.Долгое время считалось, что в вопросах женской привлекательности ключевую роль играет исключительно размер, однако наука готова с этим поспорить.Бразильские ученые провели эксперимент и выяснили, какие же параметры женских форм можно считать идеальными.Их выводы опубликовал New York Post.Как определялся идеалСекрет идеального силуэта попытались разгадать ученые из Университета Пасу-Фунду. Они провели опрос среди 239 студентов, предложив им выбрать наиболее эстетичные визуальные модели груди с разным соотношением долей верхней и нижней частей.Оказалось, что размер не имеет решающего значения. Большинство респондентов проголосовало за правильную геометрию и симметрию бюста, назвав именно эти параметры главными критериями красоты.Статистика опроса наглядно показала, к какой именно форме склоняется большинство людей.Главным фаворитом стало абсолютно равное распределение объема – формат 50/50 выбрали 61,1% участников эксперимента.На втором месте по популярности оказался силуэт с более пышной нижней частью (пропорция 40/60) – за него проголосовали 28,9% респондентов.А вот вариант с выраженной полнотой в верхней половине груди (соотношение 60/40) набрал меньше всего симпатий – его идеалом назвали лишь 10% опрошенных.Интересно, что в этом вопросе между мужчинами и женщинами не возникло никаких разногласий.По словам ученых, это говорит о единых стандартах восприятия привлекательности и общих эстетических ориентиров у обоих полов.Интересный факт о похуденииМногие, кто хоть раз пытался сбросить вес, уверены, что лишние килограммы уходят вместе с потом во время тяжелых тренировок.Однако ученые выяснили, что большая часть лишнего веса буквально растворяется в воздухе и покидает наше тело с каждым выдохом.... подробности
TEXT: Специалисты решили выяснить на практике, как должен выглядеть эталон человеческой груди. Они отбросили глянцевые стереотипы и измерили красоту в конкретных цифрах и пропорциях. Узнали, к каким выводам привел эксперимент. Долгое время считалось, что в вопросах женской привлекательности ключевую роль играет исключительно размер, однако наука готова с этим поспорить. Бразильские ученые провели эксперимент и выяснили, какие же параметры женских форм можно считать идеальными. Их выводы опубликовал New York Post. Секрет идеального силуэта попытались разгадать ученые из Университета Пасу-Фунду. Они провели опрос среди 239 студентов, предложив им выбрать наиболее эстетичные визуальные модели груди с разным соотношением долей верхней и нижней частей. Оказалось, что размер не имеет решающего значения. Большинство респондентов проголосовало за правильную геометрию и симметрию бюста, назвав именно эти параметры главными критериями красоты. Статистика опроса наглядно показала, к какой именно форме склоняется большинство людей. Главным фаворитом стало абсолютно равное распределение объема – формат 50/50 выбрали 61,1% участников эксперимента. На втором месте по популярности оказался силуэт с более пышной нижней частью (пропорция 40/60) – за него проголосовали 28,9% респондентов. А вот вариант с выраженной полнотой в верхней половине груди (соотношение 60/40) набрал меньше всего симпатий – его идеалом назвали лишь 10% опрошенных. Интересно, что в этом вопросе между мужчинами и женщинами не возникло никаких разногласий. По словам ученых, это говорит о единых стандартах восприятия привлекательности и общих эстетических ориентиров у обоих полов. Многие, кто хоть раз пытался сбросить вес, уверены, что лишние килограммы уходят вместе с потом во время тяжелых тренировок. Однако ученые выяснили, что большая часть лишнего веса буквально растворяется в воздухе и покидает наше тело с каждым выдохом.",92c50f32f823788dcac22803f3c21f89f2b7a72df8f4ee4f15cdcd7ab78d95b3,3961,false,1906,generic_html,,,,,
1.0,https://lnc.by/news/kultura/xxxiii-den-belorusskoy-pismennosti-prokhodit-v-kostyukovichakh,Лунинецкие новости,Брестская область,2026-05-09T13:23:08+00:00,homepage,XXXIII День белорусской письменности проходит в Костюковичах,REJECT,relevance_rejected,needs_text,нет связки социальной темы и проблемы,"TITLE: XXXIII День белорусской письменности проходит в Костюковичах
TEXT: Культура Новости района Общество 2026 - Год белорусской женщины XXXIII День белорусской письменности проходит в Костюковичах 05.09.2026 16:23 ХXXIII День белорусской письменности принимает 5 и 6 сентября город Костюковичи Могилевской области. В этом году в концепцию праздника включены такие темы, как Год белорусской женщины, 85-я годовщина начала Великой Отечественной войны, юбилеи классиков белорусской литературы. В рамках празднования здесь торжественно открыли скульптурную композицию ""Алесь и Алеся"", провели церемонию специального гашения памятного конверта с оригинальной маркой, посвященной XXXIII Дню белорусской письменности, назвали имена обладателей Национальной литературной премии, возложили цветы к Вечному огню. Участие в торжественных мероприятиях принимают заместитель премьер-министра Наталья Петкевич, председатель Могилевского облисполкома Анатолий Исаченко, министр информации Дмитрий Жук, председатель Союза писателей Беларуси Александр Карлюкевич и другие почетные гости. ""Страна у нас компактная, но она такая разная, даже внутри одной части. У нас разная культура быта, устройство домовладений, разные традиции. Это на самом деле очень здорово, - сказала Наталья Петкевич. - И хорошо, что Дни белорусской письменности проводятся в разных городах, в разных уголках страны, где мы можем День белорусской письменности, белорусского слова, белорусской литературы и поэзии услышать немножко по-другому. В прошлом году мы были в Гродно, сегодня в Костюковичах, и каждый раз в празднике есть свой оттенок"". И что немаловажно, подчеркнула Наталья Петкевич, любовь к литературе, печатному слову передается молодежи. ""Сегодня мы видим белорусских молодых авторов, которые вносят новые традиции, свои оттенки. Самое главное, что они продолжают все это, им интересно, - отметила она. - Видно, что все усилия, которые предпринимаются государством по стимулированию, те возможности, которые даются для того, чтобы они творили, - приносят свои плоды. Начиная от образования, заканчивая материальной поддержкой при издании. Такими стимулирующими мерами выступает и этот праздник"". Отрадно, что на одной сцене с именитыми белорусами побывал и финалист республиканского конкурса юных чтецов «Живая классика-2026» Евгений Рафалович из СШ №2 г. Лунинца. БЕЛТА. Подписывайтесь на наш канал в Telegram Следующая новость →",073d833d49ac59b5e658546a030f634c6caf12e74972d20e6146498104cc385e,2402,false,2328,generic_html,Могилевская область,,,,
1.0,https://lnc.by/news/kultura/deputaty-brestskoy-oblasti-pochtili-pamyat-pogibshikh-v-gody-voyny-zemlyakov-,Лунинецкие новости,Брестская область,2026-05-09T09:43:50+00:00,homepage,Депутаты Брестской области почтили память погибших в годы войны земляков,REJECT,relevance_rejected,needs_text,политическая тема: митинг,"TITLE: Депутаты Брестской области почтили память погибших в годы войны земляков
TEXT: Культура Микашевичи Новости района Общество Депутаты Брестской области почтили память погибших в годы войны земляков 05.09.2026 12:43 В рамках областного фестиваля-ярмарки «Дожинки- 2026» депутаты со всего первого региона во главе с председателем областного Совета Мариной Ковалевской во время торжественного митинга возложили цветы к подножию монумента. В агрогородке Жемчужный Барановичского района установлен памятник землякам, погибшим в годы Великой Отечественной войны, – монумент советскому солдату, который олицетворяет память о местных жителях, павших в боях с фашизмом. Среди участников памятной церемонии – председатель районного Совета депутатов Владимир Ковалевич. Фото ""Наш край"". Подписывайтесь на наш канал в Telegram ← Предыдущая новость Следующая новость →",6bb38ace966727cc5c055a283c457e5259262e8a2c8415b0db4eb403bca6942f,860,false,774,generic_html,Брестская область,,,,
1.0,https://lnc.by/news/mikashevichy/luninetskiy-rayon-pobeditel-oblastnogo-sorevnovaniya-po-proizvodstvu-zerna,Лунинецкие новости,Брестская область,2026-05-09T12:19:19+00:00,homepage,Лунинецкий район – победитель областного соревнования по производству зерна!,REJECT,relevance_rejected,needs_text,нет связки социальной темы и проблемы,"TITLE: Лунинецкий район – победитель областного соревнования по производству зерна!
TEXT: Победители областного соревнования среди сельскохозяйственных и иных организаций (их филиалов), которые обеспечили наивысшие показатели темпов роста валового сбора зерна (без учета кукурузы на зерно) к среднему уровню трех лет с учетом производства зерна на один балло-гектар посевной площади: с площадью более 5 тысяч гектаров: первое место – ОАО «Синкевичский», второе – ЧСУП «Редигерово-Агро»; третье – КСУП «Хвоецкое»; с площадью до 5 тысяч гектаров: Благодарность Главы Администрации Президента Республики Беларусь ОБЪЯВЛЕНА трактористу-машинисту СУП «Агро Лобчанское» Геннадию МАЦКЕВИЧУ. Победителями областного соревнования ПРИЗНАНЫ: среди старших комбайнеров и комбайнеров молодежных экипажей: первое место – Андрей БИРИЛО («Городокский»), второе – Георгий КОНОПАЦКИЙ («Полесская опытная станция»), Максим КЛЕВЖИЦ («Синкевичский»); среди водителей транспортных средств, осуществляющих отвозку зерна от комбайнов: второе место – Василий НАГОРНЫЙ, третье – Андрей Николаевич (оба – «Межлесское»); среди молодых водителей транспортных средств, осуществляющих отвозку зерна от комбайнов: первое место – Илья БАРТАШЕВИЧ («Межлесское»), второе – Владислав ЧЕРНООКИЙ («Полесская опытная станция»), третье – Андрей ШИКОЛАЙ («Синкевичский»); среди главных агрономов, обеспечивших достижение наибольшего выхода зерна на один балло-гектар пахотных земель: второе место – Владимир ШКУТ («Синкевичский»); среди звеньев (бригад) операторов зерносушильных установок: третье место – ОАО «Дворецкий» (Виктор Колбик, Василий Воронич, Иван Михнюк, Юрий Гаврилович). Почетной грамотой Министерства сельского хозяйства и продовольствия Республики Беларусь – водитель автомобиля ОАО «Вульковский рассвет» Анатолий ЯРОХОВИЧ; Благодарственным письмом председателя Брестского областного Совета депутатов – вальщик леса Лунинецкого лесничества Лунинецкого лесхоза Александр САВИЛОВИЧ; Почетной грамотой Республиканского комитета Белорусского профсоюза работников агропромышленного комплекса – тракторист-машинист ОАО «Лунинский» Иван САВИЛОВИЧ. ПОЗДРАВЛЯЕМ победителей смотра-конкурса «Землепользование высокой культуры земледелия, благоустройство машинных дворов, животноводческих ферм и комплексов» в 2026 году: среди лесохозяйственных учреждений – Лунинецкий лесхоз, крестьянских (фермерских) хозяйств – ФХ «Рафинад». Как стало известно, областной праздник ""Дожинки-2027"" примет Столинский район. Подписывайтесь на наш канал в Telegram",39854b36d7336eebb11f29fad61fe871646765eec9f7ecd62fd91717082e8172,2510,false,2420,generic_html,Брестская область,Лунинец,,,
1.0,https://lnc.by/news/kultura/luninchane-prisoedinilis-k-uchastnikam-prazdnichnogo-shestviya-na-dozhinkakh,Лунинецкие новости,Брестская область,2026-05-09T11:32:22+00:00,homepage,Лунинчане присоединились к участникам праздничного шествия на «Дожинках»,REJECT,relevance_rejected,needs_text,нет связки социальной темы и проблемы,"TITLE: Лунинчане присоединились к участникам праздничного шествия на «Дожинках»
TEXT: Культура Микашевичи Новости района Общество Экономика Агропром Лунинчане присоединились к участникам праздничного шествия на «Дожинках» 05.09.2026 14:32 Делегация Лунинецкого района приняла участие в красочном шествии, которое стало одним из ключевых событий областного фестиваля-ярмарки «Дожи нки-2026». Представители нашего региона прошли по главным улицам агрогородка Жемчужный Барановичского района, демонстрируя колорит Лунинетчины. Посмотреть видео здесь Подписывайтесь на наш канал в Telegram С хлебом, солью и широкой душой: как встречали делегацию Лунинецкого района на «Дажынках-2026» Выставка «Праздник со вкусом хлеба. Летопись «Дажынак в #1регионе» начала работу в Жемчужном Подворье Лунинецкого района посетили почетные гости областного фестиваля «Дожинки» ← Предыдущая новость Следующая новость →",62f91f5b95386bb3af71068fcb7c021d03f8d986b73e3e6723650ab63164c226,897,false,811,generic_html,Брестская область,Лунинец,,,
1.0,https://lnc.by/news/kultura/luchshikh-truzhenikov-brestskoy-oblasti-chestvuyut-na-festivale-yarmarke-dozhinki-2026,Лунинецкие новости,Брестская область,2026-05-09T12:59:25+00:00,homepage,Лучших тружеников Брестской области чествуют на фестивале-ярмарке «Дожинки-2026»,REJECT,relevance_rejected,needs_text,нет связки социальной темы и проблемы,"TITLE: Лучших тружеников Брестской области чествуют на фестивале-ярмарке «Дожинки-2026»
TEXT: Культура Микашевичи Новости района Общество Экономика Агропром Лучших тружеников Брестской области чествуют на фестивале-ярмарке «Дожинки-2026» 05.09.2026 15:59 Лучших тружеников Брестской области чествуют на фестивале-ярмарке ""Дажынкі"" в агрогородке Жемчужный Барановичского района. В юго-западном регионе первыми завершили жатву и первыми в Беларуси отмечают праздник урожая. Один из ярких моментов ""Дажынак"" - шествие делегаций районов Брестской области. Гости фестиваля приветствовали аграриев и благодарили их за труд. Названы победители областного соревнования за достижение высоких показателей на уборке урожая зерновых и зернобобовых культур в 2026 году. Так, первое место занял Лунинецкий район. У него в этом году исторический результат. ""Здесь есть несколько факторов. Конечно, в первую очередь - системная государственная политика по поддержке сельского хозяйства. Приобретаем технику, в последние годы активно идет мелиорация. Мы как полесский район это особенно ощутили. Более 5,5 тыс. га у нас прошли через реконструкцию и капитальный ремонт за последние пять лет. Системно приобретаются минеральные удобрения. Нет проблем с обеспечением горюче-смазочными материалами"", - отметил председатель Лунинецкого райисполкома Александр Савина. Аграрии работают с семенным материалом, со средствами защиты растений. Но главное - труд людей. ""Лунинецкий район получил более 100 тыс. т зерна с рапсом. Как настоящие полешуки, работали люди от зари до зари и на уборке, и на севе. Занимались сопутствующими работами"", - добавил Александр Савина. В Лунинецком районе нацелены в будущем нынешний результат превзойти. Второе место в этом году у Столинского района. Третью позицию занял Ганцевичский район. ""В Ганцевичском районе впервые собрали 41 тыс. т зерна с учетом рапса. Такого урожая мы еще не получали. Хочется поблагодарить всех тружеников, которые приложили свои усилия. Результата удалось достичь благодаря трудолюбию людей, соблюдению технологий, поддержке государства и Брестской области. Один из факторов, скажем откровенно: в этом году нам повезло с погодой. Перспектива одна - стремиться к первому месту"", - подчеркнул председатель Ганцевичского райисполкома Павел Волчек. Примечательно, что районы-призеры расположены на Полесье. Земли там требуют особого подхода. Повысить урожайность культур удается благодаря в том числе программе по реконструкции и вовлечению в сельхозоборот мелиорированных земель. Во время церемонии чествования отмечены лучшие хозяйства, инженеры сельхозорганизаций, комбайнеры, водители, агрономы, операторы зерносушильных комплексов. Поощрены представители других профессий, которые помогали аграриям убирать урожай. Труженики удостоены благодарностей и почетных грамот, для них приготовлены ценные подарки. БЕЛТА. Подписывайтесь на наш канал в Telegram ← Предыдущая новость Следующая новость →",2fbdffcc1a6e01c9b4af07f75b419e37823394f57487502d0668e2c43c50ec01,2931,false,2837,generic_html,Брестская область,Барановичи,,,
1.0,https://lnc.by/news/kultura/podvore-luninetskogo-rayona-posetili-pochetnye-gosti-oblastnogo-festivalya-dozhinki-,Лунинецкие новости,Брестская область,2026-05-09T10:31:30+00:00,homepage,Подворье Лунинецкого района посетили почетные гости областного фестиваля «Дожинки»,REJECT,relevance_rejected,needs_text,нет связки социальной темы и проблемы,"TITLE: Подворье Лунинецкого района посетили почетные гости областного фестиваля «Дожинки»
TEXT: Культура Микашевичи Новости района Общество Экономика Агропром Подворье Лунинецкого района посетили почетные гости областного фестиваля «Дожинки» 05.09.2026 13:31 Гостеприимство — визитная карточка Лунинецкого района. На подворье, развернувшемся в рамках праздничных мероприятий областного фестиваля-ярмарки ""Дожинки-2026"", царила оживленная атмосфера. Хозяева подготовили для посетителей насыщенную программу: здесь можно было не только ознакомиться с аутентичными ремеслами, но и попробовать продукцию местных производителей. Каждого гостя встречали с особым радушием, предлагая окунуться в традиции Лунинецкого края. Подворье стало настоящим центром притяжения, где переплелись история и культура. Подписывайтесь на наш канал в Telegram ← Предыдущая новость Следующая новость →",50b5860107738673002b6afb8f1a08068ecb9e3d4090240b6fc145cf66b8b7a6,876,false,780,generic_html,Брестская область,Лунинец,жилой дом/двор,,
1.0,https://lnc.by/news/kultura/fotomgnoveniya-oblastnogo-prazdnika-dozhinki-2026,Лунинецкие новости,Брестская область,2026-05-09T11:51:55+00:00,homepage,Фотомгновения областного праздника «Дожинки-2026»,REJECT,relevance_rejected,needs_text,нет связки социальной темы и проблемы,"TITLE: Фотомгновения областного праздника «Дожинки-2026»
TEXT: Культура Микашевичи Новости района Общество Экономика Агропром Фотомгновения областного праздника «Дожинки-2026» 05.09.2026 14:51 Областные ""Дожинки"" - это всегда яркая точка в сельскохозяйственном календаре. В Брестской области ее поставили сегодня на празднике тружеников села, который состоялся в Барановичском районе. Удалось найти те самые фотомгновения, которые передают дух события: неподдельные эмоции, праздничную суету и особую атмосферу единства... Подписывайтесь на наш канал в Telegram ← Предыдущая новость Следующая новость →",61ac42db2b5ed6711a7e2c39fb3bacf0427ddb805ed5bc9abe3319669c6bb86f,602,false,539,generic_html,Брестская область,,,,
1.0,https://media-polesye.com/news/16-filmov-i-serialov-sentyabrya-o-kotoryh-budut-govorit-vse,Медиа-Полесье,Брестская область,2026-09-05T14:14:19+00:00,feed:https://media-polesye.com/feed/ | homepage,"16 фильмов и сериалов сентября, о которых будут говорить все — Media-Polesyе",REJECT,relevance_rejected,needs_text,нет связки социальной темы и проблемы,"TITLE: 16 фильмов и сериалов сентября, о которых будут говорить все — Media-Polesyе
SUMMARY: Первый осенний месяц заготовил для нас немало интересных премьер. Собрали 16 фильмов и сериалов, которые мы больше всего ждем в сентябре. Сообщение 16 фильмов и сериалов сентября, о которых будут говорить все появились сначала на Media-Polesyе .
TEXT: Сентябрь начнется для нас с «Бегущей» — нового триллера с Галь Гадот в главной роли. В нем актриса исполняет жизнь успешного адвоката, жизнь которой резко меняет курс одним утром. Собираясь на традиционную пробежку, девушка получает звонок от неизвестного: он сообщает, что ее сын похищен, а чтобы вернуть мальчика, героине нужно следовать всем указаниям преступника.",881ea049c3a5586ea2ce0e5b5880f96d42a3cd46b7b9fb856d6f06aeda84a1b5,712,false,367,generic_html,,,,,
1.0,https://media-polesye.com/news/ot-budushhego-belarusi-zavisit-bezopasnost-vsego-regiona-posol-mid-ukrainy,Медиа-Полесье,Брестская область,2026-09-05T11:56:43+00:00,feed:https://media-polesye.com/feed/ | homepage,«От будущего Беларуси зависит безопасность всего региона» — посол МИД Украины — Media-Polesyе,REJECT,relevance_rejected,needs_text,нет связки социальной темы и проблемы,"TITLE: «От будущего Беларуси зависит безопасность всего региона» — посол МИД Украины — Media-Polesyе
SUMMARY: Ярослав Чорногор, посол по особым поручениям МИД Украины, отвечающий за контакты с недружественными странами, заявил, что от демократического транзита в Беларуси зависит безопасность всего региона. Об этом он написал в своем Instagram. Сообщение «От будущего Беларуси зависит безопасность всего региона» — посол МИД Украины появились сначала на Media-Polesyе .
TEXT: Ярослав Чорногор, посол по особым поручениям МИД Украины, отвечающий за контакты с недружественными странами, заявил, что от демократического транзита в Беларуси зависит безопасность всего региона. Об этом он написал в своем Instagram. Беларуси в значительной степени зависит безопасность всего региона. Поэтому уже сегодня важно поддерживать открытый и ответственный диалог с теми, кто отстаивает демократическое и суверенное развитие Беларуси», — написал дипломат. Чорногор рассказал, что эти темы обсуждались во время его встреч с Молодежным и Общественным советами при МИД Украины. По его словам, на этих мероприятиях отдельное внимание уделили перспективам демократического транзита в Беларуси и взаимодействию с беларусскими демократическими силами. Напомним, украинский эксперт по Беларуси и России Ярослав Чорногор был назначен послом по особым поручениям в мае 2026 года. В его обязанности входит взаимодействие с демократическими силами и национальными движениями недружественных стран. В августе 2026 года суд Горецкого района Могилевской области признал Instagram-аккаунт Ярослава Чорногора «экстремистскими материалами». Чтобы следить за важными новостями, подписывайтесь на наш канал в Telegram и группы в социальных сетях: Вк , Одноклассники , Facebook , Instagram , ТикТок .",d74ca4480443720d1d550aadabcb3e67eaf54ee74a3bd54d9ae16efd6320adae,1767,false,1290,generic_html,,,,опасность/безопасность,
1.0,https://media-polesye.com/news/pinskij-rajon-boretsya-za-pobedu-na-dozhinkah-podderzhite-nashih-v-golosovanii,Медиа-Полесье,Брестская область,2026-09-05T11:12:25+00:00,feed:https://media-polesye.com/feed/ | homepage,Пинский район борется за победу на «Дожинках». Поддержите наших в голосовании! — Media-Polesyе,REJECT,relevance_rejected,needs_text,нет связки социальной темы и проблемы,"TITLE: Пинский район борется за победу на «Дожинках». Поддержите наших в голосовании! — Media-Polesyе
SUMMARY: На областных «Дожинках» в агрогородке Жемчужный традиционно представили лучшие сельскохозяйственные композиции районов и областей. Это одна из самых ярких частей праздника, где через урожай, сельский быт и символику показывают историю и характер каждого региона. Сообщение Пинский район борется за победу на «Дожинках». Поддержите наших в голосовании! появились сначала на Media-Polesyе .
TEXT: На областных «Дожинках» в агрогородке Жемчужный традиционно представили лучшие сельскохозяйственные композиции районов и областей. Это одна из самых ярких частей праздника, где через урожай, сельский быт и символику показывают историю и характер каждого региона. Для Полесья сельское хозяйство — это не просто отрасль экономики. Это тысячи людей, которые ежедневно работают в полях, на фермах и перерабатывающих предприятиях Пинского, Столинского, Лунинецкого, Ивановского, Дрогичинского и других районов. Именно поэтому такая победа стала бы символичным признанием труда жителей всего региона. Если вам близко Полесье и вы хотите поддержать Брестскую область, сделать это можно всего за несколько секунд. Чтобы следить за важными новостями, подписывайтесь на наш канал в Telegram и группы в социальных сетях: Вк , Одноклассники , Facebook , Instagram , ТикТок .",765eb754fe2e74d473d1f8a13c6682974f1cb90c2857eff48bf615caecbab167,1368,false,862,generic_html,,,,,
1.0,https://media-polesye.com/news/salaty-s-baklazhanami-pryamo-kak-v-detstve-zabytye-retsepty,Медиа-Полесье,Брестская область,2026-09-05T08:39:05+00:00,feed:https://media-polesye.com/feed/ | homepage,"Салаты с баклажанами, прямо как в детстве: забытые рецепты — Media-Polesyе",REJECT,relevance_rejected,needs_text,нет связки социальной темы и проблемы,"TITLE: Салаты с баклажанами, прямо как в детстве: забытые рецепты — Media-Polesyе
SUMMARY: Предлагаем рецепты из поваренной книги 1972 года. Сообщение Салаты с баклажанами, прямо как в детстве: забытые рецепты появились сначала на Media-Polesyе .
TEXT: Предлагаем рецепты из поваренной книги 1972 года. Рассмотрим, как сделать салат из баклажанов на каждый день в двух вариантах из книги рецептов СССР. По этому рецепту получается довольно сытный салат из обжаренных с луком баклажанов, сладковатым яблоком, яйцами и зеленым горошком – все в приятной сметанно-горчичной заправке. Если вы не любите сочетание соленого со сладким, яблоко можно заменить свежим огурцом или просто взять сорт покислее. Тем же, кто следит за калорийностью блюд, вместо майонеза лучше использовать одну только сметану, главное – не переборщить с ней, иначе она перебьет вкус овощей. Вкуснейший салат из баклажанов — пошаговый рецепт Баклажаны обмойте, очистите от кожицы и нарежьте небольшими ломтиками. Разогрейте сковороду с растительным маслом и слегка обжарьте баклажаны до мягкости. Репчатый лук мелко нарежьте, добавьте к баклажанам и протушите еще несколько минут. Переложите овощи в миску, стараясь оставить на сковороде лишнее масло, и полностью охладите. Яблоко очистите и нарежьте небольшими кубиками. Яйца сварите вкрутую и также мелко нарежьте. Добавьте к баклажанам зеленый горошек, яблоко и яйца. Посолите, добавьте немного сахара и лимонного сока или уксуса. Для заправки смешайте майонез, сметану, горчицу и пропущенный через пресс (или просто мелко нарезанный) чеснок. Заправьте салат, аккуратно перемешайте и переложите в салатницу. В этом варианте баклажаны нужно будет не обжаривать, а запекать целиком, после чего просто смешать их с сочными помидорами, луком и зеленью. Такой салат вообще практически не требует вашего вмешательства, кроме, собственно, нарезки, и готовится буквально за 20 минут. Для этого салата лучше использовать спелые, но плотные помидоры: слишком мягкие овощи дадут слишком много сока, из-за чего салат фактически превратится в овощное рагу. Из зелени возьмите петрушку, укроп или кинзу — все они довольно хорошо сочетаются со свежими овощами. Салат из баклажанов и помидоров — пошаговый рецепт Баклажаны обмойте, обсушите и запеките в духовке около 20 минут при 200°C. Дайте овощам остыть, снимите кожицу и мелко порубите мякоть ножом. Помидоры нарежьте небольшими кубиками, а репчатый лук — как можно мельче. Соедините помидоры и лук с баклажанами, посолите и полейте растительным маслом. Перемешайте салат, переложите его в салатницу и посыпьте мелко нарезанной свежей зеленью. Перед подачей дайте салату настояться в холодильнике, чтобы овощи лучше соединились между собой. Чтобы следить за важными новостями, подписывайтесь на наш канал в Telegram и группы в социальных сетях: Вк , Одноклассники , Facebook , Instagram , ТикТок .",3b227a5f6bde12d1905ea78f284680afb2720dffafb23f15dc814a27a42650d5,2857,false,2604,generic_html,,,,,
1.0,https://media-polesye.com/news/sopli-i-bol-v-gorle-ne-povod-propuskat-trenirovku,Медиа-Полесье,Брестская область,2026-09-05T11:39:12+00:00,feed:https://media-polesye.com/feed/ | homepage,Сопли и боль в горле не повод пропускать тренировку — Media-Polesyе,REJECT,relevance_rejected,needs_text,нет связки социальной темы и проблемы,"TITLE: Сопли и боль в горле не повод пропускать тренировку — Media-Polesyе
SUMMARY: Но только при определённых условиях. Сообщение Сопли и боль в горле не повод пропускать тренировку появились сначала на Media-Polesyе .
TEXT: Но только при определённых условиях. Взрослый человек в среднем болеет простудой два-четыре раза в год. Боль в горле, насморк и кашель появляются и становятся хуже в первые 2–3 дня. Затем начинают стихать и чаще всего полностью пропадают через 7–10 дней без всякого лечения. Если человек чувствует себя в целом хорошо, он может встать перед выбором — пропустить тренировку, чтобы не сделать хуже, или сходить на неё, чтобы стало лучше. Большую часть простуд вызывают разные виды риновирусов, а при таком заражении у взрослых людей редко бывает высокая температура и ломота в мышцах. Около 80% профессиональных спортсменов продолжают заниматься во время простуды, не пропуская по этой причине больше одного тренировочного дня. И судя по всему, это не вредит здоровью. Метаанализ 17 исследований показал, что простуда, вызванная риновирусом, не влияет на выносливость и работу сердца, если протекает в лёгкой форме. Более того, физическая активность может немного улучшить состояние, временно облегчив заложенность носа. Можно сходить на тренировку, если: Если все эти пункты совпали — смело отправляйтесь на тренировку или устройте её дома. Начните легко: позанимайтесь 10–15 минут на умеренной интенсивности и следите за состоянием. Если симптомы простуды не становятся хуже, продолжайте в том же духе. Лучше перестраховаться и не выжимать из себя все соки во время болезни. Даже профессиональные атлеты часто снижают объём и интенсивность своих тренировок во время болезни. Если вы не готовитесь к Олимпиаде, лучше поберегите силы и дайте телу восстановиться, а потом уж нагружайте его по полной. Вот случаи , когда вам точно стоит пропустить занятие: Может появиться соблазн выпить жаропонижающее средство, а потом пойти на тренировку. Не стоит этого делать. Таблетки сбивают температуру и убирают некоторые симптомы, но не влияют на причину заболевания. Занимаясь в таком состоянии, вы рискуете усугубить болезнь и отсрочить выздоровление. Если вы чувствуете себя хорошо, можете возобновить занятия, как только спадёт температура. Тем же, кто ощущает слабость, кашляет, наблюдает повышенный пульс в покое, стоит подождать от 7 до 14 дней. Сколько именно, лучше спросить у своего лечащего врача. Не ждите от себя рекордов сразу после выхода — тяжёлые ОРВИ плохо сказываются на производительности и состоянии лёгких. Дайте себе время восстановиться. Сделайте первые пару тренировок лёгкими и наблюдайте за своим состоянием. Если нагрузки переносятся хорошо, понемногу увеличивайте интенсивность и объём занятий. Чтобы следить за важными новостями, подписывайтесь на наш канал в Telegram и группы в социальных сетях: Вк , Одноклассники , Facebook , Instagram , ТикТок .",1b8c71b2b6141d3675983828b37ad4e9038675d8e4a9dfa2e0c923f1fe74983a,2895,false,2669,generic_html,,,,,
1.0,https://t.me/orshaeu/11913,Orsha.eu,Витебская область,2026-09-05T11:08:09+00:00,telegram:https://t.me/s/orshaeu,«Аршанскі вечар» у Варшаве,REJECT,relevance_rejected,needs_text,нет связки социальной темы и проблемы,"TITLE: «Аршанскі вечар» у Варшаве
TEXT: «Аршанскі вечар» у Варшаве У Варшаве ў беларускай краме «Vyraj» адбыўся «Аршанскі вечар», які зладзілі музыка Сяржук Доўгушаў і даследнік спорту Арцём Сізінцаў. Размаўлялі пра слаўную гісторыю Аршаншчыны, знакамітыя цэрквы і кляштары рэгіёну. Сярод выбітных асобаў згадвалі Ўладзімера Караткевіча і мастака Міколу Купаву, якія прычыніліся да праслаўленьня Аршаншчыны. Успаміналі й бардаўскія фэсты на Крапівенскім полі, прысвечаныя бітве пад Воршай 8 верасня 1514 году. У час вечарыны выйшлі й на тэму гістарычнага герба Воршы, які адрадзіўся і вярнуўся ў афіцыйны ўжытак, нечаканую ролю «раёншчыкаў» у гэтым. Гісторыю назваў Тарчылава, Болбасава, Амэрыка. Арцём Сізінцаў расказаў пра кнігу «На ‚Старт’ і ў ‚Тэмпе’! Ножны шпурляк на Аршаншчыне», а Сяржук Доўгушаў пра сваю музычную дзейнасць.",831140040b00c00423d496b208d84724633fb557f8f0b3f00a70fbb45ad791a1,832,false,792,inline_text,,,,,
1.0,https://t.me/orshaeu/11912,Orsha.eu,Витебская область,2026-09-05T08:49:22+00:00,telegram:https://t.me/s/orshaeu,Теперь и TikТok Серого Кота признали «экстремистским»,REJECT,relevance_rejected,needs_text,политическая тема: политзаключ,"TITLE: Теперь и TikТok Серого Кота признали «экстремистским»
TEXT: Теперь и TikТok Серого Кота признали «экстремистским» Суд Житковичского района Гомельской области признал «экстремистской» информационной продукцией TikТok аккаунт “Серый Кот”. Его ведет наш земляк, в недавнем прошлом житель Барани Дмитрий Козлов. Теперь он вынужденно живёт в Литве. За гражданскую активность в мае 2021 г. его осудили на 4 с половиной года колонии, а потом добавили еще год заключения – будто бы за неподчинение администрации. Правозащитное сообщество признало его политическим заключенным. В сентябре прошлого года Дмитрия Козлова освободили https://t.me/orshaeu/9969 по помилованию и в числе других политзаключенных насильно вывезли в Литву без возможности вернуться. Но даже из-за границы его блогерскую деятельность расценивают как «экстремистскую», заметил https://t.me/vicspring/5785 правозащитный Telegram-канал “Віцебская Вясна”. В апреле «экстремистским» был признан Telegram-канал экс-политзаключенного, а ещё раньше - YouTube-каналы ""Серый Кот"" и ""Серый Кот Стримы"".",d52425725ce42c8aa7c515c59d150c2ae548b8f9a3fea00e6d0ba65679021c02,1062,false,995,inline_text,Гомельская область,Гомель,,,
1.0,https://t.me/vitebsk_info/10592,Витебск INFO,Витебская область,2026-09-05T09:19:35+00:00,telegram:https://t.me/s/vitebsk_info,Палітвязень Андрэй Аляксандраў стаў лаўрэатам прэміі Free Media Awards,REJECT,relevance_rejected,needs_text,политическая тема: палітвяз,"TITLE: Палітвязень Андрэй Аляксандраў стаў лаўрэатам прэміі Free Media Awards
TEXT: Палітвязень Андрэй Аляксандраў стаў лаўрэатам прэміі Free Media Awards «Дзякуючы сваёй працы ў незалежным беларускім інфармацыйным агенцтве БелаПАН і Беларускай асацыяцыі журналістаў, ён дапамог умацаваць прафесійныя стандарты журналістыкі, падтрымаць незалежныя СМІ і пабудаваць міжнародныя сеткі журналістаў і праваабаронцаў», — зазначыў аргкамітэт прэміі. Андрэй Аляксандраў – вядомы беларускі незалежны журналіст і наш зямляк. З дзяцінства жыў у Паставах на Віцебшчыне, скончыў гісторыка-філалагічны факультэт Полацкага дзяржаўнага ўніверсітэта, пачынаў журналісцкую дзейнасць у наваполацкай газеце «Хімік», потым перабраўся ў Мінск, цягам 2015–2018 гадоў быў у дырэктараце БелаПАН, працаваў медыякансультантам. Быў арыштаваны за сваю працу ў 2021 г.. 6 кастрычніка 2022 г. суддзя Мінскага абласнога суда Вячаслаў Тулейка у закрытым рэжыме прызначыў медыяменеджару 14 гадоў пазбаўлення волі і вялізны штрыф - больш за 10 тысяч долараў у эквіваленце. Палітвязень дагэтуль знаходзіцца за кратамі – адбывае прызначаны тэрмін зняволення ў наваполацкай ПК-1. Прэміяй Free Media Awards Андрэй Аляксандраў уганараваны за мужнасць і адданасць прафесіі ва ўмовах падаўлення свабоды слова.",4781ba6810ee1bf6e2580b358fb8e47989486265cd3d0d2176f91a2c16ff5a78,1267,false,1183,inline_text,,,,,
1.0,https://vitebskspring.org/news/palitvjazni/item/7885-palitvyazen-andrej-alyaksandrau-stau-laureatam-premii-free-media-awards,Витебская Весна,Витебская область,2026-09-05T06:22:24+00:00,feed:https://vitebskspring.org/?format=feed | feed:https://vitebskspring.org/?format=feed&type=atom | feed:https://vitebskspring.org/?format=feed&type=rss | homepage,Палітвязень Андрэй Аляксандраў стаў лаўрэатам прэміі Free Media Awards - Віцебская вясна,REJECT,relevance_rejected,possible,политическая тема: палітвяз,"TITLE: Палітвязень Андрэй Аляксандраў стаў лаўрэатам прэміі Free Media Awards - Віцебская вясна
SUMMARY: «Дзякуючы сваёй працы ў незалежным беларускім інфармацыйным агенцтве БелаПАН і Беларускай асацыяцыі журналістаў, ён дапамог умацаваць прафесійныя стандарты журналістыкі, падтрымаць незалежныя СМІ і пабудаваць міжнародныя сеткі журналістаў і праваабаронцаў», — зазначыў аргкамітэт прэміі.
TEXT: «Дзякуючы сваёй працы ў незалежным беларускім інфармацыйным агенцтве БелаПАН і Беларускай асацыяцыі журналістаў, ён дапамог умацаваць прафесійныя стандарты журналістыкі, падтрымаць незалежныя СМІ і пабудаваць міжнародныя сеткі журналістаў і праваабаронцаў», — зазначыў аргкамітэт прэміі. Андрэй Аляксандраў – вядомы беларускі незалежны журналіст і наш зямляк. З дзяцінства жыў у Паставах на Віцебшчыне, скончыў гісторыка-філалагічны факультэт Полацкага дзяржаўнага ўніверсітэта, пачынаў журналісцкую дзейнасць у наваполацкай газеце «Хімік», потым перабраўся ў Мінск, цягам 2015–2018 гадоў быў у дырэктараце БелаПАН, працаваў медыякансультантам. Быў арыштаваны за сваю працу ў 2021 г.. 6 кастрычніка 2022 г. суддзя Мінскага абласнога суда Вячаслаў Тулейка у закрытым рэжыме прызначыў медыяменеджару 14 гадоў пазбаўлення волі і вялізны штрыф - больш за 10 тысяч долараў у эквіваленце. Палітвязень дагэтуль знаходзіцца за кратамі – адбывае прызначаны тэрмін зняволення ў наваполацкай ПК-1. Прэміяй Free Media Awards Андрэй Аляксандраў уганараваны за мужнасць і адданасць прафесіі ва ўмовах падаўлення свабоды слова. Ларыса Багданава",933c56db7a9c257bebd64b2df69f4d3357ae0ccddb2ff99d014aeb8a2652d581,1528,false,1129,json_ld,Витебская область,Витебск,,,
1.0,https://vitebskspring.org/news/roznae/item/7862-u-varshave-zbili-belarusa-z-vitsebsku,Витебская Весна,Витебская область,2026-08-17T03:44:15+00:00,homepage,У Варшаве збілі беларуса з Віцебску - Віцебская вясна,REJECT,relevance_rejected,needs_text,нет связки социальной темы и проблемы,"TITLE: У Варшаве збілі беларуса з Віцебску - Віцебская вясна
TEXT: Пра інцыдэнт Сяргей каротка напісаў у Фэйсбуку: “15 sierpnia 2026r zostałem słownie i fizycznie atakowany polakami na tle narodowościowym” («15 жніўня 2026 года на мяне быў здзейснены слоўны і фізічны напад з боку палякаў на нацыянальнай глебе»). Да гэтага допісу мужчына прыклаў некалькі фотаздымкаў, што пацвярджаюць ягоныя словы. Падрабязнасці інцыдэнту апісала выданне MOST: Сяргей разам з жонкай выгульвалі сабаку і папрасілі гаспадароў іншых сабак узяць іх на павадкі. Бо сабака ў Сяргея досыць вялікі, і гэта была мера перасцярогі для меншых жывёлаў. У адказ на просьбу ён пачуў нецэнзурнае &quot;пажаданне&quot; &quot;вяртацца ва Ўкраіну&quot;. Тлумачэнні, што сям&#039;я з Беларусі сітуацыю не ўратавала: Сяргея штурхнулі на зямлю, і яшчэ адзін незнаёмец распыліў балончык з газам. Пацярпелі і жонка Сяргея, і выпадковая дзяўчына, якая ішла побач. Сяргей падаў заяву ў паліцыю, прычым неадкладна зрабіць гэта ў каментарах яму парэкамендавалі не толькі беларусы, але і палякі, некаторыя прапанавалі юрыдычную дапамогу. Ахвяру нападу сябры характарызуюць як памяркоўнага і бесканфліктнага чалавека. У беларускім асяродку (і не толькі) Сяргея ведаюць як выдатнага майстра па рамонце кампутараў.Кірыл Нікадзімаў",d8672327f8cac1e7db3e421a88348e7de89da6eb1d4d5367f27f59f64a91b813,1283,false,1216,json_ld,Витебская область,Витебск,,,
1.0,https://vitebskspring.org/news/sud/item/7857-u-abnoulenym-spise-ekstremistskikh-materyyalau-kniga-sevyaryntsa-i-instagram-akaunt-natalli-kukishavaj,Витебская Весна,Витебская область,2026-08-13T12:29:51+00:00,homepage,У абноўленым спісе &#34;экстрэмісцкіх матэрыялаў&#34; - кніга Севярынца і Instagram-акаўнт Наталлі Кукішавай - Віцебская вясна,REJECT,relevance_rejected,needs_text,нет связки социальной темы и проблемы,"TITLE: У абноўленым спісе &#34;экстрэмісцкіх матэрыялаў&#34; - кніга Севярынца і Instagram-акаўнт Наталлі Кукішавай - Віцебская вясна
TEXT: “Экстрэмісцкім” прызнаны Instagram-акаўнт Наталлі Кукішавай – экс-палітзняволенай, якая жыве ў ЗША. Рашэнне пра гэта 11 жніўня прыняў суд Лоеўскага раёна Гомельскай вобласці. На інтэрнэт-рэсурс падпісаныя 159 чалавек. 13 жніўня яго ўключылі ў “Рэспубліканскі спіс экстрэмісцкіх матэрыялаў”. Тыдзень таму ў гэты ж спіс уключылі акаўнт Наталлі Кукішавай у Threads, які на той момант меў усяго 14 падпісчыкаў. Рашэнне лічыць яго &quot;экстрэмісцкай інфармацыйнай прадукцыяй&quot; прыняў 31 ліпеня суд Шумілінскага раёна.Куды больш папулярным з&#039;яўляецца акаўнт Наталлі Кукішавай у TikTok, які прызнавалі &quot;экстрэмісцкім&quot; ужо двойчы.Наталля Кукішава - ураджэнка Аршаншчыны. У жніўні 2022 г. суд Оршы і Аршанскага раёна пакараў жанчыну 2-ма гадамі калоніі за абразу Лукашэнкі. У 2021 г. жанчыну затрымалі па падазрэнні ў абразе дзяржаўнага служачага ў каментарах, пакінутых у сацсетках. Крымінальны пераслед тычыўся “справы Зельцэра” – інцыдэнта, калі ў верасні 2021 года ў кватэру ІТ-спецыяліста Андрэя Зельцэра ламіліся сілавікі, і падчас перастрэлкі загінуў гаспадар і адзін з супрацоўнікаў КДБ. Але пасля некалькіх месяцаў знаходжання ў СІЗА абвінавачанне Наталлі Кукішавай змянілі.Яна адбыла прысуджаны тэрмін &quot;ад званка да званка&quot;, а пазней з&#039;ехала ў ЗША.У “экстрэмісцкі” спіс уключылі кнігу Паўла Севярынца «Пакаленьне Маладога Фронту. Гісторыя моладзі, народжанай у 1970 – 1985 гг.»Гэтая кніга наша земляка з Аршаншчыны, напісаная ў пачатку 2000-х стала дакументальна-публіцыстычным асэнсаванне феномену беларускай моладзі, чыё сталенне прыпала на рубеж тысячагоддзяў. У цэнтры ўвагі — маладыя людзі, якія прыйшлі ў беларускі нацыянальны рух у другой палове 1990-х гадоў і стварылі найбуйнейшую моладзевую арганізацыю таго часу — «Малады Фронт». Павел Севярынец быў старшынём «Маладога Фронту» і быў непасрэдным удзельнікам і відавочцам усіх апісаных падзей. 12 жніўня 2026 года суд Заводскага раёна Мінска прызнаў «экстрэмісцкай» кнігу, выдадзеную ў папяровым выглядзе ў 2004 годзе. У 2011-м у інтэрнэце з&#039;явілася электронная версія кнігі на сайце беларускай інтэрнэт-бібліятэкі «Камунікат».Сяргей Лаўроўскі",de5c85add3e53e0188d0e78063a29284fe49162512f18090328b9e510de6109c,2284,false,2144,json_ld,Гомельская область,,связь/интернет,,
1.0,https://t.me/vitvestiby/89170,Витебские вести,Витебская область,2026-09-05T12:38:03+00:00,telegram:https://t.me/s/vitvestiby,В Костюковичах торжественно открылся XXXIII День белорусской письменности Гостей фестиваля тепло приветствовали заместитель премьер-министра Республики Беларусь Наталья…,REJECT,relevance_rejected,needs_text,нет связки социальной темы и проблемы,"TITLE: В Костюковичах торжественно открылся XXXIII День белорусской письменности Гостей фестиваля тепло приветствовали заместитель премьер-министра Республики Беларусь Наталья…
TEXT: 👏 В Костюковичах торжественно открылся XXXIII День белорусской письменности Гостей фестиваля тепло приветствовали заместитель премьер-министра Республики Беларусь Наталья Петкевич, председатель Могилёвского областного исполнительного комитета Анатолий Исаченко…",7ebf66d4662f37212f5408287de7b90fbce8ab924e526784a0b02264ee322e47,444,false,261,inline_text,,,,,
1.0,https://t.me/vitvestiby/89158,Витебские вести,Витебская область,2026-09-05T09:55:33+00:00,telegram:https://t.me/s/vitvestiby,Два года за два грамма: в Витебске,REJECT,relevance_rejected,needs_text,последствия стихии без жалобы на работу служб: гроз,"TITLE: Два года за два грамма: в Витебске
TEXT: ☝🏻 Два года за два грамма: в Витебске задержали рецидивистку с психотропом Сотрудники Первомайского РОВД Витебска пресекли очередной факт незаконного оборота наркотиков. Под подозрение попала 48-летняя сотрудница одного из городских магазинов. При личном досмотре витебчанки оперативники обнаружили и изъяли особо опасное психотропное вещество «Альфа-PVP» массой более 2-х граммов. В ходе проверки выяснилось, что задержанная уже имеет криминальное прошлое – ранее она отбывала наказание за аналогичное преступление. Однако должных выводов женщина не сделала и на путь исправления не встала . Ей грозит до 2 лет лишения свободы . Милиция напоминает: если вы владеете информацией о фактах хранения или распространения наркотиков, незамедлительно сообщите об этом по телефону 102. Ваш звонок может спасти чьи-то жизни и помочь остановить преступление. Конфиденциальность гарантируется. Сайт | TikTok | VK | Instagram | YouTube | ОК | Стикерпак ВВ | Чат-бот",81b26d65bdb8bb1d1abc7050c45231f694950e60f3ea23d4a43e3eb3dc75b13a,1002,false,954,inline_text,Витебская область,Витебск,магазин/торговля,опасность/безопасность,витебск|retail|safety
1.0,https://t.me/vitvestiby/89169,Витебские вести,Витебская область,2026-09-05T11:49:01+00:00,telegram:https://t.me/s/vitvestiby,Изменение программ и нормативов.,REJECT,relevance_rejected,needs_text,нет связки социальной темы и проблемы,"TITLE: Изменение программ и нормативов.
TEXT: 🔸 Изменение программ и нормативов. Как в школах и вузах Беларуси усиливают физподготовку Сайт | TikTok | VK | Instagram | YouTube | ОК | Стикерпак ВВ | Чат-бот",2fca835fd8a941e478bcc3d3dca9d2bd6430c792ab35908ff6252d5f79b3d633,205,false,159,inline_text,,,школа/детский сад,,
1.0,https://t.me/vitvestiby/89150,Витебские вести,Витебская область,2026-09-05T08:45:10+00:00,telegram:https://t.me/s/vitvestiby,Лепель празднует 587-й день рождения!,REJECT,relevance_rejected,needs_text,нет связки социальной темы и проблемы,"TITLE: Лепель празднует 587-й день рождения!
TEXT: 🎊 Лепель празднует 587-й день рождения! Почти шесть столетий пишет свою историю один из самых живописных и уютных городов Витебщины - Лепель. Город с богатым прошлым и достойной современностью 587-й День рождения отмечает с размахом: концерты, выставки, веселые активности, спортивные состязания, награждения. Празднование Дня города Лепеля стартовало. По улице Данукалова к площади Свободы прошла колонна лепельчан. Поздравить любимый город с юбилеем собрались представители власти и почетные гости, сотрудники трудовых коллективов, учащиеся, спортсмены. Сотни горожан встретились вместе . ➡️ Больше фото на vitvesti.by Сайт | TikTok | VK | Instagram | YouTube | ОК | Стикерпак ВВ | Чат-бот",1a12726cf52def50453e08845b5d0f079bb7d63edda231e499fe9391297e2e4d,742,false,691,inline_text,Витебская область,Лепель,дорога/улица,,
1.0,https://t.me/vitvestiby/89157,Витебские вести,Витебская область,2026-09-05T09:13:43+00:00,telegram:https://t.me/s/vitvestiby,Лукашенко поздравил участников и гостей Дня белорусской письменности.,REJECT,relevance_rejected,needs_text,политическая тема: лукашенко,"TITLE: Лукашенко поздравил участников и гостей Дня белорусской письменности.
TEXT: 📣 Лукашенко поздравил участников и гостей Дня белорусской письменности. «Паважаныя сябры! ✍🏻 Шчыра віншую вас з Днём беларускага пісьменства - традыцыйным восеньскім святам самабытнай нацыянальнай культуры і яе багатай духоўнай спадчыны. 📑 Такія сустрэчы майстроў, друкароў і аматараў мастацкага слова з'яўляюцца нязменнай крыніцай мудрасці продкаў, жывога дыялогу паміж людзьмі і сродкам фарміравання ў грамадстве агульначалавечых каштоўнасцей. Сёлета гасцей прымае паэтычная Касцюкоўшчына - край шумлівых бароў і старажытных храмаў, радзіма выбітных беларускіх класікаў Аркадзя Куляшова і Iвана Чыгрынава. 📚 Упэўнены, што менавіта на гэтай зямлі кожны зможа дакрануцца да сапраўдных літаратурных скарбаў нашага народа, пачуць гучанне роднай мовы, адкрыць для сябе новыя імёны і творы сучасных беларускіх ізамежных аўтараў. 🤝 Жадаю ўсім моцнага здароўя, цікавых сустрэч, невычэрпнага творчага натхнення і дабрабыту» .",88be10a95ce5ca993d21dca95ac634d8bfc3eef92e31417990aad24571a38dac,1001,false,918,inline_text,,,,,
1.0,https://t.me/vitvestiby/89160,Витебские вести,Витебская область,2026-09-05T10:55:57+00:00,telegram:https://t.me/s/vitvestiby,"Министр информации поздравил с открытием Дня белорусской письменности и вручил Национальную литературную премию авторам лучших произведений Чытайце, асалоды вам ад чытання!",REJECT,relevance_rejected,needs_text,нет связки социальной темы и проблемы,"TITLE: Министр информации поздравил с открытием Дня белорусской письменности и вручил Национальную литературную премию авторам лучших произведений Чытайце, асалоды вам ад чытання!
TEXT: ⚡️ Министр информации поздравил с открытием Дня белорусской письменности и вручил Национальную литературную премию авторам лучших произведений Чытайце, асалоды вам ад чытання! Віншую вас са святам, якое дапамагае не забывацца, дзе наша сапраўднае месца ў свеце. #Дзеньбеларускагапісьменства #Касцюковічы2026 #Роднаямова #Любімаеслова Сайт | TikTok | VK | Instagram | YouTube | ОК | Стикерпак ВВ | Чат-бот",c4e5d358a20efca547cb4f19005b573f20c97d179b58b075be4baef827cec7dd,590,false,404,inline_text,,,,,
1.0,https://t.me/vitvestiby/89168,Витебские вести,Витебская область,2026-09-05T11:01:19+00:00,telegram:https://t.me/s/vitvestiby,Первый поздравил участников и гостей областного фестиваля-ярмарки «Дажынкi-2026»,REJECT,relevance_rejected,needs_text,нет связки социальной темы и проблемы,"TITLE: Первый поздравил участников и гостей областного фестиваля-ярмарки «Дажынкi-2026»
TEXT: 📣 Первый поздравил участников и гостей областного фестиваля-ярмарки «Дажынкi-2026» в агрогородке Жемчужный Барановичского района: «Дорогие труженики Брестчины! ✍🏻 Примите самые теплые поздравления с главным праздником хлеборобов - фестивалем-ярмаркой «Дажынкі-2026». 🌾 Из года в год брестская земля удивляет щедростью хлебной нивы. И не только ей. Главное богатство региона - это трудолюбивые, целеустремленные люди, которые искренне любят родной край, умеют работать и всегда нацелены на максимальный результат. 📑 Еще одно ценное качество полешуков - не пасовать перед трудностями. В нынешнем году природа неоднократно испытывала вас на прочность, однако и этот экзамен вы выдержали с честью, первыми в стране завершили жатву с солидным весом областного каравая свыше 1,6 миллиона тонн. 💬 От души благодарю механизаторов, агрономов, водителей, комбайнеров, руководителей всех уровней и других специалистов, которые сплоченной командой достойно финишировали в такой непростой, но очень важной для страны кампании. Слова особой признательности экипажам, для которых уборочная страда стала делом семейным. В их составе - почти треть представительниц прекрасного пола, ударным трудом отметивших Год белорусской женщины. 🤝 Желаю участникам и гостям праздника на славной барановичской земле здоровья, мира и добра».",4fbce2f828bc04e26df836329510708c725be013bf0e6c3b831f41dcaa06d1aa,1404,false,1310,inline_text,Брестская область,Барановичи,,,
1.0,https://t.me/vitvestiby/89171,Витебские вести,Витебская область,2026-09-05T13:35:29+00:00,telegram:https://t.me/s/vitvestiby,"С первой субботы сентября открывается сезон охоты на рябчика, серую куропатку",REJECT,relevance_rejected,needs_text,нет связки социальной темы и проблемы,"TITLE: С первой субботы сентября открывается сезон охоты на рябчика, серую куропатку
TEXT: 🦆 С первой субботы сентября открывается сезон охоты на рябчика, серую куропатку Как сообщил старший государственный инспектор отдела государственного контроля Витебской областной инспекции охраны животного и растительного мира Вячеслав Солдатов, охота разрешена в светлое время суток с гладкоствольным ружьем с патронами, снаряженных дробью, с подхода, из засады. Безружейный способ – с использованием ловчих птиц. Охотничьи собаки: легавые, спаниели, ретриверы, терьеры, таксы. 😠 С третьей субботы сентября откроется охота на гуся – белолобого, гуменника, серого, казарку канадскую. Охотиться можно в светлое время суток гладкоствольным оружием со снаряженными дробью патронами с подхода, из засады, с подъезда на маломерных судах без двигателя или неработающим мотором. Можно использовать все породы собак, кроме гончих и борзых . Сезон продлится по второе воскресенье декабря. Сайт | TikTok | VK | Instagram | YouTube | ОК | Стикерпак ВВ | Чат-бот",149b20feb24052180650a9bd1b026fcb10b8b3437e60bb8edf4ff42b4ee8adbb,1041,false,950,inline_text,Витебская область,Витебск,содержание животных,,
1.0,https://t.me/vitvestiby/89159,Витебские вести,Витебская область,2026-09-05T10:17:02+00:00,telegram:https://t.me/s/vitvestiby,Сайт,REJECT,relevance_rejected,needs_text,нет связки социальной темы и проблемы,"TITLE: Сайт
TEXT: Сайт | TikTok | VK | Instagram | YouTube | ОК | Стикерпак ВВ | Чат-бот",f36fa860929a0577923842b73a9d957b1c1565ded3134cbc305b18df61873f0c,88,false,70,inline_text,,,,,
1.0,https://www.klich.by/?p=166564,Кліч Радзімы,Витебская область,2026-09-05T10:31:26+00:00,feed:https://www.klich.by/?feed=rss2 | homepage,"Памятаць мінулае, ганарыцца сучасным",REJECT,relevance_rejected,possible,недостаточный балл: 4,"TITLE: Памятаць мінулае, ганарыцца сучасным
SUMMARY: Сёлета споўнілася 20 гадоў Шаркаўшчынскай раённай арганізацыі грамадскага аб’яднання «Беларускі саюз афіцэраў». З гэтай нагоды адбыўся ўрачысты сход, на якім успомнілі тых, хто стаяў ля вытокаў заснавання арганізацыі. Першым кіраўніком шаркаўшчынскіх афіцэраў з’яўляўся падпалкоўнік у адстаўцы, воін-інтэрнацыяналіст Валянцін Куклін. Яго справу прадоўжыў ваенны камісар райваенкамата, падпалкоўнік Андрэй Дубовік. Працяглы час інтарэсы шаркаўшчынскіх афіцэраў абараняе падпалкоўнік […]
TEXT: Сёлета споўнілася 20 гадоў Шаркаўшчынскай раённай арганізацыі грамадскага аб’яднання «Беларускі саюз афіцэраў». З гэтай нагоды адбыўся ўрачысты сход, на якім успомнілі тых, хто стаяў ля вытокаў заснавання арганізацыі. Першым кіраўніком шаркаўшчынскіх афіцэраў з’яўляўся падпалкоўнік у адстаўцы, воін-інтэрнацыяналіст Валянцін Куклін. Яго справу прадоўжыў ваенны камісар райваенкамата, падпалкоўнік Андрэй Дубовік. Працяглы час інтарэсы шаркаўшчынскіх афіцэраў абараняе падпалкоўнік у адстаўцы Валерый Ан. За два дзесяцігоддзі існавання раённай арганізацыі зроблена нямала карысных спраў, накіраваных на патрыятычнае выхаванне падрастаючага пакалення, увекавечанне імён землякоў, якія ў часы Вялікай Айчыннай вайны і ў мірныя гады служылі Айчыне, стаялі на абароне цэласнасці краіны і яе грамадзян. Адным са значных дасягненняў лічыцца ўклад раённай арганізацыі і асабіста яе старшыні Валерыя Ана ў прысваенне сярэдняй школе № 2 г. п. Шаркаўшчына імя Героя Савецкага Саюза Рамана Сцяпанавіча Кудрына. А з 1 верасня Лужкаўская сярэдняя школа будзе насіць імя воіна-інтэрнацыяналіста Мікалая Андзілеўкі, загінуўшага ў Афганістане. У час сходу члены арганізацыі выказвалі свае меркаванні наконт больш цеснага супрацоўніцтва з іншымі грамадскімі аб’яднаннямі, далейшай работы па патрыятычным выхаванні школьнікаў і моладзі, добраўпарадкаванні памятных месцаў воінскай славы. Валерый Ан ва ўрачыстай атмасферы ўручыў прысутным нагрудныя знакі «20 гадоў Шаркаўшчынскай раённай арганізацыі грамадскага аб’яднання «Беларускі саюз афіцэраў».",c22d2786962742ec4aa76614caea7204a1e26007c0dec626048b3d623e5e79cb,2076,false,1531,source_specific,,,,,
1.0,https://www.pvestnik.by/znajut-li-v-polocke-kak-pravilno-proiznositsya-familiya-geroya-vojny,Полацкі веснік,Витебская область,2026-09-05T09:03:00+00:00,feed:https://www.pvestnik.by/feed/ | homepage | sitemap:https://www.pvestnik.by/sitemap-pt-post-2026-09.xml,Знают ли в Полоцке как правильно произносится фамилия героя войны?,KEEP,included,strong,,"TITLE: Знают ли в Полоцке как правильно произносится фамилия героя войны?
SUMMARY: Сегодня эта остановка имеет очень даже презентабельный вид — новый остановочный павильон, урна для мусора, расписание автобусов. И все-таки… 28 августа мы написали о длительном отсутствии павильона на автобусной остановке «Кульнева» по ул.Юбилейной по направлению из центра города. Уже на следующий день его начали устанавливать. Теперь вид портит только то, что название остановки написано с ошибкой. […]
TEXT: Сегодня эта остановка имеет очень даже презентабельный вид — новый остановочный павильон, урна для мусора, расписание автобусов. И все-таки… 28 августа мы написали о длительном отсутствии павильона на автобусной остановке «Кульнева» по ул.Юбилейной по направлению из центра города. Уже на следующий день его начали устанавливать. Теперь вид портит только то, что название остановки написано с ошибкой. Поясняем. Автобусная остановка, как и одна из улиц этого микрорайона, носит имя Якова Петровича Кульнева, русского полководца, героя Отечественной войны 1812 года, участника 6 больших войн и 55 значительных сражений. Лихой гусар погиб в битве под аг.Клястицы Россонского района, недалеко от р.Дриссы. Фамилия героя произносится с ударением на первый слог — КУльнев. Следовательно, и название остановки на русском и белорусском языках звучит одинаково — «Кульнева». А неправильно написанное название, во-первых, противоречит исторической правде (меняя фамилию героя), а во-вторых, вводит в заблуждение горожан, многие из которых и так часто неправильно произносят название остановки.",4b59fd4e8f70b3607f075fb1d623e23088f7c4df13c186a453434f6f48bc6809,1579,false,1084,source_specific,Витебская область,Полоцк,,,
1.0,https://www.pvestnik.by/itogi-vstupitelnoj-kampanii-opredelili-ryad-specialnostej-naibolee-vostrebovannyh-dlya-postupajushhih,Полацкі веснік,Витебская область,2026-09-05T11:58:00+00:00,feed:https://www.pvestnik.by/feed/ | homepage | sitemap:https://www.pvestnik.by/sitemap-pt-post-2026-09.xml,"Итоги вступительной кампании определили ряд специальностей, наиболее востребованных для поступающих",REJECT,relevance_rejected,needs_text,нет связки социальной темы и проблемы,"TITLE: Итоги вступительной кампании определили ряд специальностей, наиболее востребованных для поступающих
SUMMARY: Завершена вступительная кампания в учреждениях высшего и среднего специального образования Витебской области. За период проведения вступительной кампании на горячую линию областной комиссии по контролю поступали обращения по вопросам организации ЦЭ и ЦТ, возможности сдать ЦТ в резервные дни, заключения договоров на условиях целевой подготовки, приема документов и зачисления в колледжи. По вопросам консультативного характера всем […]
TEXT: Завершена вступительная кампания в учреждениях высшего и среднего специального образования Витебской области. В учреждениях высшего образования В 2026 году план приема на дневную форму получения образования за счет средств бюджета выполнен на 100% в 5 учреждениях высшего образования области и составил 2718 человек. На условиях целевой подготовки зачислено 832 абитуриента, также в числе зачисленных — 106 победителей университетских олимпиад. Итоги вступительной кампании в учреждениях высшего образования определили ряд специальностей, наиболее востребованных для поступающих: В ссузах По учреждениям среднего специального образования области план приема на дневную форму получения образования за счет средств бюджета выполнен на 100% по всем учреждениям, зачислено 3677 чел., из них по договорам о целевой подготовке — 866. Максимальные проходные баллы на дневную форму обучения за счет средств бюджета сложились по специальностям: «зубопротезное дело» — 9,4 (Оршанский медицинский колледж); «правоведение» — 9,1 (Полоцкий экономический колледж); «фармация» — 8,9 (Витебский медицинский колледж); «операционная деятельность в логистике» — 8,9 (Витебский индустриально-технологический колледж») и 8,8 (Полоцкий экономический колледж»). Минимальный проходной балл зафиксирован по таким специальностям, как «наладка и техническая эксплуатация автоматизированного технологического оборудования в животноводстве» — 4,5 и «производство продукции животного происхождения» — 3,6.",f4aeed04c988f787c29cf9f798d29b924537a4289f63f00a49bdd7a098dc9491,2034,false,1475,source_specific,Витебская область,Витебск,,,
1.0,https://t.me/gomeltoday/162734,Gomel Today,Гомельская область,2026-09-05T13:05:00+00:00,telegram:https://t.me/s/gomeltoday,«Спартак» ізноў пачаў выпускаць вафелькі «Смак»,REJECT,relevance_rejected,needs_text,нет связки социальной темы и проблемы,"TITLE: «Спартак» ізноў пачаў выпускаць вафелькі «Смак»
TEXT: «Спартак» ізноў пачаў выпускаць вафелькі «Смак» На гэта звярнула ўвагу ў Threads дзяўчына з нікам alyona__hancharenka. На здымку можна заўвадыць тыя самыя вафлі «Смак», якія любяць многія гамяльчане. Нагадаем, фабрыка часова не выпускала вафлі праз мадэрнізацыю ліні. Пасля рамонту «Спартак» паабяцаў парадаваць гамельчукоў не толькі «Смакам», але і іншымі слодычамі. #Гомель",ad12627423a063d0ee5d597dbbcc9248f76c7e8a3287e3d72704ba53594f6ebe,436,false,375,inline_text,Гомельская область,Гомель,,,
1.0,https://t.me/gomeltoday/162735,Gomel Today,Гомельская область,2026-09-05T13:34:31+00:00,telegram:https://t.me/s/gomeltoday,Американца примотали в самолете скотчем к креслу из-за агрессивного поведения,REJECT,relevance_rejected,needs_text,нет связки социальной темы и проблемы,"TITLE: Американца примотали в самолете скотчем к креслу из-за агрессивного поведения
TEXT: Американца примотали в самолете скотчем к креслу из-за агрессивного поведения На рейсе American Airlines из Далласа в Ньюарк пассажира связали и примотали к креслу после того, как он оскорблял бортпроводника и бил других людей. Мужчина вел себя буйно: кричал и оскорблял бортпроводника. Но и это еще не все: агрессор ударил соседа по креслу и оттолкнул женщину, которая попыталась его успокоить. С дебоширом решили бороться решительно: несколько пассажиров объединились, скрутили его и зафиксировали на кресле с помощью скотча и пластиковых стяжек. Самолет пришлось перенаправить в Балтимор, где мужчину сдали полиции. После этого рейс продолжил путь в Ньюарк. Теперь американца проверяют по статьям о нападении и нарушении общественного порядка. #Мир",91c38058dcdd5ee0a32caa822f638f07949175265b6b3e49066830cb42eb1a72,842,false,751,inline_text,,,,,
1.0,https://t.me/gomeltoday/162730,Gomel Today,Гомельская область,2026-09-05T11:25:10+00:00,telegram:https://t.me/s/gomeltoday,"В Жлобине пара похитила стремянку, чтобы купить выпивку",REJECT,relevance_rejected,needs_text,нет связки социальной темы и проблемы,"TITLE: В Жлобине пара похитила стремянку, чтобы купить выпивку
TEXT: В Жлобине пара похитила стремянку, чтобы купить выпивку Дело было в августе. В милицию обратилась 28-летняя жлобинчанка и сообщила, что у нее со двора исчезла стремянка за 700 рублей. Милиционерам не составило труда найти похитителей. Ими оказались ранее судимый 46-летний мужчина и его 53-летняя подруга. Они залезли в чужой двор через дырку в заборе и унесли лестницу. Чужое имущество хотели продать и купить алкоголь. Парочку задержали, их будут судить за кражу, совершенную группой лиц. #Гомельщина",f121e8ee46a09947aa31cf4fb1e378ce11c37698919a8508341ece9baaa0f3be,571,false,502,inline_text,Гомельская область,Жлобин,жилой дом/двор,,
1.0,https://t.me/gomeltoday/162731,Gomel Today,Гомельская область,2026-09-05T12:10:12+00:00,telegram:https://t.me/s/gomeltoday,В Минске школьник бросал с крыши многоэтажки пакеты с водой – докидался до «уголовки»,REJECT,relevance_rejected,possible,нет связки социальной темы и проблемы,"TITLE: В Минске школьник бросал с крыши многоэтажки пакеты с водой – докидался до «уголовки»
TEXT: В Минске школьник бросал с крыши многоэтажки пакеты с водой – докидался до «уголовки» В милицию позвонили девочки-подростки, на которых с высоты многоэтажки упали пакеты с водой. Нарушителя нашли быстро. Им оказался 14-летний девятиклассник. Подросток заранее набрал в пакеты воды и залез через чердак на крышу многоэтажки. Школьник признался, что не смотрел вниз и не думал о последствиях. От такой шалости пострадали дети в возрасте от 11 до 14 лет. Им даже пришлось оказывать медпомощь, но в госпитализации школьники не нуждались. На хулигана завели уголовное дело, а в адрес ЖЭУ внесли предписание об устранении нарушений и потребовали повесить более надежный замок. #Беларусь",f859fc3f4f9b6d687f8fd9917289f045d3d6cb414e3932b184a9ea10dd0ac764,779,false,680,inline_text,Минск,Минск,школа/детский сад,,
1.0,https://t.me/gomeltoday/162729,Gomel Today,Гомельская область,2026-09-05T11:01:00+00:00,telegram:https://t.me/s/gomeltoday,В августе жители нашей страны,REJECT,relevance_rejected,needs_text,нет связки социальной темы и проблемы,"TITLE: В августе жители нашей страны
TEXT: В августе жители нашей страны купили 10,3 тысячи новых машин – это на 7% больше, чем в июле. Последний месяц лета стал самым рекордным по продажам авто в этом году. Если эти цифры сравнивать с 2025-м, то они увеличились на 71,6%. В основном белорусы покупают отечественные машины: уже второй месяц подряд самой востребованной моделью является Belgee X50+. Их владельцами стал каждый шестой покупатель. Кроме того, белорусы активно пересаживаются на электромобили – в августе их приобрели 3,9 тысячи человек, что на 10% больше, чем в июле. А вот импортные машины уходят на второй план. В августе иномарки приобрели всего 32% покупателей. #Беларусь",972562d9b5cf9df84b3ce20ae7ed2b5685ffbb6fe83f499435cb7847c1cf793f,689,false,646,inline_text,,,,,
1.0,https://t.me/gomeltoday/162738,Gomel Today,Гомельская область,2026-09-05T14:41:46+00:00,telegram:https://t.me/s/gomeltoday,Военный самолет потерпел крушение на авиашоу в Греции,REJECT,relevance_rejected,needs_text,нет связки социальной темы и проблемы,"TITLE: Военный самолет потерпел крушение на авиашоу в Греции
TEXT: Военный самолет потерпел крушение на авиашоу в Греции Истребитель ВВС Греции разбился во время авиашоу к северу от Афин на глазах у тысяч изумленных зрителей. ЧП произошло сегодня. Двухместный Phantom F-4 выполнял полет на малой высоте, а затем рухнул у края авиабазы. На кадрах можно заметить большой столб черного дыма. По предварительной информации, зрители не пострадали. Судьба пилотов пока неизвестна. #Мир",46de02f302c9ed9157e1266879fadc4a8a49511682f33468532d97291a1878b1,479,false,412,inline_text,,,жилой дом/двор,,
1.0,https://t.me/gomeltoday/162739,Gomel Today,Гомельская область,2026-09-05T14:59:58+00:00,telegram:https://t.me/s/gomeltoday,"Гомельчанин в Амстердаме взял бесплатную книгу на улице, а в ней оказалась настоящая фотка голливудской знаменитости",REJECT,relevance_rejected,possible,нет связки социальной темы и проблемы,"TITLE: Гомельчанин в Амстердаме взял бесплатную книгу на улице, а в ней оказалась настоящая фотка голливудской знаменитости
TEXT: Гомельчанин в Амстердаме взял бесплатную книгу на улице, а в ней оказалась настоящая фотка голливудской знаменитости 🔥 Вау! Эта удивительная история приключилась с Алексом, когда он находился по работе в Нидерландах. Гомельчанин рассказал «Сильным Новостям», что проходил мимо уличной стойки с бесплатными книгами и прихватил одну. Внутри оказалась забытая кем-то закладка, подумал он. Но это была вовсе не закладка, а фотка типа Instax. На снимке – неформальная компания друзей у бара, а справа улыбается голливудская звезда! Гомельчанин прогнал находку через ИИ. Результат подтвердил: на фото запечатлен молодой Киану Ривз во время европейского тура своей рок-группы Dogstar в 90-х годах! Выходит, снимок – эксклюзивный артефакт, которого возможно нет в открытом доступе в интернете. Как он попал в книгу – непонятно. Ну а что с ним будет дальше? «Пускай будет. Теперь у меня есть свой личный Джон Уик на зеркале!» – поделился Алекс планами на фото. Вот так благодаря обычной книге кусочек Голливуда отправился прямиком в Гомель! ♥️ Алекс, спасибо за эту позитивную историю. Побольше бы таких в ленте! #Гомель #Мир",f69839b928dcea7552bae585ddd2108b8948225104ec697f54b42eb684894982,1246,false,1116,inline_text,Гомельская область,Гомель,дорога/улица,,
1.0,https://t.me/gomeltoday/162736,Gomel Today,Гомельская область,2026-09-05T14:00:42+00:00,telegram:https://t.me/s/gomeltoday,Житель Мяделя забронировал парковку табуреткой с грузом и заплатит штраф,REJECT,relevance_rejected,possible,нет связки социальной темы и проблемы,"TITLE: Житель Мяделя забронировал парковку табуреткой с грузом и заплатит штраф
TEXT: Житель Мяделя забронировал парковку табуреткой с грузом и заплатит штраф Видео с оригинальной конструкцией опубликовал пользователь siarheikazheunikau в TikTok. Ролик завирусился и попал в рекомендации госавтоинспекторам. На кадрах можно заметить самодельный ограничитель на дворовой автостоянке. К табуретке шпилькой прикреплен утяжелитель, а рядом на асфальте парковочного места краской нанесен номер квартиры автовладельца. Мужчина за кадром говорит, что зимой нужно расчищать место от снега и жильца еще можно понять, но летом такой «самозахват» выглядит странно. Сейчас сотрудники ГАИ проводят проверку. «Владельцу» места грозит штраф от 2 до 5 базовых (90-225 рублей). #Беларусь",a0f54e1d32bff907e85c1cfa6f7448adc768370f37f517c4d2456398b475ec22,770,false,684,inline_text,,,парковка/машино-места,,
1.0,https://t.me/gomeltoday/162733,Gomel Today,Гомельская область,2026-09-05T12:42:30+00:00,telegram:https://t.me/s/gomeltoday,Могилевчанка отвлеклась от дороги и попала в ДТП – пострадали дети,REJECT,relevance_rejected,possible,нет связки социальной темы и проблемы,"TITLE: Могилевчанка отвлеклась от дороги и попала в ДТП – пострадали дети
TEXT: Могилевчанка отвлеклась от дороги и попала в ДТП – пострадали дети ДТП произошло сегодня днем в Белыничском районе вблизи деревни Ермоловичи. 38-летняя могилевчанка на Nissan отвлеклась и наехала на тросовое ограждение. В салоне находились двое детей: 3-летняя девочка и 6-летний мальчик, один из них ехал без автокресла. Малышей с травмами увезли в больницу. #Беларусь",6ab14eccbecd99156697773f54f48508a6b15b83edc2beb02de8b028696e38cb,449,false,369,inline_text,Могилевская область,Могилев,дорога/улица,опасность/безопасность,могилев|road|safety
1.0,https://t.me/gomeltoday/162728,Gomel Today,Гомельская область,2026-09-05T10:51:34+00:00,telegram:https://t.me/s/gomeltoday,Непогода прошлась по Беларуси: пострадала и Гомельщина,REJECT,relevance_rejected,needs_text,нет связки социальной темы и проблемы,"TITLE: Непогода прошлась по Беларуси: пострадала и Гомельщина
TEXT: Непогода прошлась по Беларуси: пострадала и Гомельщина Вчерашние дождь и сильный ветер наделали делов по всей стране. Работникам МЧС пришлось выезжать и в Брестской, и в Витебской, и в Гомельской, и в Минской областях, и в самом Минске. В Брестской области спасатели выезжали дважды, чтобы распилить и убрать упавшие деревья. Случаи произошли в Барановичском районе и Бресте. В областном центре повредились 3 легковушки. Пострадала легковушка и в Докшицком районе. А всего в Витебской области спасатели оказывали помощь 6 раз. В Гомельской области дерево перегородило движение на переулке Фабричном в Мозыре. Работники МЧС распилили дерево и освободили дорогу. В Минске МЧС освободило от упавших деревьев дороги и два поврежденных авто. Люди, к счастью, не пострадали. #Беларусь",be336eb4ae020b16253573025796af64932284a1bb4dd5a0a60030eaae760203,846,false,778,inline_text,Гомельская область,Гомель,,,
1.0,https://t.me/gomeltoday/162714,Gomel Today,Гомельская область,2026-09-05T09:15:28+00:00,telegram:https://t.me/s/gomeltoday,"Пока на улице еще тепло, освежаемся зимними кадрами Сожа в рубрике",REJECT,relevance_rejected,possible,нет связки социальной темы и проблемы,"TITLE: Пока на улице еще тепло, освежаемся зимними кадрами Сожа в рубрике
TEXT: Пока на улице еще тепло, освежаемся зимними кадрами Сожа в рубрике #ретрофото . Вы увидите замерзшую реку, заснеженные берега и гомельчан, которые рыбачили на льду много лет назад. А еще на снимках можно разглядеть надписи, которые выпускники из года в год оставляли на плитах набережной. Ждем 👍 от всех, кто помнит эти послания.",c1e427e70e7f0f8b8a60ea2f588b9a46e0cd5ef0ad46af5d98cfe04a50f9413c,409,false,329,inline_text,Гомельская область,Гомель,,,
1.0,https://t.me/gomeltoday/162725,Gomel Today,Гомельская область,2026-09-05T09:49:10+00:00,telegram:https://t.me/s/gomeltoday,Собака пробежала по спинам 56 человек и попала в Книгу рекордов Гиннеса,REJECT,relevance_rejected,needs_text,нет связки социальной темы и проблемы,"TITLE: Собака пробежала по спинам 56 человек и попала в Книгу рекордов Гиннеса
TEXT: Собака пробежала по спинам 56 человек и попала в Книгу рекордов Гиннеса Дрессировщица Дженнифер Фрейзер несколько лет назад начала учить свою австралийскую овчарку Шардоне запрыгивать ей на спину. В июне женщина решила, что четырехлетняя Шардоне попробует установить мировой рекорд в категории «наибольшее количество прыжков по людям, совершенных собакой за одну минуту». На бейсбольном поле в канадской провинции Альберта люди выстроились в прямую линию и наклонились так, чтобы их спины образовали ровную поверхность. Овчарка, которая весит около 17 килограммов, запрыгнула на спину первого человека и побежала. Примерно через 16 секунд ее лапы снова коснулись земли – к этому моменту собака успела пробежать по спинам всех 56 человек. Достижение Шардоне официально признала Книга рекордов Гиннесса. Однако Фрейзер уверена, что собака может за минуту пробежать по спинам более чем 100 человек. #Мир",2fee95c8cf3f91bce290b0cabbb837488161a33d71d4ab66e9f3b7d4f87e3ebf,985,false,900,inline_text,,,содержание животных,,
1.0,https://t.me/gomeltoday/162724,Gomel Today,Гомельская область,2026-09-05T09:25:32+00:00,telegram:https://t.me/s/gomeltoday,Такому улову можно только позавидовать: под Речицей мужчина собрал корзину отборных грибов,REJECT,relevance_rejected,needs_text,нет связки социальной темы и проблемы,"TITLE: Такому улову можно только позавидовать: под Речицей мужчина собрал корзину отборных грибов
TEXT: Такому улову можно только позавидовать: под Речицей мужчина собрал корзину отборных грибов Виктор из Речицы показал, сколько лесных даров ему удалось собрать в лесу в Речицком районе. Мужчина отправился на тихую охоту 3 сентября – и, как видим, весьма удачно. На кадрах можно заметить целую корзину красивых молоденьких грибов. Грибники, а как ваши дела? Много грибов насобирали в этом сезоне? #Гомельщина",847fa3ba42dadfbd35ba42aa2464346a04c8522ffa2ff71b0b79c782844051c4,509,false,405,inline_text,Гомельская область,Речица,,,
1.0,https://t.me/gomeltoday/162737,Gomel Today,Гомельская область,2026-09-05T14:29:51+00:00,telegram:https://t.me/s/gomeltoday,Четыре года назад лишь каждый четвертый белорус не был готов поделиться своими данными в магазинах ради бонусов и скидок.,REJECT,relevance_rejected,possible,нет связки социальной темы и проблемы,"TITLE: Четыре года назад лишь каждый четвертый белорус не был готов поделиться своими данными в магазинах ради бонусов и скидок.
TEXT: Четыре года назад лишь каждый четвертый белорус не был готов поделиться своими данными в магазинах ради бонусов и скидок. Сейчас же таких оказалось около 60%. Об этом рассказал директор Национального центра защиты персональных данных Андрей Гаев. Закон о защите персональных данных заработал в Беларуси с ноября 2021-го. В 2026 году в НЦЗПД поступило 700 жалоб по поводу нарушения законодательства о персональных данных, что вдвое больше, чем в 2025-м. Волнуют людей разные сферы, но чаще всего речь идет о законности применения аудио- и видеозаписи. Например, человек обращался в какую-то организацию, а потом увидел эти документы в интернете. Четверть вопросов, которые возникают с личными данными, приходится на сферу торговли и услуг. Больше стало поступать жалоб из-за взаимоотношений между родственниками, соседями. Чаще всего это распространение личных данных в соцсетях. #Беларусь",858559d1a93adb339e95519621704e172cb4c3cc7c4ffd81cfd4680d7de9281f,1023,false,888,inline_text,,,магазин/торговля,,
1.0,https://t.me/gomeltoday/162727,Gomel Today,Гомельская область,2026-09-05T10:28:42+00:00,telegram:https://t.me/s/gomeltoday,"Эксперты выяснили, в каких странах на туристов чаще всего нападают змеи",REJECT,relevance_rejected,needs_text,нет связки социальной темы и проблемы,"TITLE: Эксперты выяснили, в каких странах на туристов чаще всего нападают змеи
TEXT: Эксперты выяснили, в каких странах на туристов чаще всего нападают змеи Ежегодно в мире фиксируется от 2,1 до 7 миллионов случаев укусов змей, из которых до 513 тысяч инцидентов заканчиваются мучительной смертью. Ученые из Ливерпульской школы тропической медицины изучили медицинскую статистику за период с января 2007 года по март 2025-го из 79 стран. Выяснилось, что 75% всех случаев нападения змей в мире сконцентрированы в 20 странах. Рейтинг стран с большим числом случаев нападений змей возглавили азиатские и африканские макрорегионы. 📍 На первом месте оказалась Индия. Там ежегодно регистрируется до 1,3 миллиона нападений змей. 📍 На второй строчке расположилась Нигерия, где фиксируется до 666 тысяч укусов в год. 📍 Третьей стала Индонезия (включая курортный Бали) – до 490 тысяч случаев. Далее идут Демократическая Республика Конго (467 тысяч случаев), Эфиопия и Кения. В первой девятке оказались также Бангладеш, Уганда и Пакистан. А Бразилии досталось 10-е место с показателем до 162 тысяч укусов змей в год. Филиппины, Вьетнам и Китай замыкают азиатский рейтинг опасности. Во Вьетнаме (Нячанг, Фукуок) змеи активизируются на побережье сразу после завершения затяжных осенних муссонов. #Мир",a0473210176ab9d054a0c2d65e47ad606a2f97469d53e4c2a3cbacec220c54ca,1287,false,1202,inline_text,,,,,
1.0,https://belkagomel.by/2026/09/05/yarkoj-oseni-da-v-gomele-provodyat-bolshuju-uborku,Белка,Гомельская область,2026-09-05T09:37:10+00:00,feed:https://belkagomel.by/feed/ | homepage | sitemap:https://belkagomel.by/post-sitemap.xml,Яркой осени – да: в Гомеле проводят большую уборку,KEEP,included,needs_text,,"TITLE: Яркой осени – да: в Гомеле проводят большую уборку
SUMMARY: Субботним утром Гомель наполнился звуками газонокосилок – город вместе с другими населёнными пунктами региона 5 сентября присоединился к областному субботнику. Во время большой осенней уборки гомельчане... The post Яркой осени – да: в Гомеле проводят большую уборку first appeared on Городской журнал о Гомеле .
TEXT: Субботним утром Гомель наполнился звуками газонокосилок – город вместе с другими населёнными пунктами региона 5 сентября присоединился к областному субботнику. Во время большой осенней уборки гомельчане косят траву, приводят в порядок детские площадки, скверы и дворы. В Советском районе косцы вышли на центральные улицы. Вдоль Речицкого проспекта – от кольца до парка Фестивального – избавились от высокой травы работники РУП «Гомельэнерго», вдоль улицы Богдана Хмельницкого – завода «Центролит». Кипела работа на аллее у памятника воинам-интернационалистам в Любенском микрорайоне, где по традиции наводит порядок ОАО «Милкавита». «В этот раз наш совет молодёжи красил на площадке уличные тренажёры и детское оборудование. Ребята активно привлекали к этому жителей микрорайона, которые вместе с детьми пришли гулять на аллею. Таким образом мы присоединились к стартовавшему в городе челленджу добрых дел – и люди, что очень радует, охотно откликались на предложение поучаствовать в субботнике», – рассказала заместитель генерального директора ОАО «Милкавита» Надежда Матюшенко. Большая уборка проходила и на самом предприятии. Управление по транспорту проявило инициативу – в зоне отдыха водителей высадили туи и абрикосы. Накануне Дня города начнёт работу по новому адресу на Речицком проспекте, 75, служба «одно окно» Советского района. Торжественное открытие запланировано на 11 сентября, а пока в отремонтированном помещении и около него наводят красоту. На этом участке трудились во время субботника руководство и работники районной администрации. От них требовалось провести генеральную уборку. К слову, наведение порядка в Гомеле началось ещё до субботника. Накануне на кольце в начале Речицкого проспекта преобразился яблоневый сад. Работники центра социального обслуживания населения покрасили ставшие символом нашего города бетонные яблоки, сделав осень для горожан чуть ярче.",5a2be55db93f284382595a7418ef68656ac494d0c15ef6ff1905e880e0afe952,2273,false,1888,generic_html,Гомельская область,Гомель,,неудовлетворительное содержание,
1.0,https://vgr.by/2026/09/05/v-grodno-prohodit-samyj-krasochnyj-prazdnik-festival-czvetov,ВГР,Гомельская область,2026-09-05T11:27:28+00:00,feed:https://vgr.by/feed/ | homepage,В Гродно проходит самый красочный праздник — фестиваль цветов — Вечерний Гродно,REJECT,relevance_rejected,possible,нет связки социальной темы и проблемы,"TITLE: В Гродно проходит самый красочный праздник — фестиваль цветов — Вечерний Гродно
SUMMARY: Яркие цветочные композиции можно увидеть на улице Ожешко в субботу, 5 сентября.
TEXT: Свои работы представили предприятия и организации города: «Торгмаш», АВС, Conte, «Гарант», «Бакалея», «Гроднооблгаз», «Гродно Азот», ГИАП, «Фармация», «Гродножилстрой», «Гроднооблавтотранс», «Гроднолифт», учебные заведения и т. д. Например, «Бакалея» выполнила композицию в виде земного шара, украшенного цветами, а «Гроднооблгаз» собрал на площадке целый газопровод с вращающимися вентилями. ОАО «Гродно Азот» на своей площадке разместил фото работниц предприятия в репликах народных костюмов. Праздник сопровождался музыкой. На площадке колледжей Октябрьского района города Гродно юные таланты исполняли мелодии на пианино, а возле композиции «Фармации» играл небольшой оркестр. Посетить выставку дизайнерских композиций из цветов можно до 18 часов.",3e3764bf5218d042703ce9054fdf4bfd1f0d5a2b7e8732d8de5c92ff8b5d82f7,933,false,751,source_specific,Гродненская область,Гродно,дорога/улица,,
1.0,https://vgr.by/2026/09/05/idealnaya-kartoshka-dlya-dranikov-i-samyj-vkusnyj-pomidor-v-mire-v-grodno-prohodit-ovoshhnoj-festival,ВГР,Гомельская область,2026-09-05T11:04:21+00:00,feed:https://vgr.by/feed/ | homepage,Идеальная картошка для драников и самый вкусный помидор в мире — в Гродно проходит овощной фестиваль — Вечерний Гродно,REJECT,relevance_rejected,possible,нет связки социальной темы и проблемы,"TITLE: Идеальная картошка для драников и самый вкусный помидор в мире — в Гродно проходит овощной фестиваль — Вечерний Гродно
SUMMARY: Познакомиться с новыми сортами картофеля, арбузов, помидоров и других овощей, а также поучаствовать в дегустациях и увидеть необычную выставку можно в парке Жилибера. Утром в субботу, 5 сентября, в рамках празднования Дня города здесь открылся фестиваль овощей.
TEXT: Публику на этом празднике можно условно разделить на две категории. Первая — огородники, которые выращивают овощи и фрукты на своих участках. Вторые покупают овощи и фрукты в магазинах и на рынках, но не против попробовать что-то новое и необычное. Участие в фестивале приняли представители Гродненского аграрного университета, а также фермеры и организации, занимающиеся селекцией растений. мы встретили легендарного ученого Александра Аутко. Гродненцы могли познакомиться с новыми сортами картофеля. Люди окружили палатку Гродненского зонального института растениеводства из Щучина. На витрине знакомые «Скарб», «Бриз» и «Манифест». Но есть и новинки. — Попробуйте «Красавик». Это сорт салатного типа, он не разваривается, — рассказывает заведующая отделом картофеля Гродненского зонального института растениеводства, кандидат сельскохозяйственных наук Нина Хох. Она точно знает о картофеле все! — Хороший и вкусный урожай дают «Першацвет» и «Мастак». Весной следующего года поступит в продажу «Водар». Мы спросили, какие сорта идеально подходят для драников: — Это «Манифест» и «Першацвет». Они легко трутся даже без комбайна, — убедила Нина Хох. А представители компании «Знакомый вкус» выставили огромное количество сортов помидоров, арбузы, огурцы и кабачки. Фирма является представителем Sakata Seed Corporation. Это научно-исследовательская база, которая развивается в Японии и в других странах мира. Компания снабжает сельхозпредприятия, фермерские и частные хозяйства Республики Беларусь качественными профессиональными семенами овощных культур и луком-севком от мировых брендов. — Попробуйте самый вкусный помидор в мире! — приглашает нас на дегустацию представитель компании Иван Сидоров и протягивает кусочек. — Это сорт «Пинк парадайз». Его признали лучшим в мировом сообществе селекционеров. Семена можно купить на интернет-площадках и садовых магазинах. Помидор на вкус оказался сочным, он тает во рту. — На рынках иногда продают подделку, выдавая «Пинк парадайз» за другие сорта. Отличить сорт можно по зеленым семечкам внутри, — говорит Иван Сидоров. Среди других необычных сортов помидоров советуем обратить внимание на «Марианну», «Пинк Буш», «БелаРосса», «Гюзель» и другие. Огурцы «Валерия» и «Муссон», перцы «Мохай» и «Блэйд», арбузы «Сенсей» и Асван». На фестивале выстроилась очередь на дегустацию арбузов. А наши знакомые из фермерского хозяйства «ДжерАгро» Мостовского района продавали яблоки и арбузы — все по 2 рубля. Представители ПК имени Кремко продавали яблоки по 2 рубля 28 копеек. В рамках фестиваля в парке прошла выставка. Свои произведения из овощей представили учебные заведения города.",d5b37af32a761984fda519b3c360879c48f8427815bd7315278ab4251453b7a5,3027,false,2624,source_specific,Гродненская область,Гродно,озеленение/покос,,
1.0,https://vgr.by/2026/09/05/novyj-syr-mnogo-czvetov-i-razvlechenij-%e2%80%94-grodno-otmechaet-den-goroda,ВГР,Гомельская область,2026-09-05T11:53:02+00:00,feed:https://vgr.by/feed/ | homepage,"Новый сыр, много цветов и развлечений — Гродно отмечает День города — Вечерний Гродно",REJECT,relevance_rejected,needs_text,нет связки социальной темы и проблемы,"TITLE: Новый сыр, много цветов и развлечений — Гродно отмечает День города — Вечерний Гродно
SUMMARY: Праздничные мероприятия стартовали утром в субботу, 5 сентября.
TEXT: Председатель Гродненского облисполкома Юрий Караев поздравил гродненцев с праздником и признался, что для него Гродно — это не только город, где он работает: — Для меня Гродно – это не просто город, где я работаю. Это город, который я люблю. Люблю ходить по его старинным улочкам, заглядывать в тихие дворики. В такие моменты особенно остро чувствуешь, как много в нашем городе истории, души, какой-то особой, ни с чем не сравнимой атмосферы. Мне всегда интересно, чем живут гродненцы, чем дышит город. Поэтому я стараюсь как можно чаще бывать в разных районах, общаться с людьми, слышать их голос. Ведь за каждым обращением, за каждой просьбой – судьба человека, его заботы и надежды. И наша общая задача – чтобы Гродно становился уютнее, комфортнее, чтобы в нём хотелось жить, работать, растить детей! На площади Ленина открылся традиционный фестиваль сыра. ОАО «Молочный мир» представил новинку — сыр «Кронес» с медом и мятой. На празднике развернулась торговля и зоны развлечений. В нескольких точках проводили дегустации молочной продукции. На площади Тызенгауза открыли кафе под открытым небом. В парке Жилибера работали торговые точки общепита, изделия ручной работы представили ремесленники. В зоне развлечений выступали представители спортивных школ Гродно. Советская улица превратилась в настоящий город мастеров. Магнитики, кухонная посуда из дерева и глины, сумки, украшения, изделия из бисера, одежда из льна, игрушки и многое другое можно было приобрести на ярмарке ремесленников. В центре Гродно собрались умельцы не только из Гродненской области. Мастера из Бреста привезли с собой изделия из дерева ручной работы: хлебницы, подставки под горячее, баночки для специй и даже украшения. А ремесленница Регина из Щучина представила на ярмарке свои цветы-светильники, изготовленные из безопасного материала, — практично и красиво. Женщина занимается ремеслом много лет, раньше делала изделия из мыла и бисера, а последние четыре года увлекается светильниками. Возле молодежного центра «Гродно» желающих приглашали поучаствовать в мастер-классах. А на площадке «Белпочты» можно было сделать своими руками открытку и отправить ее в любую точку. Еще одна праздничная локация разместилась на Советской площади. Здесь можно послушать концерт, работают точки с едой и напитками.",e1451bf6c48c891df8dae61b11ef001225c6101e0de900660959fd9395189b22,2456,false,2284,source_specific,Гродненская область,Гродно,,,
1.0,https://www.gs.by/2026/09/05/v-belarusi-dobyt-ocherednoy-medved-po-rezultatam-rozygrysha-rgoo-boor,Газета «Сильные Новости»,Гомельская область,2026-09-05T11:41:09+00:00,feed:https://www.gs.by/rss.xml | homepage | sitemap:https://www.gs.by/sitemap-news-ru.xml | sitemap:https://www.gs.by/sitemap-ru.xml,В Беларуси добыт очередной медведь по результатам розыгрыша РГОО «БООР» - GS.BY,REJECT,relevance_rejected,needs_text,нет связки социальной темы и проблемы,"TITLE: В Беларуси добыт очередной медведь по результатам розыгрыша РГОО «БООР» - GS.BY
SUMMARY: 5 сентября в угодьях Витебского охотничьего хозяйства охотник добыл взрослого самца медведя.
TEXT: Как сообщили в БООР, охотник Глушко Иван Александрович, победитель розыгрыша №9, добыл взрослого самца медведя (4–5 лет). Организация таких охот проводится Республиканским государственно-общественным объединением «Белорусское общество охотников и рыболовов» в соответствии с законодательством. Согласно Указу Президента Республики Беларусь от 18 ноября 2024 года № 420, медведь и рысь включены в перечень нормируемых охотничьих животных. Охота на них разрешена в особом режиме исключительно для контролируемого регулирования численности хищников. Сезон охоты на медведя длится с 1 июля по 31 декабря. Способ добычи (из засады или с подхода) определяет руководитель охоты. Для этого разрешено использовать нарезное охотничье оружие определенных калибров, а также гладкоствольное оружие не менее 16-го калибра с пулевыми патронами. При необходимости могут применяться охотничьи собаки пород, утвержденных пользователем угодий. По данным учетов 2026 года, в охотхозяйствах РГОО «БООР», имеющих право на изъятие медведя (Витебское, Глубокское, Городокское, Докшицкое, Лиозненское, Оршанское, Ушачское и Борисовское), учтено 445 особей. Из них к плановому изъятию в этом году запланировано 35 животных. Ранее людей предупреждали о том, что возле деревни Горелый Луг Борисовского района раненый медведь скрылся в лес.",dd8072de818bc375f3ea4e87727018ed775a932bfcc0339590fa062285dbc318,1506,false,1311,generic_html,,,,,
1.0,https://www.gs.by/2026/09/05/v-minske-razyskivayut-40-letnego-mihaila-markovskogo-propavshego-vozle-poligona-trosteneckiy,Газета «Сильные Новости»,Гомельская область,2026-09-05T14:11:50+00:00,feed:https://www.gs.by/rss.xml | homepage | sitemap:https://www.gs.by/sitemap-news-ru.xml | sitemap:https://www.gs.by/sitemap-ru.xml,"В Минске разыскивают 40-летнего Михаила Марковского, пропавшего возле полигона «Тростенецкий» - GS.BY",REJECT,relevance_rejected,possible,нет связки социальной темы и проблемы,"TITLE: В Минске разыскивают 40-летнего Михаила Марковского, пропавшего возле полигона «Тростенецкий» - GS.BY
SUMMARY: Поисково-спасательный отряд «Ангел» и милиция разыскивают жителя Минска Марковского Михаила Викторовича (1986 года рождения), который пропал без вести более недели назад.
TEXT: По имеющимся данным, 25 августа 2026 года мужчина находился на работе на полигоне «Тростенецкий». Около 15:00 он ушел с территории в неизвестном направлении. С того момента Михаил не выходит на связь, его местонахождение до сих пор не установлено, сообщает ПСО ""Ангел"".",0d6736211d7979f22b8a399cc28378046e5d4a6c930c9f05d1eca5e01dd48951,564,false,269,generic_html,Минск,Минск,,,
1.0,https://www.gs.by/2026/09/05/grozy-veter-i-25-gradusov-chego-zhdat-ot-pogody-v-blizhayshie-dni-zhitelyam-grodnenschiny,Газета «Сильные Новости»,Гомельская область,2026-09-05T09:03:34+00:00,feed:https://www.gs.by/rss.xml | homepage | sitemap:https://www.gs.by/sitemap-news-ru.xml | sitemap:https://www.gs.by/sitemap-ru.xml,"Грозы, ветер и +25 градусов: чего ждать от погоды в ближайшие дни жителям Гродненщины - GS.BY",REJECT,relevance_rejected,needs_text,нет связки социальной темы и проблемы,"TITLE: Грозы, ветер и +25 градусов: чего ждать от погоды в ближайшие дни жителям Гродненщины - GS.BY
SUMMARY: Гродненскую область в воскресенье, 6 сентября, ожидают дожди, грозы и порывистый ветер до 20 м/с. Однако уже к началу следующей недели синоптики обещают потепление до +25 °C и сухую погоду.
TEXT: В воскресенье, 6 сентября , погоду в регионе будут определять атмосферные фронты и неустойчивая воздушная масса. По данным метеорологов, на большей части Гродненской области ожидается облачная погода с прояснениями и кратковременными дождями. В отдельных районах возможны грозы. Ветер будет дуть западный и северо-западный со скоростью 5–10 м/с. Однако синоптики предупреждают об усилении порывов: местами они могут достигать 15–20 м/с. Ночью температура воздуха составит +9…+14 °C, днем прогреется до +15…+19 °C. Атмосферное давление будет расти. В областном центре также ожидается облачная погода с прояснениями и кратковременный дождь. Вероятность осадков ночью составляет 60–70%, а днем возрастает до 80–90%. Во второй половине дня возможна гроза. Ветер западный, северо-западный 5–10 м/с с порывами до 14 м/с. Температура ночью +10…+12 °C, днем +17…+19 °C. В понедельник, 7 сентября , характер погоды изменится. Ожидается переменная облачность, преимущественно без осадков. Ветер северо-западный 4–9 м/с, местами порывы до 12 м/с. Ночью похолодает до +5…+10 °C, днем воздух прогреется до +16…+21 °C. Потепление продолжится во вторник, 8 сентября . Сохранится переменная облачность и сухая погода, однако ночью и утром местами возможен слабый туман. Ветер ночью будет неустойчивым 3–8 м/с, а днем перейдет на южные направления (4–9 м/с) с порывами до 12 м/с. Температура ночью составит +3…+8 °C (местами до +10 °C), а днем столбики термометров поднимутся до +20…+25 °C.",0fbd70c76751cf807ca09f54d6495f01dd7d7eca2696569f1bc8934dcc5aca5c,1779,false,1473,generic_html,Гродненская область,,,,
1.0,https://www.gs.by/2026/09/05/dengi-lipnut-k-rukam-4-znaka-zodiaka-kotorye-vsegda-pri-dengah,Газета «Сильные Новости»,Гомельская область,2026-09-05T09:40:15+00:00,feed:https://www.gs.by/rss.xml | homepage | sitemap:https://www.gs.by/sitemap-news-ru.xml | sitemap:https://www.gs.by/sitemap-ru.xml,"Деньги липнут к рукам: 4 знака зодиака, которые всегда при деньгах - GS.BY",REJECT,relevance_rejected,needs_text,нет связки социальной темы и проблемы,"TITLE: Деньги липнут к рукам: 4 знака зодиака, которые всегда при деньгах - GS.BY
SUMMARY: Согласно мнению астрологов, представители четырех знаков зодиака обладают особым финансовым чутьем. Они с раннего возраста стремятся к независимости и материальному благополучию, считая его своей нормой. Эти люди убеждены, что заслуживают лучшей жизни, и готовы ради этого много работать или искать нестандартные пути к успеху.
TEXT: Кто именно входит в этот список? Тельцы ценят комфорт и роскошь, поэтому деньги для них — это необходимость, а не просто средство выживания. Астролог Афина Ритче отмечает, что они слишком утонченные натуры, чтобы жить в бедности. Тельцы могут строить карьеру и добиваться повышений, но их главная цель всегда остается неизменной — финансовое богатство. Этот знак отличается трудолюбием и целеустремленностью, хотя иногда может проявлять лень. Однако даже в таком случае Телец найдет выход: например, создаст семью с человеком, который сможет обеспечить стабильность. Деньги к Тельцу приходят практически любым путем.",2c7865337ccb17b26a738dd32d0b567901a77946c09ae54dfcb41ccb6577db5a,1041,false,616,generic_html,,,,,
1.0,https://www.gs.by/2026/09/05/kak-izmenilis-ceny-na-rynke-v-slonime-za-god,Газета «Сильные Новости»,Гомельская область,2026-09-05T14:13:14+00:00,feed:https://www.gs.by/rss.xml | homepage | sitemap:https://www.gs.by/sitemap-news-ru.xml | sitemap:https://www.gs.by/sitemap-ru.xml,Как изменились цены на рынке в Слониме за год - GS.BY,REJECT,relevance_rejected,possible,нет связки социальной темы и проблемы,"TITLE: Как изменились цены на рынке в Слониме за год - GS.BY
SUMMARY: В начале сентября на Центральном рынке Слонима выбор сезонных овощей, фруктов, ягод и грибов остается большим. Продавцов много, а вот покупателей, по наблюдениям самих торговцев, сейчас заметно меньше.
TEXT: Одна из продавцов рассказала, что подобную картину видит практически каждый год. — Я торгую на рынке много лет и замечаю, что в конце августа и в сентябре покупательская активность снижается, — говорит женщина. На вопрос, с чем это может быть связано, она отвечает:",d134f2c58e2c33c33d73f0c6592f9e4d3f8042f4bf64c1c642b528a63096f432,543,false,265,generic_html,Гродненская область,Слоним,магазин/торговля,,
1.0,https://www.gs.by/2026/09/05/korporativnaya-rybalka-slonimskogo-umg-azart-trofei-i-druzheskaya-atmosfera-v-sokolovo,Газета «Сильные Новости»,Гомельская область,2026-09-05T08:48:07+00:00,feed:https://www.gs.by/rss.xml | homepage | sitemap:https://www.gs.by/sitemap-news-ru.xml | sitemap:https://www.gs.by/sitemap-ru.xml,"Корпоративная рыбалка Слонимского УМГ: азарт, трофеи и дружеская атмосфера в Соколово - GS.BY",REJECT,relevance_rejected,needs_text,нет связки социальной темы и проблемы,"TITLE: Корпоративная рыбалка Слонимского УМГ: азарт, трофеи и дружеская атмосфера в Соколово - GS.BY
SUMMARY: 29 августа озеро в деревне Сколово стало местом проведения корпоративной рыбалки для работников филиала «Слонимское УМГ». Мероприятие прошло в формате соревнований по фидерной ловле, объединивших коллег не только ради спортивного интереса, но и для неформального общения на природе.
TEXT: В турнире приняли участие сотрудники разных отделов, включая женщин, что придало состязаниям особый драйв. Борьба за лидерство была напряженной, но честной. По итогам взвешивания улова пьедестал почета заняли:",6956fed22e53a7250749a811e7ea5d71bfd15bd2e19ecef5d7676576c8d6fb23,608,false,209,generic_html,Гродненская область,Слоним,,,
1.0,https://www.gs.by/2026/09/05/propal-21-avgusta-18-letniy-belorus-ne-vyhodit-na-svyaz-posle-poezdki-v-moskvu,Газета «Сильные Новости»,Гомельская область,2026-09-05T09:13:37+00:00,feed:https://www.gs.by/rss.xml | homepage | sitemap:https://www.gs.by/sitemap-news-ru.xml | sitemap:https://www.gs.by/sitemap-ru.xml,Уехал в Москву и исчез: 18-летний белорус не выходит на связь с 21 августа - GS.BY,REJECT,relevance_rejected,possible,нет связки социальной темы и проблемы,"TITLE: Уехал в Москву и исчез: 18-летний белорус не выходит на связь с 21 августа - GS.BY
SUMMARY: Поисково-спасательный отряд «Ангел» объявил о сборе информации о местонахождение Березича Артёма Ивановича. 18-летний юноша, проживающий в Республике Беларусь, пропал без вести 21 августа 2026 года.
TEXT: Известно, что в эту дату Артём выехал в Российскую Федерацию. Предположительно, его конечным пунктом назначения была Москва. С момента отъезда молодой человек не выходит на связь, и его местоположение до сих пор не установлено, рассказали волонтеры ПСО ""Ангел"". Внешность: Рост около 175 см, нормальное телосложение, русые волосы, карие глаза. Носит очки для коррекции зрения. Особые приметы : На лице имеются акне и следы постакне, заметны залысины. На руках и спине есть шрамы от ожогов.",d7ba6ce85aa5f6875f45d1bf0844f765d96b3cec79314079364a1ea7af6ce418,793,false,489,generic_html,,,,,
1.0,https://flagshtok.info/by/telegram/post-6a9be11a27b80.html,Флагшток,Гомельская область,2026-09-05T09:56:53+00:00,sitemap:https://flagshtok.info/sitemap-news.xml,"Начинаются работы по реконструкции «Кузнечных» путепроводов в Гомеле. Но пока — только предварительные Как сказано в документации тендера, главное, что должен выполнить подрядчик, — это предварительные исследования существующей интенсивности и условий дв",REJECT,relevance_rejected,needs_text,нет связки социальной темы и проблемы,"TITLE: Начинаются работы по реконструкции «Кузнечных» путепроводов в Гомеле. Но пока — только предварительные Как сказано в документации тендера, главное, что должен выполнить подрядчик, — это предварительные исследования существующей интенсивности и условий дв
TEXT: Начинаются работы по реконструкции «Кузнечных» путепроводов в Гомеле. Но пока — только предварительные Как сказано в документации тендера, главное, что должен выполнить подрядчик, — это предварительные исследования существующей интенсивности и условий дв 05.09.2026 | Тэлеграм Начинаются работы по реконструкции «Кузнечных» путепроводов в Гомеле. Но пока — только предварительные Как сказано в документации тендера, главное, что должен выполнить подрядчик, — это предварительные исследования существующей интенсивности и условий движения на перекрестке ул. Барыкина ул. Интернациональная — ул. Фрунзе. Также необходимо выполнить разработку и обоснование предварительных планировочных решений этом на перекрестке после ремонта путепроводов. Подробнее на сайте: https://flagshtok.info/ru/gorad/nachinajutsja-raboty-po-rekonstrukcii-kuznechnyh-puteprovodov-v-gomele-no-poka-tolko-predvaritelnye.html",8569f1e122444a84c2a86e3023e3b9d557bb387f32e53f6ccde4d1fcce9998b0,1164,false,896,generic_html,Гомельская область,Гомель,жилой дом/двор,,
1.0,https://www.hoiniki.by/?p=256942,Хойніцкія навіны,Гомельская область,2026-09-05T09:00:58+00:00,feed:https://www.hoiniki.by/?feed=rss2 | homepage,"«Царица полей» набрала золотую спелость – репортаж с поля, где кипит работа",REJECT,relevance_rejected,needs_text,нет связки социальной темы и проблемы,"TITLE: «Царица полей» набрала золотую спелость – репортаж с поля, где кипит работа
SUMMARY: На полях КСУП «Судково» на этой неделе дан старт уборке кукурузы на зерно. Масштаб работ впечатляет: всего хозяйству предстоит убрать 3770 гектаров этой ценной культуры. Из них 180 гектаров отвели под зерно, 97 гектаров – под семена, а основные площади – 3493 гектара – пойдут на силос, который станет надёжной кормовой базой для животноводства на […]
TEXT: На полях КСУП «Судково» на этой неделе дан старт уборке кукурузы на зерно. Масштаб работ впечатляет: всего хозяйству предстоит убрать 3770 гектаров этой ценной культуры. Из них 180 гектаров отвели под зерно, 97 гектаров – под семена, а основные площади – 3493 гектара – пойдут на силос, который станет надёжной кормовой базой для животноводства на весь зимний период. И едва первые лучи солнца коснулись земли, как в поле уже ожила техника. Работы развернулись активно, с полной отдачей – время не ждёт, а погода балует, и каждый ясный день на вес золота. В день приезда корреспондента на поле царила деловая атмосфера. С самого утра, едва стрелки часов перевалили за восемь, здесь уже трудился слаженный тандем опытных механизаторов. За штурвалом зерноуборочного комбайна КЗС-1218 Андрей Назаренко. Он уверенно ведёт машину по золотому морю, срезая початок за початком. Рядом стоит грузовик – Игорь Приходько оперативно принимает зерно и отвозит его на зерноток. К слову, Игорь Юльянович трудится в хозяйстве уже много лет, и сегодня его опыт – надёжная опора для всего коллектива. Не отстаёт от товарищей и Владимир Чудаков, он тоже задействован на уборочной, но в момент визита журналиста мужчина не смог подойти для беседы: дел невпроворот, каждая минута на счету, а отвлекаться от работы некогда. – Техника готова, погода сегодня помогает, а главное настрой боевой, – поделились аграрии. – Убирать урожай, выращенный своими руками это всегда радость. Кукурузу в Беларуси издавна называют «царицей полей» и не зря. Это культура, которая кормит и людей, и животных, и даже служит сырьём для промышленности. Собранное в хозяйстве зерно найдёт достойное применение. Словом, каждый початок на счету. Впереди у судковских механизаторов ещё много гектаров золотого поля. Работы хватит всем, да и темп взят хороший.",9e60a96799902665d4f3f448a48c6cadd48f0a02d71374f4006dad76aa0a333c,2262,false,1812,source_specific,,,содержание животных,,
1.0,https://www.hoiniki.by/?p=256995,Хойніцкія навіны,Гомельская область,2026-09-05T13:00:40+00:00,feed:https://www.hoiniki.by/?feed=rss2 | homepage,Ваш участковый: уборочная без «приработков». Чем заканчиваются попытки нажиться на чужом урожае,REJECT,relevance_rejected,needs_text,нет связки социальной темы и проблемы,"TITLE: Ваш участковый: уборочная без «приработков». Чем заканчиваются попытки нажиться на чужом урожае
SUMMARY: Наш район, как и вся страна, живёт в напряжённом ритме, перейдя от уборочной к заготовительной кампании. От того, как сегодня потрудится наш аграрий, зависит благополучие каждой семьи на протяжении всего года. Но, к глубокому сожалению, пока одни честно пашут и жнут, другие ищут «лёгкую наживу», пытаясь согреть руки на чужом добре. Только за текущий период […]
TEXT: Наш район, как и вся страна, живёт в напряжённом ритме, перейдя от уборочной к заготовительной кампании. От того, как сегодня потрудится наш аграрий, зависит благополучие каждой семьи на протяжении всего года. Но, к глубокому сожалению, пока одни честно пашут и жнут, другие ищут «лёгкую наживу», пытаясь согреть руки на чужом добре. Только за текущий период уборочной кампании сотрудники милиции пресекли ряд попыток хищений на территории сельхозпредприятий нашего района. Сухие цифры протоколов, за которыми стоит тяжёлый труд механизаторов и животноводов, выглядят так: 145 кг комбикормов; 74 кг зерна; 1236 литров окрашенного (маркерного) дизельного топлива, а также комплектующие и запчасти для сельскохозяйственной техники. Особая «статья» – «красная» солярка. Некоторые граждане до сих пор питают иллюзии, что слить канистру-другую окрашенного дизеля с бака трактора в поле или прихватить его с фермы – мелочь. Но закон суров, а методы экспертизы позволяют выявить маркер в топливе даже спустя месяцы. По фактам всех выявленных хищений, включая кражи зерна, кормов и запчастей, уже возбуждены уголовные дела. О последствиях предупреждает и участковый инспектор Николай Першуков. – Стоит ли мешок зерна или бочка топлива сломанной судьбы? Уголовная статья – не просто штраф или «условка». Это судимость, которая закроет перед вами двери в перспективные профессии, лишит права занимать определённые должности и станет чёрным пятном на биографии ваших детей. Вы обкрадываете не безликого «дядю» или государство. Вы обкрадываете своих же соседей, свой район, людей, которые кормят страну, – обращается к «нечистым на руку» землякам милиционер. Правоохранители напоминают хойничанам: если вам стало известно о фактах хищений, местах сбыта украденного зерна, кормов или топлива, либо вы заметили подозрительных лиц вблизи ферм и токов – не проходите мимо. Звоните в милиции по телефону 102. Анонимность гарантируется. Давайте беречь то, что создано трудом наших земляков!",ffe8bde0f5ab3a2d95abad0c685729b1eac759020d546cf8ea131718aa2ea633,2453,false,1972,source_specific,Витебская область,Глубокое,река/озеро/берег,,
1.0,https://www.hoiniki.by/?p=256959,Хойніцкія навіны,Гомельская область,2026-09-05T14:00:44+00:00,feed:https://www.hoiniki.by/?feed=rss2 | homepage,Золотой век: из хойникской Поташни до щита России – звёздный путь генерала Леонида Тишкевича,REJECT,relevance_rejected,needs_text,нет связки социальной темы и проблемы,"TITLE: Золотой век: из хойникской Поташни до щита России – звёздный путь генерала Леонида Тишкевича
SUMMARY: Наш земляк, уроженец деревни Поташня, Леонид Тишкевич прошёл путь от наводчика зенитной ракеты до командующего воздушно-космической обороной целой страны. В каждом районе есть люди, чьи имена становятся гордостью малой родины. Их биографии похожи на захватывающий роман: в них есть и суровые будни, и головокружительный взлёт, и верность своим корням. Наш рассказ о Леониде Эдуардовиче Тишкевиче […]
TEXT: Наш земляк, уроженец деревни Поташня, Леонид Тишкевич прошёл путь от наводчика зенитной ракеты до командующего воздушно-космической обороной целой страны. В каждом районе есть люди, чьи имена становятся гордостью малой родины. Их биографии похожи на захватывающий роман: в них есть и суровые будни, и головокружительный взлёт, и верность своим корням. Наш рассказ о Леониде Эдуардовиче Тишкевиче – человеке, который буквально стоял у истоков создания нового вида войск в Российской Федерации и защищал небо над Москвой. Леонид Тишкевич родился 19 января 1960 года. Советское время, послевоенное восстановление, суровый, но честный быт. Именно эта земля, с её широким горизонтом и бескрайним небом, во многом определила его жизненный вектор. В 1978 году, едва окончив школу, Леонид делает выбор, который изменит его судьбу, – он поступает на военную службу. Путь в большое небо начался с фундамента: в 1983 году он с отличием оканчивает Минское высшее инженерное зенитное ракетное училище ПВО. Кстати, это учебное заведение всегда славилось своей жёсткой школой и подготовкой элиты войск противовоздушной обороны. Леонид Эдуардович эту школу прошёл с честью. От Заполярья до генеральских погон Военная карьера Тишкевича – классический пример того, как генералы вырастают не из кабинетов, а из полевых условий. Он начинал с азов: начальником расчёта зенитного ракетного дивизиона. Он знал, как работает каждая кнопка, каждый датчик, потому что сам стоял у штурвала. Служба в войсках ПВО забрасывала его в самые непростые точки. Московский округ ПВО – щит столицы, где цена ошибки равна катастрофе. Но ещё суровее было Заполярье. Служить на крайнем севере, где техника работает на пределе, а люди закаляются сталью, – это отдельный знак качества для офицера. Параллельно со службой шло непрерывное совершенствование. Тверь, Военная командная академия ПВО имени Г. К. Жукова, а затем и «кузница» высших стратегов – Военная академия Генерального штаба Вооружённых Сил РФ, которую он окончил в 2004 году. К 2007 году полковник Тишкевич получает назначение на высшую командную должность – возглавляет 32-й корпус ПВО (штаб в городе Ржев Тверской области). Это было время, когда небо становилось не просто пространством для полётов, а сложнейшим театром военных действий, требующим интеграции всех видов разведки и поражения. Наступил звёздный час в карьере Леонида Эдуардовича. В 2009 году в России началась масштабная военная реформа. На базе управлений Командования специального назначения и 1-го корпуса ПВО создавалось принципиально новое формирование – оперативно-стратегическое командование воздушно-космической обороны (ОСК ВКО). 1 июня 2009 года генерал-майор Леонид Тишкевич был назначен командующим войсками ОСК ВКО. Наш земляк оказался у самого истока формирования этой системы, выстраивая алгоритмы взаимодействия радаров, комплексов ПВО и космических эшелонов. Он командовал этим стратегическим щитом до октября 2010 года. Командир на гражданке: от Ржева до «Гранита» В 2010 году генерал-майор Тишкевич уходит в запас. Но человек такого масштаба не знает слова «покой». В сентябре 2011 года он становится исполняющим обязанности, а затем и главой администрации города Ржева. Город с тяжелейшей военной историей, который в годы Великой Отечественной был стёрт с лица земли и возрождён из пепла. Леонид Эдуардович руководил городом до октября 2014 года, занимаясь его хозяйственным и социальным восстановлением. Как сообщают в интернете, сегодня генерал Тишкевич живёт в Москве и продолжает приносить пользу на экономическом фронте. Он занимает пост заместителя генерального директора по управлению персоналом в АО «ГПТП «Гранит». Как говорят в таких случаях, «кадры решают всё». Опыт командования тысячами военнослужащих, умение видеть в людях потенциал и выстраивать чёткую вертикаль ответственности сегодня востребован в крупном бизнесе. Фото из открытых интернет-источников.",412eaaae7f9d4cb33c099c50a01741fa95a86cae79eb5096699dcce341bedf6a,4397,false,3882,source_specific,,,,,
1.0,https://www.hoiniki.by/?p=257063,Хойніцкія навіны,Гомельская область,2026-09-05T10:00:06+00:00,feed:https://www.hoiniki.by/?feed=rss2 | homepage,К сведению населения: здоровое будущее нашего района в наших руках,REJECT,relevance_rejected,needs_text,нет связки социальной темы и проблемы,"TITLE: К сведению населения: здоровое будущее нашего района в наших руках
SUMMARY: По 18 сентября на Хойникщине проходит районная профилактическая акция «Здоровое будущее Хойникского района», направленная на профилактику сахарного диабета 2 типа, избыточной массы тела и ожирения. Акция объединяет учреждения здравоохранения, образования, культуры, социальной защиты, общественные организации, предприятия района и волонтёров. В течение сентября в учреждениях дошкольного и общего среднего образования пройдут интерактивная игра «Тарелка здоровья», физкультминутки […]
TEXT: По 18 сентября на Хойникщине проходит районная профилактическая акция «Здоровое будущее Хойникского района», направленная на профилактику сахарного диабета 2 типа, избыточной массы тела и ожирения. Акция объединяет учреждения здравоохранения, образования, культуры, социальной защиты, общественные организации, предприятия района и волонтёров. В течение сентября в учреждениях дошкольного и общего среднего образования пройдут интерактивная игра «Тарелка здоровья», физкультминутки «Весёлая зарядка», конкурс рисунков «Мой полезный завтрак», уроки здоровья «Сахар: друг или враг?», викторины о факторах риска диабета 2 типа, классные часы «Экранное время и здоровье» и флешмоб «10 минут движения». Для учащихся государственного колледжа специалисты проведут лекцию-дискуссию «Метаболический синдром: как не пропустить первые признаки». В программе также предусмотрены мастер-класс «Готовим правильно: замена сахара и соли в рецептах» и конкурс видеороликов «Мой путь к здоровому образу жизни». Отдельное направление акции посвящено профилактике на рабочем месте и активному долголетию. Для педагогических работников будет организован семинар «Стресс, сидячая работа и метаболический риск», а для граждан старшего возраста – встреча-беседа «Диабет и возраст: как сохранить активность после 60». Центральным событием станет «Ярмарка здоровья» 15 сентября. Жители района смогут пройти профилактические измерения, получить консультации по рациональному питанию, принять участие в зоне активности и познакомиться с основами скандинавской ходьбы. В рамках мероприятия состоятся публичная лекция «Диабет 2 типа: можно ли предотвратить?», лекция «Питание как экономный способ сохранить своё здоровье», интерактивный конкурс «Своя игра: здоровье без сахара», а также выставка творческих и медиаработ участников акции. Профилактика начинается с повседневных решений. Сахарный диабет 2 типа не возникает от одного продукта: на риск влияет сочетание наследственности, возраста, артериального давления, питания, физической активности, длительного сидячего поведения и других факторов. При этом регулярное движение, рациональное питание, уменьшение употребления сладких напитков, достаточный сон и своевременные профилактические осмотры помогают снизить риск и сохранить здоровье. Профилактические измерения и консультации не заменяют полноценной диагностики. При выявлении факторов риска участникам разъяснят дальнейшие шаги и порядок обращения за медицинской помощью. Приглашаем жителей Хойникского района принять участие в мероприятиях районной профилактической акции «Здоровое будущее Хойникского района» и сделать выбор в пользу здоровья – для себя, своей семьи и своего коллектива. А. ТУРОВСКАЯ, главный государственный санитарный врач района. Фото из открытых интернет-источников, носит иллюстративный характер.",d9cafda23f17beb5e66aea711fd52806601d42e71c93fc2e08d92594e0d633fa,3379,false,2804,source_specific,,,школа/детский сад,,
1.0,https://www.hoiniki.by/?p=256936,Хойніцкія навіны,Гомельская область,2026-09-05T12:00:55+00:00,feed:https://www.hoiniki.by/?feed=rss2 | homepage,Пятнадцать лет на страже закона и справедливости – в Хойникском РОСК встречают праздник высокими показателями,REJECT,relevance_rejected,possible,нет связки социальной темы и проблемы,"TITLE: Пятнадцать лет на страже закона и справедливости – в Хойникском РОСК встречают праздник высокими показателями
SUMMARY: 12 сентября сотрудники Следственного комитета Республики Беларусь отметят 15-летие со дня образования ведомства. Главными задачами следователей по-прежнему являются защита прав и законных интересов граждан от преступных и иных противоправных посягательств, возмещение причиненного противоправными действиями имущественного вреда. В рамках выполнения этой задачи отдельное внимание уделяется улучшению качества и оперативности предварительного следствия, своевременности проведения неотложных следственных действий […]
TEXT: 12 сентября сотрудники Следственного комитета Республики Беларусь отметят 15-летие со дня образования ведомства. Главными задачами следователей по-прежнему являются защита прав и законных интересов граждан от преступных и иных противоправных посягательств, возмещение причиненного противоправными действиями имущественного вреда. В рамках выполнения этой задачи отдельное внимание уделяется улучшению качества и оперативности предварительного следствия, своевременности проведения неотложных следственных действий при работе на местах происшествий. Криминогенная обстановка на территории района остается стабильной. За истекший период 2026 года в производстве следователей Хойникского районного отдела Следственного комитета Республики Беларусь находилось 200 уголовных дел, по 57 из которых предварительное следствие окончено. Передано прокурору для направления в суд 51 уголовное дело в отношении 54 обвиняемых. Силами Хойникского районного отдела Следственного комитета Республики Беларусь удалось добиться возмещения имущественного вреда на сумму 33 261 рублей, что составило 87,1 % от общей суммы причиненного вреда. В ходе своей профессиональной деятельности следователи проводят необходимые мероприятия, направленные на выявление причин и условий, способствовавших совершению преступлений, а также выявлению нарушений закона в деятельности субъектов профилактики Хойникского района. Всего в Хойникском районном отделе Следственного комитета Республики Беларусь проходят службу 7 сотрудников и 3 лица из числа гражданского персонала. Все сотрудники выполняют свои должностные обязанности на высоком профессиональном уровне, о чем в свою очередь свидетельствуют высокие показатели в служебной деятельности. Со своей стороны хотелось бы поздравить личный состав Хойникского РОСК с профессиональным праздником, пожелать крепкого здоровья, семейного благополучия и успехов в дальнейшей служебной деятельности. Фото из архива, носит иллюстративный характер.",5d3e24ef02d73e87886aab356c174895aae785bc5c7743527cf15d84a3ce9866,2608,false,1958,source_specific,,,жилой дом/двор,,
1.0,https://www.hoiniki.by/?p=257069,Хойніцкія навіны,Гомельская область,2026-09-05T11:00:15+00:00,feed:https://www.hoiniki.by/?feed=rss2 | homepage,"Человек трудом славен: в гостях у бабушки Софии из Новосёлок – семья, любовь и цветы у порога",REJECT,relevance_rejected,needs_text,Evidence Binding: тема и проблема связаны только глубоко в тексте,"TITLE: Человек трудом славен: в гостях у бабушки Софии из Новосёлок – семья, любовь и цветы у порога
SUMMARY: В деревне Новосёлки, утопающей в зелени лесов, время течёт иначе. Здесь оно измеряется не тиканьем часов, а звоном петухов, шелестом яблонь и мудрым спокойствием людей, связавших свою жизнь с землёй. Именно здесь уже 85 лет живёт удивительная женщина – София Явиловна Пиляк. Юбилейный год для неё стал не поводом для отдыха, а лишь очередным витком […]
TEXT: В деревне Новосёлки, утопающей в зелени лесов, время течёт иначе. Здесь оно измеряется не тиканьем часов, а звоном петухов, шелестом яблонь и мудрым спокойствием людей, связавших свою жизнь с землёй. Именно здесь уже 85 лет живёт удивительная женщина – София Явиловна Пиляк. Юбилейный год для неё стал не поводом для отдыха, а лишь очередным витком яркой жизни. Когда мы приехали в Новосёлки, чтобы познакомиться с уважаемой Софией Явиловной, первое, что бросилось в глаза – это ухоженное домовладение. В свои преклонные годы женщина не представляет жизни без земли. Аккуратные рядки огорода поразили разнообразием: здесь и рассыпчатая картошка, и хрустящая капуста, и пряный лучок с чесноком. На грядках краснеют спелые помидоры, гордо торчат перцы, вьётся фасоль, а крупные кабачки греются на солнышке. Но не только урожай радует глаз. Дом Софии Явиловны буквально утопает в цветах. Пышные клумбы пестрят красками с ранней весны до поздней осени. В живом уголке тоже кипит жизнь: важно переступают с ноги на ногу утки и суетливо кудахчут курицы-несушки. А на крылечке, блаженно жмурясь от солнца, греются верные друзья – пёс Дружок и кот Кузя. Они, кажется, знают главный секрет счастья: наслаждаться моментом здесь и сейчас. Главное богатство Софии Пиляк – это большая и дружная семья. Вместе с мужем Михаилом они вырастили 6 детей. Сегодня у неё 11 внуков и уже 12 правнуков! Несмотря на то, что мужа не стало более 20 лет назад, в доме до сих пор живёт его светлая память, а дети и внуки никогда не забывают дорогу в родную деревню. «Приезжают часто, со всем помогают, – с теплотой в голосе рассказывает София Явиловна. – И в огороде помогут, и просто проведать. Для меня это самая большая радость». Раньше, по словам Софии Явиловны, деревня гудела голосами и смехом, а теперь установилась та самая «благодатная тишина», которую ценят люди в возрасте. В город она практически не ездит – зачем? Ведь два раза в неделю прямо к дому приезжает автолавка, где есть всё необходимое. Вечера хозяйка коротает за просмотром телевизора, но настоящим праздником для всей семьи стал её недавний юбилей. 15 августа родные и близкие собрались в городском кафе «Вираж». Гостей было так много, что шумный и весёлый праздник запомнится надолго. Глядя на эту жизнерадостную, оптимистичную и милую женщину, понимаешь: возраст – это всего лишь цифра. Настоящая жизнь – в труде на родной земле, в любви близких и в умении радоваться каждому новому дню. Низкий поклон вам, София Явиловна, за ваш свет и трудолюбие!",3d5eed8968c9ddf97b3be227f8204d41039a2eae6fd8823f967a860353db62ee,2966,false,2497,source_specific,,,,,
1.0,https://newgrodno.by/auto/belorus-podelilsya-istoriej,NewGrodno,Гродненская область,2026-09-05T13:38:31+00:00,feed:https://newgrodno.by/feed/ | homepage | sitemap:https://newgrodno.by/news-sitemap.xml,"Alfa Romeo, да не та: белорус поделился историей своего необычного автомобиля",REJECT,relevance_rejected,possible,нет связки социальной темы и проблемы,"TITLE: Alfa Romeo, да не та: белорус поделился историей своего необычного автомобиля
SUMMARY: В Могилеве появился автомобиль, который невозможно спутать ни с чем другим. Визуально он напоминает итальянские гоночные машины начала 1930-х, но технически построен по всем канонам 90-х. Владелец Вадим рассказал, как вместо мотоцикла купил эксклюзивную сборку, почему в ней стоит двигатель Fiat и зачем ему шлем-авиатор для поездок по городу. Мотовстреча, изменившая планы Весной 2015 года … Сообщение Alfa Romeo, да не та: белорус поделился историей своего необычного автомобиля появились сначала на NewGrodno.By .
TEXT: В Могилеве появился автомобиль, который невозможно спутать ни с чем другим. Визуально он напоминает итальянские гоночные машины начала 1930-х, но технически построен по всем канонам 90-х. Владелец Вадим рассказал, как вместо мотоцикла купил эксклюзивную сборку, почему в ней стоит двигатель Fiat и зачем ему шлем-авиатор для поездок по городу. Мотовстреча, изменившая планы Весной 2015 года Вадим отправился в Польшу за мотоциклом. План был простым: выбрать, оплатить и пригнать. Но в тот день судьба распорядилась иначе. «В месте, где я хотел посмотреть байк, стоял этот автомобиль. Я понял: если уеду без него — буду жалеть всю жизнь», — вспоминает владелец. Так в жизни белоруса появился необычный двухместный родстер, который он пригнал в Могилев своим ходом. Расстояние около 1200 километров он преодолел без серьезных поломок, что стало первым доказательством надежности этой машины. Конвейер для избранных Автомобиль был построен в 1995 году в Поморском воеводстве, недалеко от Гданьска. Там работает небольшая частная фабрика, которую возглавляет опытный мастер Тадеуш Кокаль. Его производство выпускает всего 2–3 машины в месяц, но имеет официальное разрешение Евросоюза присваивать транспортным средствам собственный VIN-код. Изначально этот родстер создавался как личный проект главы фабрики — вдохновение он черпал в довоенной Alfa Romeo 6C. Но спустя 20 лет эксплуатации мастер построил себе другой автомобиль, а этот выставил на продажу. По данным abw.by, в Беларуси подобных единичных экземпляров можно пересчитать по пальцам, и каждый из них вызывает неподдельный интерес у публики. Не копия, а интерпретация С первого взгляда кажется, что перед вами оригинальная Alfa Romeo 1930-х годов, но на самом деле это самостоятельная конструкция: Рама — трубчатая, надежная. Кузов — пластиковый, облегченный. Двигатель — 1,5-литровый агрегат от Fiat (в оригинале стоял мотор 1.8). Трансмиссия — 5-ступенчатая механика. Такое техническое решение делает машину не музейным экспонатом, а полноценным транспортным средством. Все расходники и запчасти легко найти, так как они унифицированы с моделями Alfa Romeo и Fiat. Тормозные колодки — «альфовские», а фильтры и ремни — «фиатовские». Свет и звук: детали, которые цепляют Особого внимания заслуживает оптика. Вместо одной пары фар, как на оригинале, здесь установлены два типа прожекторов: большие отвечают за дальний свет, а маленькие хромированные — за ближний и габариты. Но главный «вау-эффект» — это пневматические клаксоны. По бокам расположены четыре трубы, которые питаются от компрессора. Звук настолько мощный, что владелец старается использовать его только в экстренных случаях, чтобы не пугать прохожих. Живая легенда в деталях После покупки Вадим привел салон в порядок: перетянул кресла и панель в красно-бежевой гамме, заменил жидкости и резину. С тех пор автомобиль выезжает на дороги с апреля по октябрь, наматывая за сезон около 2–3 тысяч километров. Машина уверенно держит скорость 120–135 км/ч, что для открытой ретро-конструкции — отличный показатель. Владелец ездил на ней в Смоленск, Минск, Витебск и Оршу, и ни разу не пожалел о комфорте. Единственный минус — погода. Без крыши ветер и холод дают о себе знать. При температуре ниже +15 °C Вадим надевает кожаный костюм, шлем-авиатор и даже балаклаву. Для зимы у него есть специальная дубленка в стиле летчиков. А вот дождь — это главный враг: пока натянешь тент, промокаешь до нитки. Почему это не просто статус? Удивительно, но машина привлекает внимание даже больше, чем некоторые оригинальные раритеты. Владелец рассказывает, что люди постоянно улыбаются, сигналят, просят сфотографироваться. «Я получаю энергию от эмоций окружающих. Не важно, стоит ли она миллион или нет. Важно, что она делает людей счастливее, пусть даже на пару минут», — делится Вадим. На крупные фестивали, такие как Vintage Day, он возит свой Ford Mustang 1966 года, а эту Alfa Romeo оставляет для души. Для него это не классическое ретро, а скорее арт-объект на колесах, который подарил ему новое восприятие дороги и человеческих улыбок. Читайте также на Newgrodno.by: Автомобили из прошлого — снова в строю: репортаж с ретро-рынка",c17e7bc7eb5520a17810addade816d456a486c0a9859a633d866ce0f041217cd,4757,false,4140,json_ld,,,общественный транспорт,,
1.0,https://newgrodno.by/auto/belgee-x50-podesheveet,NewGrodno,Гродненская область,2026-09-05T08:38:56+00:00,homepage | sitemap:https://newgrodno.by/news-sitemap.xml,"BELGEE раскрыл планы: X50 подешевеет, а Cityray встанет на конвейер",REJECT,relevance_rejected,needs_text,нет связки социальной темы и проблемы,"TITLE: BELGEE раскрыл планы: X50 подешевеет, а Cityray встанет на конвейер
TEXT: Белорусский автозавод «БЕЛДЖИ» анонсировал масштабное обновление своей линейки. О том, какие машины появятся в ближайшее время, рассказал гендиректор Геннадий Свидерский во время визита на производство премьер-министра Александра Турчина. X50: новый двигатель и доступная версия На сегодняшний день BELGEE X50 — самая продаваемая модель завода. Статистика впечатляет: в августе каждый шестой проданный в стране автомобиль пришелся именно на эту модель. Недавно кроссовер получил престижный Государственный знак качества, что только подогрело интерес покупателей. Но инженеры не останавливаются на достигнутом. Напомним, ранее моторную гамму модели обновили, заменив трехцилиндровый двигатель на более мощный четырехцилиндровый. Теперь же в планах — сделать X50 еще более доступным. Как пояснил Геннадий Свидерский, завод готовит бюджетную модификацию, которая будет интересна не только корпоративным клиентам, но и обычным семьям. Cityray переезжает на главный конвейер Еще одно важное событие — судьба модели Cityray. Сейчас автомобиль собирают крупноузловым методом, но это временное решение. Предприятие уже активно готовит оснастку для полноценного конвейера. Запуск серийного производства запланирован на конец 2026 — начало 2027 года. «Это уже модель нового поколения на платформе 3.0, на которой строятся современные легковые автомобили. Рассчитываем реализовать это в первом квартале», — поделился планами директор. Гибриды и электричество: курс на рекорды Платформа 3.0 уже знакома белорусам по гибридному кроссоверу BELGEE X80. Модель успешно продается и хвалят за экономичность: запас хода на полном баке и заряде батареи достигает 1000 км. По X80 предприятие намерено наращивать локализацию и увеличивать объемы выпуска. Параллельно завод продолжает сборку электромобилей Geely EX2 и Geely EX5. Это направление считается приоритетным. Геннадий Свидерский отметил, что план главы государства по производству 10 тысяч электромобилей и гибридов будет перевыполнен уже в этом месяце. «Мы вышли на рубеж почти в 10 тысяч машин. В сентябре эту планку точно возьмем», — заявил руководитель. Как сообщает БЕЛТА, в ближайшее время нас ждет появление облегченной версии X50, выход на линию нового Cityray и дальнейший рост производства «зеленых» моделей. Читайте также на Newgrodno.by: В Беларуси модернизируют полигон для испытаний автомобилей: как идут работы?",1131fbe7b173a5672c78803c901a08964b2a149dcd4badfe9da8f942133ec915,2445,false,2364,json_ld,,,,,
1.0,https://newgrodno.by/society/istoriya-pchelovoda-dmitriya-akulo,NewGrodno,Гродненская область,2026-09-05T14:38:48+00:00,feed:https://newgrodno.by/feed/ | homepage | sitemap:https://newgrodno.by/news-sitemap.xml,"«Мои девочки»: история пчеловода Дмитрия Акуло, променявшего отдых на сто ульев и тонны меда",REJECT,relevance_rejected,needs_text,нет связки социальной темы и проблемы,"TITLE: «Мои девочки»: история пчеловода Дмитрия Акуло, променявшего отдых на сто ульев и тонны меда
SUMMARY: Для большинства людей пчеловодство ассоциируется с летом, солнцем и ароматом лугов. Однако на самом деле это круглогодичный труд, не терпящий выходных. Дмитрий Акуло из деревни Щенец знает об этом не понаслышке — он занимается пчелами уже 25 лет и успешно доказывает, что подход к делу решает всё. Зимой пасечник занят ремонтом рамок и подготовкой вощины, … Сообщение «Мои девочки»: история пчеловода Дмитрия Акуло, променявшего отдых на сто ульев и тонны меда появились сначала на NewGrodno.By .
TEXT: Для большинства людей пчеловодство ассоциируется с летом, солнцем и ароматом лугов. Однако на самом деле это круглогодичный труд, не терпящий выходных. Дмитрий Акуло из деревни Щенец знает об этом не понаслышке — он занимается пчелами уже 25 лет и успешно доказывает, что подход к делу решает всё. Зимой пасечник занят ремонтом рамок и подготовкой вощины, весной и летом — контролирует роение и откачивает мед, а осенью обрабатывает ульи от клещей и готовит насекомых к холодам. По словам Дмитрия, в этом ремесле нет места слабости: пчелы не прощают ошибок, а болезнь или лень сразу сказываются на результате. Тем не менее, именно такой ритм жизни стал для него привычным. Путь от новичка до профессионала Всё началось с двух пчелиных семей, которые Дмитрий взял у дяди. Первый опыт оказался шоковым. Насекомые вели себя крайне агрессивно, укусы вызывали сильную интоксикацию, а одежда буквально прилипала к телу от большого количества ужалений. Супруга Елена до сих пор вспоминает тот период с содроганием и признается, что была уверена — муж бросит эту затею. Однако Дмитрий не из тех, кто сдается. Изучая поведение других пчеловодов, он понял: дело не в толстом костюме, а в знаниях и внутреннем спокойствии. С этого момента началось глубокое погружение в теорию — десятки книг, журналы, профильные курсы. Сегодня Дмитрий не только применяет классические методы, но и переосмысливает их, выводя собственные подходы, с которыми часто не согласны даже опытные коллеги. Семейный подряд и современные технологии Сегодня на пасеке Акуло насчитывается более сотни ульев. Такое хозяйство требует серьезного подхода: селекция маток, борьба с клещом, продуманная кочевка и постоянный мониторинг. Дмитрий уверен, что без вмешательства человека современные пчелы выжить не могут — главная угроза, клещ. При этом Дмитрий старается использовать химию минимально. В сезон медосбора — никаких агрессивных препаратов, только биологические методы, а обработка проводится строго после откачки продукта. Его жена Елена с юмором называет себя «медсестрой» при «враче»-муже. Она помогает с дымарем и выполняет вспомогательные задачи, но физически тяжелую работу берет на себя Дмитрий. К родителям присоединился и сын Назар, который тоже всерьез увлекся ремеслом. Особое внимание пасечник уделяет выведению маток. Он называет себя их «крестным отцом» и утверждает, что качество матки лишь на 40% зависит от генетики, остальные 60% — это воспитание и условия выращивания. Дмитрий развивает линию породы Бакфаст, которую считает идеальными труженицами: миролюбивыми, выносливыми и невероятно эффективными. Пчелы чувствуют человека и находят его везде Одна из самых удивительных черт этой пасеки — практически полное отсутствие защитных костюмов. Дмитрий работает с пчелами без сетки, называет их «мои девочки» и убежден, что они чувствуют его на расстоянии. Он рассказывает, что однажды нашел целый рой у себя в кладовке — насекомые каким-то образом пробрались туда, словно почувствовав хозяина. Есть у него и старый, почти разваливающийся улей, который давно пора выбросить. Однако пчелы упорно находят этот домик, куда бы Дмитрий его ни прятал. Супруга Елена шутит, что насекомые просто облюбовали эту конструкцию и своими силами поддерживают ее целостность. Кочевка, природа и редкие сорта Чтобы собирать разные виды меда, пасека постоянно перемещается: лес, рапс, гречиха, клевер, вереск. Перевозка ульев происходит ночью, когда пчелы не летают. Дмитрий признается, что иногда этот процесс отнимает двое суток без сна. В пути случаются разные казусы — то прокол колеса, то встреча с дикими животными. Но главная награда — разнообразие меда. В коллекции пасечника уже более 12 сортов, включая лесной, несколько видов весеннего, гречишный и вересковый. Награды с «БелЭкспо» и российских выставок подтверждают высокий уровень продукции. Особенно экспертов удивил липовый мед Дмитрия — содержание нектара в нем достигло 93%, что выше показателей знаменитых башкирских образцов. Отдельного внимания заслуживает вересковый мед. По словам пчеловода, откачать 10 килограммов этого продукта сложнее, чем 100 килограммов любого другого. Он похож на смолу, требует температуры около 45 градусов и специального валика. Но результат стоит усилий — аромат получается необыкновенным. Дмитрий сравнивает мед с вином: он чувствует нюансы и тонкие ноты. Сам он больше всего ценит терпкий вересковый, а его жена предпочитает нежный весенний. Планы и главный секрет В ближайшее время пчеловод планирует создать мобильную кочевую пасеку на прицепах-павильонах, а также, возможно, написать книгу о своем опыте. Районная газета «Дзяннiца» не раз писала о достижениях этого хозяйства, и с каждым годом интерес к нему только растет. Дмитрий Акуло уверен: всему, что он умеет, его научила сама жизнь. Но главное — он не перестает повторять, что без искренней любви к делу здесь делать нечего. Забота, с которой он подходит к кормлению и подготовке пчел к зиме, говорит сама за себя. Именно она, а не хитрые методы, позволяет получать продукт, который ценят на престижных конкурсах. Читайте также на Newgrodno.by: Кареты, пчелы, ручное ткачество: изучаем самые необычные музеи Беларуси (есть и в Гродно)",a68afaa24733dba3ed70da4e203efd27b8831ad834b54ee3d28022f81d8f34fe,5771,false,5159,json_ld,,,,,
1.0,https://newgrodno.by/v-mire/v-meksike-korovy-vybezhali-na-pole,NewGrodno,Гродненская область,2026-09-05T09:28:33+00:00,homepage | sitemap:https://newgrodno.by/news-sitemap.xml,В Мексике коровы выбежали на поле и сорвали футбольный матч - видео,REJECT,relevance_rejected,needs_text,нет связки социальной темы и проблемы,"TITLE: В Мексике коровы выбежали на поле и сорвали футбольный матч - видео
TEXT: Необычный случай произошёл в штате Мичоакан во время игры с участием детей. Прямо в ходе встречи на газон выбежали коровы, и юным футболистам пришлось временно покинуть площадку. Видео с места событий стремительно разлетелось по социальным сетям. На кадрах видно, как на зеленое поле муниципалитета Чаро выходит небольшое стадо коров и уверенно направляется в сторону трибуны. По информации, которую приводит мексиканское издание Nación321, на поле одновременно оказалось около 11 рогатых «гостей». В этот момент на площадке проходил матч с участием детей. Увидев приближающихся животных, юные футболисты моментально бросили мяч и поспешили покинуть опасную зону, укрывшись у трибун. В отличие от игроков, зрители остались на местах и, судя по атмосфере на видео, восприняли произошедшее с юмором — скорее с удивлением и смехом, чем с испугом. Организаторам потребовалось некоторое время, чтобы выманить стадо за пределы стадиона. Как только поле освободилось, матч был возобновлен и благополучно завершен. Как сообщает Smartpress.by, к счастью, инцидент обошелся без пострадавших — никто из детей и болельщиков не пострадал. Однако местные СМИ пока не выяснили, откуда именно пришло стадо и кто является его владельцем. Читайте также на Newgrodno.by: 15 очаровательных животных, которые наслаждаются ароматом цветов",f271b3a75f775858bd4627f1e70bc2c53c723c7b0ed4408e87c39a02d7bfce73,1397,false,1316,json_ld,,,,,
1.0,https://newgrodno.by/society/zamok-bez-prividenij-i-bubliki-po-drevnemu-retseptu,NewGrodno,Гродненская область,2026-09-05T10:58:47+00:00,homepage | sitemap:https://newgrodno.by/news-sitemap.xml,Замок без привидений и бублики по древнему рецепту. Репортаж из Крево,REJECT,relevance_rejected,needs_text,нет связки социальной темы и проблемы,"TITLE: Замок без привидений и бублики по древнему рецепту. Репортаж из Крево
TEXT: Агрогородок Крево в Сморгонском районе Гродненской области — место, где оживает история Великого княжества Литовского. Здесь находится первый каменный замок ВКЛ, а местные жители бережно хранят традиции, возрождая старинные рецепты и встречая туристов. Несмотря на то, что в Крево проживает менее 700 человек, этот населенный пункт давно привык к вниманию путешественников. Сюда едут ради знаменитой Кревской унии, подписанной в 1385 году, и атмосферы белорусской глубинки, которая не оставляет равнодушным никого. Как добраться до Крево? Самый удобный и быстрый способ — личный автомобиль. Дорога по Гродненской трассе займет около 1 часа 20 минут, расстояние примерно 100 км. Это прямой маршрут без пересадок. Для тех, кто предпочитает общественный транспорт, существует бюджетный комбинированный маршрут: Электричка из Минска до Сморгони — время в пути около 3 часов, билет стоит 4,88 рубля. Пересадка на автобус до Крево — дорога займет 40 минут, стоимость проезда — 3,12 рубля. Также можно воспользоваться маршруткой из агрогородка, но важно знать: путь из Минска не проходит через Крево напрямую, поэтому этим транспортом удобно уехать только обратно в столицу. Последний рейс отправляется в 21:00. Кревский замок: Сердце агрогородка После реставрационных работ Кревский замок уже сложно назвать руинами. Две сохранившиеся башни вновь стали частью мощных оборонительных стен из красного кирпича и камня. У строения есть центральный вход и подъездная дорога. Стоимость посещения: Входной билет — 3 рубля. Экскурсия для группы до 25 человек — 30 рублей. Сокращенная экскурсия (1–5 человек) — 15 рублей. За символическую плату можно посмотреть временную выставку «Секреты строительства Кревского замка». Внутренний дворик оборудован стендами, где рассказывается об истории этого места. На память о посещении туристы часто приобретают магниты по цене 2,50 рубля. Легенда о привидении Местная жительница Валентина, чей дом соседствует с замком, более десяти лет работала ночным сторожем в крепости. Она знает о здешних тайнах больше, чем любые экспонаты. — Есть поверье, что в замке обитает призрак дамы с лошадью. Это же я! У меня и лошадь раньше была, — смеется женщина. Сейчас компанию Валентине составляет бездомный кот Рыжик, а от самой легенды она отмахивается: за все годы работы никакой нечистой силы она не видела. По словам жительницы, с наступлением тепла Крево оживает, и сюда съезжаются туристы, в основном из Минска. Достопримечательности Крево Костел Преображения Господнего возвышается в центре местечка на холме. История храма начинается в 1387 году — через два года после Кревской унии. Это один из первых костелов ВКЛ, который неоднократно защищали короли и князья. Серьезные разрушения принесла Первая мировая война, поэтому сегодня на этом месте можно увидеть постройку XX века. Церковь Александра Невского возведена в 1854 году из бутового камня и кирпича. В годы войны от здания остались только стены, но его полностью восстановили. Сейчас церковь окружена частными домами и ограждением. Еврейские постройки и кладбище — напоминание о том, что до войны каждый третий житель Крево был евреем. Сохранились синагога и миква, расположенные через дорогу от замка. К сожалению, большая часть еврейской общины была уничтожена в годы оккупации, и сейчас постройки постепенно разрушаются. Некрополь находится в запустении, но местные жители ухаживают за ним, не давая растительности стереть эту страницу истории. Юрьева гора и дозорная башня — самая высокая точка Крево, сформировавшаяся еще во времена Сожского оледенения. Деревянная башня высотой 10 метров появилась здесь пару лет назад на месте найденных историками фундаментов. Прогуляться и покачаться на качелях можно бесплатно, но внутрь пускают только с экскурсией. Агроэкоусадьба «Лялiва»: Вкус истории Помимо исторических фестивалей и рыцарских турниров, туристов в Крево привлекает местное кафе с видом на замковые стены. Оно работает с пятницы по воскресенье, а в школьные каникулы двери открыты чаще — здесь проводят детские мастер-классы. Главная изюминка усадьбы — «смаргонскія абвара́нкі», выпекаемые по старинному рецепту, которому более ста лет. Тесто для баранок обязательно обваривают в медовой воде, отсюда и название. Готовое лакомство посыпают сахаром и маком. По легенде, такие бублики использовали для дрессировки медведей. Важный нюанс: абваранки твердеют уже через несколько минут после выпечки, поэтому их лучше съедать сразу. Впрочем, хозяева усадьбы подсказывают лайфхак: достаточно подогреть бублик в микроволновке 20 секунд — и он снова станет мягким. В меню также есть «рэзнікі» — сладкие пышки в сметане, фигурные пряники и постные десерты. Сколько стоит поездка в Крево? Корреспондент Myfin.by подсчитал расходы на поездку в Крево и поделился опытом: Дорога на электричке и автобусе туда (на двоих) — 16 рублей. Обратный путь на маршрутке — 34 рубля. Билеты в замок — 6 рублей. Магнит на память — 2,50 рубля. Трапеза в кафе (включая выпечку, напитки и сладости с собой) — около 60 рублей. Глиняная подвеска-лошадка — 25 рублей. Итоговая сумма — примерно 120 рублей. Как отмечают путешественники, эти траты полностью окупаются самобытной атмосферой и познавательной программой. Местные жители, работники кафе и музея общаются на белорусском языке, погружая гостей в аутентичную среду. Крево — место, где учебники по истории оживают, а старинные рецепты приобретают новый вкус. Читайте также на Newgrodno.by: Замок, храмы и улицы на холмах: показываем видео из Новогрудка столетней давности",8414c4eeeb93c6d38d48824a1e70dac24fc8f268d9415e2f8c85906adf74f2c9,5572,false,5489,json_ld,Гродненская область,Сморгонь,,,
1.0,https://newgrodno.by/zdorove/kak-kofe-na-samom-dele-vliyaet-na-serdtse,NewGrodno,Гродненская область,2026-09-05T10:08:40+00:00,homepage | sitemap:https://newgrodno.by/news-sitemap.xml,Как кофе на самом деле влияет на сердце и сосуды? Рассказали кардиологи,REJECT,relevance_rejected,needs_text,нет связки социальной темы и проблемы,"TITLE: Как кофе на самом деле влияет на сердце и сосуды? Рассказали кардиологи
TEXT: Американские кардиологи обобщили данные десятков научных работ о самом популярном стимуляторе в мире и пришли к неожиданным выводам: влияние кофеина на организм зависит не столько от самого вещества, сколько от его источника, дозировки и индивидуальных особенностей человека. Американские кардиологи выпустили в журнале Circulation сводку последних исследований, в которой проанализировали, как кофеин влияет на давление, холестерин, риск диабета, аритмии и другие болезни сердца. Безопасная норма и зона риска Главный вывод ученых успокаивает большинство любителей кофе: ежедневное потребление до 400 мг кофеина (это примерно 3–5 стандартных чашек черного напитка без сахара) не увеличивает сердечно-сосудистые риски. Однако исследователи подчеркивают: речь идет именно о чистом кофе, а не о латте с сиропами или энергетических коктейлях. Особое внимание медики обратили на энергетические напитки. Всего две банки такого «бодрящего» напитка могут содержать суточную норму кофеина, но при этом действуют они агрессивнее. В отличие от кофе, энергетики чаще вызывают скачки давления и сбои ритма, особенно у людей с уже имеющейся гипертонией. Хитрости метаболизма Здесь начинаются нюансы. С одной стороны, у людей с нормальным давлением употребление 1–3 чашек в день связано с небольшим повышением риска развития гипертонии. С другой — те, кто пьет более 3 чашек, наоборот, демонстрируют более низкие показатели давления. Аналогичная ситуация с диабетом второго типа: регулярное употребление кофе без добавок снижает риск заболевания. Но ученые полагают, что это заслуга не кофеина, а других биоактивных соединений, содержащихся в зернах. Любителям кофе стоит знать о веществе кафестол, которое содержится в кофейных маслах. Оно способно немного повышать уровень «плохого» холестерина (ЛПНП). Однако выход есть: меньше всего этого компонента в фильтрованном напитке (приготовленном через бумажный фильтр) и в растворимом кофе. А вот в турке или кофе из френч-пресса кафестола значительно больше. Аритмия: защита или провокация? Исследования показали двойственный эффект. Кофеин в кофе снижает риск фибрилляции предсердий (одной из распространенных форм аритмии). Но при этом он же может увеличивать частоту преждевременных желудочковых сокращений (экстрасистол). То есть, для одного человека кофе станет защитой, а для другого — причиной неприятных ощущений в груди. Индивидуальный подход и альтернатива Профессор Калифорнийского университета Грегори Маркус, комментируя итоги обзора, отметил, что не существует универсального совета. Скорость усвоения кофеина зависит от генетики, возраста и привычек. То, что бодрит одного, у другого вызовет бессонницу и сердцебиение. По информации издания «Аргументы и факты», врачи советуют прислушиваться к организму. Если кофе вызывает дискомфорт, не стоит себя мучить — в чае также содержится кофеин и антиоксиданты. А вот от энергетиков специалисты рекомендуют отказаться вовсе или свести их потребление к минимуму. Читайте также на Newgrodno.by: Почему нельзя заваривать один и тот же чайный пакетик дважды?",a9882490087ea4ace6638aeb563622aa5bac50653fa3cf98eed06965026aaa3f,3133,false,3048,json_ld,,,,,
1.0,https://newgrodno.by/auto/kak-rabotaet-dewulf-enduro,NewGrodno,Гродненская область,2026-09-05T14:08:15+00:00,feed:https://newgrodno.by/feed/ | homepage | sitemap:https://newgrodno.by/news-sitemap.xml,Как работает Dewulf Enduro: особенности нового комбайна,REJECT,relevance_rejected,needs_text,нет связки социальной темы и проблемы,"TITLE: Как работает Dewulf Enduro: особенности нового комбайна
SUMMARY: Комбайн Dewulf Enduro, это не просто техника, а настоящий комбайн-трансформер, который меняет подход к уборке «второго хлеба». В то время как большинство хозяйств страны используют прицепные агрегаты, эта махина работает в гордом одиночестве, обрабатывая за раз целых четыре рядка картошки. Почему он особенный? Первое, что бросается в глаза, — это размеры. 14,9 метра в длину, … Сообщение Как работает Dewulf Enduro: особенности нового комбайна появились сначала на NewGrodno.By .
TEXT: Комбайн Dewulf Enduro, это не просто техника, а настоящий комбайн-трансформер, который меняет подход к уборке «второго хлеба». В то время как большинство хозяйств страны используют прицепные агрегаты, эта махина работает в гордом одиночестве, обрабатывая за раз целых четыре рядка картошки. Почему он особенный? Первое, что бросается в глаза, — это размеры. 14,9 метра в длину, 4 метра в высоту и вес под 27 тонн. Однако, несмотря на габариты, разработчики сделали ставку на бережное отношение к почве. Давление на грунт здесь всего 1,5 кг/см² — благодаря хитроумной системе распределения веса по трем осям. Но главное — это процесс. Вместо того чтобы тащиться за трактором, комбайн едет сам. Внутри него клубни проделывают долгий путь, чтобы в итоге оказаться в собственном огромном бункере объемом 12,3 кубометра. Система кольцевого элеватора Самый важный момент при уборке картофеля — не побить урожай. Ведь каждая царапина на клубне — это риск, что он не долежит до весны. В Dewulf Enduro эту проблему решают кардинально. Вместо жестких подъемников здесь используется уникальная система Fill-Tastic — кольцевой элеватор с резиновыми «карманами». Он мягко захватывает картофель, поднимает его на «второй этаж» и пересыпает в бункер, не травмируя кожуру. Производительность впечатляет — до 200 тонн в час. Однако, как признаются сами механизаторы, скорость зависит от почвы. На легком песчаном грунте можно разгоняться до 10 км/ч, а на тяжелых суглинках приходится сбрасывать до 5-6 км/ч. «Это как перейти с велосипеда на гоночный болид, — шутит местный механизатор Максим. — Все управляется кнопками, не нужно вылезать из кабины, чтобы что-то подкрутить». Один против троих Для хозяйства «Агро-Мотоль», где под картофель отведено 567 гектаров (и это не считая собственной лаборатории по выращиванию элитных семян!), покупка такого монстра — это стратегия. Замдиректора Сергей Николаевич подсчитал: один Dewulf Enduro способен заменить три обычных прицепных комбайна. Экономия времени и ресурсов колоссальная. Но не все так гладко. Комбайн произведен в Бельгии и не подпадает под санкции, однако, как отмечают поставщики техники (APH Group), с некоторыми запчастями возникают сложности. «Машину привезти можно, а вот обслуживание — головная боль», — сетуют представители. Тем не менее, в хозяйстве пока справляются своими силами, благо технику изучали досконально. Цена вопроса и капризы погоды Стоимость такой машины для агробизнеса начинается от 1 миллиона евро (и это без учета опций). В «Агро-Мотоле» взяли не самую простую комплектацию, добавив системы автоматического контроля, ведь на таких объемах даже мелочи окупаются. По информации abw.by, даже самый крутой комбайн не может отменить погоду. Нынешнее лето выдалось засушливым, и урожайность, увы, будет ниже прошлогодней (в 2025-м собрали 16 тыс. тонн). Однако техника нового поколения, напичканная датчиками и ИИ, постепенно учится подстраиваться под условия сама, и скоро, возможно, человеку останется только нажимать кнопку «Пуск». Читайте также на Newgrodno.by: И комбайн, и дети: удивительная история женщины из Столбцовского района",925a8988385e0404a1992f4f2659abfefb16ae9805e8b6bda907e030c848caf5,3660,false,3100,json_ld,,,,,
1.0,https://newgrodno.by/society/karkasnye-doma-v-belarusi,NewGrodno,Гродненская область,2026-09-05T09:48:30+00:00,sitemap:https://newgrodno.by/news-sitemap.xml,Каркасные дома в Беларуси: как распознать скрытые дефекты до покупки?,REJECT,relevance_rejected,needs_text,Evidence Binding: тема и проблема связаны только глубоко в тексте,"TITLE: Каркасные дома в Беларуси: как распознать скрытые дефекты до покупки?
TEXT: В отличие от монолитных стен из кирпича или блоков, каркасный дом — это многослойная конструкция. Древесина, утеплитель, пароизоляционные мембраны, ветрозащита — каждый слой должен быть смонтирован безупречно. Именно поэтому к таким объектам покупатели относятся настороженно. Однако качественно построенный каркасник — это энергоэффективное, долговечное жильё, которое по своим характеристикам не уступает традиционным вариантам. Главное — подойти к выбору внимательно. По информации портала Realt.by, при покупке такого дома ваша задача — задавать правильные вопросы и фиксировать тревожные сигналы. Что проверить до выезда на объект? Расположение участка Прежде чем ехать на просмотр, узнайте кадастровый номер земли. С помощью геопорталов можно оценить: соседство с промышленными зонами, фермами, кладбищами; перспективы застройки рядом; удалённость от крупных дорог и развязок. Оптимальный радиус проверки — 1–3 км. Это поможет избежать неприятных сюрпризов, влияющих на экологию и комфорт. Юридический статус дома Обязательно запросите акт ввода в эксплуатацию. Если документ отсутствует, оформление может затянуться, а счета за электричество будут начисляться по коммерческим тарифам — это существенные дополнительные расходы. Подрядчик и гарантии Узнайте, кто строил дом. Если привлекалась подрядная организация, проверьте: действует ли компания; есть ли у неё портфолио реальных объектов; предоставляется ли гарантия и какой у неё срок. Если застройщик ликвидирован или находится в процессе банкротства — это серьёзный повод насторожиться. Вопросы по фундаменту Геология и тип основания Наличие отчёта о геологических изысканиях — хороший признак. Это значит, что тип фундамента выбран обоснованно. Для каркасных домов часто используют сваи. Эксперты советуют отдавать предпочтение бетонным (буронабивным или забивным), а не винтовым металлическим, если нет чёткого технического обоснования. Расстояние между сваями Чем меньше пролёт между опорами, тем жёстче пол. Норма — до 3 м, но комфортнее, если интервал составляет 2–2,3 м. Это снижает эффект «батута» и продлевает срок службы перекрытий. Монолитная плита или лента Если дом стоит на бетонном монолитном фундаменте (плита или лента), это плюс. Такое основание даёт максимальную жёсткость всей конструкции. Осмотр цоколя и подполья Обратите внимание на: высоту цоколя — менее 50 см зимой будет заносить снегом; наличие металлической сетки от грызунов — она не даёт стопроцентной защиты, но серьёзно снижает риск; вентиляционные зазоры на фасаде и кровле — их отсутствие критично, так как это приводит к накоплению конденсата, намоканию утеплителя и появлению плесени. Водоотведение Проверьте, есть ли не только водостоки, но и организованный отвод воды от фундамента (дренаж, ливнёвка, кюветы). Без этого основание будет подмывать. Качественная отмостка — дополнительный бонус. Что скрыто за отделкой — самое важное Это самый сложный этап, ведь конструкция уже закрыта обшивкой. Но некоторые вещи можно проверить. Документация на материалы Запросите смету. В ней должны быть указаны конкретные названия пароизоляционных и ветрозащитных плёнок. Дешёвые материалы без нужных свойств — повод отказаться от покупки. Перепишите названия и покажите специалисту. Фото- и видеофиксация этапов строительства Это единственный способ увидеть, что находится внутри стен. На снимках должно быть видно: сплошной слой пароизоляции со стороны помещений; стыки, проклеенные специальной лентой; отсутствие разрывов и повреждений плёнки. Если таких материалов нет — задумайтесь, стоит ли рисковать. Как заглянуть внутрь стены? Отключите электричество на щитке, аккуратно снимите одну-две розетки и посветите фонариком. Вы должны увидеть: плотно уложенный утеплитель; слой пароизоляции (обычно плёнка с маркировкой). Пустота, дыры или отсутствие плёнки — это большая проблема. Влажность древесины Один из главных грехов недобросовестных строителей — использование пиломатериала естественной влажности («сырца»). Каркас должен собираться из древесины технической сушки. Иначе: при усыхании появятся щели — мостики холода; снизится несущая способность; в замкнутом пространстве начнётся плесень и гниение. Утепление и кровля Толщина теплоизоляции Хороший признак — если в стенах заложено минимум 200 мм утеплителя, из них 50 мм — в перехлёст. Столько же должно быть в перекрытии пола. Осмотр чердака Возьмите фонарик и внимательно осмотрите крышу изнутри: нет ли следов протечек, тёмных пятен, капель воды; сухие ли стропила, нет ли синевы или грибка; достаточно ли утеплителя (не менее 200 мм, лучше больше). Проверка мансарды Если дом с жилой мансардой, осмотрите потолки и стены на наличие влажных участков. Зимой можно оценить кровлю со стороны: участки, где снег тает быстрее или отсутствует, указывают на утечку тепла. Красный флаг — мокрый утеплитель, конденсат под плёнками, изморозь. Это веские причины отказаться от покупки. Зимний осмотр — ваш союзник Мороз — идеальное время для проверки. Захватите с собой тепловизор (можно арендовать). Дом должен быть прогрет минимум на 10–15 °C теплее, чем на улице. Прибор покажет мостики холода: на снимке тёплые участки (утечки) будут красными или жёлтыми, холодные — синими и фиолетовыми. Чаще всего проблемы видны в углах и вокруг окон. Окна, углы и запахи Запахи При входе прислушайтесь к ощущениям: запах плесени, сырости, затхлости — может говорить о мокром утеплителе; резкий химический аромат — возможно, использованы дешёвые материалы; нейтральный запах или аромат свежей древесины — хороший знак. Холодные поверхности Проверьте все углы, стыки стен с полом и потолком. Если они холодные или влажные — это мостики холода. Сильный конденсат на окнах и мокрые откосы указывают на проблемы с вентиляцией или монтажом окон. Геометрия стен Приложите длинный уровень или ровную рейку к стенам, особенно у проёмов. Заметные волны, выпуклости, перекосы — возможные последствия усадки или дефектов каркаса. Полы Пройдите по всем комнатам. Сильный скрип, прогибы, вибрация — признак слабых перекрытий или плохого монтажа. Инженерные системы — скрытые риски Вентиляция Современный каркасник герметичен как термос, поэтому обычные форточки не помогут. Спросите, какая система установлена. Минимум — механические клапаны-проветриватели, идеально — рекуператор с подогревом воздуха. Нормальная влажность внутри — 40–60 %. Электрика Откройте распределительный щиток. В деревянном доме проводка должна быть проложена в гофре или металлорукаве. Голые кабели через деревянные конструкции — нарушение пожарной безопасности. Вводы коммуникаций Проверьте, как заведены трубы и кабель. В доме на сваях они не должны висеть на холоде — требуется качественное утепление до входа в тёплый контур. Стоп-сигналы: когда стоит отказаться? Соберите все тревожные признаки. Если вы нашли 2–3 пункта из списка ниже, это веский повод либо отказаться от сделки, либо нанять независимого эксперта с тепловизором: запах плесени и ощущение сырости внутри; холодные или влажные углы и примыкания; иней или вода на утеплителе; отсутствие фото- и видеоматериалов этапов строительства; продавец не может чётко ответить на вопросы о технологии и материалах; нет проекта и спецификации; вводы коммуникаций не утеплены. Читайте также на Newgrodno.by: Что покупают белорусы за городом и от чего зависят цены",6f46454e47f936553489d720bdd4aaedf2092176ba08cfaf444e439b2c201f35,7347,false,7264,json_ld,,,,,
1.0,https://newgrodno.by/society/mozhno-li-pohudet-na-ogurtsah-i-yagodah,NewGrodno,Гродненская область,2026-09-05T11:18:36+00:00,homepage | sitemap:https://newgrodno.by/news-sitemap.xml,Можно ли похудеть на огурцах и ягодах? Мнение диетолога,REJECT,relevance_rejected,needs_text,нет связки социальной темы и проблемы,"TITLE: Можно ли похудеть на огурцах и ягодах? Мнение диетолога
TEXT: Многие считают огурцы и ягоды идеальными продуктами для быстрого снижения веса. Низкая калорийность, доступность и приятный вкус создают иллюзию, что есть их можно без ограничений и с гарантией результата. Однако диетологи предупреждают: такие монодиеты не только бесполезны, но и опасны для здоровья. Врач-диетолог, научный сотрудник Республиканского центра гигиены, эпидемиологии и общественного здоровья Ольга Синякова в интервью изданию «Настаўнiцкая газета» разобрала популярные мифы о «огуречно-ягодном» похудении и объяснила, к чему на самом деле приводят подобные эксперименты. Огуречная диета: голод и срыв Огурец на 95% состоит из воды и содержит минимальное количество клетчатки. Энергетическая ценность ничтожна — организм не получает практически никакого топлива. Через пару часов после такого «обеда» уровень сахара падает, нарастает сильный голод, и человек неизбежно срывается на высококалорийную пищу — чаще всего на быстрые углеводы (сладости, выпечку, бутерброды). Переедание сводит на нет все попытки похудеть и приводит к обратному эффекту. «Подобные эксперименты заканчиваются всегда одинаково — срывом», — констатирует Ольга Синякова. Вместо экстремальных ограничений специалист рекомендует сбалансированную «тарелку здорового питания»: четверть — фрукты, четверть — овощи, остальное — сложные углеводы (крупы) и белки (мясо, рыба, творог). Именно такое сочетание даёт устойчивый результат без вреда для метаболизма. Ягодная ловушка: фруктоза превращается в жир Ягоды по составу богаче огурцов: в них есть витамин С, антиоксиданты, фолиевая кислота и клетчатка. Но есть и существенный минус — фруктоза, натуральный сахар. Если ежедневно съедать по два килограмма черешни, клубники или малины, печень не справляется с переработкой такого объёма фруктозы и начинает преобразовывать её в жир. Причём в самый опасный вид — висцеральный, который откладывается вокруг внутренних органов. «При регулярном переедании фруктов вес будет стоять или расти, а внутренний жир — накапливаться», — подчёркивает диетолог. Так что надеяться похудеть, питаясь исключительно ягодами, — в корне неверно. Это не диета, а прямая дорога к набору висцерального жира и проблемам с обменом веществ. «Облегчённые» блюда — тоже не выход Отдельно эксперты напоминают: даже если вы выбираете «лёгкие» версии калорийных продуктов, это не делает их безопасными для фигуры. Например, пицца на тонком тесте с овощами и грибами вместо бекона и с сыром по минимуму — всё равно остаётся высококалорийным блюдом. Как отмечает доцент кафедры диетологии университета «Росбиотех» Анастасия Лебедева, классический кусок пиццы с сыром и беконом может содержать до 400 ккал, а «облегчённый» вариант снижает калорийность лишь незначительно. Главный вывод: огурцы и ягоды — полезные продукты, но только как часть разнообразного рациона вместе с белками и сложными углеводами. Моно-диеты на них не работают, провоцируют срывы и жировые отложения. Здоровое похудение — это всегда баланс, а не крайности. Читайте также на Newgrodno.by: Диетолог перечислила 8 самых витаминных фруктов и ягод",18e7ea33952f19d65b686e5b9384680454e101211acebd3b3e9393b3f0f5b49b,3132,false,3063,json_ld,,,жилой дом/двор,,
1.0,https://newgrodno.by/society/aviatsionnyj-slet-krylya-belarusi,NewGrodno,Гродненская область,2026-09-05T09:01:16+00:00,sitemap:https://newgrodno.by/news-sitemap.xml,Непогода вмешалась в планы: авиаслет «Крылья Беларуси» не состоится,REJECT,relevance_rejected,needs_text,нет связки социальной темы и проблемы,"TITLE: Непогода вмешалась в планы: авиаслет «Крылья Беларуси» не состоится
TEXT: Сложившиеся погодные условия на территории Республики Беларусь не позволяют провести авиационный слёт «Крылья Беларуси». Сожалеем о доставленных неудобствах. Данное решение принято в целях обеспечения безопасности полётов, сообщает «Белаэронавигация».",dd4e2bd83510402944203f1a34b6fdecdbac8e544c9b319fa33546162709cd05,332,false,251,json_ld,,,река/озеро/берег,,
1.0,https://newgrodno.by/society/ot-kukol-do-utyugov-i-memov,NewGrodno,Гродненская область,2026-09-05T11:38:11+00:00,homepage | sitemap:https://newgrodno.by/news-sitemap.xml,От кукол до утюгов и мемов: что коллекционируют белорусы?,REJECT,relevance_rejected,needs_text,нет связки социальной темы и проблемы,"TITLE: От кукол до утюгов и мемов: что коллекционируют белорусы?
TEXT: Коллекционирование редко возникает на пустом месте — чаще оно вырастает из семейных историй, личных воспоминаний или случайной находки, которая внезапно захватывает внимание. В Беларуси люди разных возрастов увлечены самыми разными предметами: от раритетных утюгов XVI века до современных интернет-мемов. География поисков экспонатов охватывает десятки стран, а стоимость экземпляров колеблется от нескольких копеек до тысяч долларов. При этом для многих коллекционеров хобби перерастает в профессиональную деятельность или даже в создание общедоступных музеев. От почтовых марок до старинных утюгов Представители старшего поколения, выросшие без цифровых технологий, часто тяготеют к материальным артефактам прошлого. Председатель правления Белорусского республиканского общественного объединения коллекционеров Борис Васильев начал собирать марки еще в 10 лет, в 1965 году. Сейчас его филателистическая коллекция сосредоточена на советской тематике, живописи Рубенса и спорте. Однако известность ему принесло другое хобби — коллекционирование утюгов. Первый экземпляр, работающий на спирту, был куплен в Санкт-Петербурге. Сегодня в собрании Бориса Васильева представлены приборы со всех континентов, выпущенные с XVI по XX век. Особое место занимает гофратор — труба на ножке для создания гофрированных воротников, из-за которой в языке появилось выражение «вынуть душу». Экспозиция из более чем 500 предметов уже несколько лет работает в Лошицкой усадьбе, а в октябре 2025 года в Гродно открылась совместная выставка с другим коллекционером, насчитывающая свыше тысячи утюгов — самую большую в СНГ. Коллекционирование в Беларуси порой требует серьезных трат: однажды владельцу коллекции пришлось продать автомобиль, чтобы покрыть долги за раритеты. Цены на экспонаты варьируются: самый дорогой оценивается в $1000, рядовые экземпляры стоят $10–30. Нумизмат Валерий Кравченко увлекся банкнотами и белорусскими монетами с 1991 года. Его коллекция насчитывает около 200 экземпляров, включая редкую банкноту Зимбабве 2008 года с типографской ошибкой в номинале, а также французскую 100 франков 1962 года с портретом Наполеона. Поколение X: марки, открытки, фантики от жвачек и... мемы Те, кто родился между 1965 и 1980 годами, сохранили связь с консервативными ценностями, но уже активно осваивают новые форматы. Журналистка и блогер Татьяна Сулимова в детстве пробовала собирать марки с картинами Айвазовского, а несколько лет назад неожиданно начала создавать коллекцию мемов про свое имя. Поводом послужили смешные картинки и видео, которыми делились друзья. Поворотный момент наступил в Татьянин день: пост с собранными мемами собрал более 2 миллионов просмотров в Instagram. В коллекцию вошла даже легенда о космодроме Байконур, где инженер писал имя «Таня» на ракетах перед стартом. Героиня признается, что теперь ей хочется создавать собственные мемы. Интересно, что ее сын, принадлежащий к поколению альфа, собирает фотографии с хоккеистами и экзотические музыкальные инструменты. Поколение Y (миллениалы): спичечные коробки, банки от энергетиков, куклы Представители поколения Y, выросшие на границе аналогового и цифрового миров, выбирают хобби, которые порой становятся основной профессией. Мария Павловская, пиарщик по профессии, унаследовала увлечение от отца-геолога. Сейчас она — филуменист, в ее коллекции около тысячи спичечных коробков из Японии, Канады, Пакистана и Европы. Самый ценный экземпляр — деревянный коробок 1950-х годов с изображением Купаловского театра. Затраты на хобби минимальны: цена коробка не превышает 3 рублей. Слесарь Влад Чупраков собирает банки из-под энергетических напитков. За шесть лет набралось более 440 экземпляров, которые уже не помещаются на полках и выстраиваются вдоль стен прихожей, становясь элементом декора. Цена одного экземпляра может доходить до 11 рублей. Катерина (известная как pump pink) нашла в куклах не просто увлечение, а источник дохода. Начав с покупки куклы для дочери в 2021 году, она создала полноценный дом для кукол, а затем сосредоточилась на дорогих брендовых экземплярах (Poppy Parker). Вложившись в хобби, она стала шить для них одежду и аксессуары, ездить на выставки. Сейчас ее коллекция насчитывает 25 кукол (средняя цена до $500), которые путешествуют с ней в отдельном чемоданчике для рекламных фотосессий. Поколение Z (зумеры): скины в играх, уникальные эмодзи и «настолки» Зумеры, родившиеся в эпоху интернета, закономерно интересуются игровой культурой. Токарь Никита Раскопа прошел путь от детских карточек с супергероями до сложных настольных игр. Его страсть — миниатюры для игр Warhammer, Malifaux и Unmatched. Один отряд крысолюдов обошелся ему в 300 рублей, а набор по мотивам «Баффи» — в 450. Цена зависит от тиража и раритетности. Как сообщает Office Life, многие подписчики в соцсетях делятся и своими «сокровищами»: советские открытки с актерами, черепашки в любом виде, ручки с логотипами и вкладыши от жвачек 1990-х, которые родители теперь собирают вместе с детьми. Фото: из личных архивов героев Читайте также на Newgrodno.by: Более 1500 фигурок за 14 лет: история гомельчанки, которая коллекционирует игрушки из «Киндер-сюрпризов»",4b96f2101c3e9f7dcbf35f46fc40d79f941aa8577082d5c864bdce93fdb58e8a,5204,false,5133,json_ld,,,,,
1.0,https://newgrodno.by/v-mire/student-iz-indii-za-6-mesyatsev-ochistil,NewGrodno,Гродненская область,2026-09-05T13:08:36+00:00,feed:https://newgrodno.by/feed/ | homepage | sitemap:https://newgrodno.by/news-sitemap.xml,Студент из Индии за 6 месяцев самостоятельно очистил загрязненную реку,KEEP,included,strong,,"TITLE: Студент из Индии за 6 месяцев самостоятельно очистил загрязненную реку
SUMMARY: В индийском штате Бихар произошла история, которая доказывает: чтобы изменить мир вокруг себя, не нужны миллиардные бюджеты или тяжелая техника. Достаточно желания и упорства. 20-летний студент Битту Табахи взялся за невозможное — в одиночку очистить реку Аджнар, которая годами задыхалась от мусора. Местные жители уже привыкли к грязной воде, токсичным зеленым водорослям и горам пластика … Сообщение Студент из Индии за 6 месяцев самостоятельно очистил загрязненную реку появились сначала на NewGrodno.By .
TEXT: В индийском штате Бихар произошла история, которая доказывает: чтобы изменить мир вокруг себя, не нужны миллиардные бюджеты или тяжелая техника. Достаточно желания и упорства. 20-летний студент Битту Табахи взялся за невозможное — в одиночку очистить реку Аджнар, которая годами задыхалась от мусора. Местные жители уже привыкли к грязной воде, токсичным зеленым водорослям и горам пластика на берегах, но молодой человек решил, что так больше продолжаться не может. Студент не стал ждать помощи от властей. Он просто взял в руки сачок и ведра и начал работать. Своими силами, вручную, день за днем он вылавливал тонны бытовых отходов, вычерпывал скопившуюся грязь и избавлялся от ядовитой растительности. На это ушло несколько месяцев напряженного труда. Как сообщает БЕЛТА со ссылкой на издание The Indian Express, Битту с самого начала фиксировал каждый этап своей работы на камеру. Ролики он выкладывал в социальные сети, и у подписчиков была уникальная возможность наблюдать за преображением реки в прямом эфире. Сначала казалось, что результаты незначительны, но спустя полгода вода действительно начала светлеть, а мусор исчез. История обычного студента настолько вдохновила пользователей, что его видео суммарно набрали десятки миллионов просмотров. Битту показал всему миру, что даже один человек способен вернуть к жизни целый водоем, если подойти к делу с душой и терпением. Читайте также на Newgrodno.by: Вода такая прозрачная, что видно дно: популярные карьеры в Гродно очистили от плавающего на поверхности мусора",701d1c25adf413a2f38b62a170e9307bffa5ca033773c82687c7ef0efc765e93,2130,false,1527,json_ld,,,река/озеро/берег,загрязнение,
1.0,https://newgrodno.by/society/tabachnaya-fabrika-neman-istoriya-sozdaniya-i-razvitiya,NewGrodno,Гродненская область,2026-09-05T12:38:25+00:00,feed:https://newgrodno.by/feed/ | homepage | sitemap:https://newgrodno.by/news-sitemap.xml,Табачная фабрика «Неман»: история создания и развития,REJECT,relevance_rejected,possible,нет связки социальной темы и проблемы,"TITLE: Табачная фабрика «Неман»: история создания и развития
SUMMARY: В 1861 году Гродненское губернское правление выдало разрешение купцам Абраму Гордону и Лейбе Шерешевскому на открытие первой в городе табачной мастерской. Тогда мало кто мог предположить, что это событие положит начало одной из крупнейших промышленных историй Беларуси. Первое производство разместилось на улице Купеческой (сегодня — Карла Маркса). Основатели и их помощники работали вручную: резали табак … Сообщение Табачная фабрика «Неман»: история создания и развития появились сначала на NewGrodno.By .
TEXT: В 1861 году Гродненское губернское правление выдало разрешение купцам Абраму Гордону и Лейбе Шерешевскому на открытие первой в городе табачной мастерской. Тогда мало кто мог предположить, что это событие положит начало одной из крупнейших промышленных историй Беларуси. Первое производство разместилось на улице Купеческой (сегодня — Карла Маркса). Основатели и их помощники работали вручную: резали табак и скручивали сигареты. В те годы Гродно буквально кишел подобными небольшими мануфактурами — одни открывались, другие быстро закрывались из-за низкой эффективности. Технический рывок и первые победы Ключевым поворотным моментом стало внедрение инноваций. Шерешевские пригласили квалифицированных специалистов и начали устанавливать паровые машины, прессы и гильзонабивные станки. На предприятии даже появилась собственная электростанция и телефонная связь — в Гродно это случилось впервые. Благодаря этому семья Шерешевских навсегда обошла конкурентов. Производство быстро росло. Вскоре фабрика переехала в здание на улице Соборной (ныне Советская, 13), а затем — в собственный особняк на Мостовой. К 80-м годам XIX века склады предприятия работали в Санкт-Петербурге, Варшаве, Вильнюсе и Екатеринбурге, а штат сотрудников к 1897 году превысил 1800 человек. Продукция получала высочайшее признание. В 1882 году на московской выставке сигареты из Гродно удостоились медали императора Александра III. Позже к этому добавились серебряные награды в Амстердаме, Париже и Новом Орлеане. Рождение акционерного общества и трудные времена В начале XX века конкуренция на российском рынке усилилась, многие фабрики разорялись. Чтобы сохранить дело, Иосель Шерешевский (сын основателя) привлек совладельца — лесопромышленника Файвеля Руссоту. В январе 1907 года предприятие стало акционерным обществом, что дало толчок к новому росту. Объемы производства и отчисления в казну выросли в разы. В 1930 году началось строительство современного корпуса в занеманской части города, где фабрика находится и сегодня. Однако Вторая мировая война нанесла серьезный урон: в годы оккупации здесь работали в основном женщины и дети, а при отступлении гитлеровцев здание было взорвано и сожжено. Возрождение и статус лучшего производителя в СССР Восстановление началось сразу после освобождения. Уже в 1945 году цеха дали первую послевоенную продукцию — 3,2 тысячи тонн табака и 17,4 млн папирос. А к 1950-му годовой объем достиг 2,3 млрд штук сигарет. В 1952 году стартовал выпуск коротких сигарет «Новые» и «Южные», позже — папирос в твердой упаковке «Любительские». В течение 25 лет, начиная с 1957-го, гродненское предприятие неизменно признавалось лучшим в Советском Союзе, забирая все золотые награды отраслевых дегустаций. Интересный факт: предупреждение «Минздрав предупреждает…» появилось на местных сигаретах еще в 1970 году — задолго до того, как это стало обязательным требованием. Современность и социальная миссия В конце XX века предприятие посетил Президент Беларуси Александр Лукашенко, после чего началась масштабная реконструкция, завершившаяся к 2003 году. Тогда же фабрика получила статус Республиканского производственного унитарного предприятия «Гродненская табачная фабрика «Неман». Сегодня ассортимент насчитывает около 20 марок. Но предприятие запомнилось не только производственными рекордами. Иосель Шерешевский был известным филантропом. Он открыл первую амбулаторию для рабочих, школу для их детей, построил приют для еврейских сирот. Как отмечает издание Гродненская Правда, эти традиции живы и сейчас. Фабрика поддерживает 25 спортивных команд, помогает социальным и медицинским учреждениям, а также людям, оказавшимся в сложной жизненной ситуации. Читайте также на Newgrodno.by: Миллионы изделий и особые технологии: как работает фабрика Conte в Гродно",1dea0d4c2ea66d81269e9ec3af527d6819aabcf78766f53c64180014c60b6b02,4350,false,3766,json_ld,,,река/озеро/берег,,
1.0,https://newgrodno.by/society/torzhestvennoe-otkrytie-dnya-goroda-proshlo-v-grodno,NewGrodno,Гродненская область,2026-09-05T10:37:33+00:00,homepage | sitemap:https://newgrodno.by/news-sitemap.xml,Торжественное открытие Дня города прошло в Гродно,REJECT,relevance_rejected,needs_text,нет связки социальной темы и проблемы,"TITLE: Торжественное открытие Дня города прошло в Гродно
TEXT: Город над Неманом отмечает свой 898-й день рождения. По традиции праздник проходит сразу на нескольких городских площадках и объединяет концерты, фестивали и тематические локации. Программа рассчитана на несколько дней, но сегодня областной центр особенно шумный и многолюдный: главные события разворачиваются прямо сейчас. Центром праздничной программы стала площадь Ленина. В полдень здесь состоялась торжественная церемония открытия Дня города. Одновременно дан старт XIII Сырному фестивалю, который за годы проведения стал одной из главных традиций городского праздника. Его организатор – ОАО «Молочный Мир», пишет Гродненская правда. В церемонии приняли участие почетные гости: председатель Гродненского облисполкома Юрий Караев, помощник Президента – инспектор по Гродненской области Константин Бурак, председатель Гродненского областного Совета депутатов Елена Пасюта, председатель Гродненского горисполкома Андрей Хмель. Глава региона поздравил гродненцев с Днем города и признался, что Гродно для него – не просто место работы, а близкий и любимый город. Он отметил, что особенно ценит возможность гулять по его старинным улочкам и заглядывать в тихие дворики. – В такие моменты особенно остро чувствуешь, как много в нашем городе истории, души, какой-то особой, ни с чем не сравнимой атмосферы. Мне всегда интересно, чем живут гродненцы, чем дышит город. Поэтому я стараюсь как можно чаще бывать в разных районах, общаться с людьми, – сказал Юрий Караев. – Очень радует, что День города уже много лет проходит вместе с сырным фестивалем. Это стало доброй традицией, которая объединяет гродненцев и гостей. Фестиваль называется «Сила традиции». Для нас это не просто слова. Гродненщина всегда славилась своим молоком и сырами, и сегодня эта традиция живет и развивается. За последние 30 лет в молочную отрасль вложено немало средств. Строились и обновлялись фермы, модернизировались заводы. Сегодня в регионе работают 292 современных комплекса, где содержится почти 90% поголовья коров. За последние пять лет построено и реконструировано 46 объектов, 11 из них – в прошлом году. Еще 20 находятся в работе, 12 планируют завершить до конца года. За семь месяцев в области произвели более миллиона тонн молока. Практически весь этот объем, как подчеркнул председатель облисполкома, уходит на переработку. Для изготовления одного килограмма сыра требуется в среднем 10–12 килограммов сырья. За качеством нашей продукции стоят не только современные технологии, но и, в первую очередь, мастерство сыроделов, их отношение к делу и любовь к родной земле. К поздравлениям присоединился помощник Президента – инспектор по Гродненской области Константин Бурак. Он отметил, что почти девятивековая летопись Гродно, его материальные и духовные свидетельства относятся к золотым страницам общей белорусской истории, служащей основой национальной идентичности, общей памяти и преемственности поколений. – Сохранение и преумножение духовных, культурных, ратных и трудовых традиций дают Гродно неисчерпаемую энергию для уверенного движения вперед, чтобы вносить достойный вклад в поступательное развитие нашего суверенного и сильного государства. День рождения города – это праздник всех, кто здесь родился, кто приехал сюда жить. Но прежде всего это дань уважения тем, кто сегодня честно и добросовестно трудится на благо Гродно и всей страны. Без самоотверженного труда рабочего человека не достигли бы таких высоких результатов наши промышленное производство и аграрный сектор. Именно на плечах рабочего и крестьянина всегда держалась экономика – и в эпоху СССР, и сейчас, – отметил Константин Бурак. – Особая гордость Гродненщины – молочная отрасль. В 2025 году молокоперерабатывающими предприятиями экспортировано сыра на сумму свыше 233 млн долларов. Наши предприятия хорошо чувствуют пульс времени, берут на вооружение самые передовые технологии, обеспечивают высочайшие стандарты качества и экологичности. Председатель Гродненского горисполкома Андрей Хмель также тепло поздравил присутствующих с днем рождения города: – Гродно – жемчужина Беларуси. Гродно – город-красавец. Гродно – витрина Республики Беларусь. Эти прекрасные слова в адрес нашего города сказал уважаемый Президент Республики Беларусь Александр Григорьевич Лукашенко. Мы знаем Гродно и как город-музей, и как город традиций. И очень здорово, что традиция проведения Сырного фестиваля в Гродно сохранена и, я уверен, будет продолжена. «Молочный Мир» – это настоящий бренд нашего города, который прославляет его далеко за пределами нашей страны. Одним из символичных моментов церемонии стало открытие капсулы времени. Год назад ее запечатали на площади, поместив внутрь оболочку зрелого сыра. А одной из самых необычных деталей праздника стала гигантская сырная тарелка в форме карты Беларуси. В композиции – сразу 100 сортов сыра производства ОАО «Молочный Мир». Это, к слову, абсолютный рекорд в Беларуси. Читайте также: День города в Гродно – 2026: полная программа мероприятий и афиша",8df0ec746b3bc9b52d3e9c670bb6a2c3f0b892e06b8ded887473f786eb04c42b,5017,false,4954,json_ld,Гродненская область,Гродно,река/озеро/берег,,
1.0,https://newgrodno.by/society/travmatolog-obyasnil-pochemu-sustavy-bolyat,NewGrodno,Гродненская область,2026-09-05T12:18:02+00:00,homepage | sitemap:https://newgrodno.by/news-sitemap.xml,"Травматолог объяснил, почему суставы болят перед дождём — и дело не в погоде",REJECT,relevance_rejected,needs_text,иностранная тема: британ,"TITLE: Травматолог объяснил, почему суставы болят перед дождём — и дело не в погоде
TEXT: Многие люди жалуются, что их суставы начинают ныть перед дождём или при резкой смене погоды. Эта примета давно стала народным мемом, но, по словам травматолога-ортопеда Виктора Фомичева, научного подтверждения у неё нет. Медик ссылается на два исследования. В 2019 году британские учёные попросили пациентов в течение нескольких месяцев отмечать своё самочувствие в сырые, ветреные дни с низким атмосферным давлением. Оказалось, что болевой синдром действительно повышался, но всего на 20% и только в самый пасмурный день. В 2024 году был опубликован ещё более масштабный анализ с участием более 15 тысяч человек. На этот раз врачи вообще не обнаружили связи между погодой и обострением артроза или болей в спине. Причём исследователи не смогли даже определить, какое давление (высокое или низкое) влияет на боль сильнее. По информации Telegram-канала «Доктор Питер», люди продолжают жаловаться на погоду. Врач выделяет две вероятные причины: Первая — физическая В уже больном суставе (с артрозом или после старого перелома) есть отёк и воспаление. Когда атмосферное давление меняется, это слегка меняет давление внутри тканей, что раздражает нервные окончания. Здоровый сустав этого не чувствует, а повреждённый — реагирует. Вторая причина — психологическая В пасмурную дождливую погоду люди меньше двигаются, больше лежат, настроение падает — и любая боль воспринимается острее. Поэтому сустав — это не барометр, а скорее капризный датчик, который путает причину со следствием. Читайте также на Newgrodno.by: Какой симптом при магнитных бурях нельзя оставлять без внимания — мнение врачей",d9f724a536de3ebf7cc5235ebf365f3e013f567f89dc22fc3983f6843e485980,1680,false,1590,json_ld,,,,опасность/безопасность,
1.0,https://newgrodno.by/society/grodno-masshtabno-prazdnuet-svoj-898-j-den-rozhdeniya,NewGrodno,Гродненская область,2026-09-05T11:51:49+00:00,homepage | sitemap:https://newgrodno.by/news-sitemap.xml,Тысячи улыбок и дыхание истории: Гродно масштабно празднует свой 898-й день рождения,REJECT,relevance_rejected,needs_text,нет связки социальной темы и проблемы,"TITLE: Тысячи улыбок и дыхание истории: Гродно масштабно празднует свой 898-й день рождения
TEXT: Один из красивейших городов Беларуси сегодня официально стал эпицентром праздника. Гродно отмечает впечатляющую дату — 898 лет со дня первого летописного упоминания. С самого утра старинные улицы, площади и уютные парки областного центра заполнились праздничной атмосферой, музыкой и тысячами счастливых горожан и гостей. Город над Неманом, гармонично сочетающий в себе королевское величие прошлого и динамичный ритм современности, подготовил для всех потрясающую программу. Одним из главных магнитов Дня города традиционно стал долгожданный XIII Сырный фестиваль «Сила родных традиций», организованный ОАО «Молочный Мир». Площадь Ленина превратилась в огромную интерактивную и гастрономическую зону. Настоящий фурор произвела гигантская сырная тарелка в виде карты Беларуси. Настоящий шедевр площадью 20 квадратных метров мастера собрали из 100 сортов сыра — это абсолютный национальный рекорд! Кроме того, организаторы вскрыли интригующую «капсулу времени» (зрелый сыр, запечатанный ровно год назад) и презентовали гостям уникальную новинку — сыр «Кронес» с медом и мятой. А тысячи гродненцев смогли поучаствовать в масштабной народной дегустации. Параллельно в парке Жилибера развернулся сочный фестиваль овощей, улица Ожешко утонула в невероятных композициях «Кветка-ФЭСТа», а Советская площадь наполнилась звуками джаза и блюза. Наш фотокорреспондент прогулялся по ключевым точкам торжества, чтобы поймать самые искренние эмоции, запечатлеть эстетику праздничных улиц и передать вам неповторимый вайб королевского Гродно.",57c3049f78d24e9188c20f51ba9eec8bd1178083a9946d809f38b8e5e190f660,1624,false,1526,json_ld,Гродненская область,Гродно,,,
1.0,https://hpravy.org/2026/09/05/%d0%b0%d0%b4%d0%b2%d0%b0%d0%ba%d0%b0%d1%82%d0%ba%d0%b0-%d1%8e%d0%bb%d1%96%d1%8f-%d1%8e%d1%80%d0%b3%d1%96%d0%bb%d0%b5%d0%b2%d1%96%d1%87-%d1%83%d0%b6%d0%be-5-%d1%8b-%d0%b4%d0%b7%d0%b5%d0%bd%d1%8c-%d0%bd,Гродненская правозащита,Гродненская область,2026-09-05T10:41:47+00:00,feed:https://hpravy.org/feed/ | homepage | sitemap:https://hpravy.org/news-sitemap.xml,Адвакатка Юлія Юргілевіч ужо 5-ы дзень нараджэння сустрэла ў зняволенні,REJECT,relevance_rejected,needs_text,политическая тема: палітвяз,"TITLE: Адвакатка Юлія Юргілевіч ужо 5-ы дзень нараджэння сустрэла ў зняволенні
SUMMARY: Суд над Паўлам Мажэйкам і Юліяй Юргілевіч Незаконна зняволеная гарадзенская адвакатка Юлія Юргілевіч ужо пяты дзень нараджэння сустрэла ў калоніі. Уся яе “віна” палягала толькі ў сумленным выкананні сваіх прафесійных абавязкаў. Напомнім, што Паўла Мажэйку і Юлію Юргілевіч арыштавалі 30 жніўня 2022 года. Працэс над імі праходзіў з 10 ліпеня 2023 году ў гарадзенскім абласным […]
TEXT: Суд над Паўлам Мажэйкам і Юліяй Юргілевіч Незаконна зняволеная гарадзенская адвакатка Юлія Юргілевіч ужо пяты дзень нараджэння сустрэла ў калоніі. Уся яе “віна” палягала толькі ў сумленным выкананні сваіх прафесійных абавязкаў. Напомнім, што Паўла Мажэйку і Юлію Юргілевіч арыштавалі 30 жніўня 2022 года. Працэс над імі праходзіў з 10 ліпеня 2023 году ў гарадзенскім абласным судзе ў адкрытым рэжыме пад старшынствам суддзі Максіма Філатава . Пракурорам выступаў Дзмітрый Сініла . Па выніках “разгляду” справы Юліі Юргілевіч прысудзілі 6 гадоў зняволення ў калоніі агульнага рэжыму, Паўлу Мажэйку — 6 гадоў калоніі ўзмоцненага рэжыму. Павел Мажэйка ў выніку працы амерыканскай адміністрацыі Дональда Трампа ў шэрагу іншых палітвязняў быў вызвалены 11 верасня 2025 году. Юлія Юргілевіч застаецца за кратамі. У кастрычніку 2023 году Юлію Юргілевіч уганаравалі Міжнароднай прэміяй Людовіка Тэр’е ў галіне правоў чалавека. У лістападзе 2023 годзе яна была пераведзена з СІЗА-1 ў “папраўчую” калонію № 4 , якая знаходзіцца ў Гомелі.",5921c824c3214a39b83331bfe2e240102c691957890949f0d2b5b92fdd8a5898,1501,false,1027,generic_html,,,,,
1.0,https://hpravy.org/2026/09/05/%d0%b7%d0%b5%d0%b7%d0%b4-%d1%81%d0%b0%d1%8e%d0%b7%d0%b0-%d0%bf%d0%b0%d0%bb%d1%8f%d0%ba%d0%b0%d1%9e-%d1%83-%d0%b1%d0%b5%d0%bb%d0%b0%d1%80%d1%83%d1%81%d1%96-%d0%b0%d0%b4%d0%ba%d0%bb%d0%b0%d0%bb%d1%96,Гродненская правозащита,Гродненская область,2026-09-05T14:46:40+00:00,feed:https://hpravy.org/feed/ | homepage | sitemap:https://hpravy.org/news-sitemap.xml,"З’езд Саюза палякаў у Беларусі адклалі, але Пачобут паедзе",REJECT,relevance_rejected,possible,политическая тема: палітвяз,"TITLE: З’езд Саюза палякаў у Беларусі адклалі, але Пачобут паедзе
SUMMARY: З’езд Саюзу палякаў у Беларусі, у якім планаваў удзельнічаць былы палітвязень Андрэй Пачобут, перанеслі. Мерапрыемства павінна было прайсці 13 верасня, але ў прызначаны тэрмін не адбудзецца. Рашэнне ад пераносе мерапрыемства «праз праблемы з лагістыкай» прыняла Галоўная рада СПБ на пасяджэнні ў Беластоку. Новую дату мерапрыемства пакуль не вызначылі. Чакаецца, што з’езд адбудзецца на працягу наступных шасці […]
TEXT: З’езд Саюзу палякаў у Беларусі, у якім планаваў удзельнічаць былы палітвязень Андрэй Пачобут, перанеслі. Мерапрыемства павінна было прайсці 13 верасня, але ў прызначаны тэрмін не адбудзецца . Рашэнне ад пераносе мерапрыемства «праз праблемы з лагістыкай» прыняла Галоўная рада СПБ на пасяджэнні ў Беластоку. Новую дату мерапрыемства пакуль не вызначылі. Чакаецца, што з’езд адбудзецца на працягу наступных шасці месяцаў. Андрэй Пачобут, аднак, заявіў, што перанос мерапрыемства не паўплывае на ягоныя планы вярнуцца ў верасні ў Гродна. Андрэй Пачобут — журналіст Gazeta Wyborcza і адзін з лідараў польскай меншасці ў Беларусі. Яго затрымалі ў Гродне ў сакавіку 2021 года, а ў лютым 2023‑га асудзілі на восем гадоў калоніі паводле абвінавачанняў у «распальванні варожасці» і «закліках да дзеянняў, накіраваных на нанясенне шкоды нацыянальнай бяспецы». Падставай для пераследу, сярод іншага, сталі яго публікацыі і погляды на гістарычныя падзеі. 28 красавіка 2026 года яго вызвалілі пасля больш як пяці гадоў няволі ў межах абмену паміж Беларуссю і Польшчай і перадалі польскаму боку. Сам Пачобут намагае, што ягоны дом застаецца ў Гродне.",601b33afc788b8f307cd9d2e7bc0481f4502441d3af2597a5450b355defa512b,1633,false,1137,generic_html,,,,,
1.0,https://t.me/blizkoby/25018,Blizko.by,Минск,2026-09-05T13:13:32+00:00,telegram:https://t.me/s/blizkoby,Двое детей пострадали в ДТП в Могилевской области,REJECT,relevance_rejected,needs_text,нет связки социальной темы и проблемы,"TITLE: Двое детей пострадали в ДТП в Могилевской области
TEXT: Двое детей пострадали в ДТП в Могилевской области Водитель отвлеклась от управления авто. Подробнее",7341d2d1f9a604b206cba683ac5d572166dfd2e96b9e05e2c64a646f34587d07,162,false,99,inline_text,Могилевская область,Могилев,,,
1.0,https://t.me/blizkoby/25019,Blizko.by,Минск,2026-09-05T13:22:28+00:00,telegram:https://t.me/s/blizkoby,Оранжевый уровень опасности из-за сильного порывистого ветра сохранится в Беларуси 6 сентября,REJECT,relevance_rejected,possible,нет связки социальной темы и проблемы,"TITLE: Оранжевый уровень опасности из-за сильного порывистого ветра сохранится в Беларуси 6 сентября
TEXT: Оранжевый уровень опасности из-за сильного порывистого ветра сохранится в Беларуси 6 сентября Какая погода будет в Минске? Читайте в свежем прогнозе от синоптиков Белгидромета. Подробнее",2704746eb34a2966f544b001c7dfd765d6acdc2f23b894c21dc7d8e41b2f5253,293,false,186,inline_text,,,,опасность/безопасность,
1.0,https://citydog.io/post/studenty-armija-normativy,CityDog,Минск,2026-09-05T10:11:48+00:00,feed:https://citydog.io/rss/ | homepage,В Беларуси нормативы по физкультуре для студентов приравняли к армейским,REJECT,relevance_rejected,needs_text,политическая тема: лукашенко,"TITLE: В Беларуси нормативы по физкультуре для студентов приравняли к армейским
SUMMARY: В беларуских вузах обновили программу по физкультуре, которая не менялась с 2017 года. Теперь студенты будут сдавать нормативы, соответствующие требованиям на воинской службе. Об этом в эфире телеканала «Беларусь 1» рассказал министр образования Андрей Иванец. Читать дальше
TEXT: В беларуских вузах обновили программу по физкультуре, которая не менялась с 2017 года. Теперь студенты будут сдавать нормативы, соответствующие требованиям на воинской службе. Об этом в эфире телеканала «Беларусь 1» рассказал министр образования Андрей Иванец. Недавно Лукашенко снова заявил, что в школах и вузах нужно усилить физическую подготовку. По его словам, выпускники учебных заведений не всегда достаточно подготовлены к срочной службе. Теперь министр образования Андрей Иванец рассказал, что именно планируют изменить. Главное нововведение касается студентов. В этом году в вузах приняли новую программу по физкультуре – предыдущая действовала с 2017-го. Нормативы для студентов унифицировали с теми, которые сдают во время воинской службы. По словам Иванца, они не будут «сверхсложными», но должны стать ориентиром того, какими базовыми физическими навыками обязан обладать выпускник вуза. Изменения затронули и школы. Раньше у учеников было два полноценных урока физкультуры и один игровой. Теперь все три занятия станут полноценными: в программу войдут легкая атлетика, гимнастика и игровые виды спорта.",38102a3905c4314b0924999fbc61380ab4a12776c123f7b2fd8e9c37362929e0,1487,false,1117,json_ld,,,,,
1.0,https://citydog.io/post/skamejka-konkurs,CityDog,Минск,2026-09-05T11:11:33+00:00,feed:https://citydog.io/rss/ | homepage,"В Минске выбирают лучшую скамейку. Среди вариантов – леопардовая, из шин и кресло на цепях",REJECT,relevance_rejected,possible,нет связки социальной темы и проблемы,"TITLE: В Минске выбирают лучшую скамейку. Среди вариантов – леопардовая, из шин и кресло на цепях
SUMMARY: В Заводском районе Минска выбирают лучшую скамейку. Среди участников конкурса есть лавочка из автомобильных шин, подвесное кресло и скамейка в леопардовой расцветке. Читать дальше
TEXT: В Заводском районе Минска выбирают лучшую скамейку. Среди участников конкурса есть лавочка из автомобильных шин, подвесное кресло и скамейка в леопардовой расцветке. На необычные скамейки обратила внимание пользовательница Threads с ником @anutini_glazuki. Оказалось, что все они участвуют в ежегодном конкурсе «Лучшая скамейка Заводского района». В этом году в сквере возле Дворца детей и молодежи «Золак» на Партизанском проспекте установили 22 лавочки. Среди них есть как вполне классические варианты, так и более необычные. Например, основание одной из скамеек сделали из автомобильных шин. Лавочка под номером 15 напоминает качели: сиденье, похожее на автомобильное кресло, подвесили к металлической конструкции на цепях. Еще один заметный вариант представил Минский зоопарк. Скамейку под номером 14 оформили в леопардовой расцветке, а по бокам разместили логотипы зоопарка и Года беларуской женщины. Теперь за лавочки можно проголосовать на сайте администрации Заводского района. Победителей объявят в сентябре, во время празднования Дня города. Совсем недавно в соцсетях обсуждали «теплую лавочку» в одном из парков Бреста: из-за каменных элементов по бокам ее быстро начали сравнивать с надгробием. В комментариях тогда шутили, что «кладбищем попахивает», а кто-то обратил внимание, что на лавочке размещена реклама компании, которая делает памятники и мемориальные комплексы.",f503113c317cb2893e56bc39e30832bf42a8fbef69a40ee54d782fc7c4cddb39,1677,false,1384,json_ld,Минск,Минск,озеленение/покос,,
1.0,https://citydog.io/post/zabaronenyja-pradmety-shkoly,CityDog,Минск,2026-09-05T13:35:12+00:00,feed:https://citydog.io/rss/ | homepage,"В беларуских школах за три дня нашли 18 запрещенных предметов. Была даже заточка, но не все в это поверили",REJECT,relevance_rejected,possible,нет связки социальной темы и проблемы,"TITLE: В беларуских школах за три дня нашли 18 запрещенных предметов. Была даже заточка, но не все в это поверили
SUMMARY: С 1 сентября в беларуских школах выборочно досматривают учеников без присутствия родителей. И за первые три дня учебного года сотрудники Департамента охраны МВД нашли 18 запрещенных предметов, сообщает государственный телеканал ОНТ. Среди изъятых у учеников вещей оказались вейпы, зажигалки, ножи, гильзы и заточка. Читать дальше
TEXT: С 1 сентября в беларуских школах выборочно досматривают учеников без присутствия родителей. И за первые три дня учебного года сотрудники Департамента охраны МВД нашли 18 запрещенных предметов, сообщает государственный телеканал ОНТ. Среди изъятых у учеников вещей оказались вейпы, зажигалки, ножи, гильзы и заточка. С начала нового учебного года сотрудники охраны могут попросить ученика показать содержимое рюкзака, сумки или карманов. Присутствие родителей при таком досмотре не требуется. За первые три дня учебного года сотрудники Департамента охраны МВД обнаружили 18 запрещенных предметов, сообщает государственный телеканал ОНТ. Среди изъятых вещей оказались вейпы, зажигалки, ножи, гильзы и заточка. Обнаруженные предметы передают педагогам. После этого их должны забрать родители учеников. Родителям также рекомендуют самостоятельно проверять детские рюкзаки и разговаривать с детьми о правилах безопасности. Новые меры объясняют нападениями учеников с опасными предметами в соседних странах. Кроме того, ранее МВД сообщало о российском подростке, который якобы готовил школьников к нападениям на учреждения образования. Утверждалось, что среди потенциальных целей была и школа в беларуских Горках. Что пишут беларусы? Не все беларусы поверили в найденные ножи, гильзы и заточку. В комментариях под постом аккаунта minsk_news в Threads некоторые предположили, что эта информация нужна для оправдания новых досмотров. «Это вброс, что бы оправдать, эти незаконные досмотры», – написал пользователь с ником iof_2882. «Гильзы у детей! Просто кровь стынет. Что дальше – они убьют Кеннеди?» – пошутил pa4var. «Да кому это всё в уши вливают? Ясно как день, что эту херню выдумывают, чтобы досмотры оправдывать. Даже не ожидал другого», – написал пользователь с ником ne_somaliyskiy. «Ну все. Зло победили. Ждем новую угрозу. Возможно зло затаилось в детских садах», – иронично прокомментировал a_zhmodik. «Не верю!» – написала o_o_lga. .",306f91faa9f4b688555a64d28cab757c51d56023426f2eb96329c468e22b0de5,2398,false,1939,json_ld,,,школа/детский сад,,
1.0,https://news.kraj.by/20260905/79-letnij-pensioner-zabludilsya-v-lesu-pod-dokshiczami-nashli-ego-mestnye-zhiteli,Kraj.by,Минская область,2026-09-05T09:28:36+00:00,homepage,"79-летний пенсионер заблудился в лесу под Докшицами – нашли его местные жители, 05.09.2026",REJECT,relevance_rejected,needs_text,нет связки социальной темы и проблемы,"TITLE: 79-летний пенсионер заблудился в лесу под Докшицами – нашли его местные жители, 05.09.2026
TEXT: В лесу недалеко от деревни Подомхи Докшицкого района 4 сентября потерялся 79-летний мужчина. Сообщение поступило спасателям вечером. Они отправились на поиски, но нашли дедушку местные жители. Подомхи – деревня в составе Докшицкого сельсовета. Находится рядом с автотрассой Р3 «Логойск – Зембин – Глубокое – граница Латвийской Республики» в двух километрах от Докшиц на северо-запад. По информации пресс-службы МЧС, сообщение о том, что в лесу возле деревни Подомхи потерялся мужчина 1947 года рождения, поступило докшицким спасателям 4 сентября в 17:40. В поисковой операции участвовали семь единиц техники и 29 человек, из которых три единицы техники и 16 спасателей МЧС. В 19:30 пенсионера нашли местные жители. В медицинской помощи он не нуждался.",8f6510c8509e370e760350ae68f7f5ec6e97dd92dc1925cd6302ee7d4a353d0f,855,false,751,generic_html,,,,,
1.0,https://news.kraj.by/20260905/v-3,Kraj.by,Минская область,2026-09-05T10:11:30+00:00,homepage,"В Молодечно женщина заказала перевозку в Telegram и перевела мошеннику 400 рублей, 05.09.2026",REJECT,relevance_rejected,needs_text,нет связки социальной темы и проблемы,"TITLE: В Молодечно женщина заказала перевозку в Telegram и перевела мошеннику 400 рублей, 05.09.2026
TEXT: Очередной случай мошенничества произошёл в Молодечненском районе. Связавшись с неизвестным в соцсетях, местная жительница вместо услуги перевозки лишилась денег. Подробности сообщила официальный представитель управления Следственного комитета по Минской области Мария Никитина. Молодечненка 27 августа общалась с неизвестным ей человеком в Telegram. — Мошенник получил от женщины 400 рублей за услуги перевозчика, которые не оказал, — уточнила Мария Никитина. Возбуждено уголовное дело по части 1 статьи 209 Уголовного кодекса Республики Беларусь. Следователи в очередной раз предупреждают о необходимости быть бдительными и не переводить заранее деньги за товары и услуги, которые вы не получили. Фото носит иллюстративный характер",d530e0bcf7e86884d72fa16b2762af6fb70c2ea36fcbe0c5526f70fb477e4d9d,839,false,732,generic_html,Минская область,Молодечно,,,
1.0,https://news.kraj.by/20260905/golevoj-dubl-shmarova-gol-ivana-chernyh-i-neskolko-spasenij-danily-tretyaka-4-sentyabrya-na-gorodskom-stadione-v-molodechno-prinesli-pobedu-futbolistam,Kraj.by,Минская область,2026-09-05T09:43:19+00:00,homepage,"Голевой дубль Шмарова, гол Черных и несколько спасений Третяка принесли победу футболистам в Молодечно, 05.09.2026",REJECT,relevance_rejected,needs_text,нет связки социальной темы и проблемы,"TITLE: Голевой дубль Шмарова, гол Черных и несколько спасений Третяка принесли победу футболистам в Молодечно, 05.09.2026
TEXT: 4 сентября на городском стадионе в Молодечно футболисты города солнца победили борисовский БАТЭ с крупным и сухим счетом 3:0. Матч прошел в рамках 23 тура первой лиги чемпионата Беларуси по футболу. В первом круге команды встречались в Минске. Поединок был для зелено-белых гостевым. Подопечные Юрия Пунтуса тогда тоже забили борисовчанам три мяча, но дважды пропустили, причем первыми. Та игра завершилась победой «Молодечно» со счетом 3:2. Соперники подошли к матчу в Молодечно не то чтобы на разных полюсах турнирной таблицы, но близко к этому. Молодечненцы, набрав 38 очков, располагались на пятом месте. Борисовчане, имея 18 баллов, занимали предпоследнее 17 место. Сильный дождь, практически ливень, обильно поливал поляну молодечненского стадиона перед игрой. В течение часа. Как по заказу вода с неба перестала литься за 15 минут до стартового свистка. Болельщики, имеющие собственную игровую карьеру, отмечали, что погода самая футбольная – газон мокрый, мяч ходит прекрасно, в воздухе свежо, не холодно и не жарко. На игру пришли почитатели зелено-белого клуба разных полов и возрастов, с чипсами и без. Игра в начале первого тайма была более-менее равной. Но с течением времени молодые борисовчане стали прибирать инициативу к рукам и больше времени проводить на молодечненской половине. Иногда складывалось впечатление, что желтых на каждом конкретном участке поля больше, чем зелено-белых. Болельщики на трибунах это терпели примерно до середины первой половины встречи. Потом стали высказывать свое мнение с тем расчетом, чтобы оно доходило до футболистов. Можно было коллекционировать высказывания молодечненцев, которых ситуация на поле реально начала тревожить: – Соберитесь! – это к игрокам. – Меняй состав, Юра! – к главному тренеру. – Проиграете сейчас! – одновременно двум адресатам. Юрий Пунтус на 22 минуте внес первую коррективу в состав команды, поменяв защитника Владислава Русакова на полузащитника Станислава Атрашкевича. Игра в атаке у хозяев поля не клеилась. Первый удар в створ борисовских ворот состоялся на 26 минуте. Наш капитан Дмитрий Велисевич пробил с линии штрафной в правый от вратаря Александра Рябинкина угол – кипер в прыжке потащил этот удар. Активен был в атаке российский форвард Молодечно Александр Шлёнкин. Болельщики давно ждут от Саши гола, поэтому едва он получал мяч, с трибун звучало: – Давай, давай, пора забивать! Но ближе к голу в первом тайме были все-таки борисовчане. Молодечненская пантера Данила Третяк дважды выручил на 27 и 33 минутах, когда его в упор расстреливали сначала с правого, а потом с левого полуфланга борисовской атаки. Ближе к свистку на перерыв молодечненцы атаковали после того как Андрей Альшаник забросил мяч из-за боковой в штрафную соперника, состоялся удар по воротам в исполнении Ильи Коваля, но мяч пролетел выше перекладины. На перерыв команды ушли со стартовыми нулями на табло. В перерыве Пунтус продолжил корректировать состав. Вместо Богдана Левченко выходит российский полузащитник Федор Соловей. Его соотечественник Егор Шмаров, провожая Соловья в игру, тогда еще не знал, что ему самому суждено в этом матче положить и начало, и конец борисовским огорчениям. После мудрой отеческой беседы с Юрием Иосифовичем в раздевалке парни в зелено-белых футболках вышли на поле несколько иными. Уже через семь минут после свистка на вторую половину встречи молодечненцы устроили в штрафной Рябинкина веселый переполох, едва не затолкав пятнистого в сетку, но «едва» в футболе не считается. Продолжил регулярно доставлять проблемы борисовским защитникам Александр Шлёнкин. Традиционно техничен и настойчив был Андрей Альшаник, который постоянно, в каждой игре, не дает соперникам вздохнуть спокойно, а постоянство, как известно, признак мастерства. 58 минута. Егор Шмаров выходит на поле вместо Владислава Белашевича. Впервые Пунтус выпускает российского форварда не вместо его коллеги по амплуа Шлёнкина, и в составе образуется российский ударный тандем форвардов Шмаров – Шлёнкин. Для того чтобы открыть счет Егору понадобилось две минуты. На линии вратарской россиянин получает передачу слева, разворачивается и точно бьет в левый от Рябинкина угол. 60 минута. Хозяева поля повели 1:0. Отметим, что голевую передачу с левого полуфланга сделал воспитанник молодечненской футбольной школы Егор Имеряков. Через минуту зелено-белые удвоили счет. Станислав Атрашкевич передачей из глубины поля отправил в забег по правому флангу Ивана Черных. Ваня убежал от защитника, вошел в штрафную и отправил мяч в дальний угол. 2:0. Через три минуты Третяк не позволил соперникам сократить разрыв в счете до минимума, бросившись в ноги борисовского футболиста. На 67 минуте третий мяч с линии штрафной забивает Соловей, но за мгновение до взятия ворот судьи фиксируют офсайд и гол не засчитывают. Тем не менее Рябинкин был огорчен в третий раз. На 89 минуте Шмаров после передачи Шлёнкина убежал с мячом по центральной оси. Егор разобрался с защитником, который пытался ему помешать, вошел в штрафную и пробил в тот же левый от кипера угол, оформив тем самым собственный дубль и победу своей команды со счетом 3:0. После финального свистка с трибун от болельщиков вместо «Соберитесь!» звучало «Молодцы!»",17f6e9acad244cc9241a6b2dd281f5d10b97331d287e4dd2574fbc17785ce1af,5301,false,5173,generic_html,Минская область,Молодечно,,,
1.0,https://news.kraj.by/20260905/kak-stanovyat,Kraj.by,Минская область,2026-09-05T09:54:20+00:00,homepage,"Как становятся следователями и кто помогает молодёжи освоить непростую профессию, узнали в Вилейском районном отделе Следственного комитета, 05.09.2026",REJECT,relevance_rejected,needs_text,нет связки социальной темы и проблемы,"TITLE: Как становятся следователями и кто помогает молодёжи освоить непростую профессию, узнали в Вилейском районном отделе Следственного комитета, 05.09.2026
TEXT: Матвей Бабицкий – молодой следователь Вилейского районного отдела Следственного комитета, вчерашний выпускник следственно-экспертного факультета Академии МВД, делающий первые шаги на профессиональном поприще. Его наставница – Инна Полянская, старший следователь с многолетним опытом, чья помощь становится для него важным этапом адаптации. О том, как старшее поколение передаёт преемникам не только знания, но и саму суть профессии, в нашем материале. Матвей Бабицкий родился и вырос в Вилейке. Второй месяц, как он приступил к профессии, окутанной киношными мифами, ведь ребят часто тянет к детективам и фильмам именно по этой тематике. Парень признаётся, что выбор будущего пути созрел ещё за школьной партой. – Когда я учился в одиннадцатом классе, начальник отдела Александр Владимирович пришёл к нам на профориентацию. Поговорил с нами, обрисовал общие горизонты профессии, рассказал об учёбе в Академии МВД и работе Следственном комитете. Меня это зацепило, поэтому после той встречи я подошёл к нему лично. Уже после разговора понял, что есть и шанс, и желание попробовать себя в этом деле. Когда готовил документы, расспрашивал знакомых, общался с сотрудниками РОВД и РОСК. Хотелось понять, как устроена работа изнутри, в чём её скрытые моменты. – О сознавали ли вы ту меру ответственности, что ляжет на плечи? Ведь от ваших решений зачастую выстраивается целая цепочка судеб. – Ответственность огромная, и мне о ней много говорили ещё до поступления. Но заверили, что будет наставник, который поддержит. В Академии дадут необходимый фундамент, чтобы не бояться этого и знать законодательство. Наверное, я человек ответственный по натуре, поэтому для меня это не стало отпугивающим фактором. – Ч то самое ценное из опыта наставница вам передаёт? Ведь университет даёт общую базу, но есть вещи, которые следователь постигает только самостоятельно. – У следователя задач невпроворот, и чтобы всё удержать в голове, необходимы навыки организации времени. У моей наставницы большой практический опыт в следственной работе и планировании. Она подсказывает, как составить план, распределить очередность дел, в какие дни лучше работать с людьми, а в какие удобнее заняться документацией. Её советы – настоящая поддержка для меня. – Как проходят ваши рабочие будни? Получаете ли вы удовольствие от дела? Чувствуете ли, что оказались на своём месте? – Работа сложная, но интересная. Каждое новое следственное действие поначалу кажется неподъёмным, однако мне увлекательно этим заниматься: постигать механику процесса, открывать его особенности, работать с людьми и документами. Матвей чаще всего занимается делами по линии ДТП. Интересуемся, какие расследования молодому человеку было бы особенно принять в производство. – Раньше казалось, что самое интересное – это криминал и убийства. Но сейчас я осознаю, что, к счастью, в нашем районе убийства случаются нечасто. Дорожно-транспортные происшествия привлекают меня своей сложностью – это запутанные преступления, требующие колоссального объёма сведений. Зато они подразумевают живое общение, где много работаешь с людьми, и это меня по-настоящему привлекает. – Ес ть ли мечта раскрыть какое-нибудь громкое преступление? – Раскрывают оперативники, а мы занимаемся расследованием, – поправляет Матвей.– Оперативники передают нам информацию, а мы собираем доказательства. Всё, что поступает в производство, мы расследуем и доводим дело до окончательного решения. Наша задача – выстроить максимально полную доказательственную базу, чтобы сформировать объективную картину. От нашей работы зависит справедливость, люди надеются на нас. Следственная работа подходит для самых кропотливых и усидчивых. Таких в народе нередко называют «ищейками». – Периодически приходится засиживаться над делами до позднего вечера. Здесь важны усидчивость, логика, аналитическое мышление, ведь к нам стекается огромный поток сведений из разных источников, которые нужно сопоставить, как фрагменты мозаики. Самые яркие воспоминания о работе у Матвея связаны с первым выбытием на место происшествия – это случилось ещё на практике в отделе. – Старший следователь объяснял, как грамотно составить протокол осмотра, на какие детали обращать внимание. В тот раз потерпевший пытался нас обмануть, увести в сторону, ввести в заблуждение. Было много живого общения, плотного взаимодействия следственно-оперативной группы: сотрудника СК, эксперта и милиционера. Для Инны Полянской эти будни – привычная, отточенная годами рутина. За более чем десять лет работы в комитете она повидала многое. Она рассказывает о своей работе, о делах, что оставляют неизгладимый след в душе, и о наставничестве – передаче опыта тем, кто только вступает на эту тропу. Инна – жена и мама, но прежде всего – профессионал, умеющий молниеносно переключаться от мягкости к жёсткости, от домашнего уюта к холодной, беспристрастной логике расследования. – Мой отец всю жизнь проработал в милиции, так что это семейное. После учёбы на юридическом факультете я нашла себя в следственной работе, – Инна признаётся, что она и не думала, что придётся вплотную соприкоснуться с криминальной сферой. Она делится тем, какие дела ей запомнились больше всего. – Морально тяжелее всего – преступления полового характера, особенно против несовершеннолетних. В моей практике был случай, когда отец надругался над двумя собственными дочерьми. – Как настроить себя, чтобы не дать волю эмоциям, а просто выполнять работу? – Ты всё равно пропускаешь это через себя. И детей, и их истерзанное моральное состояние. Но понимаешь, ведь кто-то должен это делать, иначе не будет в мире справедливости, того, ради чего мы и работаем. Чтобы другие видели – наказание неизбежно. Ещё одно дело, которое осталось в памяти Инны, – смерть одиннадцатимесячного ребёнка, который серьёзно болел. – Само осознание, что ты держишь в руках материалы о гибели маленького человека, и понимание состояния родителей… В этот момент важно абстрагироваться от собственных эмоций, зафиксировать показания, выделить именно то, что значимо для дела. Ведь приходится допрашивать и узнавать самые сокровенные, чудовищные подробности. Это не наша прихоть, а работа. В такие моменты ты сам становишься психологом и человеком, который находит нужные слова. – К счастью, обычные люди этого не видят. Наша Вилейка – спокойный, мирный город. Пока люди не столкнутся с горем сами, они не знают, сколько боли существует вокруг. Инна недавно вернулась к работе после декретного отпуска. Совмещать службу и семью непросто, но ей не хочется упустить ни одну из сфер. – Матвей – ответственный парень, исполнительный, усидчивый. Я делюсь с ним тем, что наработала за годы работы сама, с помощью коллег. В моих интересах – помочь вырастить полностью самостоятельного сотрудника и профессионала для нашего отдела. Это не система, где нужно конкурировать в одиночку, мы – команда. Наставничество продлится всего год, за это время Матвею необходимо взять от сотрудничества максимум для будущей работы. Мыслить, как следователь – это видеть за документами человеческие судьбы, но при этом оставаться холодным аналитиком. Это важнейшее качество в профессии. Цена ошибки измеряется судьбами людей и сроками уголовных дел. Инна учит Матвея тому, чего нет в инструкциях: умению слышать паузы в показаниях, замечать взгляды, которыми обмениваются соучастники, отличать искреннее раскаяние от театральной игры. Как вести себя на месте происшествия, чтобы случайно не уничтожить следы, как говорить с потерпевшими, выстраивать отношения с оперативными службами. Молодёжь привносит в работу отдела современные методы, свежий взгляд. Этот симбиоз опыта и молодости становится лучшим подтверждением эффективности сотрудничества: стажёр не копирует слепо наставника, а адаптирует его методы к новым реалиям, обогащая профессию. Профессионализм Матвея, его умение принимать решения в условиях неопределённости и нести",baa3363c046acf5f910d85b72006f77254435e9af94ca2b6df5725eeee9b117d,7998,true,8141,generic_html,,,,,
1.0,https://news.kraj.by/20260905/magiya-perevoploshheniya-segodnya-startuet-yubilejnyj-sezon-lyudmily-roshhinoj,Kraj.by,Минская область,2026-09-05T11:06:17+00:00,homepage,"Минский областной драматический театр открывает сезон бенефисом Людмилы Рощиной, 05.09.2026",REJECT,relevance_rejected,needs_text,нет связки социальной темы и проблемы,"TITLE: Минский областной драматический театр открывает сезон бенефисом Людмилы Рощиной, 05.09.2026
TEXT: В театральном мире Молодечно есть имена, которые не нуждаются в представлении. Одно из них — Людмила Рощина. Ведущий мастер сцены Минского областного драматического театра, актриса, чья харизма способна заполнить собой всё пространство зала, отмечает в этом году важную веху в своей творческой биографии. Людмила Григорьевна родилась 23 августа 1966 года в Молодечно. Её путь к профессиональному признанию был осознанным: в 1997 году она окончила Белорусскую государственную академию искусств, а уже через два года стала неотъемлемой частью труппы МОДТ. За десятилетия работы в театре она прошла путь от многообещающего артиста до признанного мастера, чьи работы отмечены Грамотой Министерства культуры Республики Беларусь. Зрители знают Рощину как актрису невероятного диапазона. Ей одинаково блестяще удаются как глубокие драматические образы, так и яркие, «роковые» героини, от которых невозможно оторвать взгляд. В ее послужном списке — десятки постановок, ставших хитами: от «Любовь.Собак@.Точка.Ru» и «Диагноз-любовь» до «Верной жонки» и «Красоток». Каждая её роль — это всегда событие, будь то комедийная история или пронзительная лирическая драма. Помимо работы на сцене, Людмила Рощина щедро делится своим опытом с подрастающим поколением, возглавляя «Арт-студию МОДТ». Она учит молодых актеров не просто играть, а чувствовать сцену. Сентябрь для актрисы и ее поклонников станет особенным временем. 5 сентября Людмила Рощина приглашает зрителей на свой юбилейный вечер. Символично, что именно этот день станет стартом нового театрального сезона для всего коллектива МОДТ. В этот вечер актриса выйдет на сцену в главной роли в спектакле «Шукаю сапраўднага мужчыну». Для тех, кто ценит искренность, талант и настоящую магию театра, этот спектакль — лучший повод встретиться с любимой актрисой и поздравить её с прекрасной датой.",bfcdfc7395070391084f5599e775d9d08c7782b67e14dda6c5d6419c9e0e41f7,1940,false,1835,generic_html,Минск,Минск,,,
1.0,https://news.kraj.by/20260905/po-smorgoni-proehala-kolonna-moshhnoj-selhoztehniki-gde-posmotret,Kraj.by,Минская область,2026-09-05T10:39:43+00:00,homepage,"По Сморгони проехала колонна мощной сельхозтехники - где посмотреть, 05.09.2026",REJECT,relevance_rejected,needs_text,нет связки социальной темы и проблемы,"TITLE: По Сморгони проехала колонна мощной сельхозтехники - где посмотреть, 05.09.2026
TEXT: 5 сентября Сморгонь с размахом отмечает День города и встречает главный аграрный праздник — «Дожинки-2026». Утром по центральным улицам прошла колонна мощной сельхозтехники — комбайны и тракторы уже заняли свои места на выставке на улице Танкистов. Это зрелище, от которого захватывает дух, сообщает Телеграм-канал «Новости Сморгони». Техника будет работать и радовать глаз весь день.",29eb096b69585c514bb2a3bfd2490ed99de0b99336c4c923bcc7753fc3875ce9,477,false,384,generic_html,Гродненская область,Сморгонь,дорога/улица,,
1.0,https://news.kraj.by/20260905/supruzheskaya-para-zabludilas-v-lesu-ih-nashli-glubokskie-spasateli,Kraj.by,Минская область,2026-09-05T09:34:35+00:00,homepage,"Супружеская пара заблудилась в лесу - их нашли глубокские спасатели, 05.09.2026",REJECT,relevance_rejected,possible,нет связки социальной темы и проблемы,"TITLE: Супружеская пара заблудилась в лесу - их нашли глубокские спасатели, 05.09.2026
TEXT: В лесу недалеко от деревни Стуровщина Глубокского района днем 4 сентября спасатели МЧС искали 40-летнего мужчину и 42-летнюю женщину. На поиски, которые завершились удачно, понадобилось меньше часа. Стуровщина – деревня в составе Коробовского сельсовета. Находится в 15 километрах от Глубокого на юго-запад. Ближайший лесной массив расположен северо-западнее деревни между Стуровщиной и автотрассой Р45 «Полоцк – Глубокое – граница Литовской Республики». По информации пресс-службы МЧС, 4 сентября в 14:43 в центр оперативного управления Глубокского районного отдела по чрезвычайным ситуациям поступило сообщение о том, что в лесу возле Стуровщины потерялись мужчина 1986 года рождения и женщина 1984 года рождения. Пятеро работников МЧС на одной машине отправились на поиски, которые продолжались меньше часа. В 15:40 потерявшихся нашли. В медицинской помощи они не нуждались. Официальный представитель Витебского областного управления МЧС Софья Глинская сообщила нашему порталу некоторые обстоятельства: – Мужчина и женщина – супруги. В лес они отправились за грибами. В службу спасения позвонила жена, когда они с мужем заблудились. Спасатели в ходе поисков постоянно находились на связи с потерявшимися и координировали их действия.",b5567622d117ffd7e6d87307f6936d963cbc6e9e56dc72f00715180b9937f281,1329,false,1236,generic_html,,,,,
1.0,https://news.kraj.by/20260905/czeny-v-taborah-razgar-sezona,Kraj.by,Минская область,2026-09-05T10:30:18+00:00,homepage,"Томаты для закаток от 1 рубля и картофель по 75 копеек - смотрите цены в Таборах в разгар сезона, 05.09.2026",REJECT,relevance_rejected,possible,нет связки социальной темы и проблемы,"TITLE: Томаты для закаток от 1 рубля и картофель по 75 копеек - смотрите цены в Таборах в разгар сезона, 05.09.2026
TEXT: Начало сентября — золотая пора для закупок на знаменитом рынке «Новый Лебяжий» в деревне Таборы. Летний сезон щедрых урожаев ещё не завершён, а цены по-прежнему радуют доступностью. Журналисты pristalica.by изучили ассортимент и стоимость, чтобы вам было проще спланировать поездку за витаминами. Главный хит начала сентября — недорогие томаты для закаток. Самые ходовые, сорта «Сливка», можно найти от 1 рубля за килограмм. Огурчики, хрустящие и небольшие, обойдутся в 2–3 рубля за кг. Белорусский картофель радует разнообразием сортов и цен. «Коломбо» — 0,75–1,20 руб., «Королева Анна», «Першацвет», «Пароли», «Галла», «Бриз» — по 0,75–0,90 руб. Лук и морковь, белорусские и российские, от 2 рублей за кг. Свёкла и кабачки тоже держатся в демократичном диапазоне: 1–2,8 рубля. Ароматный чеснок можно взять по 10 рублей за кг. Отдельная песня — бахчевые. В начале сентября их разгар. Арбузы из Дагестана и Узбекистана можно купить по цене от 0,99 до 1,5 рубля за килограмм. Дыни сорта «Торпеда» из Казахстана оцениваются от 0,99 до 3,5 рубля. Продавцы уверяют: сейчас пик сезона, и бахчевые максимально сладкие. Виноградные ряды пестрят разнообразием. Из Албании привезли виноград по 4,50 рубля за кг. Дороже стоит «дамские пальчики» — 11 руб./кг. Узбекистан радует кишмишем за 6–9,90 руб. и другими сортами. Есть и более дорогие позиции: «Мерседес» — 9,90 руб., «Шайн Мускат» — 13,90 руб. Таборы — настоящий портал в мир заморских фруктов. Инжир привезли из Ирана: ящик обойдётся в 40–50 рублей. Киви — из ЮАР и Китая, цена 5,50–13 руб./кг. Лайм из далёких стран — 70 руб./ящик. Авокадо из Турции — 40–60 руб. за ящик. Кокосы приехали аж из Коста-Рики — 12 руб. за килограмм. Цитрусовые тоже не отстают: апельсины из Марокко — 2,50–7,50 руб., лимоны из Турции и ЮАР — 4,50–6 руб. Гранат — 16–18 руб./кг. Обрадовали и ананасы по 13 руб. Нашлось место и европейским фруктам: персики из Испании — 4–10 руб., нектарины из Молдовы и Греции — 4–7,50 руб., груши из Нидерландов — 8,50–12,50 руб. Хотя ягодный сезон идёт на спад, прилавки всё ещё пестрят красками. Малину предлагают от 10–15 рублей за лоток до 18–25 рублей за килограмм. Крупная голубика стоит 15–21 руб./кг, брусника — 8–8,9 руб./кг. Из леса привезли лисички — 12 руб./кг. Из зелени и приправ: укроп и петрушка — по 4 руб./пучок, шпинат — 20 руб./кг, руккола и кинза — 25 руб./кг, базилик зелёный и красный — 30 руб./кг. Цены на рынке могут варьироваться — в глубине рядов, как правило, дешевле. Не стесняйтесь пробовать и торговаться. Кстати, в «Новом Лебяжьем» можно расплачиваться и картой: терминалы у многих продавцов есть, главное — спрашивать.",24eee0f20b00d6607a2cb305f072905d4cb98bde742268c2ef97582141f746ef,2734,false,2612,generic_html,,,,,
1.0,https://mlyn.by/05092026/azaryonok-rasskazal-o-fenomene-belorusskoj-literatury-i-zavetah-klassikov,Минская правда,Минская область,2026-09-05T13:52:00+00:00,homepage,Азарёнок рассказал о феномене белорусской литературы и заветах классиков - 05.09.2026,REJECT,relevance_rejected,possible,нет связки социальной темы и проблемы,"TITLE: Азарёнок рассказал о феномене белорусской литературы и заветах классиков - 05.09.2026
TEXT: Беларусь великолепна своей ранней осенью. Беларусь восхитительна цветущими садами. Беларусь вдохновляет созревшими яблоками. Беларусь — родина уникального, удивительного творческого духа. Сегодня она отмечает день своей письменности. Мы до сих пор не можем осмыслить этот феномен. Когда XX век раскрыл удивительные энергии народа, и этот народ дал мощнейшую по своей силе, по глубине, по масштабу поднятых тем литературу. Не надо записывать в нашу литературу польские шляхетские изыски прошлых лет. Мы гордимся тем, что Мицкевич родом из наших мест, но за уши тянуть его в белорусы или в мифические «литвины» — глупо и позорно. Он сам считал себя поляком и польским патриотом. Зачем же его самого так не уважать и придумывать какую-то другую идентичность? И за Скорину измышлять не надо, надо гордиться земляком и читать «Библию Русскую». Многие нации и национальные литературы сформировались в конце IXX-XX вв. И ничего в этом постыдного нет. Но вот феномен белорусского слова заставляет нас о многом задуматься. Три титана, три будителя, три грани нашей души: Купала, Колас, Богданович. Купала — это страстный поиск себя. И извлечение, выкорчевывание своей души из шляхты. Он ее презирает. Он показывает, как она разоряла белорусское гнездо. Нет более ругательного для Купалы слова чем пан. Он весь — накал. Он весь — народное движение. Он — в схватке с ворагами Беларуси. Он пророк. Он молится сэрцам i думамi. Колас — народный учитель. Сам из крестьян, он и пошел в народ, чтобы за него и пострадать, и радоваться его восхождению. Он эпичен. Он могуч, как Столбцовский дуб. Богданович — ещё одна сторона Беларуси. Трагический романтизм. Волшебные строки любви. Нежность неиссякаемая, и взгляд, устремлённый в небо, к звёздам, к светилам. Проповедник общеславянского единства, он дал нам завет: бить мечами тех, кто хочет быть «чужынцам». И любить, любить и ещё раз любить. Все эти три грани белорусской души воплотились в нашем Президенте. И стремительный бой за народную правду — от Купалы. И гигантский эпос созидания Коласа. И волшебный романтизм Богдановича. Ведь Батька послал белоруску в космос — отыскать Зорку-Венеру Эти три пророка сказали свое слово. И затем поднялась могучая плеяда. Поколение за поколением — они приходили со своей темой, со своим стилем, со своим словом. Горецкий, Зарецкий, Крапива, Бядуля. Потом — военное поколение. Звёзды Машеровского времени: Макаенок, Шамякин, Быков, Мележ. Белорусское народное слово освоило за короткое время все жанры, все стили, все направления. И эпический роман, и романтическую повесть. И могучий реализма, и стремительный авангард. И всегда наше слово оставалось народным. Посмотрите биографию каждого писателя. Все — из низов, деревень, крестьян, лесников. И все прошли со своим народом и самые тяжёлые испытания, и самые радостные победы. Это и коллективизация, и репрессии, и война, и восстановление, и крах державы. Все отразилось в белорусском слове. Но не отступили ли мы от заветов классиков? Ведь они всегда были не просто талантливы или гениальны. Но они всегда были чрезвычайно актуальны. Они не жили в башне из слоновой кости. Здесь и сейчас они отзывались на все происходящие события. И поэмами, и публицистикой, а потом стихами. Так отчего же нынешние мастера все жуют или темы прошлого, или природой наслаждаются? Где поэма о подавлении подлого мятежа? Где эпический взгляд на Батьку и его подвиг повседневного созидания? Где роман о нашей армии? Где белорусский взгляд на СВО? Ничего не видно, ничего не слышно. Последний из могикан Николай Иванович Чергинец был, да вот ушел. Но все ещё будет — я уверен. Не зря обнимает Алесь Алесю — на новом замечательном, нежном, трогательном реалистичном памятнике в Костюковичах. Сравните эту великолепную работу с последними изысками бандеровской школы скульптуры. Третий день с пьяного Шекспира смеётся весь мир. Прозвучит белорусское слово. Слово о мире и Победе. Слово о братстве и мужестве. Слово о стране, где так великолепна ранняя осень.",e1f422161712d36dd24e4fa55304988cf608233222acb779662b80fbedffabe1,4064,false,3965,generic_html,,,,,
1.0,https://mlyn.by/05092026/bez-etogo-ne-postroit-dorogi-kak-rabotaet-neftebitumnyj-zavod-pod-chervenem,Минская правда,Минская область,2026-09-05T10:21:00+00:00,homepage,Без этого не построить дороги – как работает «Нефтебитумный завод» под Червенем - 05.09.2026,REJECT,relevance_rejected,possible,нет связки социальной темы и проблемы,"TITLE: Без этого не построить дороги – как работает «Нефтебитумный завод» под Червенем - 05.09.2026
TEXT: 6 сентября Беларусь отметит День работников нефтяной, газовой и топливной промышленности — праздник специалистов, от профессионализма и ответственности которых зависит стабильная работа целых отраслей. В преддверии этого дня унитарное предприятие «Нефтебитумный завод» поздравило специалистов отрасли, которые ежедневно обеспечивают производство, транспорт, строительство и устойчивость экономики всей страны. Нефть, газ и топливо — это сырье для промышленности, горючее для транспорта и сельхозтехники, тепло для предприятий и домов, а также важная часть экспорта. Топливно-энергетический комплекс занимает ключевое место в экономике Беларуси. Для государства это означает обеспечение внутреннего рынка, прочность производства, развитие переработки и экспортные доходы. За всем стоят специалисты отрасли – операторы, инженеры, технологи, водители, работники предприятий, от которых зависят стабильность и качество. Свое место в этой системе занимает унитарное предприятие «Нефтебитумный завод», расположенное вблизи д. Колеина Червенского района. 30 лет оно выпускает материалы, без которых невозможно современное дорожное строительство и ремонт. Сегодня ассортимент завода включает производство дорожных битумов и эмульсий, модифицированных битумов, мастик и продуктов для защиты дорожного покрытия, а также для обустройства кровли и гидроизоляции. Небольшое предприятие производит 30% битума, выпускаемого в Беларуси, и на равных конкурирует с гигантами нефтехимии. Продукция поставляется во все регионы страны, а также на экспорт. В канун праздника директор Александр Храмцов выразил слова благодарности коллегам и партнерам: — В нашей работе мало просто выполнить план — важно понимать, что кроется за каждой цифрой. За тоннами продукции стоят люди, которые отвечают за технологию, качество и конечный результат. В нашей отрасли особенно важны опыт, точность, непрерывный контроль качества и ответственность каждого человека. Именно из таких ежедневных вещей складывается доверие к предприятию и его продукции. В этом году нам исполняется 30 лет. Три десятилетия назад начался путь, который сегодня привел нас к статусу одного из ведущих производителей битумов и битумных материалов в Республике Беларусь. Хочу поблагодарить наших работников и партнеров, ведь именно благодаря им мы убедились, что стабильность — это способность меняться, не теряя качество, осваивать новое и при этом сохранять то, что уже доказало свою эффективность. Именно с вашей поддержкой мы можем развиваться и продолжать отвечать требованиям отрасли. Масштаб производства хорошо показывают цифры: предприятие в прошлом году выпустило около 115 тысяч тонн продукции. Максимальный показатель за всю историю завода составил 140 тысяч тонн. С Днем работников нефтяной, газовой и топливной промышленности! Коллектив унитарного предприятия «Нефтебитумный завод» желает всем работникам отрасли благополучия, уверенности в своих силах, новых профессиональных достижений и достойных результатов. Пусть каждый новый рабочий день приносит удовлетворение от своего дела, а совместная работа становится основой для дальнейшего роста. Пусть в работе будет больше возможностей для развития, в коллективе — взаимопонимания, а дома всегда ждут тепло и поддержка. С праздником, коллеги! УНИТАРНОЕ ПРЕДПРИЯТИЕ «НЕФТЕБИТУМНЫЙ ЗАВОД» 223231, Минская обл., Червенский р-н, Ляденский с-с, 70, вблизи д. Колеина тел. 8 (01714) 5-14-22 bitum@neftebitum.by www.neftebitum.by УНП 690296283",401af607d3f34f72e9096515c3990b237cb4d69f855f3ae1fe8ff4467bd8cf50,3548,false,3442,generic_html,,,дорога/улица,,
1.0,https://mlyn.by/05092026/v-deshhenke-prigotovili-gigantskuyu-porcziyu-kartoshki-na-skovorode-diametrom-18-metra,Минская правда,Минская область,2026-09-05T11:30:47+00:00,homepage,В Дещенке на гигантской сковороде пожарили 150 кг картошки и 20 кг мяса - 05.09.2026,REJECT,relevance_rejected,needs_text,нет связки социальной темы и проблемы,"TITLE: В Дещенке на гигантской сковороде пожарили 150 кг картошки и 20 кг мяса - 05.09.2026
TEXT: Музей картошки есть, памятник тоже имеется, а сегодня еще появилась и гигантская сковорода диаметром 1,8 метров, на которой можно жарить картошку. Именно такой уникальный арт-объект открыли в агрогодке Дещенка Узденского района. Повод более чем уместный — региональный фестиваль-ярмарка «Бульбяны фэст». Сковорода-гигант долго без дела не стояла: тут же прошла первое боевое крещение. На ней зашипела золотистая картошечка с мяском, которую смог продегустировать любой гость праздника. К слову, у импровизированной плиты хозяйничали повара Дещенской средней школы — они показали гостям феста настоящий мастер-класс! Картошечка у них получались ароматной, румяной, народ разбирал ее в считанные секунды. — 150 кг картофеля и 20 кг мясо ушло на приготовление блюда! — с улыбкой отметили повара. — Главное, чтобы люди остались довольны! Во время праздника Алексей Кушнаренко пожарил драники на «таежной свече» — специальной деревянной колодке. Получились настоящие «губернаторские драники» с сервелатом!",86af819cce0ebbc9c791398092880117f1ad82968c02d64bcf4dcd3f2088b84b,1098,false,1000,generic_html,,,кладбище/мемориал,,
1.0,https://mlyn.by/05092026/v-deshhenke-opredelili-samogo-bystrogo-lyubitelya-dranikov-sel-10-shtuk-za-2-minuty-i-10-sekund,Минская правда,Минская область,2026-09-05T13:29:56+00:00,homepage,В Дещенке определили самого быстрого любителя драников – съел десять штук за 2 минуты и 10 секунд - 05.09.2026,REJECT,relevance_rejected,needs_text,нет связки социальной темы и проблемы,"TITLE: В Дещенке определили самого быстрого любителя драников – съел десять штук за 2 минуты и 10 секунд - 05.09.2026
TEXT: В агрогородке Дещенка Узденского района сегодня вкусный «Бульбяны фэст»: здесь в больших объемах чистят, варят, жарят картошку. На аромат драников пришло немало гостей — любимым блюдом на аппетитном фестивале угощали всех! А самым смелым предложили поучаствовать в конкурсе по скоростному поеданию драникв. Желающих нашлось немало: помериться силами в необычном виде спорта вызвались 8 человек, в том числе 3 девушки. Задание для смельчаков: 10 драников общим весом грамм 400. Кто первым опустошит поднос, тот и выиграл! Судья дает свисток — время пошло! Об этикете думать некогда: главное — первым расправиться с хрустящим лакомством. Один из конкурсантов наспех сворачивает сразу пять блинчиков в одну трубочку: так блюдо кажется менее объемным. Другой действует тактически: ест по одному блинчику. Третий, понимая, что победы ему не видать — не спеша наслаждается ароматным деликатесом. Наконец, самый шустрый участник, наворачивая последние «крошки», радостно поднимает руки: все съел! Судьи сверяют часы и объявляют — победитель справился за 2 минуты и 10 секунд! Неплохой результат. — Драники были вкусные, поэтому съел с удовольствием, — заверил Виталий, занявший первое место.",58589cd622f34ad4e54e28af3df476efe2bd1a469cb27b4fe91cd1bca1c5ee6c,1308,false,1184,generic_html,,,,,
1.0,https://mlyn.by/05092026/v-dzerzhinske-na-torgi-vystavili-dva-uchastka-pod-stroitelstvo-domov-izvestna-nachalnaya-czena,Минская правда,Минская область,2026-09-05T11:21:00+00:00,homepage,В Дзержинске на торги выставили два участка под строительство домов – известна начальная цена - 05.09.2026,REJECT,relevance_rejected,possible,нет связки социальной темы и проблемы,"TITLE: В Дзержинске на торги выставили два участка под строительство домов – известна начальная цена - 05.09.2026
TEXT: В Дзержинске на торги выставили два земельных участка, предназначенных для строительства и обслуживания одноквартирных жилых домов. Один из участков расположен на улице Макавчицкой, 123А. Его площадь составляет 0,0669 га , или около 6,7 сотки . Участок предназначен для строительства и обслуживания одноквартирного жилого дома. К нему доступны электричество, газ, водопровод и канализация. При этом земля находится в охранной зоне электрической сети. Начальная цена участка установлена в размере 21 923 рубля . Еще один участок находится на улице Макавчицкой, 147А. Его площадь значительно больше — 0,1932 га , то есть около 19,3 сотки . Земля также предназначена для строительства и обслуживания одноквартирного жилого дома. На участке доступны электричество, газ и водопровод. Начальная цена второго лота составляет 63 312 рублей . Аукцион пройдет 25 сентября в 10:00 . Торги будут очными. Документы от желающих принять участие в аукционе принимают до 21 сентября, 17:00 .",5a046050d9b73c30609cabc2f83a30b728e717f61a694809f6fbc0cc684c243d,1094,false,974,generic_html,Минская область,Дзержинск,,,
1.0,https://mlyn.by/05092026/v-taborah-razgar-sezona-tomaty-dlya-zakatok-i-vinograd-mozhno-najti-na-lyuboj-vkus-i-koshelek,Минская правда,Минская область,2026-09-05T09:43:00+00:00,homepage,В Таборах разгар сезона ­– томаты для закаток и виноград можно найти на любой вкус и кошелек - 05.09.2026,REJECT,relevance_rejected,needs_text,нет связки социальной темы и проблемы,"TITLE: В Таборах разгар сезона ­– томаты для закаток и виноград можно найти на любой вкус и кошелек - 05.09.2026
TEXT: Начало сентября — золотая пора для закупок на знаменитом рынке «Новый Лебяжий» в деревне Таборы. Летний сезон щедрых урожаев ещё не завершён, а цены по-прежнему радуют доступностью. Журналисты портала pristalica.by изучили ассортимент и стоимость, чтобы вам было проще спланировать поездку за витаминами. Главный хит начала сентября — недорогие томаты для закаток. Самые ходовые, сорта «Сливка», можно найти от 1 рубля за килограмм. Огурчики, хрустящие и небольшие, обойдутся в 2–3 рубля за кг. Белорусский картофель радует разнообразием сортов и цен. «Коломбо» — 0,75–1,20 руб., «Королева Анна», «Першасвет», «Пароли», «Галла», «Бриз» — по 0,75–0,90 руб. Лук и морковь, белорусские и российские, от 2 рублей за кг. Свёкла и кабачки тоже держатся в демократичном диапазоне: 1–2,8 рубля. Ароматный чеснок можно взять по 10 рублей за кг. Отдельная песня — бахчевые. В начале сентября их разгар. Арбузы из Дагестана и Узбекистана можно купить по цене от 0,99 до 1,5 рубля за килограмм. Дыни сорта «Торпеда» из Казахстана оцениваются от 0,99 до 3,5 рубля. Продавцы уверяют: сейчас пик сезона, и бахчевые максимально сладкие. Виноградные ряды пестрят разнообразием. Из Албании привезли виноград по 4,50 рубля за кг. Дороже стоит «дамские пальчики» — 11 руб./кг. Узбекистан радует кишмишем за 6–9,90 руб. и другими сортами. Есть и более дорогие позиции: «Мерседес» — 9,90 руб., «Шайн Мускат» — 13,90 руб. Таборы — настоящий портал в мир заморских фруктов. Инжир привезли из Ирана: ящик обойдётся в 40–50 рублей. Киви — из ЮАР и Китая, цена 5,50–13 руб./кг. Лайм из далёких стран — 70 руб./ящик. Авокадо из Турции — 40–60 руб. за ящик. Кокосы приехали аж из Коста-Рики — 12 руб. за килограмм. Цитрусовые тоже не отстают: апельсины из Марокко — 2,50–7,50 руб., лимоны из Турции и ЮАР — 4,50–6 руб. Гранат — 16–18 руб./кг. Обрадовали и ананасы по 13 руб. Нашлось место и европейским фруктам: персики из Испании — 4–10 руб., нектарины из Молдовы и Греции — 4–7,50 руб., груши из Нидерландов — 8,50–12,50 руб. Хотя ягодный сезон идёт на спад, прилавки всё ещё пестрят красками. Малину предлагают от 10–15 рублей за лоток до 18–25 рублей за килограмм. Крупная голубика стоит 15–21 руб./кг, брусника — 8–8,9 руб./кг. Из леса привезли лисички — 12 руб./кг. Из зелени и приправ: укроп и петрушка — по 4 руб./пучок, шпинат — 20 руб./кг, руккола и кинза — 25 руб./кг, базилик зелёный и красный — 30 руб./кг. Цены на рынке могут варьироваться — в глубине рядов, как правило, дешевле. Не стесняйтесь пробовать и торговаться. Кстати, в «Новом Лебяжьем» можно расплачиваться и картой: терминалы у многих продавцов есть, главное — спрашивать.",d98252d2b8cb559b7c99e7020bdba50f70af288b049c1c848c97c77cb614dd35,2739,false,2620,generic_html,,,,,
1.0,https://mlyn.by/05092026/v-minskih-roddomah-predlozhili-vydelyat-otdelnye-palaty-dlya-zhenshhin-posle-poteri-beremennosti,Минская правда,Минская область,2026-09-05T12:18:00+00:00,homepage,В минских роддомах предложили выделять отдельные палаты для женщин после потери беременности - 05.09.2026,REJECT,relevance_rejected,needs_text,нет связки социальной темы и проблемы,"TITLE: В минских роддомах предложили выделять отдельные палаты для женщин после потери беременности - 05.09.2026
TEXT: В Минске обсудили, как сделать помощь женщинам во время беременности и родов более комфортной и психологически бережной. Вопросы медицинской помощи и поддержки пациенток рассмотрели на круглом столе «Акушерство доверия», организованном Комитетом по здравоохранению Мингорисполкома. В обсуждении приняли участие председатель Комитета по здравоохранению Мингорисполкома Юрий Горбич, руководители столичных роддомов, представители БГМУ и пациентского сообщества — в том числе молодые и многодетные родители, имеющие опыт наблюдения и родов в минских учреждениях здравоохранения. В гинекологических отделениях Минска уже несколько лет стараются размещать пациенток с учетом их ситуации. В частности, женщин, которые сохраняют беременность, по возможности размещают отдельно от тех, кто поступил на операцию или прерывание беременности. Такой подход призван снизить эмоциональную нагрузку и не создавать дополнительный стресс для будущих мам. Однако во время лечения ситуация может измениться. В некоторых случаях сохранить беременность не удается, и женщина сталкивается с репродуктивной потерей. Одно из предложений, прозвучавших на встрече, — организовать отдельные палаты для женщин, которые переживают прерывание беременности или потерю беременности . Также пациенткам могут предлагать консультацию психолога или психотерапевта еще до начала медицинской процедуры. Отдельно планируется информировать семьи о юридических вопросах и возможности проведения ритуалов погребения в случае потери беременности на сроке более 22 недель. Еще одно направление работы — дополнительное обучение медицинского персонала. Для врачей, медсестер и санитарок планируют проводить семинары и специальные курсы по этике и культуре общения с пациентками. Особое внимание хотят уделить психологическим аспектам репродуктивной сферы и навыкам бережного общения, чтобы исключить случаи грубого или некорректного отношения. Профильным психологам и психотерапевтам также планируют дать дополнительную подготовку в области перинатальной психологии. На встрече обсудили и другие вопросы, связанные с комфортом будущих родителей. В частности, речь шла о привлечении специалистов по грудному вскармливанию в роддомах, надежных системах вызова медперсонала в палатах и изучении потребностей будущих родителей. Также планируется улучшить работу сайтов и социальных сетей медицинских учреждений. Они должны быстрее отвечать на вопросы будущих родителей, которые могут вызывать тревогу, и предоставлять им понятную и достоверную информацию.",4f5f39a6dcdba890a10c70be6d4be824308a45e43fb59de773fb3002cccf777c,2624,false,2505,generic_html,Минск,Минск,медицина,общественный резонанс,минск|healthcare|public_resonance
1.0,https://mlyn.by/05092026/dvoye-detey-postradali-v-dtp-na-mogilevshchine-mashina-nayekhala-na-ograzhdeniye,Минская правда,Минская область,2026-09-05T11:45:34+00:00,homepage,Двое детей пострадали в ДТП на Могилевщине – машина наехала на ограждение - 05.09.2026,REJECT,relevance_rejected,possible,нет связки социальной темы и проблемы,"TITLE: Двое детей пострадали в ДТП на Могилевщине – машина наехала на ограждение - 05.09.2026
TEXT: Авария произошла сегодня днем в Белыничском районе, недалеко от деревни Ермоловичи. Об этом сообщает МВД. По предварительной информации, 38-летняя жительница Могилева ехала за рулем Nissan. Женщина отвлеклась от управления, после чего автомобиль наехал на тросовое ограждение. В результате ДТП пострадали двое детей — 3-летняя девочка и 6-летний мальчик . С травмами их доставили в больницу. Один из детей перевозился без детского удерживающего устройства . На месте происшествия работают сотрудники ГАИ. В МВД напоминают, что во время движения водитель не должен отвлекаться на телефон, навигатор и другие посторонние действия. Детей в возрасте до 12 лет и ростом менее 150 сантиметров необходимо перевозить только с использованием детских удерживающих устройств, которые соответствуют их росту и весу.",01e06faff5a07e70d14aa88988f6a81a79ba4aea8517dc0f4ad1f8e2d322970a,903,false,803,generic_html,Могилевская область,Могилев,жилой дом/двор,,
1.0,https://mlyn.by/05092026/draniki-kartofelnyj-rostomer-i-retro-zhelezo-chem-udivlyaet-bulbyany-fest-v-deshhenke,Минская правда,Минская область,2026-09-05T10:57:52+00:00,homepage,"Драники, картофельный ростомер и ретро-железо – чем удивляет «Бульбяны фэст» в Дещенке - 05.09.2026",REJECT,relevance_rejected,needs_text,нет связки социальной темы и проблемы,"TITLE: Драники, картофельный ростомер и ретро-железо – чем удивляет «Бульбяны фэст» в Дещенке - 05.09.2026
TEXT: Говорим Дещенка – подразумеваем картошка. Говорим картошка – имеем в виду Дещенку. В этом уютном агрогородке Узденского района второй хлеб буквально возвели в культ: работает музей картофеля, стоит памятный знак картофелю, а в первых числах сентября проходит VI региональный фестиваль-ярмарка «Бульбяны фэст». Сегодня – тот самый день, когда Дещенка превращается в столицу драников! Такой вкусный повод собрал в агрогородке огромное количество гостей, среди них – и Алексей Кушнаренко. Причем глава Минщины приехал не просто как почетный гость, а как полноправный участник! Но об этом позже. А пока вместе с губернатором пройдемся по фестивальным локациям, поймаем праздничное настроение и, конечно, угостимся драниками – хрустящими, горячими, с пылу с жару! Так как праздник картофельный, все локации тут так или иначе имеют отношение этому овощу. Вы же наверняка знаете, что картофель — это не просто пюре, бабка, драники, фри и так далее? Его активно и довольно успешно используют в фармацевтике, косметологии, уже не говоря про творчество и бытовое использование. Учащиеся Дещенской школы, где работает Музей картошки, буквально по полочкам все разложили: чем полезен картофель, откуда и как вообще появился. — В самом музее свыше 140 экспонатов. Самые ценные: формуляр на юбилейный десятимиллионный трактор, есть книги с автографом авторов, — рассказали юные экскурсоводы. — Мы сотрудничаем с НПЦ по картофелеводству и плодоовощеводству, проводим совместные сезонные мероприятия. Фишка музея — мини-памятники и знаки, посвященные картофелю. — К слову, в мире всего около десяти музеев картофеля. А в Беларуси он вообще единственный! — заверили школьницы. Приехать на праздник бульбы и не увидеть ее во всем многообразии — как минимум неправильно. Тем более что НПЦ картофелеводству и плодоовощеводству и фермеры привезли на фест несколько десятков видов вкусного овоща. Здесь и «Бриз», «Родриго», «Скарб», «Королева Анна», «Першацвет»… Есть даже сорт «Вайлдберриз»! Он идеально подходит для диетического питания, а ещё в нем много витамина С и антиоксидантов. Но самый популярный сорт, как заверил генеральный директор НПЦ по картофелеводству и плодоовощеводству НАН Беларуси Вадим Маханько — это «Нара». У фермеров тоже — разнообразие сортов. — Запутаться в названиях легко, поэтому запоминайте: «Королеву Анну» варим, из «Скарба» делаем драники, «Бриз» пускаем на фри! — советует фермер одного из местных хозяйств. Немного разбавили картофельную тематику мастера декоративно-прикладного творчества. На праздник они привезли свои работы из дерева, соломки, керамики… Хотя, не исключено, что кто-то умудрился и из «бульбы» что-то забавное смастерить: фантазия у народных умельцев ого-го! Подходим к локации «Бульбамер». Название говорит само за себя — каждый желающий может похвастаться своим бульбяным гигантом. Всех «конкурсантов» предварительно взвешивают — хозяин самой увесистой получит приз! — Мая бульбiна пакуль самая цяжкая, — не без удовольствия говорит Алла Казимировна. — Ажно 494 грам заважыла! А еще здесь же можно узнать свой рост в картофелинах: работает оригинальный «овощной метр». Выглядит забавно, но гостям нравится. Пока ходила от одной локации к другой, невольно вспоминала легендарный фильм «Девчата»: тот момент, где главная героиня перечисляла блюда из картошки. Тося назвала их больше 10 — пюре, оладьи, пирожки, запеканка… На самом деле только из тертого картофеля можно приготовить минимум две сотни блюд по народным рецептам. В Дещенке сегодня можно попробовать пусть не все 200 наименований, но полакомиться жареными блинчиками с мясом, сметаной, сальцем, грибами — можно вволю. На фестивале работают фудкорты, где разнообразие блюд и ароматов невольно провоцирует урчание в желудке. Отказать себе в удовольствии и не попробовать эту смакоту — нереально! — С утра погода была плохая, дождь лил. Но как только солнышко показалось, сразу сюда — «Бульбяны фэст» только раз в год бывает, — говорит Анна Семеновна, которая пришла на праздник с внуком Даней. Мальчишка уже выпросил у бабушки картошку-фри с кетчупом. Драники, говорит женщина, внук тоже любит. — Но блины я и дома приготовлю, а картошку фри как-то не получается, — пожимает плечами Анна Семеновна. — Ждем, когда начнут жарить для гостей большие драники на огромной двухметровой сковороде: думаю, это будет и зрелищно, и вкусно. Кстати, специально к празднику организаторы приготовили самые популярные блюда из тертого картофеля: драники, блины, бабку — все они по праву считаются историко-культурной ценностью «Блюда из тертого картофеля — традиции приготовления и употребления в Беларуси» и находятся в списке нематериального культурного наследия. Направляемся на стадион: здесь царит своя атмосфера. К радости детворы — ретро-техника, которую можно трогать. Есть даже экспонаты 1928 года выпуска — такие разве что в фильмах увидишь! Рядом — самые активные мамы и папы выясняют отношения в эстафете «Бульбяная спортландия». Конкурсы сугубо тематические: перевезти картофель в тачках, пройти соломенный лабиринт… Одним словом, если вас здесь нет, можем только посочувствовать: следующего праздника придется ждать целый год! Впрочем, картофельный фест продолжится в Дещенке до самого вечера. Куда и на что можно успеть? Выставки животных, фестиваль красок, обряд «Бульбяное вяселле», показательные выступления конно-спортивного клуба. А еще — фаер-шоу и дискотеку! Приезжайте!",0588ceafaf69b296090838b74c4a89b0e4337fbd0901b230a55068d0a90e8c3f,5484,false,5371,generic_html,,,,,
1.0,https://mlyn.by/05092026/kleczki-kolduny-i-draniki-kushnarenko-rasskazal-o-lyubimyh-blyudah-i-pochistil-kartoshku-na-skorost,Минская правда,Минская область,2026-09-05T11:52:35+00:00,homepage,"Клецки, колдуны и драники – Кушнаренко рассказал о любимых блюдах и почистил картошку на скорость - 05.09.2026",REJECT,relevance_rejected,needs_text,нет связки социальной темы и проблемы,"TITLE: Клецки, колдуны и драники – Кушнаренко рассказал о любимых блюдах и почистил картошку на скорость - 05.09.2026
TEXT: Сегодня агрогородок Дещенка Узденского района — настоящая картофельная столица Беларуси: здесь проходит традиционная фестиваль-ярмарка «Бульбяны фэст». На него съехались все те, кто картошку растит, бережет, обожает в любом виде — и знает толк в ее чистке. Для таких даже организовали специальный конкурс — в котором поучаствовал и губернатор Алексей Кушнаренко. На первом этапе на старт вышли 6 команд, в каждой по четыре человека. В команде Алексея Кушнаренко — председатель Узденского райисполкома Денис Колос, зампредседателя Миноблисполкома Александр Ильясевич, начальник главного управления культуры Алла Шахотько. Судья объявляет условия конкурса: как можно быстрее и аккуратнее почистить 4 кг картофеля. Время выполнения задания будет оцениваться в первую очередь, но и качество важно. Ведь можно снять тонкую кожуру — а можно такую, что от бульбы останутся сплошные огрызки. Звучит свисток — соревнование начинается! Буквально пару секунд — и первая картофелина отправляется в ведро! У всех участников своя фирменный почерк: кто-то снимает кожуру тонкими небольшими кусочками, кто-то выводит длинную ленту. Команды торопятся — и вот кто-то уже поднимает руку: задание выполнено! Скоро и другие участники объявляют о завершении соревнования. Теперь слово за судьей. — Учитывать будем не только время, потраченное на чистку картошки — но и вес очищенной бульбы, а ещё вес кожуры. Это по-честному! После соревнования губернатор признался: было интересно проверить себя и почистить картошку на скорость. А еще Алексей Кушнаренко рассказал, какие блюда из «бульбы» любит больше всего. — Люблю практически все блюда из тертой картошки. Мне нравятся клецки, колдуны. Люблю драники в различных их проявлениях: с начинкой и без!",0ddfeff8fee18f4807c446ed5ff9d503d04a12a0a1b77211dcfb98791902aed0,1852,false,1728,generic_html,,,жилой дом/двор,,
1.0,https://mlyn.by/05092026/kushnarenko-prizval-vyvodit-lokalnye-prazdniki-na-novyj-masshtab-i-prevrashhat-ih-v-brendy-regionov,Минская правда,Минская область,2026-09-05T12:04:10+00:00,homepage,Кушнаренко призвал выводить локальные праздники на новый масштаб и превращать их в бренды регионов - 05.09.2026,REJECT,relevance_rejected,needs_text,нет связки социальной темы и проблемы,"TITLE: Кушнаренко призвал выводить локальные праздники на новый масштаб и превращать их в бренды регионов - 05.09.2026
TEXT: Такие инициативы, как региональный фестиваль-ярмарка «Бульбяны фэст» в агрогородке Дещенка Узденского района надо поддерживать и масштабировать. Ведь через них можно развивать локальный туризм. Об этом рассказал председатель Миноблисполкома Алексей Кушнаренко, который сегодня на празднике не просто почетный гость, но и участник! — Кулинарный фест в Дещенке имеет свою интересную историю. Ещё в советское время в агрогородке был центр картофелеводства. Далее, в 2010 году при местной школе открылся тематический музей, а в 2021 году здесь появился памятный знак непосредственно картошки. Пройден славный путь: от местного праздника урожая до масштабного фестиваля Минской области, — отметил губернатор. По его словам, за годы своего существования традиционный праздник обзавелся интересными фишками, брендами: — Программа очень насыщенная, разнообразная. Это чемпионат по поеданию драников, состязания на скорость по чистке картофеля, спортивные состязание с картошкой. Мы приготовили картофель на сковороде диаметром почти 2 метра. Именно такие фестивали, праздники прославляют второй хлеб и развивают туризм, уверен глава Минщины. — Один из приоритетов и задач, которые мы ставим перед нашими регионам – это раскрытие их туристического потенциала с учетом уникальности, — подчеркнул Алексей Кушнаренко. — Непосредственно здесь, в Дещенке – это фестиваль «Бульбяны фэст». На государственном уровне мы должны поддерживать такие инициативы, расширять их и выводить на новый масштаб, превращая в визитную карточку регионов.",4fc6d8dcaabb3132787bd3055b797b9aff27140ad6ee1dcb603d46c3663c3a76,1647,false,1522,generic_html,,,,,
1.0,https://mlyn.by/05092026/chem-ekspozicziya-minskoj-oblasti-privlekaet-gostej-dnya-belorusskoj-pismennosti,Минская правда,Минская область,2026-09-05T13:55:18+00:00,homepage,Литературное наследие Минщины представили на Дне белорусской письменности в Костюковичах - 05.09.2026,REJECT,relevance_rejected,needs_text,нет связки социальной темы и проблемы,"TITLE: Литературное наследие Минщины представили на Дне белорусской письменности в Костюковичах - 05.09.2026
TEXT: Минская область представила свое литературное и культурное наследие на XXXIII Дне белорусской письменности, который проходит в Костюковичах. На выставочных площадках центрального региона гости могут узнать больше о жизни и творчестве известных белорусских писателей и поэтов. Одна из экспозиций позволяет окунуться в атмосферу родительского дома Якуба Коласа. Отдельные выставочные пространства посвящены жизненному и творческому пути Янки Купалы и Максима Богдановича. Посетителям показывают уникальные фотографии и экспонаты, связанные с историей белорусской литературы. Также гости могут познакомиться с творчеством Кондрата Крапивы и Кузьмы Чорного. Культурная часть экспозиции посвящена традиционному белорусскому костюму. Посетителям рассказывают о национальной одежде и показывают особенности слуцкого и копыльского строев. Тема Года белорусской женщины проходит через всю экспозицию. Особое настроение Дню белорусской письменности помогают создавать писатели и поэты Минской области. Экспозицию уже посетили заместитель премьер-министра Наталья Петкевич, министр информации Дмитрий Жук и губернатор Могилевской области Анатолий Исаченко. Выставочные площадки Минской области продолжают принимать гостей.",746cfde71363ed2f63c62a01fc0000610750728b38572792975b77b43aa84938,1326,false,1211,generic_html,Минская область,,,,
1.0,https://mlyn.by/05092026/lukashenko-nazval-den-belorusskoj-pismennosti-istochnikom-mudrosti-predkov,Минская правда,Минская область,2026-09-05T09:19:25+00:00,homepage,Лукашенко назвал День белорусской письменности источником мудрости предков - 05.09.2026,REJECT,relevance_rejected,needs_text,политическая тема: лукашенко,"TITLE: Лукашенко назвал День белорусской письменности источником мудрости предков - 05.09.2026
TEXT: Президент Беларуси Александр Лукашенко поздравил участников и гостей Дня белорусской письменности. В своем поздравлении глава государства отметил важную роль подобных мероприятий в сохранении национальной культуры. «Такие встречи мастеров, печатников и любителей художественного слова являются неизменным источником мудрости предков, живого диалога между людьми и средством формирования в обществе общечеловеческих ценностей», — говорится в поздравлении . В этом году участников и гостей Дня белорусской письменности принимает Костюковичский район. Александр Лукашенко назвал его краем «шумливых боров и древних храмов» и отметил, что эта земля связана с именами известных белорусских писателей Аркадия Кулешова и Ивана Чигринова. Президент подчеркнул, что праздник дает возможность познакомиться с литературным наследием Беларуси и современными авторами. «Уверен, что именно на этой земле каждый сможет прикоснуться к настоящим литературным сокровищам нашего народа, услышать звучание родного языка, открыть для себя новые имена и произведения современных белорусских и зарубежных авторов», — отметил Лукашенко. Президент пожелал участникам и гостям праздника крепкого здоровья, интересных встреч, неисчерпаемого творческого вдохновения и благополучия.",a3526189191e7549c461e3e5522f46b8587a30dbf8cd1c1c512c7715874b54b9,1354,false,1253,generic_html,,,,,
1.0,https://mlyn.by/05092026/marakujya-po-130-rublej-i-arbuzy-s-zheltoj-myakotyu-chto-novogo-prodayut-na-rynke-v-valeryanovo,Минская правда,Минская область,2026-09-05T14:24:00+00:00,homepage,Маракуйя по 130 рублей и арбузы с желтой мякотью – что нового продают на рынке в Валерьяново - 05.09.2026,REJECT,relevance_rejected,needs_text,нет связки социальной темы и проблемы,"TITLE: Маракуйя по 130 рублей и арбузы с желтой мякотью – что нового продают на рынке в Валерьяново - 05.09.2026
TEXT: На овощной рынок в Валерьяново едут не за оптовыми закупками и выгодой. Сюда приезжают за импортными овощами, фруктами и экзотикой, которых не сыскать в обычных магазинах. Рассказываем, чем здесь продавцы удивляют покупателей. В зелёных развалах журналисты pristalica.by нашли интересные предложения. Например, маленькие белорусские арбузы с ценником 5 рублей за килограмм. Обычные красные стоят 3,90, а с жёлтой мякотью — 5,90. Яркую новинку выложили на витрину прямо у нас на глазах. Среди сахарных гигантов были экземпляры без полосок с однотонной салатовой кожурой. По словам продавцов, они не отличаются от полосатых ни по вкусу, ни по цене. Рядом расположились дыни двух сортов: «торпеды», которые продают от 5 до 7,5 рубля, и дыни позднеспелого азиатского сорта «гуляби» за 7,90. Косточковые всё ещё интересны покупателям, и несмотря на то, что россыпь абрикосов на прилавках уже не такая щедрая, продавцам есть что предложить: На смену персикам и нектаринам уже спешат цитрусовые. На прилавках появились мандарины разных сортов. Диапазон цен — 14,90–19,90 за килограмм. Стартовая цена на апельсины аналогичная. Грейпфруты продают за 14 рублей, килограмм помело и лимонов можно унести на 15. Зелёные лаймы стоят 35 рублей. На рынке есть всё: от белорусских яблок до экзотики, название которой выговорить получается не с первого раза. Инжир здесь продают только от 7 до 10 рублей и только штучно. С манго — аналогично: один фрукт можно купить за 20–55 рублей. Жёлтую питахайю заметили с ценником 85 рублей за килограмм, маракуйя стоит 130 рублей. Самый доступный фрукт среди всей экзотики — ананас, его можно купить за 25 рублей. Рядом с такими товарами у нескольких продавцов размещены таблички, где белым маркером выведено «руками не трогать» и «товар не мять». Что ещё нашли на фруктовых прилавках: Выбор ягод сузился, но появились новинки. Среди них кизил по 15 рублей и физалис. Его продают только упаковками, одна стоит 30 рублей. Продавцы сказали, что это ягода, хотя с виду он больше напоминает цветок. Малина ещё есть на прилавках, стартовая цена — 52 рубля за килограмм. Клубнику продают от 25, ежевику от 65. Самая низкая цена на голубику — 29,90. На рынке всегда есть несколько точек с исключительно белорусскими товарами по самым демократичным ценам. В этот раз их было три, мы обошли все и зафиксировали самые выгодные цены. Свёкла и репчатый лук стоят всего 1,30 рубля. Капуста и того дешевле — от 1,10. Морковь продавалась от 2,20 рубля, есть в том числе и мытая. Картошка стоит от полутора рублей. Появились и белорусские тыковки стоимостью 7 рублей за килограмм. Самыми востребованными овощами на салаты по-прежнему остаются помидоры и огурцы. Помидоры сегодня стоят от 5 до 15 рублей, огурцы продают за 7,50–8,90. Болгарский перец есть разных сортов, самые бюджетные стоят 6,90. Авокадо можно купить только штучно за 15 рублей. Без зелени не обходится ни один стол, и на рынке её выбор впечатляет. Правда, и цены впечатляют не меньше: укроп, петрушка и лук стоят по 30 рублей за килограмм, руккола и шпинат — по 50, кинза — 60–80. Бюджетнее всего салат за 25 и сельдерей за 18,90.",5fb364e1cde499988fba3dd7ff60919b5bafccdc48a74948d560023a2a96ca2b,3224,false,3105,generic_html,,,,,
1.0,https://mlyn.by/05092026/nozhi-zatochka-i-vejpy-mvd-rasskazalo-chto-nashli-v-ryukzakah-shkolnikov-v-pervye-dni-uchebnogo-goda,Минская правда,Минская область,2026-09-05T08:44:00+00:00,homepage,"Ножи, заточка и вейпы – МВД рассказало, что нашли в рюкзаках школьников в первые дни учебного года - 05.09.2026",REJECT,relevance_rejected,possible,нет связки социальной темы и проблемы,"TITLE: Ножи, заточка и вейпы – МВД рассказало, что нашли в рюкзаках школьников в первые дни учебного года - 05.09.2026
TEXT: С начала учебного года в белорусских учреждениях образования выявили 18 случаев проноса запрещенных и опасных предметов. Об этом рассказали в МВД в эфире ОНТ . Сотрудники Департамента охраны проводили досмотры с 1 по 3 сентября. Среди обнаруженного — вейпы, зажигалки, ножи, гильзы и заточка. Обнаруженные вещи изымают и передают представителям учреждения образования. После этого их должны забрать родители учеников. Напомним, с 1 сентября в белорусских школах и колледжах разрешен выборочный досмотр учащихся на входе без присутствия родителей. Сотрудник охраны при необходимости может попросить школьника показать содержимое рюкзака, сумки или карманов. Кроме того, учреждения образования оборудованы системами видеонаблюдения. В некоторых школах используются технологии распознавания лиц. «Мы совершенствуем работу по комплексному подходу по оборудованию техническими средствами. Также мы закрыли все дополнительные входы и выходы. Контролируем их, с учетом наших технических средств и возможностей. Мы установили камеры системы видеонаблюдения республиканской системы, которая контролируется в информационных центрах, а также в оперативно-дежурных службах, что повышает уровень безопасности в учреждениях образования РБ», — подчеркнул начальник Департамента охраны МВД Беларуси Александр Шепелев. В МВД объяснили, что дополнительные меры связаны в том числе с произошедшими в соседних странах случаями нападений учащихся друг на друга с использованием опасных предметов. Правоохранители также напомнили о предотвращенном нападении в Горках. По данным МВД, подросток готовил других школьников к нападению на учреждение образования. Среди предметов, которые могли использоваться для атаки, были нож, молоток и топор. Сотрудники правоохранительных органов смогли пресечь подготовку нападения. Правоохранители рекомендуют родителям самостоятельно проверять содержимое рюкзаков детей и регулярно обсуждать с ними правила безопасного поведения. В МВД подчеркивают, что внимание к содержимому школьных сумок — одна из мер, направленных на предотвращение опасных ситуаций в учреждениях образования.",467ec181539b3c9d024c259fb8bf493efdb66981a1687eabc79960e507132576,2220,false,2095,generic_html,,,школа/детский сад,опасность/безопасность,
1.0,https://mlyn.by/05092026/propavshego-v-lesu-pod-logojskom-dachnika-nashli-spustya-sutki,Минская правда,Минская область,2026-09-05T09:54:34+00:00,homepage,Пропавшего в лесу под Логойском дачника нашли спустя сутки - 05.09.2026,REJECT,relevance_rejected,needs_text,нет связки социальной темы и проблемы,"TITLE: Пропавшего в лесу под Логойском дачника нашли спустя сутки - 05.09.2026
TEXT: Поиски мужчины, который пропал возле деревни Ребрище Логойского района, завершились благополучно. Его нашли, угрозы для здоровья нет, сообщили в Логойском районном отделе по чрезвычайным ситуациям. Мужчина, который приехал на дачу из Минска, накануне около 10:00 вышел из дома. Предположительно, он направился в расположенный неподалеку лес, однако самостоятельно вернуться не смог. К поисковой операции подключились спасатели, сотрудники милиции, работники Логойского лесхоза и волонтеры поисково-спасательного отряда «Сириус». Для обследования территории использовали специальную технику и служебных собак. Пропавшего дачника удалось найти в субботу после 10:00: сотрудники милиции встретили мужчину на одной из дорог вблизи деревни Ребрище.",f6aa274d6ff49f011229ff77f710a84a8e8430104400685fb7635665bbd11448,828,false,743,generic_html,,,,опасность/безопасность,
1.0,https://mlyn.by/05092026/rabota-nadoela-a-kontrakt-eshhe-na-tri-goda-mozhno-li-belorusu-uvolitsya-dosrochno,Минская правда,Минская область,2026-09-05T13:19:00+00:00,homepage,"Работа надоела, а контракт еще на три года – можно ли белорусу уволиться досрочно - 05.09.2026",REJECT,relevance_rejected,needs_text,нет связки социальной темы и проблемы,"TITLE: Работа надоела, а контракт еще на три года – можно ли белорусу уволиться досрочно - 05.09.2026
TEXT: В каких случаях работник может потребовать досрочного расторжения срочного трудового договора, если продолжать работать больше не хочет, пишет sb.by. Ситуация, когда контракт заключен на три года, а работа спустя некоторое время перестала приносить интерес и удовольствие, знакома многим. Однако желание сменить место работы само по себе не всегда означает, что срочный трудовой договор можно расторгнуть в любой момент. Если не рассматривать дискредитирующие основания увольнения, законодательством предусмотрены определенные случаи, когда срочный трудовой договор может быть досрочно расторгнут по требованию работника. Работник может потребовать досрочного расторжения срочного трудового договора в случае болезни или инвалидности, которые препятствуют дальнейшему выполнению работы. Основанием также может стать поступление на военную службу по контракту. Кроме того, досрочно расторгнуть трудовой договор можно при наличии иных уважительных причин, которые не позволяют работнику продолжать выполнять свои обязанности по заключенному трудовому договору. Еще одним основанием для досрочного расторжения срочного трудового договора может стать нарушение нанимателем законодательства о труде, условий коллективного или трудового договора.",bd0185c6b667ac98b8d2a14ea24b0cee3f6b5e78192d34229e930a2597a6f748,1348,false,1240,generic_html,,,труд/оплата труда,,
1.0,https://mlyn.by/05092026/skolko-dolzhen-gulyat-pervoklassnik-pediatr-nazvala-optimalnoe-vremya,Минская правда,Минская область,2026-09-05T14:45:00+00:00,homepage,Сколько должен гулять первоклассник? Педиатр назвала оптимальное время - 05.09.2026,REJECT,relevance_rejected,needs_text,нет связки социальной темы и проблемы,"TITLE: Сколько должен гулять первоклассник? Педиатр назвала оптимальное время - 05.09.2026
TEXT: Семилетнему ребенку желательно проводить на свежем воздухе не менее трех часов в день. Об этом РИА Новости рассказала педиатр высшей категории, кандидат медицинских наук, доцент Кемеровского медицинского университета Анна Анисимова. По словам специалиста, время на улице необязательно проводить исключительно за спокойной прогулкой. Его можно сочетать с играми и физической активностью. Педиатр считает оптимальным разделить прогулочное время на две части — примерно по полтора часа до и после обеда. Анна Анисимова также посоветовала родителям учитывать погоду при выборе одежды для школьника и заранее объяснить ему, как правильно одеваться в зависимости от температуры и условий на улице.",82d41aedc0c42ef331459671aa766adaf7d2797d5c11a2493aa96b48a9ec80d7,788,false,691,generic_html,,,,,
1.0,https://mlyn.by/05092026/tri-oshibki-vladelczev-zemelnyh-uchastkov-kotorye-mogut-privesti-k-problemam,Минская правда,Минская область,2026-09-05T12:46:00+00:00,homepage,"Три ошибки владельцев земельных участков, которые могут привести к проблемам - 05.09.2026",REJECT,relevance_rejected,needs_text,нет связки социальной темы и проблемы,"TITLE: Три ошибки владельцев земельных участков, которые могут привести к проблемам - 05.09.2026
TEXT: Многие собственники живут на своих участках годами и искренне полагают, что раз соседи не спорят, а забор стоит на месте, то с землей полный порядок. Но на практике такие ситуации могут вызвать вопросы при оформлении документов, строительстве или сделках с недвижимостью. Чтобы избежать судебных тяжб и административных проволочек, Государственный комитет по имуществу напоминает о трех самых распространенных ошибках. Забор не всегда проходит точно по установленной границе участка. Его могли перенести, установить приблизительно или заменить без проверки координат. Фактическое использование территории нужно сверять с данными землеустроительной документации и регистра недвижимости. Хорошие отношения с соседями — это прекрасно, но просто передвинуть забор или определить новую границу «по обоюдному согласию» недостаточно. Если есть вопросы о местоположении или изменении границы, необходимо обращаться в уполномоченную организацию для проведения землеустроительных работ. Несоответствия в площади, границах или фактическом использовании участка могут обнаружиться именно тогда, когда владелец планирует сделку, строительство или оформление документов. Граница земельного участка — это не просто забор. Юридически значимое местоположение границы определяется на основании землеустроительной документации и сведений регистра недвижимости.",bb6136cc150cdecff643a2b31c9365a0f13663109ed98231ae01d474a4808051,1444,false,1341,generic_html,,,,,
1.0,https://pristalica.by/05092026/v-zaslavle-molodye-kommunisty-modeliruyut-budushhee-belarusi,Прысталічча,Минская область,2026-09-05T14:49:04+00:00,homepage,В Заславле молодые коммунисты моделируют будущее Беларуси - 05.09.2026,REJECT,relevance_rejected,needs_text,нет связки социальной темы и проблемы,"TITLE: В Заславле молодые коммунисты моделируют будущее Беларуси - 05.09.2026
TEXT: Молодые представители Коммунистической партии Беларуси и Лиги коммунистической молодежи собрались на диалоговой и проектной площадке в Минском районе, чтобы обсудить стратегические направления развития страны до 2050 года. Заславль для проведения осенней выездной высшей партийной школы «Единства» выбран неслучайно. До сентября 1939 года он являлся пограничным городским поселком, и именно здесь пролегала государственная граница, разделявшая Западную и Восточную Беларусь. Сам форум приурочили к двум знаковым датам: 87-й годовщине воссоединения белорусского народа в едином государстве (БССР) и 10-летию со дня возрождения комсомольской организации в Беларуси. Для участия в работе сессии прибыли десятки активистов в возрасте до 30 лет из всех областей страны. Мероприятие открыл секретарь по идеологической работе Центрального комитета КПБ Пётр Петровский . В своем выступлении он напомнил, что дата 17 сентября 1939 года ознаменовала историческую справедливость и ликвидацию искусственного разделения белорусских земель. Такие ценности, как равенство, солидарность и социальная ответственность, остаются прочным фундаментом суверенной Беларуси, и требуют осмысления в контексте вызовов современности. Отвечая на вопрос о ключевых целях школы «Единства» и посылах для единомышленников, Пётр Петровский отметил: «Наша главная задача – вооружить молодых активистов четким пониманием современных геополитических и социально-экономических процессов. Мы хотим донести до нового поколения партии, что социалистическая идея сегодня – это не догма из прошлого, а живой инструмент управления будущим». Таким образом в течение двух дней ребята должны научиться анализировать риски, вырабатывать нестандартные государственные решения. Ведь, по мнению организаторов, именно так появляются мыслящие стратеги, способные защищать национальные интересы. В выездном собрании также участвовали руководители партийных структур. К участникам обратились Первый секретарь ЦК КПБ Сергей Сыранков и Первый секретарь ЦК ОО «Лига коммунистической молодежи» Ирина Малюк . Практический блок был организован в формате проектного моделирования. С помощью алгоритмов искусственного интеллекта участников разделили на пять рабочих групп. Каждой команде предстояло разработать и защитить сценарий развития Республики Беларусь до 2050 года сквозь призму классических философских и политических учений: марксизма, ленинизма, наследия Иосифа Сталина, кубинской революционной концепции Эрнесто Че Гевары и северокорейской идеологии Чучхе. Организаторы предложили смоделировать стратегию выживания и успешного социально-экономического развития Беларуси в условиях мирового кризиса – нарастающего противостояния с коллективным Западом, укрепления позиций глобального большинства и усиления влияния транснациональных корпораций. За несколько часов командам необходимо было сформировать концепцию и представить её экспертной комиссии. Проектной сессии предшествовал образовательный блок. Лекторами выступили кандидат философских наук Антон Бархатков , член Бюро ЦК КПБ, заведующий отделом теории и практики социализма Алексей Дзермант , а также старший преподаватель БГАТУ Александр Опарин . В рамках лекции «Коммунизм – это бесклассовое общество» спикеры напомнили слушателям основы теории классовой борьбы и исторические этапы развития общества, а также то, что коллективные формы жизни и взаимовыручка изначально являлись главным условием выживания человечества. Практические наработки и идеи, предложенные молодыми партийцами в Заславле, будут подробно изучены и, возможно, найдут отражение в будущих программных документах объединений. Ведь преемственность поколений и партийные традиции сегодня строятся на прочной аналитической и научной базе.",b436eca00326713bc65cb84cbdfc2cd67b6994916910861c063623309341c0a3,3798,false,3714,generic_html,,,,,
1.0,https://pristalica.by/05092026/v-minskij-rajon-privezli-chasticzy-moshhej-velikomucheniczy-varvary,Прысталічча,Минская область,2026-09-05T14:35:00+00:00,homepage,В Минский район привезли частицы мощей великомученицы Варвары - 05.09.2026,REJECT,relevance_rejected,needs_text,нет связки социальной темы и проблемы,"TITLE: В Минский район привезли частицы мощей великомученицы Варвары - 05.09.2026
TEXT: В Православном Храме Святого Духа находится святыня, к которой смогут прикоснуться все желающие. В эти дни в агрогородке Самохваловичи открыт доступ к ковчегу с частицей мощей святой великомученицы Варвары. Посещение храма и поклонение святыне станут особой духовной возможностью для верующих в эти сентябрьские дни. Прихожане и паломники могут приложиться к мощам согласно следующему расписанию: Частицы мощей святой великомученицы Варвары хранятся во многих православных храмах и монастырях по всему миру.",eaaa11588176d636abf2884d5e93039be76772699f728041babea731894f3cce,595,false,507,generic_html,Минск,Минск,,,
1.0,https://pristalica.by/05092026/glavbuh-fiktivno-trudoustroila-muzha-kompaniya-pod-minskom-poteryal-24-tysyachi-rublej,Прысталічча,Минская область,2026-09-05T13:55:40+00:00,homepage,Главбух фиктивно трудоустроила мужа - компания под Минском потерял 24 тысячи рублей - 05.09.2026,REJECT,relevance_rejected,needs_text,нет связки социальной темы и проблемы,"TITLE: Главбух фиктивно трудоустроила мужа - компания под Минском потерял 24 тысячи рублей - 05.09.2026
TEXT: В Минском районе оперативники раскрыли схему многолетнего хищения бюджетных средств, которую организовала главный бухгалтер частной компании. Женщина систематически перечисляла зарплату своему супругу, который даже не появлялся на рабочем месте. Как рассказали в УВД Миноблисполкома, сотрудники Минского РУВД установили, что 54-летняя жительница столицы, занимая должность главного бухгалтера в одной из организаций Минского района, на протяжении длительного времени злоупотребляла своим служебным положением. В период с 2021 по 2025 год она вносила заведомо ложные сведения в платежные ведомости. Женщина формировала электронные поручения на перечисление зарплаты, прилагая к ним списки сотрудников. В эти документы она регулярно вписывала имя своего мужа, создавая видимость выполнения им трудовых обязанностей. Однако проверка показала, что мужчина никакой работы в интересах предприятия не вел, а его «трудовая деятельность» существовала исключительно на бумаге. В результате противоправных действий компании был причинен материальный ущерб на сумму более 24 тысяч рублей. По факту мошенничества следователями возбуждено уголовное дело. Действия злоумышленницы квалифицированы как хищение путем злоупотребления служебными полномочиями.",412e93aa6f02f2935a1840b30c1caa245077fb9dbe5744e3d73e7a971c03e8b7,1349,false,1239,generic_html,Минск,Минск,,,
1.0,https://pristalica.by/05092026/kgk-priostanovil-rabotu-kulinarnogo-czeha-v-minskom-rajone,Прысталічча,Минская область,2026-09-05T14:12:26+00:00,homepage,КГК приостановил работу кулинарного цеха в Минском районе - 05.09.2026,REJECT,relevance_rejected,needs_text,недостаточный балл: 3,"TITLE: КГК приостановил работу кулинарного цеха в Минском районе - 05.09.2026
TEXT: Комитет государственного контроля Минской области провел внеплановую проверку частного заготовочного (кулинарного) цеха, расположенного на территории Минского района. Она выявила многочисленные грубые нарушения санитарно-эпидемиологического законодательства. В ходе инспекции контролеры установили, что производственные помещения и технологическое оборудование содержались в ненадлежащем санитарном состоянии. Кроме того, на предприятии полностью отсутствовал производственный контроль: руководство цеха не смогло предоставить протоколы лабораторных исследований выпускаемой мясной продукции. Особую тревогу у проверяющих вызвала ситуация с соблюдением температурного режима. На момент визита контролеров цех не функционировал несколько часов из-за отключения электроэнергии. Однако в холодильных камерах не были установлены обязательные приборы контроля температуры, что лишало возможности объективно оценить условия хранения сырья и готовой продукции в этот период. По итогам проверки Комитетом госконтроля вынесено требование о приостановке производства и реализации продукции в данном цеху. Также временно прекращена выдача ветеринарных сопроводительных документов на поступающее в адрес субъекта хозяйствования сырье животного происхождения и готовую продукцию.",4bca7ea0961e4c15867e8e4167a8ee637c15ccc61b281f5c138212395bb2b588,1350,false,1266,generic_html,Минская область,,камеры хранения на вокзале,,
1.0,https://smolevichi-24.by/05092026/zdes-vyjdesh-na-porog-vokrug-priroda-i-vozduh-istoriya-dachniczy-iz-pyatiletki,Смолевичи-24,Минская область,2026-09-05T10:32:00+00:00,homepage,«Здесь выйдешь на порог — вокруг природа и воздух»: история дачницы из Пятилетки - 05.09.2026,REJECT,relevance_rejected,needs_text,нет связки социальной темы и проблемы,"TITLE: «Здесь выйдешь на порог — вокруг природа и воздух»: история дачницы из Пятилетки - 05.09.2026
TEXT: Деревенские дворики в начале осени особенно прекрасны. Яркие краски превращают их в настоящие произведения искусства. В одном из таких живописных уголков мы познакомились с Марией Киндель. Наша собеседница приезжает в Пятилетку каждое лето. Впрочем, называть ее дачницей было бы неверно: здесь Мария Сергеевна родилась и выросла. И именно здесь она продолжает согревать заботой и трудом родительский дом. – На родную землю всегда приезжаешь с особым чувством, – делится она. – Хочется, чтобы это место было ухоженным и красивым. С этой задачей хозяйка справляется на отлично. Гостей двора встречают цветники, стильные декоративные элементы и редкие садовые растения. – Любовь к земле у меня с детства, – с улыбкой рассказывает Мария Сергеевна. – Родители с малых лет приучали не лениться: брали с собой на работу, учили ухаживать за хозяйством. Мама Марии Сергеевны трудилась на местной ферме, а папа был продавцом в сельском магазине. И хотя деревенский уклад с тех пор сильно изменился, привязанность к труду и родному порогу осталась на всю жизнь. – В деревне ощущаешь настоящую радость, – говорит собеседница. – В Минске сидишь в четырех стенах квартиры, а здесь выйдешь на порог – вокруг природа, воздух, соседи. Жаль только, что лето пролетело так быстро и деревенским жителям снова пора собираться в город. А потому так хочется впитать все тепло родного дома, чтобы этого заряда хватило до следующего лета.",a7a75dc97e34bfdf6f77213eee97390317bfadb33e18dd6009082567c8b37978,1520,false,1413,generic_html,,,,,
1.0,https://smolevichi-24.by/05092026/drsu-123-nachalo-remont-dorogi-ot-alesino-do-verhmeni,Смолевичи-24,Минская область,2026-09-05T15:01:00+00:00,homepage,ДРСУ-123 начало ремонт дороги от Алесино до Верхмени - 05.09.2026,REJECT,relevance_rejected,possible,нет связки социальной темы и проблемы,"TITLE: ДРСУ-123 начало ремонт дороги от Алесино до Верхмени - 05.09.2026
TEXT: Стартовали работы по капитальному ремонту автомобильной дороги Н9564 Студенка – Алесино – Верхмень на участке с 2,100 по 4,650 километра. Обновление дорожного полотна – важный шаг для повышения безопасности и комфорта участников движения. Проектом предусмотрен широкий комплекс инженерно-строительных мероприятий. Ключевой задачей станет ремонт дороги с устройством цементобетонного покрытия, которое отличается высокой прочностью и долговечностью. В ходе реконструкции специалисты выполнят демонтаж существующего благоустройства с его последующим восстановлением, удаление объектов растительного мира, попадающих в зону строительства, а также устройство железобетонных водопропускных труб отверстием 1,0 и 0,6 метра для надежного отвода воды . Кроме того, проектом предусмотрены работы по обеспечению сохранности инженерных сетей и установка постоянных и временных технических средств организации дорожного движения. Временные рамки строительства составляют 12 месяцев, при этом в нормативный срок входит четырехмесячный технологический перерыв. В настоящее время на объекте уже ведутся активные работы: строители приступили к фрезерованию существующего асфальтобетонного покрытия. Автомобилистов просят быть внимательными и обращать внимание на временные знаки.",21109b1bfb8b07ae3c881040c90c425e1f6974bd1c8288d108f643124cd09032,1342,false,1263,generic_html,,,дорога/улица,,
1.0,https://smolevichi-24.by/05092026/lukashenko-nazval-den-belorusskoj-pismennosti-istochnikom-mudrosti-predkov,Смолевичи-24,Минская область,2026-09-05T09:25:49+00:00,homepage,Лукашенко назвал День белорусской письменности источником мудрости предков - 05.09.2026,REJECT,relevance_rejected,needs_text,политическая тема: лукашенко,"TITLE: Лукашенко назвал День белорусской письменности источником мудрости предков - 05.09.2026
TEXT: Президент Беларуси Александр Лукашенко поздравил участников и гостей Дня белорусской письменности. В своем поздравлении глава государства отметил важную роль подобных мероприятий в сохранении национальной культуры. «Такие встречи мастеров, печатников и любителей художественного слова являются неизменным источником мудрости предков, живого диалога между людьми и средством формирования в обществе общечеловеческих ценностей», — говорится в поздравлении . В этом году участников и гостей Дня белорусской письменности принимает Костюковичский район. Александр Лукашенко назвал его краем «шумливых боров и древних храмов» и отметил, что эта земля связана с именами известных белорусских писателей Аркадия Кулешова и Ивана Чигринова. Президент подчеркнул, что праздник дает возможность познакомиться с литературным наследием Беларуси и современными авторами. «Уверен, что именно на этой земле каждый сможет прикоснуться к настоящим литературным сокровищам нашего народа, услышать звучание родного языка, открыть для себя новые имена и произведения современных белорусских и зарубежных авторов», — отметил Лукашенко. Президент пожелал участникам и гостям праздника крепкого здоровья, интересных встреч, неисчерпаемого творческого вдохновения и благополучия.",a3526189191e7549c461e3e5522f46b8587a30dbf8cd1c1c512c7715874b54b9,1354,false,1253,generic_html,,,,,
1.0,https://smolevichi-24.by/05092026/na-ostanovke-v-zayamnom-snova-ostavili-dengi-dlya-moshennikov-summa-vpechatlyaet-pochti-50-tysyach-rublej,Смолевичи-24,Минская область,2026-09-05T12:04:00+00:00,homepage,На остановке в Заямном снова оставили деньги для мошенников. Сумма впечатляет - почти 50 тысяч рублей - 05.09.2026,REJECT,relevance_rejected,possible,нет связки социальной темы и проблемы,"TITLE: На остановке в Заямном снова оставили деньги для мошенников. Сумма впечатляет - почти 50 тысяч рублей - 05.09.2026
TEXT: В Смолевичском районе возбуждено уголовное дело по факту мошенничества в особо крупном размере. Жертвой аферистов стала жительница Горок 1984 года рождения . По информации Смолевичского районного отдела Следственного комитета, 27 и 28 августа неизвестные , представившиеся сотрудниками оператора связи и правоохранительных органов, по телефону убедили женщину передать деньги. Следуя инструкциям злоумышленников, она оставила 49 466,30 рубля у остановочного пункта «Заямное» . В отношении неустановленных лиц возбуждено уголовное дело по ч. 4 ст. 209 УК Республики Беларусь (мошенничество, совершенное в особо крупном размере). Ведется следствие, принимаются меры к установлению лиц, причастных к преступлению . Смолевичский РОСК напоминает: сотрудники банков и правоохранительных органов никогда не просят граждан передавать наличные, оформлять кредиты или переводить средства на «безопасные счета». При поступлении подобных звонков необходимо немедленно прекратить разговор и самостоятельно связаться с банком по официальному номеру, указанному на карте.",f690cf7ce717c1d7374e54e70c619fc35f50b31276168a50daaffc56ad1f6457,1184,false,1056,generic_html,,,общественный транспорт,,
1.0,https://smolevichi-24.by/05092026/ohota-na-ryabchika-i-kuropatku-nachalas-v-belarusi-gde-i-kak-mozhno-dobyvat,Смолевичи-24,Минская область,2026-09-05T09:29:12+00:00,homepage,Охота на рябчика и куропатку началась в Беларуси – где и как можно добывать - 05.09.2026,REJECT,relevance_rejected,needs_text,нет связки социальной темы и проблемы,"TITLE: Охота на рябчика и куропатку началась в Беларуси – где и как можно добывать - 05.09.2026
TEXT: В Беларуси 5 сентября начался сезон охоты на рябчика и серую куропатку. Продлится он до 13 декабря. Как сообщили в Министерстве лесного хозяйства, добывать птиц разрешено без ограничений по их полу и возрасту. При этом охота допускается только в светлое время суток . Охотиться на рябчика и серую куропатку можно с подхода или из засады. Разрешено использовать гладкоствольное оружие с патронами, снаряженными дробью, а также охотничьих собак. Кроме того, допускается безружейная охота — с использованием ловчих птиц. При охоте на пернатую дичь запрещено использовать нарезное оружие, в том числе комбинированное, а также охотничьи луки и арбалеты. Нельзя применять и патроны, снаряженные пулями или картечью. Минлесхоз также напомнил, что при законном нахождении в охотничьих угодьях охотники могут добывать некоторых других животных. Речь идет о волке, шакале, лисице, енотовидной собаке, серой вороне и сороке . Однако использовать можно только те способы и орудия охоты, которые разрешены для животных, указанных в охотничьей путевке. Добыча дикого животного, которое не относится к охотничьим видам или не указано в охотничьей путевке, считается незаконной охотой. За такое нарушение предусмотрена административная или уголовная ответственность . Кроме того, нарушителю придется возместить ущерб, причиненный окружающей среде. В Беларуси продолжаются и другие сезоны охоты. Сейчас разрешена добыча медведя, копытных животных, бобра, выдры, кабана, тетерева, а также ряда видов водоплавающей и болотной дичи. Кроме того, разрешена охота на вальдшнепа, вяхиря, сизого голубя, перепела, фазана, баклана, серую и большую белую цаплю. Охота на гусей при этом не входит в перечень разрешенной добычи.",e86c44ccfe7e4ca232c9ddcd2615adcbc917eeab0a7c4191738a500c8ba405b9,1801,false,1699,generic_html,,,,,
1.0,https://smolevichi-24.by/05092026/sekrety-pyshnogo-czveteniya-kak-zhitelnicza-dubrovki-uhazhivaet-za-gortenziej,Смолевичи-24,Минская область,2026-09-05T13:37:00+00:00,homepage,Секреты пышного цветения: как жительница Дубровки ухаживает за гортензией - 05.09.2026,REJECT,relevance_rejected,needs_text,нет связки социальной темы и проблемы,"TITLE: Секреты пышного цветения: как жительница Дубровки ухаживает за гортензией - 05.09.2026
TEXT: Во дворе у хозяюшки – несколько сортов этого замечательного растения. Каждый куст притягивает взгляд пышными соцветиями, которые украшают участок с середины лета и до осени. Секрет такой красоты кроется не только в удачном выборе места, но и в правильном регулярном уходе. – Гортензия – это моя слабость. Я так люблю эти цветы! Чтобы кусты радовали обильным цветением, хозяйка уделяет особое внимание подкормкам и составу почвы. Елена удобряет гортензию серой и сульфатом магния – это помогает поддерживать необходимый уровень кислотности и укрепляет здоровье растения. А если регулярно добавлять железо, то цветы становятся красивого синеватого или голубого оттенка. Еще одно важное правило Елены – грамотная обрезка. На зиму она полностью удаляет побеги, ведь именно глубокая осенняя обрезка позволяет кустам не тратить силы впустую, а весной быстро пускаться в рост. Благодаря этому «шишки» гортензии вырастают такими крупными. Кроме того, Елена следит за поливом, потому что растение очень любит влагу, особенно в жаркие летние дни. Но самое главное, по словам хозяйки, – это искренняя любовь и забота. Поэтому и растет ее гортензия так хорошо.",381dc1788a06fe759496d13678506368363b1d241ffe73dc752b7a146403e020,1248,false,1148,generic_html,,,жилой дом/двор,,
1.0,https://smolevichi-24.by/05092026/spasyonnyj-iz-truby-istoriya-psa-iz-dubrovki,Смолевичи-24,Минская область,2026-09-05T09:08:00+00:00,homepage,Спасённый из трубы - история пса из Дубровки - 05.09.2026,REJECT,relevance_rejected,needs_text,нет связки социальной темы и проблемы,"TITLE: Спасённый из трубы - история пса из Дубровки - 05.09.2026
TEXT: Бим появился у семьи Самовичей из Дубровки примерно год назад. Путь собаки в новый дом начался с непростой истории спасения. Всё произошло в районе Степянки: бродячая собака родила щенков прямо внутри узкой водосточной трубы. Место было холодным и опасным для новорождённых малышей, поэтому местным волонтёрам пришлось организовывать настоящую спасательную операцию. Они аккуратно извлекли собаку со щенятами из трубы, после чего передали животных на передержку и показали ветеринарам. Семья Самовичей приютила одного из малышей и забрала его в Дубровку. Биму – так назвали щенка, уже почти год. По размерам он вырос во взрослую собаку, однако по поведению остаётся очень энергичным и задорным псом. Бим — очень активный мальчик, которому требуется постоянное движение, долгие прогулки и подвижные игры. В то же время дружелюбным со всеми подряд его назвать нельзя: пёс не очень общителен с посторонними людьми. Возможно, сказываются особенности раннего детства или естественный характер, но к чужим он относится с осторожностью и подпускает близко к себе только хозяев. Елизавета ГАЛКОВСКАЯ, участница медиапроекта «КС» «Молодежный вайб»",2f2f9e9f76dde4644f42e14b23bad3cfdf2f1591a8c2e3b53d4be56532c04aab,1209,false,1138,generic_html,,,содержание животных,,
1.0,https://zorkanews.by/05092026/200-km-radi-dranikov-pochemu-semya-iz-gluska-vybrala-bulbyany-fest-v-deshhenke,Чырвоная зорка,Минская область,2026-09-05T12:42:08+00:00,homepage,200 км ради драников: почему семья из Глуска выбрала «Бульбяны фэст» в Дещенке - 05.09.2026,REJECT,relevance_rejected,needs_text,нет связки социальной темы и проблемы,"TITLE: 200 км ради драников: почему семья из Глуска выбрала «Бульбяны фэст» в Дещенке - 05.09.2026
TEXT: Региональный фестиваль-ярмарка «Бульбяны фэст» в Дещенке собрал гостей не только из Узденского района и Минской области. На праздник картофеля в агрогородок приехала семья Тычина из Глуска — расстояние в 200 километров не стало преградой. Председатель Глуского районного Совета депутатов Роман Тычина вместе с супругой Марией и сыновьями Михаилом и Евгением решили провести выходные именно здесь, узнав о фестивале в интернете. Интересно, что в этот день в Костюковичах проходит День белорусской письменности, но семья Тычина сделала выбор в пользу «Бульбянага фэста». При этом делегацию Глуского района Роман Тычина отправил на праздник в Костюковичи, а сам с семьёй приехал на Узденщину. — Узнали про фестиваль в интернете, заинтересовались, — рассказал Роман Тычина. — Решили приехать всей семьёй, тем более что и коллега председатель вашего райсовета депутатов Константин Пинчук приглашал. Первое, что поразило гостей из Глуска, — это состояние агрогородка. — Дещенка встретила нас чистотой и порядком. Здесь чувствуется рука хозяина, видно, что люди любят своё место и заботятся о нём, — поделился впечатлениями Роман Тычина . Семья планирует провести на фестивале весь день, без спешки обойти все локации. — Мы не ограничены во времени, хотим посмотреть и посетить здесь всё. Праздник очень нравится: классный формат, много активностей — и для детей, и для взрослых. Видно, что здесь работают для людей, — добавил мужчина. «Бульбяны фэст» в Дещенке подтверждает: локальные праздники способны объединять гостей из разных уголков страны. То, что семья из Глуска выбрала именно этот фестиваль, несмотря на альтернативные мероприятия, говорит о растущей популярности бренда. А тёплые слова о гостеприимстве и организации — лучшая оценка для организаторов праздника.",c0df1f18569fe0485c608c500870e9da4490005382051db5af283bf35da011d2,1872,false,1767,generic_html,Минская область,,,,
1.0,https://zorkanews.by/05092026/gubernator-minshhiny-na-bulbyanom-feste-chistil-kartoshku-i-zharil-draniki-na-tayozhnoj-sveche,Чырвоная зорка,Минская область,2026-09-05T12:05:57+00:00,homepage,Губернатор Минщины на «Бульбяном фэсте» чистил картошку и жарил драники на таёжной свече - 05.09.2026,REJECT,relevance_rejected,needs_text,нет связки социальной темы и проблемы,"TITLE: Губернатор Минщины на «Бульбяном фэсте» чистил картошку и жарил драники на таёжной свече - 05.09.2026
TEXT: Фестиваль в Дещенке, посвященный главному овощу Беларуси, собрал множество гостей, а одним из самых активных участников его стал председатель Минского облисполкома Алексей Кушнаренко. Глава региона не просто почтил мероприятие своим присутствием, а с удовольствием окунулся в атмосферу праздника. Одним из испытаний для губернатора стал конкурс по чистке картофеля, где он наравне с другими участниками продемонстрировал свои навыки в обращении с «вторым хлебом». В одной команде с ним участвовали его заместитель Александр Ильясевич , начальник главного управления культуры Алла Шахотько и председатель Узденского райисполкома Дмитрий Колос . Конкурс получился динамичным, подарив всем участникам море эмоций. «Чистить картофель на скорость ответственно, — отметили участники». Но главным кулинарным экспериментом дня стала жарка драников . Алексей Кушнаренко лично приготовил их на «таёжной свече» — специальной деревянной колодке, которая служит альтернативой плите. Этот редкий способ приготовления на живом огне вызвал неподдельный интерес у зрителей. Полученное блюдо тут же окрестили «губернаторскими драниками» . Фестиваль «Бульбяны фэст» в Дещенке уже стал визитной карточкой региона. И участие в нем первых лиц в народных забавах лишний раз подтверждает: картофель в Беларуси — поистине национальное достояние.",9fdab9982a70607ae02e99ff3c297aa36182f946317c2f5ff8f7c1dc4ca8940f,1435,false,1320,generic_html,Минск,Минск,,,
1.0,https://zorkanews.by/05092026/gubernator-minshhiny-posetil-bulbyany-fest-v-deshhenke,Чырвоная зорка,Минская область,2026-09-05T10:54:23+00:00,homepage,Губернатор Минщины посетил «Бульбяны фэст» в Дещенке - 05.09.2026,REJECT,relevance_rejected,needs_text,нет связки социальной темы и проблемы,"TITLE: Губернатор Минщины посетил «Бульбяны фэст» в Дещенке - 05.09.2026
TEXT: В первую субботу сентября агрогородок Дещенка традиционно принял гостей регионального фестиваля-ярмарки «Бульбяны фэст». Праздник, который давно стал визитной карточкой не только агрогородка, но и всего района, в этом году вновь собрал любителей картофеля и активного отдыха. Не оставил без внимания фестиваль в Дещенке председатель Миноблисполкома Алексей Кушнаренко. Визит главы региона начался с посещения Дещенской школы . Директор Наталья Черкас рассказала о работе учреждения, его материальной базе и особенностях учебно-воспитательного процесса. Школа, построенная в 2005 году, сегодня насчитывает 244 учащихся и 62 воспитанника. Больше половины детей в школу привозит школьный автобус. Гости ознакомились с возможностями профильных классов аграрной направленности. Одним из самых увлекательных моментов экскурсии стало знакомство с единственным в республике школьным музеем картофеля . Экскурсию для губернатора и гостей провели школьницы — они рассказали об истории картофелеводства в этих местах, о том, как Дещенка когда-то считалась картофельной столицей Беларуси, продемонстрировали уникальные экспонаты музея, а также остановились на исследованиях, проводимых учениками школы в разные годы. Как пример, можно назвать исследования Ильи Лойко, Анастасии Прибытко и других. Привлекли внимание губернатора и репродукции картин белорусских художников, посвященные картошке. Затем губернатор переместился на площадку, где узденские артисты дали старт фестивалю картошки стихами и песнями. — Дещенская земля всегда славилась картофелем, который разлетелся по всей стране, — отметил в своем выступлении глава района Дмитрий Колос , пожелав всем хорошо отдохнуть на фестивале. Вместе с Дмитрием Колосом и депутатом Палаты представителей Национального собрания Андреем Лисом глава региона присоединился к гостям «Бульбяного фэста», который развернулся на центральной площадке агрогородка. Для посетителей были подготовлены разнообразные активности: чемпионат по скоростному поеданию драников, мастер-классы по их приготовлению, обряд «Бульбяное вяселле», семейные квесты и забавный конкурс «Забег маленьких бульбашей». Напомним, что фестиваль в Дещенке берет свое начало с осенних школьных ярмарок, которые проводились в местной школе на протяжении многих лет. А идея установки памятника картофелю , которая была реализована в 2021 году , появилась именно во время одного из визитов предшественника Алексея Кушнаренко — Александра Турчина , который сейчас является Премьер-министром Беларуси.",7ee0c68bf85cc74830bc1087eabc28698cfafb214623f309baf914d0e10b8b06,2575,false,2496,generic_html,,,,,
1.0,https://zorkanews.by/05092026/kartofel-gigant-vesom-bolee-kilo-pobedil-na-festivale-v-deshhenke,Чырвоная зорка,Минская область,2026-09-05T15:04:43+00:00,homepage,Картофель-гигант весом более кило победил на фестивале в Дещенке - 05.09.2026,REJECT,relevance_rejected,needs_text,нет связки социальной темы и проблемы,"TITLE: Картофель-гигант весом более кило победил на фестивале в Дещенке - 05.09.2026
TEXT: На «Бульбяным фэсце» в Дещенке выбрали самую большую картошку сезона. Абсолютным чемпионом стал корнеплод сорта «Родриго», который выкопали в обычном огороде — он завесил 1065 грамм. Одним из самых интригующих событий «Бульбянага фэста» стал конкурс на самый крупный клубень. Рекорд побила картофелина, выращенная на приусадебном участке Мацкевич Валентины Николаевны из Королёва. Когда женщина откопала гигантский корнеплод, она тут же позвонила дочери Наталье Глуховой с восторженным возгласом: «Вот какой „батон“ выкопала!» Действительно, форма и размер клубня больше напоминают буханку хлеба или даже кабачок, чем привычную картофелину. Сорт «Родриго» известен своей крупноплодностью, но даже для него 1 кг 65 г — выдающийся результат. Конкурс проходил на фестивале при полном аншлаге. Жюри взвешивало претендентов на точных электронных весах. Картофелина Натальи Глуховой не оставила шансов соперникам. Клубни весом от 300 до 500 грамм выглядели крошками. Победительнице вручили диплом, который Наталья Глухова получила прямо на сцене. Сама женщина призналась, что секрет урожая — в любви к земле и хорошем уходе, но главную роль сыграл удачный сорт и щедрая погода. Этот сорт белорусской селекции ценится за крупные ровные клубни, устойчивость к болезням и отличные вкусовые качества. Обычно картофелины «Родриго» весят 150–250 граммов, но при благоприятных условиях могут вырастать до 500 граммов. Чемпионский экземпляр весом за килограмм — настоящая сенсация, которая стала главным «экспонатом» фестиваля.",cf92a40a5d8fac7f7dbe983470eaf9312a4d3e13ca9948001bdef35a9f6c3d79,1604,false,1513,generic_html,,,,,
1.0,https://zorkanews.by/05092026/na-prazdnike-v-deshhenke-gubernator-minshhiny-nazval-lyubimye-blyuda-iz-kartoshki,Чырвоная зорка,Минская область,2026-09-05T12:26:49+00:00,homepage,На празднике в Дещенке губернатор Минщины назвал любимые блюда из картошки - 05.09.2026,REJECT,relevance_rejected,needs_text,нет связки социальной темы и проблемы,"TITLE: На празднике в Дещенке губернатор Минщины назвал любимые блюда из картошки - 05.09.2026
TEXT: Глава Минщины Алексей Кушнаренко посетил «Бульбяны фэст» в Дещенке не просто как почетный гость, а как полноправный участник. Во время пресс-подхода губернатор особо подчеркнул: сегодня региону необходимо активно развивать туризм. И «Бульбяны фэст» — яркий пример того, как локальный бренд может стать точкой притяжения для путешественников. Уникальность фестиваля в том, что он вырос из обычного школьного праздника. Сегодня это масштабное событие с насыщенной программой, которая объединяет гастрономию, спорт, музыку и народные традиции. Особый интерес у гостей вызвал новый арт-объект, который открыли у памятного знака картофелю, — огромная сковорода диаметром 1,8 метра. Сковорода-гигант не осталась без дела: на ней приготовили картошку с мясом и угощали всех желающих. На блюдо ушло 150 кг картофеля и 20 кг мяса. На вопрос о любимых блюдах Алексей Кушнаренко признался без раздумий: — Люблю практически все блюда из тертой картошки. Мне нравятся клецки, колдуны. Люблю драники в различных их проявлениях: с начинкой и без! И как отметил губернатор, такие фестивали — важная часть туристического потенциала Минской области, который сегодня нужно активно развивать.",0b5507779c63a7eae0d902c49111636098778fd476b523d8c9b03dc5ecd2f491,1273,false,1172,generic_html,,,,,
1.0,https://t.me/esoligorsk/29714,Электронный Солигорск,Минская область,2026-09-05T14:31:42+00:00,telegram:https://t.me/s/esoligorsk,Нужна квартира в Солигорске на короткий срок?,REJECT,relevance_rejected,needs_text,нет связки социальной темы и проблемы,"TITLE: Нужна квартира в Солигорске на короткий срок?
TEXT: Нужна квартира в Солигорске на короткий срок? Найдете ее здесь .",a0ade2c270c71504b320011f7caac372230ec6ad3346b28cfc9b07db30b54fb8,123,false,64,inline_text,Минская область,Солигорск,,,
1.0,https://t.me/esoligorsk/29713,Электронный Солигорск,Минская область,2026-09-05T14:04:28+00:00,telegram:https://t.me/s/esoligorsk,Погода в Солигорске на завтра.,REJECT,relevance_rejected,needs_text,нет связки социальной темы и проблемы,"TITLE: Погода в Солигорске на завтра.
TEXT: Погода в Солигорске на завтра.",8d033c4765700322fa4d6208285b14d15effb62f990f1cade665e38680310bc0,74,false,30,inline_text,Минская область,Солигорск,,,
1.0,https://m-media.storage.googleapis.com/index.html?p=141208.html,M-Media архив,Могилёвская область,,homepage,Mogilev.media — незалежнае выданне пра Магілёў,REJECT,relevance_rejected,needs_text,нет связки социальной темы и проблемы,"TITLE: Mogilev.media — незалежнае выданне пра Магілёў
TEXT: Бабруйская гандлярка скардзіцца на нізкія цэны на рынку і занадта добры ўраджай 5 верасня, 2026 Добры ўраджай і вялікая канкурэнцыя ўскаднілі продаж гародніны, садавіны і грыбоў на рынку ў Бабруйску, сведчыць мясцовая жыхарка. “У гэтым годзе памідоры прадаюцца вельмі дрэнна, таму што ўраджай добры і...",888a7447a74475e3f6b80094700f1ddac63180cd495da50eb68ca3bea5f849ac,363,false,303,generic_html,Могилевская область,Могилев,,,
1.0,https://m-media.storage.googleapis.com/index.html?p=141213.html,M-Media архив,Могилёвская область,,homepage,Mogilev.media — незалежнае выданне пра Магілёў,REJECT,relevance_rejected,possible,нет связки социальной темы и проблемы,"TITLE: Mogilev.media — незалежнае выданне пра Магілёў
TEXT: Бабруйская гандлярка скардзіцца на нізкія цэны на рынку і занадта добры ўраджай 5 верасня, 2026 Добры ўраджай і вялікая канкурэнцыя ўскаднілі продаж гародніны, садавіны і грыбоў на рынку ў Бабруйску, сведчыць мясцовая жыхарка. “У гэтым годзе памідоры прадаюцца вельмі дрэнна, таму што ўраджай добры і...",888a7447a74475e3f6b80094700f1ddac63180cd495da50eb68ca3bea5f849ac,363,false,303,generic_html,Могилевская область,Могилев,,,
1.0,https://m-media.storage.googleapis.com/index.html?p=141218.html,M-Media архив,Могилёвская область,,homepage,Mogilev.media — незалежнае выданне пра Магілёў,REJECT,relevance_rejected,possible,нет связки социальной темы и проблемы,"TITLE: Mogilev.media — незалежнае выданне пра Магілёў
TEXT: Бабруйская гандлярка скардзіцца на нізкія цэны на рынку і занадта добры ўраджай 5 верасня, 2026 Добры ўраджай і вялікая канкурэнцыя ўскаднілі продаж гародніны, садавіны і грыбоў на рынку ў Бабруйску, сведчыць мясцовая жыхарка. “У гэтым годзе памідоры прадаюцца вельмі дрэнна, таму што ўраджай добры і...",888a7447a74475e3f6b80094700f1ddac63180cd495da50eb68ca3bea5f849ac,363,false,303,generic_html,Могилевская область,Могилев,,,
1.0,https://m-media.storage.googleapis.com/index.html?p=141223.html,M-Media архив,Могилёвская область,,homepage,Mogilev.media — незалежнае выданне пра Магілёў,REJECT,relevance_rejected,possible,нет связки социальной темы и проблемы,"TITLE: Mogilev.media — незалежнае выданне пра Магілёў
TEXT: Бабруйская гандлярка скардзіцца на нізкія цэны на рынку і занадта добры ўраджай 5 верасня, 2026 Добры ўраджай і вялікая канкурэнцыя ўскаднілі продаж гародніны, садавіны і грыбоў на рынку ў Бабруйску, сведчыць мясцовая жыхарка. “У гэтым годзе памідоры прадаюцца вельмі дрэнна, таму што ўраджай добры і...",888a7447a74475e3f6b80094700f1ddac63180cd495da50eb68ca3bea5f849ac,363,false,303,generic_html,Могилевская область,Могилев,,,
1.0,https://masheka.by/novosti-mogileva/4079-znakomstvo-s-kandidatami-tatjana-sivachenko.html,MASHEKA,Могилёвская область,,homepage,"Знакомство с кандидатами: Татьяна Сиваченко » MASHEKA - информационный портал Могилёва. Новости Могилева, интервью с могилевчанами",REJECT,relevance_rejected,needs_text,политическая тема: выборы,"TITLE: Знакомство с кандидатами: Татьяна Сиваченко » MASHEKA - информационный портал Могилёва. Новости Могилева, интервью с могилевчанами
TEXT: Друзья, уже совсем скоро 17 ноября в Могилеве пройдут выборы депутатов Палаты представителей Национального собрания Республики Беларусь седьмого созыва. Как правило, о кандидатах мы узнаем из предвыборных афиш, которые мало что нам говорят. Именно поэтому мы решили перед выборами более подробно познакомить вас с кандидатами. ТАТЬЯНА СИВАЧЕНКО Могилевский-Центральный избирательный округ № 85 Почитать информацию о кандидате Родилась 8 мая 1986 года в городе Могилеве. В 2009 году окончила государственное образовательное учреждение высшего профессионального образования «Белгородский государственный технологический университет им. В.Г. Шухова» по специальности «Механическое оборудование и технологические комплексы предприятий строительных материалов, изделий и конструкций». В 2015 году окончила аспирантуру в государственном образовательном учреждении высшего профессионального образования «Белгородский государственный технологический университет им. В.Г. Шухова». В настоящее время является соискателем ученой степени кандидата технических наук. С 2002 года работала в унитарном частном производственном предприятии «КБ «Промышленные технологии и комплексы» на должностях лаборанта, старшего лаборанта, инженера-конструктора. С 2012 года по настоящее время работает заместителем директора по научной работе УЧПП «КБ «Промышленные технологии и комплексы». Автор 140 научных работ, в том числе 1 монографии на тему «Технологическое машиностроение – инновационный резерв мировой экономики», 30 патентов в Беларуси, России и Казахстане, 109 научных статей. В 2006 году награждена медалью «За лучшую научную студенческую работу» Министерства образования и науки Российской Федерации. Член Объединенной гражданской партии Проживает в городе Могилеве. Не замужем. Почему вы решили выдвинуть свою кандидатуру? Что вас смотивировало? Я окончила университет и аспирантуру. У меня более 140 научных публикаций, в том числе 40 патентов и 1 монография. После университета была уверена, что мои идеи и знания будут востребованы в Беларуси для эффективного производства. Но выяснилось, что в нашей стране инициатива не нужна. Мои научные разработки используются в Казахстане, но не в Беларуси. У нас в управленцы отбирают лишь послушных. А они не умеют создавать новое, современное и экологически безопасное. Я поняла, что систему нужно менять, и решила пойти в политику. Какая на ваш взгляд самая актуальная проблема в Могилеве? Самая актуальная проблема в Могилеве это экология, в частности свободная экономическая зона 4. На которой как грибы разрастаются предприятия с химическими выбросами. Какая на ваш взгляд самая актуальная проблема в Беларуси? А в Беларуси самая актуальная проблема - это отсутствие перемен и сменяемости власти, а в целом - это власть одного человека. Пора бы уйти уже от этого ""самодержавия"" и встать на путь развития. Расскажите о своих увлечениях, хобби? Я люблю заниматься спортом в свободное время, ходить в тренажёрный зал, иногда бассейн. Очень люблю ходить пешком. Увлекаюсь конечно же наукой и политикой. Какие качества в людях вы цените больше всего? Пунктуальность, ответственность, честность. Что бы вы хотели сказать своим избирателям? Своим избирателям я бы хотела сказать, что за нас никто ничего не сделает, поэтому нужно активно принимать участие в жизни страны и не забывать , что власть принадлежит народу. А ещё, что все обязательно изменится в лучшую сторону, все это зависит лишь от нас и наших желаний. ВНИМАНИЕ КАНДИДАТАМ Если вы еще не получили от нас сообщение, но хотите представить информацию о себе - свяжитесь с нами через форму обратной связи . Информационный отдел портала Masheka.by Фото со странички Светланы в FB",99544e9dff869819c586db61ce6122dc2079da433fd086c3d7d9e3aa4301ae0b,3812,false,3668,source_specific,Могилевская область,Могилев,,,
1.0,https://masheka.by/history_mogilev/4548-realnoe-uchilische-v-mogileve-istorija-doma-po-ulice-komsomolskoj.html,MASHEKA,Могилёвская область,,homepage,"Комсомольская, 18: реальное училище в Могилеве » MASHEKA - информационный портал Могилёва. Новости Могилева, интервью с могилевчанами",REJECT,relevance_rejected,needs_text,нет связки социальной темы и проблемы,"TITLE: Комсомольская, 18: реальное училище в Могилеве » MASHEKA - информационный портал Могилёва. Новости Могилева, интервью с могилевчанами
TEXT: Проезжая площадь Орджоникидзе или отправляясь на прогулку в парк «Подниколье», любой могилевчанин или гость города обратит внимание на здание по современному адресу: улица Комсомольская, 18. Молодежь знает, что сейчас здесь работает Социально-гуманитарный колледж Могилевского Государственного университета, а людям постарше оно известно как учебный корпус педагогического училища, которое работало здесь в советское время. ул. Комсомольская, 18 современный вид Обывателю здание на Комсомольской едва ли покажется историческим. Увы, время стерло с его фасада приметы старины: после масштабной перестройки в 1967 году его первоначальный вид потерян. Тем не менее, в этом году зданию (хотя бы нижней его части) исполняется 135 лет, у него долгая и непростая история. В этом очерке я постараюсь поведать Вам, читатель, когда и как оно появилось в нашем городе. В конце XIX века быстрое экономическое развитие в Российской империи привело к повышению роли образования. Хорошо понимали это и в Могилеве, поэтому в 1880 году руководство губернии приняло решение об учреждении в городе нового учебного заведения – реального училища. Поскольку в том же году по всей империи широко отмечалось 25-летие царствования императора Александра II, было решено присвоить ему наименование «Александровское». Сам император дал согласие на присвоение училищу его имени и «велел благодарить все сословия Могилевской губернии за их верноподданнические чувства» . К сожалению, Александру II было не суждено дожить до счастливого дня открытия училища: в 1881 году он был убит участниками террористической организации «Народная воля». Пожалуй, главным радетелем создания нового учебного заведения был могилевский губернатор Александр Дембовецкий. Именно он возглавил комитет, который занимался сбором средств для открытия училища. Городская общественность активно жертвовала деньги, за пять лет было собрано более 68000 рублей, кроме того, еще 10600 рублей пожертвовали еврейские общества губернии. Таким образом, была собрана значительная сумма – почти 80000 руб. Дембовецкий Александр Станиславович Могилевский губернатор в 1872-1893 годах, инициатор открытия реального училища в Могилёве Изначально комитет планировал, что училище разместится в одном из городских зданий, однако имеющиеся средства позволили построить новое здание «не только капитальное по своей прочности, но художественное и даже монументальное, как подобает быть памятнику столь высокой важности» . Проект здания был разработан губернским инженером Владиславом Миляновским, а для его строительства было выделено место в центральной, хотя в то время и не особенно населенной, части города. Позднее адрес училища будет указываться как « угол Дворянской и Малой Садовой улиц ». История Могилева: дело жизни архитектора Миляновского Утром 24 апреля 1884 года после торжественного молебна была произведена закладка первого камня будущего училища, а уже в августе 1885 года здание было готово к проведению занятий. Так описывали здание МАРУ современники: «двухэтажное здание, крытое железом, длиною 53 саж., вышиною 6 саж., с подвальным этажом, 28 обширными комнатами и коридорами во всю длину здания». Кладка стен здания была произведена приглашенными мастерами-каменщиками из Калужской губернии. Полы в коридорах и тротуары вокруг здания были уложены асфальтом, произведенном на заводе Воронцова-Вельяминова в Москве. Парадная лестница была украшена чугунными перилами. Для удобства сотрудников и учащихся в здании была сделана просторная и теплая шинельная (гардероб), обустроены два водопроводных крана, в которые поступала вода из Днепра. Отопление здания производилось при помощи печей. На первом этаже разместились: канцелярия, кабинет директора с приемной, учительская комната, буфет для учащихся, кабинеты физики и химии, два зала для гимнастических упражнений, а также технические помещения и туалеты. На втором – библиотека, актовый зал, класс рисования и учебные аудитории. Учебное заведение получило название «Могилевское Александровское реальное училище». Здесь следует разъяснить читателю, что скрывается за приставкой «реальное». Реальные училища – это особый тип средних учебных заведений Российской империи, в которых главная роль отводилась изучению точных наук и естествознания (в противоположность классическим гимназиям, где обучали, прежде всего, гуманитарным наукам и древним языкам). Выпускники реальных училищ (их в шутку называли « реалистами ») могли поступать в технические, промышленные и торговые институты, и только с 1888 года им было позволено поступать на физико-математические и медицинские факультеты университетов. В училище принимали только мальчиков, независимо от вероисповедания, социального и национального происхождения. Для зачисления в первый класс (имеется в виду курс, год обучения) претенденты должны были уметь бегло и правильно читать и писать по-русски, выполнять первые четыре арифметических действия, уметь решать простые задачи, а также знать наизусть молитвы. Зачисление во второй класс кроме этих знаний требовало еще «элементарных понятий в черчении и рисовании» . Предлагаю читателю на мгновение перенестись в XIX век и решить задачу по арифметике для зачисления во 2 класс Могилевского Александровского реального училища: «Торговец купил 95 пудов соли по 80 копеек за пуд и для перевозки поместил её в ящики по 3 пуда 32 фунта в каждый; упаковка и перевозка обошлись ему в 35 копеек с ящика; дорогою, вследствие дурной упаковки, потеря соли составила 3 пуда 24 фунта. Продав оставшуюся соль, торговец получил 24 рубля 93 копейки чистой прибыли. Почем продавал он каждый пуд?» Открылось училище в составе 2-х классов, в течение следующих 4 лет открывалось по одному классу в год, а в 1893 году был открыт седьмой, высший для реальных училищ, класс. Первые четыре класса были общими, затем учеба продолжалась на одном из трех отделений: химико-, механико-технологическом или коммерческом. Число учащихся возрастало быстрыми темпами: если в первый год обучалось лишь 79 воспитанников, то в 1914 году – уже 316. Учебные кабинеты училища были хорошо оборудованы экспериментальными приборами и наглядными пособиями, а библиотека ежегодно пополнялась новыми книгами. Естественнонаучная направленность заведения не исключала важной роли эстетического обучения: в училище был создан музыкальный класс с коллекцией из 51 инструмента, жемчужиной которой была фисгармония производства фабрики Шидмайера (г. Штутгарт), а учащиеся сформировали собственные хор и оркестр. Содержалось учебное заведение за счет средств государственного казначейства, пособий от городских властей, а также платы за обучение. Стоимость обучения составляла 34 рубля. Впрочем, для детей бедных родителей по решению попечительского комитета эта сумма могла быть уменьшена, либо вовсе отменена с назначением стипендии. Почетным попечителем могилевского реального училища долгое время был знаменитый могилевский коммерсант-пивовар Франц Лекерт. Во главе училища стоял директор, ему помогал инспектор (должность вроде современного завуча), в штате числилось 9 учителей, помощник классных наставников, 4 законоучителя (православного, католического, лютеранского и еврейского вероисповеданий), а также секретарь и врач. Хотя о руководителях могилевского реального училища известно мало, считаю всё же своим долгом упомянуть здесь их имена: наверняка потомки кого-то из них и сегодня проживают в Могилёве и, не исключено, что даже трудятся на ниве просвещения. Список директоров приводится в порядке, в котором они занимали эту должность: Константин Трофимович Карпинский, Иван Дмитриевич Лавров, Николай Петрович Циклинский, Алексей Степанович Лебедев, Максим Иванович Шекунов, Сергей Минич Никонов, Конон Кононович Шорохов. Жизнь учащихся в могилевском реальном училище состояла не только из учебных занятий. Огромную роль руководство училища отводило духовно-нравственному воспитанию",9186000fad65b58155908388c0ad28af9d671d248457d28e12159bda6faea39a,7991,true,10541,source_specific,Могилевская область,Могилев,,,
1.0,https://bobr.by/news/education/198684,Вечерний Бобруйск,Могилёвская область,2026-09-05T09:37:56+00:00,homepage,В Каменской школе Бобруйского района прошёл урок белорусской письменности с участниками экспедиции «Дарога да Святыняў»,REJECT,relevance_rejected,possible,нет связки социальной темы и проблемы,"TITLE: В Каменской школе Бобруйского района прошёл урок белорусской письменности с участниками экспедиции «Дарога да Святыняў»
TEXT: Новой точкой маршрута научно-просветительской экспедиции &amp;laquo;Дарога да Святыняў&amp;raquo; стала Каменская средняя школа. Участники важной миссии провели для учащихся урок белорусской письменности, раскрыв важность любви к родному языку. Благодаря знаковым атрибутам встреча получилась интерактивной и познавательной, и, что немаловажно, памятной &amp;mdash; ребятам подарили иконки и свечи. tribunapracy.by",b4b44a4e9a836f85ed6d230cde6a92c06b339a71872d385a393c3904460b1a6e,547,false,414,json_ld,Могилевская область,Бобруйск,,,
1.0,https://bobr.by/news/ispolkom/198686,Вечерний Бобруйск,Могилёвская область,2026-09-05T10:23:45+00:00,homepage,В период с 4 по 6 сентября ГАИ Бобруйского района усилен контроль на дорогах,REJECT,relevance_rejected,possible,нет связки социальной темы и проблемы,"TITLE: В период с 4 по 6 сентября ГАИ Бобруйского района усилен контроль на дорогах
TEXT: С 4 по 6 сентября на территории Бобруйского района проводятся целевые мероприятия, направленные на пресечение грубых нарушений ПДД и предупреждение дорожно-транспортных происшествий с участием пешеходов, лиц, передвигающихся на средствах персональной мобильности, мототранспорта, пресечение грубых нарушений ПДД, причинами которых являются игнорирование правил обгона и выезд на полосу встречного движения в местах, где это запрещено, а также управления транспортными средствами в состоянии опьянения и лицами, не имеющими такого права. Об этом проинформировал начальник отдела ГАИ Бобруйского РОВД &amp;ndash; Кирилл Верхоглядов. Рейды осуществляются с применением гласного и смешанного контроля, в том числе с использованием беспилотных летательных аппаратов. Госавтоинспекция призывает к неукоснительному соблюдению Правил дорожного движения, а также предупреждает о незамедлительном реагировании на факты допущенных нарушений. tribunapracy.by",d127d59e7e03a57be97c535c6304ad6aad6414c4428eb0ad6931120c78ea0125,1036,false,946,json_ld,Могилевская область,Бобруйск,дорога/улица,,
1.0,https://bobr.by/news/relevant/198678,Вечерний Бобруйск,Могилёвская область,2026-09-04T12:58:03+00:00,homepage | sitemap:https://bobr.by/_sitemaps/sitemap_01.xml,Кружки и секции для школьников можно будет выбрать в горпарке 5 сентября ОБНОВЛЕНО: СМЕНА ЛОКАЦИИ,REJECT,relevance_rejected,possible,нет связки социальной темы и проблемы,"TITLE: Кружки и секции для школьников можно будет выбрать в горпарке 5 сентября ОБНОВЛЕНО: СМЕНА ЛОКАЦИИ
TEXT: 5 сентября с 11:00 до 16:00 в Парке культуры и отдыха запланирован Фестиваль дополнительного образования детей и молодёжи. ОБНОВЛЕНО: из-за плохой погоды мероприятие перенесено в Бобруйский районный центр культуры на ул. Советской, 77а. В программе: интерактивные площадки кружков города творческие мастер-классы выставки учреждений культуры, спорта и библиотечной системы концертные площадки развлечения для всей семьи Точки активностей от: УВД бобруйского горисполкома Бобруйского горрайотдела по чрезвычайным ситуациям Бобруйского отдела департамента охраны БГОРГОО &amp;laquo;Белорусское республиканское общество спасения на&amp;nbsp;водах&amp;raquo; УЗ &amp;laquo;Бобруйская центральная больница&amp;raquo; Организации &amp;laquo;Белорусский красный крест&amp;raquo; &amp;nbsp; Кстати, ещё в конце лета BOBR.BY публиковал большой список кружков и секций для детей на начавшийся учебный год. Его можно посмотреть тут.",b8239e558fb0003ad020592fdb329e562d91043614374a3c5a1fd0fc947c54ef,1032,false,921,json_ld,,,школа/детский сад,,
1.0,https://bobr.by/news/newscompany/198685,Вечерний Бобруйск,Могилёвская область,2026-09-05T10:09:21+00:00,homepage,На Бобруйской фабрике художественных изделий чествовали мастериц-вышивальщиц с полувековым стажем,REJECT,relevance_rejected,needs_text,нет связки социальной темы и проблемы,"TITLE: На Бобруйской фабрике художественных изделий чествовали мастериц-вышивальщиц с полувековым стажем
TEXT: Более 50 лет назад мастерицы производственного участка (г. Могилёв), вышивальщицы Сидоренко Татьяна Николаевна и Строгина Валентина Васильевна связали свою жизнь с народными художественными ремеслами Бобруйской фабрики художественных изделий. 55 лет на предприятии трудится термоотделочник, укладчик-упаковщик &amp;ndash; Шагинова Любовь Фёдоровна. Благодаря таланту, терпению, высокому уровню профессионализма этих мастериц сохраняются уникальные традиции народных художественных ремёсел, создаются не просто изделия, а настоящие произведения искусства, в которых вложена частица души. 4 сентября заслуженным мастерицам, настоящим ветеранам труда были вручены награды и подарки, высказаны слова огромной благодарности и искренние пожелания здоровья, неиссякаемого вдохновения и долгих лет жизни.&amp;nbsp; udp.gov.by",3a7c3e74ad0700f2dbac473b0bcdf36c4918dd32002a75e7e414a116a2e11c84,928,false,817,json_ld,Могилевская область,Бобруйск,,,
1.0,https://bobr.by/news/announcement/198683,Вечерний Бобруйск,Могилёвская область,2026-09-05T09:15:00+00:00,homepage,Отмена и перенос премьер в театре Дунина-Марцинкевича города Бобруйска,REJECT,relevance_rejected,needs_text,нет связки социальной темы и проблемы,"TITLE: Отмена и перенос премьер в театре Дунина-Марцинкевича города Бобруйска
TEXT: Внимание, изменение в репертуаре! Гастроли: концерт Могилёвской областной филармонии &amp;laquo;Симфония женской души&amp;raquo; переносится на 26 сентября в 18:00. Спектакль &amp;laquo;Старая Зайчиха&amp;raquo;, запланированный на 26 сентября, отменён! theaterbobruisk",57bf8fb25085f83fb9a46b1c0b9fe0165b6a8514fbfa5db57178cdbaef40210e,353,false,269,json_ld,Могилевская область,Бобруйск,,,
1.0,https://bobr.by/news/relevant/198688,Вечерний Бобруйск,Могилёвская область,2026-09-05T14:00:00+00:00,homepage,Погода на 6 сентября в Бобруйске,REJECT,relevance_rejected,needs_text,нет связки социальной темы и проблемы,"TITLE: Погода на 6 сентября в Бобруйске
TEXT: Завтра днём погода в Бобруйске будет облачная, кратковременный дождь. Температура воздуха повысится до +17&amp;deg;C, ветер западный, 6м/с. Ночью столбик термометра опустится до +11&amp;deg;C, погода будет с переменчивой облачностью, без осадков, ветер западный, 5м/с. Атмосферное давление в течение суток изменится от 742 до 748 мм.рт.ст. rusmeteo.by Актуальная погода в Бобруйске Прогноз погоды от BOBR.by теперь и на телефоне. Установите приложение на ваше Android устройство: &amp;shy;",5e66b79db72b65f54969d6893ce22e7fb9fa33f9f30efa2bb8daad6648d52b98,535,false,489,json_ld,Могилевская область,Бобруйск,,,
1.0,https://bobr.by/news/city/198682,Вечерний Бобруйск,Могилёвская область,2026-09-05T09:01:53+00:00,homepage,Реализация гражданских инициатив: в Бобруйске обновляют Молодёжный парк ко Дню народного единства,REJECT,relevance_rejected,possible,нет связки социальной темы и проблемы,"TITLE: Реализация гражданских инициатив: в Бобруйске обновляют Молодёжный парк ко Дню народного единства
TEXT: Молодёжный парк в Бобруйске &amp;mdash; одна из фестивальных площадок города &amp;mdash; наполняется новыми современными элементами. И это инициатива граждан. Ко Дню народного единства здесь состоится городской праздник с открытием арт- и смарт-объектов. tvrmogilev.by",f415a309a4bb2aaf6924195e2de58bebc65688f5b58135ce2a8fc93dd3659501,379,false,268,json_ld,Могилевская область,Бобруйск,озеленение/покос,,
1.0,https://bobr.by/news/sport/198687,Вечерний Бобруйск,Могилёвская область,2026-09-05T10:36:10+00:00,homepage,"Фехтование, футбол и лёгкая атлетика: в «Детско-юношеской спортивной школе №1 г. Бобруйска» прошёл «День открытых дверей»",REJECT,relevance_rejected,possible,нет связки социальной темы и проблемы,"TITLE: Фехтование, футбол и лёгкая атлетика: в «Детско-юношеской спортивной школе №1 г. Бобруйска» прошёл «День открытых дверей»
TEXT: 3 сентября 2026 года на стадионе &amp;laquo;Спартак&amp;raquo; состоялся &amp;laquo;День открытых дверей&amp;raquo; ДЮСШ №1 г. Бобруйска. К 14:00 со всех районов города приехали учащиеся из школ и гимназий (порядка 300 человек), чтобы принять участие в мероприятии. Перед началом была представлена обширная информация о деятельности спортивной школы. Далее по программе мероприятия спортсменами-учащимися учреждения была продемонстрирована показательная тренировка отделений лёгкой атлетики, настольного тенниса, футбола (девушки). Отделение фехтования представлял тренер-преподаватель с демонстрацией техники владения саблей и рапирой. Затем все учащиеся учреждений образования города Бобруйска смогли сами поучаствовать в тренировке, а заинтересованные в дальнейшем обучении спортивному мастерству записывались в группы начальной подготовки. dussh1bobr.lepshy.by",914e7685da38f44ecaf3234bf448e5bf914c2860cd3990d4ce99847364e2a153,999,false,864,json_ld,Могилевская область,Бобруйск,школа/детский сад,,
1.0,https://golk.by/lukashenko-den-belorusskoy-pismennosti-eto-prazdnik-samobytnoy-natsionalnoy-kultury.html,Голас Касцюкоўшчыны,Могилёвская область,2026-09-05T09:18:20+00:00,feed:https://golk.by/feed | homepage | sitemap:https://golk.by/sitemap-news.xml,Лукашенко: День белорусской письменности - это праздник самобытной национальной культуры,REJECT,relevance_rejected,needs_text,политическая тема: лукашенко,"TITLE: Лукашенко: День белорусской письменности - это праздник самобытной национальной культуры
SUMMARY: Президент Беларуси Александр Лукашенко поздравил участников и гостей Дня белорусской письменности с этим традиционным осенним праздником самобытной национальной культуры, богатого духовного наследия. Об этом БЕЛТА сообщили в пресс-службе главы государства. «Такие встречи мастеров, печатников и любителей художественного слова являются неизменным источником мудрости предков, живого диалога между людьми и средством формирования в обществе общечеловеческих ценностей», — говорится в […] The post Лукашенко: День белорусской письменности — это праздник самобытной национальной культуры appeared first on Костюковичи. Новости .
TEXT: Президент Беларуси Александр Лукашенко поздравил участников и гостей Дня белорусской письменности с этим традиционным осенним праздником самобытной национальной культуры, богатого духовного наследия. Об этом БЕЛТА сообщили в пресс-службе главы государства. «Такие встречи мастеров, печатников и любителей художественного слова являются неизменным источником мудрости предков, живого диалога между людьми и средством формирования в обществе общечеловеческих ценностей», — говорится в поздравлении. Президент отметил, что в этом году гостей праздника принимает гостеприимный Костюковичский район — край шумливых боров и древних храмов, родина выдающихся белорусских классиков Аркадия Кулешова и Ивана Чигринова. «Уверен, что именно на этой земле каждый сможет прикоснуться к настоящим литературным сокровищам нашего народа, услышать звучание родного языка, открыть для себя новые имена и произведения современных белорусских и зарубежных авторов», — подчеркнул Александр Лукашенко. Шчыра віншую вас з Днём беларускага пісьменства — традыцыйным восеньскім святам самабытнай нацыянальнай культуры і яе багатай духоўнай спадчыны. Такія сустрэчы майстроў, друкароў і аматараў мастацкага слова з’яўляюцца нязменнай крыніцай мудрасці продкаў, жывога дыялогу паміж людзьмі і сродкам фарміравання ў грамадстве агульначалавечых каштоўнасцей. Сёлета гасцей прымае паэтычная Касцюкоўшчына — край шумлівых бароў і старажытных храмаў, радзіма выбітных беларускіх класікаў Аркадзя Куляшова і Iвана Чыгрынава. Упэўнены, што менавіта на гэтай зямлі кожны зможа дакрануцца да сапраўдных літаратурных скарбаў нашага народа, пачуць гучанне роднай мовы, адкрыць для сябе новыя імёны і творы сучасных беларускіх і замежных аўтараў. Жадаю ўсім моцнага здароўя, цікавых сустрэч, невычэрпнага творчага натхнення і дабрабыту.",0dd7e6ba9474d721532a232c2107b407330fa985e043eae52f4ea9bb2c74a7aa,2535,false,1798,generic_html,,,,,
1.0,https://golk.by/prazdnik-knigi-istorii-i-kultury-hxxiii-den-belorusskoy-pismennosti.html,Голас Касцюкоўшчыны,Могилёвская область,2026-09-05T09:25:08+00:00,feed:https://golk.by/feed | homepage | sitemap:https://golk.by/sitemap-news.xml,"Праздник книги, истории и культуры: ХXXIII День белорусской письменности",REJECT,relevance_rejected,possible,нет связки социальной темы и проблемы,"TITLE: Праздник книги, истории и культуры: ХXXIII День белорусской письменности
SUMMARY: ХXXIII День белорусской письменности принимает 5 и 6 сентября город Костюковичи Могилевской области. В этом году в концепцию праздника включены такие темы, как Год белорусской женщины, 85-я годовщина начала Великой Отечественной войны, юбилеи классиков белорусской литературы. Торжества по случаю Дня белорусской письменности уже много лет проводят в разных городах Беларуси для популяризации лучших традиций национальной […] The post Праздник книги, истории и культуры: ХXXIII День белорусской письменности appeared first on Костюковичи. Новости .
TEXT: ХXXIII День белорусской письменности принимает 5 и 6 сентября город Костюковичи Могилевской области. В этом году в концепцию праздника включены такие темы, как Год белорусской женщины, 85-я годовщина начала Великой Отечественной войны, юбилеи классиков белорусской литературы. Торжества по случаю Дня белорусской письменности уже много лет проводят в разных городах Беларуси для популяризации лучших традиций национальной культуры и печатного слова. Его принимают исторические и культурные центры, с которыми связана жизнь известных деятелей страны. Традиция праздновать День белорусской письменности зародилась в 1994 году, когда в Полоцке впервые прошли мероприятия в честь Дня белорусской письменности и печати. 26 марта 1998 года был принят указ №157 «О государственных праздниках, праздничных днях и памятных датах в Республике Беларусь», который установил, что День белорусской письменности будет ежегодно отмечаться в первое воскресенье сентября. С этого момента праздник получил особенно широкий размах и поддержку на самом высоком уровне. Столицами масштабного торжества ранее уже становились Полоцк, Туров, Новогрудок, Несвиж, Орша, Пинск, Заславль, Мстиславль, Мир, Каменец, Поставы, Шклов, Борисов, Сморгонь, Хойники, Ганцевичи, Глубокое, Быхов, Щучин, Рогачев, Иваново, Слоним, Белыничи, Копыль, Добруш, Городок, Ивацевичи, Лида. В городах, принимающих День белорусской письменности, производят обширные работы по ремонту, реконструкции и восстановлению зданий, улиц и площадей, обновлению жилищного фонда, вводят в эксплуатацию объекты социально-культурной сферы, открывают памятники архитектуры и искусства. Во время праздника участники и гости торжества знакомятся с новыми книжными изданиями, встречаются с литераторами, журналистами, издателями, слушают выступления поэтов и писателей, творческих коллективов и исполнителей. В этом году столицей Дня белорусской письменности стал город Костюковичи, расположенный на реке Жадунька. Упоминания о нем можно встретить в летописях, начиная с 1508 года. Местечко Костюковичи уже в XVI столетии было торговым центром. Примерно в середине XIX века здесь была православная церковь, а также синагога и уездное трехклассное приходское училище. Были развиты ремесленные промыслы: гончарные, бондарные, столярные. В 30-х годах XX столетия были построены корпуса промышленного комбината, льнозавода, кирпичного завода, начала работать швейная артель «Прогресс». В 1938 году Костюковичи получили статус города. В годы Великой Отечественной войны Костюковщина стала партизанским краем. В лесах дислоцировалось 4 партизанские бригады и 6 отрядов. Шести уроженцам Костюковщины было присвоено звание Героя Советского Союза, еще двое стали кавалерами ордена Славы трех степеней. Щедра Костюковичская земля и на талантливых людей. Здесь родились народный поэт Беларуси Аркадий Кулешов, народный писатель Беларуси Иван Чигринов, поэт Алесь Письменков, заслуженный деятель искусств Беларуси художник Антон Бархатков и др. Сегодня Костюковичская земля представляет собой динамично развивающийся регион. Здесь успешно функционируют современная инфраструктура и эффективное сельскохозяйственное производство, развивается малый и средний бизнес. Регион предлагает выгодные условия для делового партнерства, а также обладает значительным потенциалом для развития агроэкотуризма. Ко Дню белорусской письменности в Костюковичах были проведены масштабные работы по благоустройству, ремонту инфраструктуры и обновлению культурных объектов. К празднику в городе появились литературные остановки, на торцевых поверхностях которых разместили тематические композиции, включающие портреты известных белорусских писателей и поэтов, цитаты из их произведений, а также визуальные образы белорусской природы. Гостей праздника ожидает насыщенная и разнообразная программа. Главная сценическая площадка будет находиться на площади возле райисполкома. Основными мероприятиями станут торжественное открытие Дня белорусской письменности и вручение Национальной литературной премии, открытие памятной скульптурной композиции «Алесь i Aлеся», церемония памятного гашения конверта с оригинальной маркой. Здесь же пройдет гала-концерт республиканского конкурса юных чтецов «Живая классика», вечерний праздничный гала-концерт с передачей вымпела будущей столице Дня белорусской письменности и фейерверк. На центральной площадке праздника также разместятся три тематических павильона. Особенностью этого года станет павильон редкой книги, в котором будут собраны уникальные издания со всей страны (редкие старопечатные издания, факсимиле, миниатюрные книги и т.д.), а также «Кабинет писателя», где будут представлены рукописи, личные вещи, редкие фотографии и архивные документы писателей. По улице Ленинской от главной сценической площадки до краеведческого музея разместится еще одна тематическая зона. Здесь будут работать фестиваль «Книги и прессы», тематическая интерактивная презентация регионов Могилевской области, ведомственные и отраслевые павильоны, в частности, Национальной библиотеки, «Белпочты» и ведущих белорусских издательств. Также во время праздника можно будет ознакомиться с туристическим потенциалом Могилевской области и Костюковичского района, посетить различные павильоны, экспозиции «Живое наследие Беларуси», город мастеров. В Свято-Крестовоздвиженском храме состоится праздничное богослужение. Он также примет участников республиканской научно-просветительской экспозиции «Дарогамi да святыняў». На прихрамовой территории пройдет выставка-продажа духовной литературы. Помимо этого, здесь разместятся павильоны других конфессий, которые будут участвовать в мероприятии. Еще одной тематической зоной станет территория от главной сценической площадки по ул.Комсомольской до пересечения с ул.Пушкинской. Пространство здесь будет зонировано, развернуться торговые ряды, фудкорт и выставочные павильоны ведущих предприятий Могилевской области. Помимо основных мероприятий во время Дня белорусской письменности состоится торжественное открытие мурала поэтам и писателям Костюковичского района, мемориальной доски Ивану Чигринову, церемония награждения победителей литературного конкурса и праздничный концерт творческих коллективов Могилевской области. Костюковичи с нетерпением ждут гостей. На несколько дней город превратится в грандиозный просветительский центр, который объединит прошлое, настоящее и будущее Беларуси в единой любви к родному слову, ее культуре и истории. Здесь шелест книжных страниц переплетется со звуками музыки, а на праздничных площадках оживет историческое прошлое страны.",88e5a6f67be898b1d3d53a842363424e2677ef53b7db85bec1f9e94d878e838b,7182,false,6538,generic_html,Могилевская область,,жилой дом/двор,,
1.0,https://golk.by/puteshestvie-v-mir-belorusskogo-knigopechataniya-i-literatury-den-belorusskoy-pismennosti-prohodit-v-kostyukovichah.html,Голас Касцюкоўшчыны,Могилёвская область,2026-09-05T09:22:31+00:00,feed:https://golk.by/feed | homepage | sitemap:https://golk.by/sitemap-news.xml,Путешествие в мир белорусского книгопечатания и литературы. День белорусской письменности проходит в Костюковичах,REJECT,relevance_rejected,possible,нет связки социальной темы и проблемы,"TITLE: Путешествие в мир белорусского книгопечатания и литературы. День белорусской письменности проходит в Костюковичах
SUMMARY: XXXIII День белорусской письменности проходит сегодня в Костюковичах, сообщает БЕЛТА. Для гостей праздника организаторы подготовили яркую и насыщенную программу. Основными темами праздника в этом году определены Год белорусской женщины, 85-я годовщина начала Великой Отечественной войны, юбилеи классиков белорусской литературы и пятилетка качества. Традиционно будет организована работа фестиваля книги и прессы с представлением лучших образцов современного […] The post Путешествие в мир белорусского книгопечатания и литературы. День белорусской письменности проходит в Костюковичах appeared first on Костюковичи. Новости .
TEXT: Большой праздничный гала-концерт стартует на главной сцене в 19.30. Здесь же объявят город, который примет День белорусской письменности в следующем году. Завершится день красочным фейерверком. В 13.00 в микрорайоне Молодежный пройдет открытие мурала, посвященного поэтам и писателям Костюковичского района. В 15.00 на здании Костюковичской центральной районной библиотеки торжественно откроют памятную доску И. Г. Чигринову.",3508a59e82346e36411f2c554ba6d4320e3859da49bbd923adc6c9001bd3810f,1188,false,425,generic_html,,,,,
1.0,https://golk.by/torzhestvennoe-bogosluzhenie-v-ramkah-prazdnovaniya-xxxiii-dnya-belorusskoy-pismennosti-sostoyalos-v-kostyukovichah.html,Голас Касцюкоўшчыны,Могилёвская область,2026-09-05T07:34:52+00:00,feed:https://golk.by/feed | homepage | sitemap:https://golk.by/sitemap-news.xml,Торжественное богослужение в рамках празднования XXXIII Дня белорусской письменности состоялось в Костюковичах,REJECT,relevance_rejected,needs_text,нет связки социальной темы и проблемы,"TITLE: Торжественное богослужение в рамках празднования XXXIII Дня белорусской письменности состоялось в Костюковичах
SUMMARY: Утром в Свято-Крестовоздвиженском храме Костюковичей состоялось торжественное богослужение в рамках празднования XXXIII Дня белорусской письменности. Божественную литургию возглавили Высокопропреосвященнейший Вениамин, митрополит Минский и Заславский, Патриарший Экзарх всея Беларуси, а также архиепископ Могилевский и Мстиславский Софроний в сослужении со священниками. Духовные мероприятия, посвященные празднованию XXXIII Дня белорусской письменности, официально стартовали еще 2 сентября в Минском Свято-Духовом […] The post Торжественное богослужение в рамках празднования XXXIII Дня белорусской письменности состоялось в Костюковичах appeared first on Костюковичи. Новости .
TEXT: Утром в Свято-Крестовоздвиженском храме Костюковичей состоялось торжественное богослужение в рамках празднования XXXIII Дня белорусской письменности. Божественную литургию возглавили Высокопропреосвященнейший Вениамин, митрополит Минский и Заславский, Патриарший Экзарх всея Беларуси, а также архиепископ Могилевский и Мстиславский Софроний в сослужении со священниками. Духовные мероприятия, посвященные празднованию XXXIII Дня белорусской письменности, официально стартовали еще 2 сентября в Минском Свято-Духовом кафедральном соборе, когда прошел торжественный молебен, посвященный началу республиканской научно-просветительской экспедиции «Дорога к святыням». Участники Международной научно-просветительской экспедиции пронесли лампаду с Благодатным огнем от Гроба Господня, преодолев маршрут в 1270 километров по территории Минской, Пинской, Борисовской и Могилевской епархий. Экспедиция прошла по маршруту: Минск – Святое Поле близ деревни Загорье Барановичского района – Березино – Бобруйск – Могилев – Горки – Мстиславль – Костюковичи. В Свято-Крестовоздвиженском храме совершили литургию в честь Отдания праздника Успения Пресвятой Богородицы, воспевая и прославляя Матерь Божью. Для православных это особый день, завершающий 5 сентября многодневное празднование одного из главных событий в жизни Божией Матери. Этот праздник посвящен воспоминанию успения (земной кончины) Пресвятой Богородицы и представляет собой торжественное завершение цикла богослужений, позволяющее верующим глубже осмыслить духовное значение этого события. Отдание является не просто формальным окончанием празднования, но особым духовным актом, закрепляющим в сердцах верующих благодать и смысл празднуемого события. – В Год белорусской женщины образы Евфросинии Полоцкой, Софии Слуцкой, Валентины Минской сродни великому Образу Святой Богородицы, кроткой и смиренной. Это образы для подражания нам в жизни, особенно матерям, – сказал священник в проповеди. – Это образ святости. О Святом Писании, первопечатниках Беларуси, о силе Слова говорилось в проповеди. Свято-Крестовоздвиженская церковь была наполнена верующими, пришедшими на богослужение. В за­вер­ше­ние Вла­ды­ка Ве­ни­а­мин об­ра­тил­ся к со­б­рав­шим­ся со сло­вами поздравлений. За­тем с при­вет­с­твен­ным сло­вом к православным об­ра­тил­ся Ар­хи­е­пис­коп Соф­ро­ний. Атмосфера духовности и чистоты витала в воздухе.",daf356171faea36c331ada437cfce5d3a3cc9c2924611f2580b5ae46b7f469c7,3182,false,2368,generic_html,,,,,
1.0,https://golk.by/torzhestvennoe-otkrytie-xxxiiii-dnya-belorusskoy-pismennosti-v-kostyukovichah.html,Голас Касцюкоўшчыны,Могилёвская область,2026-09-05T09:43:46+00:00,feed:https://golk.by/feed | homepage | sitemap:https://golk.by/sitemap-news.xml,Торжественное открытие XXXIIII Дня белорусской письменности в Костюковичах,REJECT,relevance_rejected,needs_text,политическая тема: лукашенко,"TITLE: Торжественное открытие XXXIIII Дня белорусской письменности в Костюковичах
SUMMARY: На торжественном открытии XXXIII Дня белорусской письменности заместитель премьер-министра Республики Беларусь Наталья Петкевич поприветствовала гостей и участников праздника. От имени Главы государства она передала Приветственный адрес Президента Республики Беларусь Александра Лукашенко председателю Могилевского облисполкома Анатолию Исаченко. Председатель Могилевского облисполкома Анатолий Исаченко, приветствуя участников и гостей XXXIII Дня белорусской письменности, отметил, что этот республиканский праздник объединяет […] The post Торжественное открытие XXXIIII Дня белорусской письменности в Костюковичах appeared first on Костюковичи. Новости .
TEXT: На торжественном открытии XXXIII Дня белорусской письменности заместитель премьер-министра Республики Беларусь Наталья Петкевич поприветствовала гостей и участников праздника. От имени Главы государства она передала Приветственный адрес Президента Республики Беларусь Александра Лукашенко председателю Могилевского облисполкома Анатолию Исаченко. Председатель Могилевского облисполкома Анатолий Исаченко, приветствуя участников и гостей XXXIII Дня белорусской письменности, отметил, что этот республиканский праздник объединяет поколения через белорусское слово и обращает к духовным истокам народа",3ed1bbbb882a5164ccf08442ebc3b2fbda42c91eb62cf4ca0a6c71ef5605184e,1352,false,598,generic_html,,,,,
1.0,https://t.me/mogilevonline/123837,Могилёв Online,Могилёвская область,2026-09-05T15:05:24+00:00,telegram:https://t.me/s/mogilevonline,А вот и ответ на загадку!,REJECT,relevance_rejected,needs_text,нет связки социальной темы и проблемы,"TITLE: А вот и ответ на загадку!
TEXT: А вот и ответ на загадку! На фото — велопарковка в форме скрипичных ключей на Ленинской. Ее установили у школы искусств, когда обновляли пешеходную зону. Выглядит здорово, и велик пристегнуть можно, и сфоткаться рядом приятно. В следующий раз попробуем запутать вас еще сильнее! 😉",f30d714e7daceabdf4dd8c338dc90ee113d758420b67f7d7ec515304a98b137e,319,false,280,inline_text,,,парковка/машино-места,,
1.0,https://t.me/mogilevonline/123829,Могилёв Online,Могилёвская область,2026-09-05T10:49:05+00:00,telegram:https://t.me/s/mogilevonline,В Минске обсуждают создание отдельных палат для женщин с прерыванием беременности,REJECT,relevance_rejected,needs_text,нет связки социальной темы и проблемы,"TITLE: В Минске обсуждают создание отдельных палат для женщин с прерыванием беременности
TEXT: В Минске обсуждают создание отдельных палат для женщин с прерыванием беременности Помните историю Onlíner о женщине, родившей на 22-й неделе прямо в палате с соседкой? Так вот меры планируют предпринять, чтобы снизить психологическую нагрузку пациенток. В Мингорисполкоме медики отметили , что уже пять лет в столичных гинекологических отделениях стараются размещать таких женщин раздельно. Однако система не всегда успевает среагировать, если беременность прерывается не по желанию, а по медицинским показаниям или самопроизвольно. Кстати, предлагают не только выделять отдельные палаты, но и проводить консультации психолога до процедуры, а в случае потери на сроке более 22 недель — информировать семьи о юридических тонкостях и ритуалах погребения.",7c620cf72424da83772b964de1b23b2dbd14cd5d27b9d827788feaa34e431e66,847,false,752,inline_text,Минск,Минск,медицина,,
1.0,https://t.me/mogilevonline/123836,Могилёв Online,Могилёвская область,2026-09-05T14:43:48+00:00,telegram:https://t.me/s/mogilevonline,В Уганде девушка отрезала мужу пенис в ходе ссоры.,REJECT,relevance_rejected,needs_text,нет связки социальной темы и проблемы,"TITLE: В Уганде девушка отрезала мужу пенис в ходе ссоры.
TEXT: В Уганде девушка отрезала мужу пенис в ходе ссоры. Через 2 года у него родился здоровый малыш В июле 2024 года 46-летнему Мозесу Кавубаня супруга нанесла несколько ударов ножом — так лишила полового органа. Позже женщину приговорили к 15 годам заключения. Однако Кавубаня не сдался. Он перенес операцию в частной клинике стоимостью около 10 миллионов шиллингов (~11,6 тысяч бел.руб). Врачи восстановили орган, используя сохранившийся участок ткани длиной 10–13 см. Яички и мошонка не пострадали, благодаря чему, по словам мужчины, удалось вернуть не только физиологическую функцию, но и либидо «на уровне двадцатилетнего». После выздоровления Кавубаня повторно женился, уже в этом браке у пары родился сын, а супруга заявила, что готова пройти ДНК-тест, если кто-то усомнится в отцовстве.",1cd72e5f4a10155891519758afeddfc3d495298c93e47868c2b66996bb052546,852,false,788,inline_text,,,медицина,,
1.0,https://t.me/mogilevonline/123831,Могилёв Online,Могилёвская область,2026-09-05T11:50:11+00:00,telegram:https://t.me/s/mogilevonline,"Китаец запустил сеть салонов, где клиентам...",REJECT,relevance_rejected,needs_text,нет связки социальной темы и проблемы,"TITLE: Китаец запустил сеть салонов, где клиентам...
TEXT: Китаец запустил сеть салонов, где клиентам... чешут тело. Не поверите, но это стало прибыльным бизнесом 32-летний Чжан Сяоцяо из Шэньчжэня открыл уже две точки под брендом Suma . Идея такая: посетитель ложится на массажную кушетку, а сотрудник с длинными накладными «когтями» мягко водит ими по коже. Процедура снимает стресс, улучшает сон и иногда вызывает смех, что, по словам основателя, тоже полезно для организма. Час такого удовольствия стоит 300 юаней (около 137 бел.рублей). Как рассказывает Чжан, в Китае ничего подобного не было, поэтому ему пришлось самому разрабатывать техники. Эксперимент окупился — сейчас сеть приносит около 100 000 юаней (≈45 тысяч бел.рублей) ежемесячно. Интересно, что 70% клиентов — мужчины. Многие говорят, что это расслабляет даже лучше классического массажа. Теперь предприниматель планирует расширить сеть до 100 салонов по всей стране и мечтает, чтобы профессия «чесальщика» стала официальной 🫠",6812e91397fa9cd4f826f29c629e4898a6f82d223bd29522457fffd60a5bd089,995,false,936,inline_text,,,,,
1.0,https://t.me/mogilevonline/123821,Могилёв Online,Могилёвская область,2026-09-05T08:44:23+00:00,telegram:https://t.me/s/mogilevonline,Наконец-то на проблему с пандусом на Дубровенке обратили внимание!,KEEP,included,possible,,"TITLE: Наконец-то на проблему с пандусом на Дубровенке обратили внимание!
TEXT: Наконец-то на проблему с пандусом на Дубровенке обратили внимание! Там сейчас ведутся работы Ранее мы уже писали о том, как женщина с коляской не смогла нормально спуститься к набережной: пандуса она не нашла. Позже мы с подписчиками выяснили, что какой-то вариант таки был — конструкция на противоположном берегу. Выглядела она откровенно удручающе. В соцсетях люди жаловались, что по такому спуску коляска просто не заедет 🤷‍♀️ И похоже, нас услышали. Сейчас наш фотокорреспондент заметил, что лестницу начали демонтировать — там перекладывают плиты. Вероятно, будут проводить работы по совершенствованию спуска. Следите за новостями — обязательно проинформируем вас, когда ремонтные работы завершатся!",ce2726f9994743204f8350e2b106fa53bc5d4b810b778b78b348e619e3371b0a,784,false,704,inline_text,,,река/озеро/берег,,
1.0,https://t.me/mogilevonline/123827,Могилёв Online,Могилёвская область,2026-09-05T09:40:08+00:00,telegram:https://t.me/s/mogilevonline,Оранжевый уровень опасности уже добрался до четырех областей — Могилевщина пока в стороне,REJECT,relevance_rejected,possible,нет связки социальной темы и проблемы,"TITLE: Оранжевый уровень опасности уже добрался до четырех областей — Могилевщина пока в стороне
TEXT: Оранжевый уровень опасности уже добрался до четырех областей — Могилевщина пока в стороне Сегодня в Беларуси он объявлен в связи с порывистым ветром. Помощь уже потребовалась в столице и регионах страны — Брестском, Витебском, Гомельском и Минском. В Барановичском районе и самом Бресте ветер повредил три легковых автомобиля. В Витебской области помощь оказывали шесть раз — в Оршанском, Витебском, Докшицком и Чашникском районах. В Мозыре упавшее дерево перекрыло движение по переулку Фабричному — его распилили, чтобы освободить дорогу. В Минской области спасатели трижды выезжали в Борисовский и Смолевичский районы для уборки упавших деревьев. У столицы на счету два случая падения деревьев и один — обрушения временных деревянных опор электрокабеля. По данным МЧС, пока что никто не пострадал.",816460b30680efdb67f6d5a2eb57a2b6919d71ed6067f65a856d58ead5373390,902,false,799,inline_text,Могилевская область,Могилев,,опасность/безопасность,
1.0,https://t.me/mogilevonline/123832,Могилёв Online,Могилёвская область,2026-09-05T13:25:50+00:00,telegram:https://t.me/s/mogilevonline,Отвлеклась и врезалась в ограждение: в Белыничском районе в ДТП пострадали дети,REJECT,relevance_rejected,possible,нет связки социальной темы и проблемы,"TITLE: Отвлеклась и врезалась в ограждение: в Белыничском районе в ДТП пострадали дети
TEXT: Отвлеклась и врезалась в ограждение: в Белыничском районе в ДТП пострадали дети Авария произошла сегодня около 13 часов недалеко от деревни Ермоловичи. 38-летняя минчанка, по предварительным данным, потеряла концентрацию и наехала на тросовое ограждение. В салоне были дети: 3-летняя девочка и 6-летний мальчик. Оба ребенка с травмами доставлены в больницу, причем один из них перевозился без автокресла. Сейчас на месте работают инспекторы ГАИ 🔎",fbe208798222de95fd788ae828e49248fddc2ac45941ea385b5c2f680a126436,539,false,446,inline_text,,,,опасность/безопасность,
1.0,https://t.me/mogilevonline/123830,Могилёв Online,Могилёвская область,2026-09-05T11:10:24+00:00,telegram:https://t.me/s/mogilevonline,Очередной раунд «Городских пряток» уже здесь!,REJECT,relevance_rejected,needs_text,нет связки социальной темы и проблемы,"TITLE: Очередной раунд «Городских пряток» уже здесь!
TEXT: Очередной раунд «Городских пряток» уже здесь! Сможете узнать место? Сегодня в кадре —скрипичные ключи, установленные на одной из центральных улиц Могилева. Задача двойная, нужно не только вычислить место где они располагаются, но и догадаться, какую практическую пользу приносят эти музыкальные арт-объекты. Узнали место и назначение — ставим 👍 Впервые видите — 😢 Ответ в ленте через несколько часов!",0f2bcee550958976106f5649ecf004211c4130b82abe2cdd8b4a17565eaa0e45,459,false,400,inline_text,Могилевская область,Могилев,дорога/улица,,
1.0,https://magilev.by/news/2026/09/05/artista-nado-lubit,МогилёвОнлайн,Могилёвская область,2026-09-05T15:00:00+00:00,homepage,"Алла Грахова, бывшая актриса бобруйского театра: «Артистов надо любить и поддерживать»",REJECT,relevance_rejected,needs_text,нет связки социальной темы и проблемы,"TITLE: Алла Грахова, бывшая актриса бобруйского театра: «Артистов надо любить и поддерживать»
TEXT: 6 сентября – день рождения Аллы Граховой , которая много лет играла в бобруйском театре драмы и комедии имени В. И. Дунина-Марцинкевича и руководила его литературно-драматургической частью. В 2023-м контракт с Аллой Игнатьевной не продлили, теперь она «на отдыхе», но обо всем по порядку. Бобруйск, театр им. Дунина-Марцинкевича, 16 ноября 2013 года. Творческий вечер актрисы Аллы Граховой Родилась Алла Грахова в 1953 году в Молодечно, в далекой от театра семье Девятень. – Только мама любила петь, и папа был просто шебутной, работал то водителем, то парикмахером. Но кто в детстве не мечтает стать артистом? – восклицает Алла Игнатьевна. – Я пошла в тетральную студию городского Дома культуры, сейчас в том здании молодечненский театр. Мы со спектаклем даже ездили в Минск. Туда же и собралась поступать, в театрально-художественный институт (теперь Академия искусств). Тогда экзамены в театральные вузы были раньше остальных, если бы не поступила – пошла бы на филфак. Моей учительнице очень нравились мои сочинения, однажды ей даже пришлось доказывать гороно, что на городском конкурсе не она за меня писала, а я сама (все равно не поверили). Но так получилось, что я поступила. Учительница огорчилась. Алла Грахова дома, 2025г. Училась на актера драмы и кино. – Хотя нас даже ни разу не сводили на киностудию... Курс был маленький, четыре девочки и восемь мальчиков, и какой-то несчастливый – каждый год менялись педагоги. На последнем курсе Алла вышла замуж за художника-мультипликатора, который работал на «Беларусфильме». По распределению работала в столичном Театре юного зрителя, когда директором был Артур Витальевич Вольский. Но труппа была собрана, закрепиться не получилось. Пыталась много где устроиться, и в Гомеле, и в Гродно. – В одном месте сказали: «Нам нужна актриса лирико-романтическая, а вы – лирико-драматическая», – улыбается Алла Игнатьевна. Коллега по ТЮЗу Нина Воронецкая, до того работавшая в Бобруйске с Ларисой Федченко, Заслуженной артисткой Беларуси, спросила у нее, нужна ли им молодая актриса. Так в 1977-м Алла Грахова оказалась в Бобруйске. – Главным режиссером тогда был Франц Пухович, а играли еще в Доме культуры на Комсомольской, в бывшей синагоге – теперешнее здание театра только готовилось к открытию. Но самое главное – играли каждый день! – вспоминает Алла Грахова. – Понедельник – выходной, вторник – репетиции, а в остальные дни – спектакли. С мая – гастроли на все лето. В Украину, в Россию, на Север – другие люди, другое восприятие. Движение для театра – это прекрасно. В августе – отпуск на отпускные и сэкономленные суточные, а с сентября – снова в театр. И полтора месяца без зарплаты ( смеется ). – ... И люди ходили в театр, – продолжает собеседница. – Тогда и вариантов для развлечения, конечно, было мало. А теперь... «вся наша жизнь – театр», вот, может, потому и не хотят ходить в театр, наигравшись в жизни... Бобруйск, театр им. Дунина-Марцинкевича, 16.11.2013 . Творческий вечер актрисы Аллы Граховой Сколько ролей сыграла, даже главных, именинница не помнит и, говорит, не считала. На международном фестивале «Классика сегодня» в Украине дважды получала приз за лучшую женскую роль в спектаклях «Лес» и «Дядюшкин сон». – Очень неожиданно было. И неописуемо волнительно. Поднимаешься на сцену за призом, словно «Оскар» получаешь, – вспоминает Алла Игнатьевна. Алла Грахова в спектакле «Лес», 2013 – Много играла в сказках. Никогда не играла мальчиков – и вдруг в 30 лет дали играть Антошку. Это был шок – рыжий парик и веснушки сделали, но мальчик все равно получился не очень «мальчиковый», – смеется Алла Грахова. – А самая последняя моя сказочная роль – Метла в «Золушке». ...Как-то на гастролях я играла принцессу, вредную, но в красивом платье, и одна девочка очень захотела мне что-нибудь подарить. Цветов у нее с папой не было, и она подарила мне... яблоко. Из последних работ Граховой очень запомнились «Точки на временной оси» и «Смешанные чувства» – эти спектакли ставила режиссер Татьяна Троянович. – Помощником был Станислав Савотин, после он один сезон был главным режиссером нашего театра. А танцы ставил брестчанин Валерий Султанов – у него танцевали и те, кто не умел, все легко получалось. Очень интересно было! Когда режиссер точно знает, чего хочет, спектакль будет отличным, даже если актер не дотягивает. А если и артист «добавляется» – вообще красота! Вадиму Бабиничу обычно давали комедийные роли, а в «Точках» он играл абсолютно трагическую – и это было прекрасно. Я должна была по сцене гонять на велосипеде – режиссер боялась, вдруг что, но я сказала: спокойно, буду ездить. Я теперь постоянно на велосипеде катаюсь, по разным городам... Последняя роль Аллы Граховой в театре – в пьесе «Песя и Янко». – Ставила Таня Дорогобед, ее дочка Маша играла мою героиню Песю в молодости – говорили, что мы действительно вышли очень похожими. Этот спектакль должны были показать по всей Беларуси, но почему-то не показали. Алла Грахова (в глубине сцены) и Мария Дорогобед в спектакле «Песя и Янко», 2021. Фото театра им. Дунина-Марцинкевича – Актер – самая зависимая профессия, – рассуждает ветеран сцены. – В другой работе начальник тоже есть, но он не будет же тебе указывать, как гайку крутить. А тут зависишь от всех и всего, не только от главного режиссера. Как говорил Александр Ширвиндт: «Театр – сборище сумасшедших, фанатичных, истеричных, милых, трогательных, наивных и в основном несчастных людей, со случайно счастливой судьбой» ( Алла Грахова приводит цитату Народного артиста РСФСР полностью по памяти – прим. авт. ). Очень тяжело, когда понимаешь, что артист полностью не реализовал себя. Эта мысль меня посетила, когда внезапно ушла Юзэфа Казимировна Саевич ( актриса работала в бобруйском театре с 1958 по 2012 годы – прим. авт. ). Она была алмаз! Но словно не ограненный. И невольно думаешь, что онкология развивается и от нереализованности... Провинциальным артистам особенно тяжело, их мало кто знает, замечает. Надо их популяризировать, а для этого их надо любить. Я бы «Заслуженных» давала, в первую очередь, за то, что они тут работают. Артистов надо любить и поддерживать. Алла Грахова в спектакле «Дом, где всё кувырком», 2014 В начале 2000-х Алла Грахова вдобавок к актерской роли взялась и за творческо-административную работу. Стала руководить литературно-драматургической частью театра. – Это работа с репертуаром, с авторами, – объясняет она. – Авторы приносят нам свои пьесы (да, авторы могут быть хоть «с улицы») – надо прочитать, разобраться, нужно ли, можем ли мы это сделать, пьеса ли это вообще. Даже если приглашенные режиссеры дают свои пьесы – оцениваем, в основном главреж, но с рекомендациями завлита. А еще это популяризация театра – программки, статьи про артистов, по истории театра, для СМИ и для справочников, энциклопедий. Интересная работа. Школьные сочинения пригодились! Алла Грахова и Татьяна Дорогобед в спектакле «Осторожно! Тётки!», 2018 В 2023-м контракт с Аллой Граховой не продлили. В 70 лет актриса ушла на заслуженный отдых. – На велосипеде езжу, книжки читаю, когда совсем хреново – детективы смотрю, – рассказывает она о том, чем занимается на пенсии. – К сыновьям часто езжу – один давно в Испании работает, в рыболовецкой компании, второй – в Польше, но работа связана тоже с испаноязычными странами. Меня часто спрашивают, где лучше: на Канарах, в Варшаве или в Бобруйске? А я отвечаю: от себя не убежишь. Если живешь в гармонии с собой, тогда везде хорошо. Алла Грахова с внуком и сестрой Анной Кужджал, 2026 В Варшаве меня Старый город поражает – все ведь в войну было уничтожено, а восстановили. И если реставрируют старинный дом, обязательно оставляют часть стены или декора, как было. Кстати, поддерживаю там отношения с сестрами-салезианками, которые служили при бобруйском костеле. Виделась с Вадимом Бабиничем. Конечно, сходила в Варшаве в театр – для начала на знакомое, на «Ревизора» в Народовом. Смотрю и думаю: наши Саша Кучерев или Вадим",14af1c469a0a2917d052a5d73db19e5e0a31f798debd7557f77352bb98f7ad0a,7994,true,137218,generic_html,Могилевская область,Бобруйск,,,
1.0,https://magilev.by/news/2026/09/05/afriku-uvelichat-v-razmerah-generalnaya-assambleya-oon-progolosovala-za-novuyu-kartu-mira,МогилёвОнлайн,Могилёвская область,2026-09-05T11:20:00+00:00,homepage,Африку увеличат в размерах: Генеральная Ассамблея ООН проголосовала за новую карту мира,REJECT,relevance_rejected,needs_text,нет связки социальной темы и проблемы,"TITLE: Африку увеличат в размерах: Генеральная Ассамблея ООН проголосовала за новую карту мира
TEXT: Генеральная Ассамблея ООН 4 сентября проголосовала за резолюцию, призывающую официально отказаться от традиционной проекции Меркатора в пользу картографической проекции Equal Earth, которая точнее передает реальные размеры Африки и других регионов мира. Как передает ТАСС, за документ проголосовали 164 государства, еще 6 стран – Украина, Молдова, Грузия, Сербия, Литва, Эстония – воздержались. Соединенные Штаты стали единственной страной, проголосовавшей против резолюции. Перед голосованием представитель США при ООН призвала полностью отклонить документ, заявив, что Вашингтон рассматривает инициативу не как нейтральную попытку исправить картографические искажения, а как часть более широкой «идеологической повестки». Американская сторона также выразила мнение, что подобные резолюции отвлекают ООН от вопросов международного мира, процветания и межгосударственных отношений. На привычной карте мира в проекции Меркатора, созданной в 1569 году, Африка выглядит примерно такой же по площади, как Гренландия. В действительности континент в 14 раз больше острова. Это связано с тем, что такая проекция искажает площади: у экватора территории выглядят меньше, чем на самом деле. Резолюции ООН не имеют обязательной силы, но в случае принятия могут привести к обновлению школьных программ и картографических сервисов. Кампания #CorrectTheMap, поддержанная Африканским союзом в 2025 году, продвигает использование более точной карты Equal Earth 2018 года. Резолюцию на голосование предложила Того. Как передает ТАСС, за документ проголосовали 164 государства, еще 6 стран – Украина, Молдова, Грузия, Сербия, Литва, Эстония – воздержались. Соединенные Штаты стали единственной страной, проголосовавшей против резолюции. Перед голосованием представитель США при ООН призвала полностью отклонить документ, заявив, что Вашингтон рассматривает инициативу не как нейтральную попытку исправить картографические искажения, а как часть более широкой «идеологической повестки». Американская сторона также выразила мнение, что подобные резолюции отвлекают ООН от вопросов международного мира, процветания и межгосударственных отношений. На привычной карте мира в проекции Меркатора, созданной в 1569 году, Африка выглядит примерно такой же по площади, как Гренландия. В действительности континент в 14 раз больше острова. Это связано с тем, что такая проекция искажает площади: у экватора территории выглядят меньше, чем на самом деле. Резолюции ООН не имеют обязательной силы, но в случае принятия могут привести к обновлению школьных программ и картографических сервисов. Кампания #CorrectTheMap, поддержанная Африканским союзом в 2025 году, продвигает использование более точной карты Equal Earth 2018 года. Резолюцию на голосование предложила Того. Перед голосованием представитель США при ООН призвала полностью отклонить документ, заявив, что Вашингтон рассматривает инициативу не как нейтральную попытку исправить картографические искажения, а как часть более широкой «идеологической повестки». Американская сторона также выразила мнение, что подобные резолюции отвлекают ООН от вопросов международного мира, процветания и межгосударственных отношений. На привычной карте мира в проекции Меркатора, созданной в 1569 году, Африка выглядит примерно такой же по площади, как Гренландия. В действительности континент в 14 раз больше острова. Это связано с тем, что такая проекция искажает площади: у экватора территории выглядят меньше, чем на самом деле. Резолюции ООН не имеют обязательной силы, но в случае принятия могут привести к обновлению школьных программ и картографических сервисов. Кампания #CorrectTheMap, поддержанная Африканским союзом в 2025 году, продвигает использование более точной карты Equal Earth 2018 года. Резолюцию на голосование предложила Того. На привычной карте мира в проекции Меркатора, созданной в 1569 году, Африка выглядит примерно такой же по площади, как Гренландия. В действительности континент в 14 раз больше острова. Это связано с тем, что такая проекция искажает площади: у экватора территории выглядят меньше, чем на самом деле. Резолюции ООН не имеют обязательной силы, но в случае принятия могут привести к обновлению школьных программ и картографических сервисов. Кампания #CorrectTheMap, поддержанная Африканским союзом в 2025 году, продвигает использование более точной карты Equal Earth 2018 года. Резолюцию на голосование предложила Того. Резолюции ООН не имеют обязательной силы, но в случае принятия могут привести к обновлению школьных программ и картографических сервисов. Кампания #CorrectTheMap, поддержанная Африканским союзом в 2025 году, продвигает использование более точной карты Equal Earth 2018 года. Резолюцию на голосование предложила Того. Кампания #CorrectTheMap, поддержанная Африканским союзом в 2025 году, продвигает использование более точной карты Equal Earth 2018 года. Резолюцию на голосование предложила Того. Резолюцию на голосование предложила Того.",9de97ea1ea36d6442b2b10a809af3f7075bae8598e5398d703ee7db32582a434,5019,false,4918,generic_html,,,,,
1.0,https://magilev.by/news/2026/09/05/v-kostyukovichah-torzhestvenno-otkryli-xxxiii-den-belorusskoj-pismennosti,МогилёвОнлайн,Могилёвская область,2026-09-05T13:00:00+00:00,homepage,В Костюковичах торжественно открыли XXXIII День белорусской письменности,REJECT,relevance_rejected,needs_text,политическая тема: лукашенко,"TITLE: В Костюковичах торжественно открыли XXXIII День белорусской письменности
TEXT: В субботу, 5 сентября, в Костюковичах состоялось торжественное открытие XXXIII Дня белорусской письменности, сообщает mogilevnews.by. Одним из ярких событий первого дня праздника стала программа «Родная мова – мова шчаслівых людзей», развернувшаяся на главной сцене города. В церемонии приняли участие почетные гости, представители литературного и культурного сообщества, жители и гости Костюковичей. Костюковичи, 5 сентября 2026 года. Торжественное открытие XXXIII Дня белорусской письменности. Фото: mogilevnews.by. С приветственным словом к участникам праздника обратилась заместитель Премьер-министра Республики Беларусь Наталья Петкевич. Она передала приветственный адрес Президента Республики Беларусь Александра Лукашенко председателю Могилевского облисполкома Анатолию Исаченко. В обращении Глава государства назвал День белорусской письменности традиционным осенним праздником самобытной национальной культуры и богатого духовного наследия. Особо отмечено, что в этом году гостей принимает Костюковщина – родина выдающихся представителей белорусской литературы Аркадия Кулешова и Ивана Чигринова. Президент выразил уверенность, что праздник даст возможность прикоснуться к литературным сокровищам страны, услышать родной язык и открыть новые имена современных авторов. Костюковичи, 5 сентября 2026 года. Торжественное открытие XXXIII Дня белорусской письменности. Фото: mogilevnews.by. Приветствуя участников и гостей, председатель Могилевского облисполкома Анатолий Исаченко подчеркнул объединяющую роль белорусского слова и связь литературы с исторической памятью народа. – Этот республиканский праздник – День белорусской письменности – призван объединить нас, показать нашу белорусскую духовность, человечность, связать поколения словом. Кто не помнит своего прошлого, у того нет будущего. Именно белорусское слово, наши писатели помогают показать наш народ, его истоки, показать, какие мы есть и чем гордимся. А нам есть чем гордиться, – отметил Анатолий Исаченко. Костюковичи, 5 сентября 2026 года. Торжественное открытие XXXIII Дня белорусской письменности. Фото: mogilevnews.by. Сама постановка открытия была выстроена вокруг темы преемственности поколений и сохранения родного языка. Одним из главных художественных образов программы стала женщина – хранительница семейного очага, мать и учитель. Еще одним символом стала подкова, изображенная на гербе Костюковичей. Начало сценического представления связали с легендой о Костюке, который завещал потомкам беречь родную землю и язык. Эта идея получила продолжение в символической передаче свитка со славянской азбукой от предков современному поколению детей — как напоминание о необходимости сохранять и передавать родное слово дальше. Костюковичи, 5 сентября 2026 года. Торжественное открытие XXXIII Дня белорусской письменности. Фото: mogilevnews.by. В торжественной программе задействовали около 600 артистов. Еще одним знаковым моментом церемонии стало традиционное вручение Национальной литературной премии. На главной сцене отметили авторов, чьи произведения получили высокую оценку в различных литературных номинациях. Костюковичи, 5 сентября 2026 года. Торжественное открытие XXXIII Дня белорусской письменности. Фото: mogilevnews.by. Награды лауреатам вручили министр информации Республики Беларусь Дмитрий Жук и председатель общественного объединения «Союз писателей Беларуси», директор издательства «Беларусь» Александр Карлюкевич. Национальная литературная премия традиционно является одной из центральных составляющих Дня белорусской письменности. Одним из ярких событий первого дня праздника стала программа «Родная мова – мова шчаслівых людзей», развернувшаяся на главной сцене города. В церемонии приняли участие почетные гости, представители литературного и культурного сообщества, жители и гости Костюковичей. Костюковичи, 5 сентября 2026 года. Торжественное открытие XXXIII Дня белорусской письменности. Фото: mogilevnews.by. С приветственным словом к участникам праздника обратилась заместитель Премьер-министра Республики Беларусь Наталья Петкевич. Она передала приветственный адрес Президента Республики Беларусь Александра Лукашенко председателю Могилевского облисполкома Анатолию Исаченко. В обращении Глава государства назвал День белорусской письменности традиционным осенним праздником самобытной национальной культуры и богатого духовного наследия. Особо отмечено, что в этом году гостей принимает Костюковщина – родина выдающихся представителей белорусской литературы Аркадия Кулешова и Ивана Чигринова. Президент выразил уверенность, что праздник даст возможность прикоснуться к литературным сокровищам страны, услышать родной язык и открыть новые имена современных авторов. Костюковичи, 5 сентября 2026 года. Торжественное открытие XXXIII Дня белорусской письменности. Фото: mogilevnews.by. Приветствуя участников и гостей, председатель Могилевского облисполкома Анатолий Исаченко подчеркнул объединяющую роль белорусского слова и связь литературы с исторической памятью народа. – Этот республиканский праздник – День белорусской письменности – призван объединить нас, показать нашу белорусскую духовность, человечность, связать поколения словом. Кто не помнит своего прошлого, у того нет будущего. Именно белорусское слово, наши писатели помогают показать наш народ, его истоки, показать, какие мы есть и чем гордимся. А нам есть чем гордиться, – отметил Анатолий Исаченко. Костюковичи, 5 сентября 2026 года. Торжественное открытие XXXIII Дня белорусской письменности. Фото: mogilevnews.by. Сама постановка открытия была выстроена вокруг темы преемственности поколений и сохранения родного языка. Одним из главных художественных образов программы стала женщина – хранительница семейного очага, мать и учитель. Еще одним символом стала подкова, изображенная на гербе Костюковичей. Начало сценического представления связали с легендой о Костюке, который завещал потомкам беречь родную землю и язык. Эта идея получила продолжение в символической передаче свитка со славянской азбукой от предков современному поколению детей — как напоминание о необходимости сохранять и передавать родное слово дальше. Костюковичи, 5 сентября 2026 года. Торжественное открытие XXXIII Дня белорусской письменности. Фото: mogilevnews.by. В торжественной программе задействовали около 600 артистов. Еще одним знаковым моментом церемонии стало традиционное вручение Национальной литературной премии. На главной сцене отметили авторов, чьи произведения получили высокую оценку в различных литературных номинациях. Костюковичи, 5 сентября 2026 года. Торжественное открытие XXXIII Дня белорусской письменности. Фото: mogilevnews.by. Награды лауреатам вручили министр информации Республики Беларусь Дмитрий Жук и председатель общественного объединения «Союз писателей Беларуси», директор издательства «Беларусь» Александр Карлюкевич. Национальная литературная премия традиционно является одной из центральных составляющих Дня белорусской письменности. С приветственным словом к участникам праздника обратилась заместитель Премьер-министра Республики Беларусь Наталья Петкевич. Она передала приветственный адрес Президента Республики Беларусь Александра Лукашенко председателю Могилевского облисполкома Анатолию Исаченко. В обращении Глава государства назвал День белорусской письменности традиционным осенним праздником самобытной национальной культуры и богатого духовного наследия. Особо отмечено, что в этом году гостей принимает Костюковщина – родина выдающихся представителей белорусской литературы Аркадия Кулешова и Ивана Чигринова. Президент выразил уверенность, что праздник даст возможность прикоснуться к литературным сокровищам страны, услышать родной язык и открыть новые имена современных авторов. Костюковичи, 5 сентября 2026 года. Торжественное открытие XXXIII Дня белорусской письменности. Фото: mogilevnews.by. Приветствуя участников и гостей, председатель Могилевского облисполкома Анатолий Исаченко подчеркнул",6e98aec1ae93467530026c37ca2e689b210c1e01bd063aaa3a33d5e5233b6d41,7987,true,21007,generic_html,,,,,
1.0,https://magilev.by/news/2026/09/05/mogilevskie-semidesyatniki-i-queen-ne-zabyli-i-merkyuri-pomnyat,МогилёвОнлайн,Могилёвская область,2026-09-05T12:00:00+00:00,homepage,"Могилевские «семидесятники» и «Queen» не забыли, и Меркьюри помнят",REJECT,relevance_rejected,needs_text,нет связки социальной темы и проблемы,"TITLE: Могилевские «семидесятники» и «Queen» не забыли, и Меркьюри помнят
TEXT: От «нас» – я имею в первую очередь в виду живших в бывшем Советском Союзе, когда музыканты, и не только группы «Queen», были физически нам просто недоступны. Вне зависимости от их места пребывания в земном или небесном мирах. Мы знали их только по музыкальным записям, по фотографиям, потом по видеороликам… 2017, Могилев. Пластинка группы«Queen (справа)», на одной из тусовок могилевских «семидесятников». Хотя кое-кому из могилевчан удалось побывать на живых концертах тех же «Queen» с Фредди Меркьюри. При том в период их наивысшего расцвета. Я знаю только одного такого счастливчика – Игоря Максименко. – Дело было в июле 1986 года в Будапеште на стадионе «Непштадион», – вспоминает Игорь. – Группа тогда совершала мировое турне «The Magic Tour», и один из концертов проходил в венгерской столице. 2017, Могилев. Игорь Максименко в гостях у Володи Кутузова. – Интересно, а каким ветром тебя в те годы занесло в Будапешт? – В середине 80-х я работал заведующим 35-й столовой «Пачастунак», что на Ленинской. Раньше она, если помнишь, называлась «Диетическая». Затем завербовался работать в Венгрию в летную столовую, в которой питались обслуживающие самолеты военнослужащие и техработники. Мы находились километрах в 20 от Дебрецена. До Будапешта – 200. – Билеты на концерт тебе на самолете привезли? Скриншот из фильма о выступлении группы «Queen» в Будапеште. – Если бы, билетов было не достать! Их официальная стоимость – что-то около 300 форинтов, это примерно две бутыли коньяка. Но купить билеты можно было только с рук и по заоблачной цене. Зрители ведь понаехали со всей Европы! Я все-таки в день концерта утром отправился в Будапешт, предпринял массу попыток добыть билет и, когда уже практически потерял надежду, организаторы неожиданно, в целях избежать травм и увечий висевших на фонарях и столбах поклонников, открыли ворота стадиона. Все находившиеся неподалеку, включая меня, бесплатно попали в зону заднего ряда амфитеатра. Коллаж «Фредди не черепаха». – Как впечатления от выступления? – Полная прострация. Эмоции, чувства настолько переполняли нас, что не могу даже примерно восстановить ход событий. Что-то невероятное! Чуть позже вышел фильм об этом концерте, и я его смотрел у нас в «Чырвонай Зорцы». Впечатления – примерно такие же восторженные! Мы знали их только по музыкальным записям, по фотографиям, потом по видеороликам… 2017, Могилев. Пластинка группы«Queen (справа)», на одной из тусовок могилевских «семидесятников». Хотя кое-кому из могилевчан удалось побывать на живых концертах тех же «Queen» с Фредди Меркьюри. При том в период их наивысшего расцвета. Я знаю только одного такого счастливчика – Игоря Максименко. – Дело было в июле 1986 года в Будапеште на стадионе «Непштадион», – вспоминает Игорь. – Группа тогда совершала мировое турне «The Magic Tour», и один из концертов проходил в венгерской столице. 2017, Могилев. Игорь Максименко в гостях у Володи Кутузова. – Интересно, а каким ветром тебя в те годы занесло в Будапешт? – В середине 80-х я работал заведующим 35-й столовой «Пачастунак», что на Ленинской. Раньше она, если помнишь, называлась «Диетическая». Затем завербовался работать в Венгрию в летную столовую, в которой питались обслуживающие самолеты военнослужащие и техработники. Мы находились километрах в 20 от Дебрецена. До Будапешта – 200. – Билеты на концерт тебе на самолете привезли? Скриншот из фильма о выступлении группы «Queen» в Будапеште. – Если бы, билетов было не достать! Их официальная стоимость – что-то около 300 форинтов, это примерно две бутыли коньяка. Но купить билеты можно было только с рук и по заоблачной цене. Зрители ведь понаехали со всей Европы! Я все-таки в день концерта утром отправился в Будапешт, предпринял массу попыток добыть билет и, когда уже практически потерял надежду, организаторы неожиданно, в целях избежать травм и увечий висевших на фонарях и столбах поклонников, открыли ворота стадиона. Все находившиеся неподалеку, включая меня, бесплатно попали в зону заднего ряда амфитеатра. Коллаж «Фредди не черепаха». – Как впечатления от выступления? – Полная прострация. Эмоции, чувства настолько переполняли нас, что не могу даже примерно восстановить ход событий. Что-то невероятное! Чуть позже вышел фильм об этом концерте, и я его смотрел у нас в «Чырвонай Зорцы». Впечатления – примерно такие же восторженные! Хотя кое-кому из могилевчан удалось побывать на живых концертах тех же «Queen» с Фредди Меркьюри. При том в период их наивысшего расцвета. Я знаю только одного такого счастливчика – Игоря Максименко. – Дело было в июле 1986 года в Будапеште на стадионе «Непштадион», – вспоминает Игорь. – Группа тогда совершала мировое турне «The Magic Tour», и один из концертов проходил в венгерской столице. 2017, Могилев. Игорь Максименко в гостях у Володи Кутузова. – Интересно, а каким ветром тебя в те годы занесло в Будапешт? – В середине 80-х я работал заведующим 35-й столовой «Пачастунак», что на Ленинской. Раньше она, если помнишь, называлась «Диетическая». Затем завербовался работать в Венгрию в летную столовую, в которой питались обслуживающие самолеты военнослужащие и техработники. Мы находились километрах в 20 от Дебрецена. До Будапешта – 200. – Билеты на концерт тебе на самолете привезли? Скриншот из фильма о выступлении группы «Queen» в Будапеште. – Если бы, билетов было не достать! Их официальная стоимость – что-то около 300 форинтов, это примерно две бутыли коньяка. Но купить билеты можно было только с рук и по заоблачной цене. Зрители ведь понаехали со всей Европы! Я все-таки в день концерта утром отправился в Будапешт, предпринял массу попыток добыть билет и, когда уже практически потерял надежду, организаторы неожиданно, в целях избежать травм и увечий висевших на фонарях и столбах поклонников, открыли ворота стадиона. Все находившиеся неподалеку, включая меня, бесплатно попали в зону заднего ряда амфитеатра. Коллаж «Фредди не черепаха». – Как впечатления от выступления? – Полная прострация. Эмоции, чувства настолько переполняли нас, что не могу даже примерно восстановить ход событий. Что-то невероятное! Чуть позже вышел фильм об этом концерте, и я его смотрел у нас в «Чырвонай Зорцы». Впечатления – примерно такие же восторженные! – Дело было в июле 1986 года в Будапеште на стадионе «Непштадион», – вспоминает Игорь. – Группа тогда совершала мировое турне «The Magic Tour», и один из концертов проходил в венгерской столице. 2017, Могилев. Игорь Максименко в гостях у Володи Кутузова. – Интересно, а каким ветром тебя в те годы занесло в Будапешт? – В середине 80-х я работал заведующим 35-й столовой «Пачастунак», что на Ленинской. Раньше она, если помнишь, называлась «Диетическая». Затем завербовался работать в Венгрию в летную столовую, в которой питались обслуживающие самолеты военнослужащие и техработники. Мы находились километрах в 20 от Дебрецена. До Будапешта – 200. – Билеты на концерт тебе на самолете привезли? Скриншот из фильма о выступлении группы «Queen» в Будапеште. – Если бы, билетов было не достать! Их официальная стоимость – что-то около 300 форинтов, это примерно две бутыли коньяка. Но купить билеты можно было только с рук и по заоблачной цене. Зрители ведь понаехали со всей Европы! Я все-таки в день концерта утром отправился в Будапешт, предпринял массу попыток добыть билет и, когда уже практически потерял надежду, организаторы неожиданно, в целях избежать травм и увечий висевших на фонарях и столбах поклонников, открыли ворота стадиона. Все находившиеся неподалеку, включая меня, бесплатно попали в зону заднего ряда амфитеатра. Коллаж «Фредди не черепаха». – Как впечатления от выступления? – Полная прострация. Эмоции, чувства настолько переполняли нас, что не могу даже примерно восстановить ход событий. Что-то невероятное! Чуть позже вышел фильм об этом концерте, и я его смотрел у нас в «Чырвонай Зорцы». Впечатления – примерно такие же восторженные! – Интересно, а каким ветром тебя в те годы занесло в Будапешт? – В середине",e705a47c2e6fb596f84ffe44597fae6d1c644b8ac3db84bda1d18ea58d793484,7995,true,13076,generic_html,Могилевская область,Могилев,,,
1.0,https://magilev.by/news/2026/09/05/na-dvuh-bobrujskih-perekrestkah-izmenili-rezhim-raboty-svetofora,МогилёвОнлайн,Могилёвская область,2026-09-05T10:10:00+00:00,homepage,На двух бобруйских перекрестках изменили режим работы светофора,REJECT,relevance_rejected,needs_text,нет связки социальной темы и проблемы,"TITLE: На двух бобруйских перекрестках изменили режим работы светофора
TEXT: 03.09.2026. 101, Советская улица, Ленинский район, Бобруйск, Могилёвская область, 213809, Беларусь. Новая организация движения пешеходов на перекрестке. Начиная с четверга, 3 сентября, на двух бобруйских перекрестках изменен режим работы светофорных объектов. Об этом сообщили в ОГАИ УВД Бобруйского горисполкома. Речь о пересечении улиц Советская и Гоголя и Пролетарская и Октябрьская. 03.09.2026. 101, Советская улица, Ленинский район, Бобруйск, Могилёвская область, 213809, Беларусь. Новая организация движения пешеходов на перекрестке. На обоих перекрестках выделена отдельная фаза для пешеходов – пешие участники дорожного движения могут переходить проезжую часть во всех направлениях. Такой принцип исключает конфликт «транспорт-пешеход» и уже применяется на пяти городских перекрестках: улица Батова – проспект Строителей, Лынькова – 50 лет ВЛКСМ, Советская – Комсомольская, К. Маркса – Орловского, Пушкина – Дзержинского. ГАИ призывает пешеходов быть внимательными и руководствоваться сигналами только пешеходных светофоров. 03.09.2026. 101, Советская улица, Ленинский район, Бобруйск, Могилёвская область, 213809, Беларусь. Новая организация движения пешеходов на перекрестке. Напомним, на минувшей неделе на двух других городских перекрестках изменилась организация движения: добавлены дополнительные полосы для поворота налево. 03.09.2026. 101, Советская улица, Ленинский район, Бобруйск, Могилёвская область, 213809, Беларусь. Новая организация движения пешеходов на перекрестке. Начиная с четверга, 3 сентября, на двух бобруйских перекрестках изменен режим работы светофорных объектов. Об этом сообщили в ОГАИ УВД Бобруйского горисполкома. Речь о пересечении улиц Советская и Гоголя и Пролетарская и Октябрьская. 03.09.2026. 101, Советская улица, Ленинский район, Бобруйск, Могилёвская область, 213809, Беларусь. Новая организация движения пешеходов на перекрестке. На обоих перекрестках выделена отдельная фаза для пешеходов – пешие участники дорожного движения могут переходить проезжую часть во всех направлениях. Такой принцип исключает конфликт «транспорт-пешеход» и уже применяется на пяти городских перекрестках: улица Батова – проспект Строителей, Лынькова – 50 лет ВЛКСМ, Советская – Комсомольская, К. Маркса – Орловского, Пушкина – Дзержинского. ГАИ призывает пешеходов быть внимательными и руководствоваться сигналами только пешеходных светофоров. 03.09.2026. 101, Советская улица, Ленинский район, Бобруйск, Могилёвская область, 213809, Беларусь. Новая организация движения пешеходов на перекрестке. Напомним, на минувшей неделе на двух других городских перекрестках изменилась организация движения: добавлены дополнительные полосы для поворота налево. 03.09.2026. 101, Советская улица, Ленинский район, Бобруйск, Могилёвская область, 213809, Беларусь. Новая организация движения пешеходов на перекрестке. На обоих перекрестках выделена отдельная фаза для пешеходов – пешие участники дорожного движения могут переходить проезжую часть во всех направлениях. Такой принцип исключает конфликт «транспорт-пешеход» и уже применяется на пяти городских перекрестках: улица Батова – проспект Строителей, Лынькова – 50 лет ВЛКСМ, Советская – Комсомольская, К. Маркса – Орловского, Пушкина – Дзержинского. ГАИ призывает пешеходов быть внимательными и руководствоваться сигналами только пешеходных светофоров. 03.09.2026. 101, Советская улица, Ленинский район, Бобруйск, Могилёвская область, 213809, Беларусь. Новая организация движения пешеходов на перекрестке. Напомним, на минувшей неделе на двух других городских перекрестках изменилась организация движения: добавлены дополнительные полосы для поворота налево. 03.09.2026. 101, Советская улица, Ленинский район, Бобруйск, Могилёвская область, 213809, Беларусь. Новая организация движения пешеходов на перекрестке. Напомним, на минувшей неделе на двух других городских перекрестках изменилась организация движения: добавлены дополнительные полосы для поворота налево. 03.09.2026. 101, Советская улица, Ленинский район, Бобруйск, Могилёвская область, 213809, Беларусь. Новая организация движения пешеходов на перекрестке.",780564f804b6aa91b803c8add90af34e53440e7a52488d99753cdda78ca3914b,4165,false,4088,generic_html,Могилевская область,Бобруйск,,,
1.0,https://magilev.by/news/2026/09/05/nachinaem-nash-gribnoj-konkurs-tihaya-ohota,МогилёвОнлайн,Могилёвская область,2026-09-05T14:00:00+00:00,homepage,Начинаем наш грибной конкурс «Тихая охота»,REJECT,relevance_rejected,needs_text,нет связки социальной темы и проблемы,"TITLE: Начинаем наш грибной конкурс «Тихая охота»
TEXT: Наш конкурс «Тихая охота» всегда вызывает неизменный интерес среди грибников и читателей. А потому в этом году мы решили не изменять традиции и снова предлагаем вам делиться с нами снимками своего грибного улова! Авторы самых интересных снимков снова получат в подарок корзины из лозы ручной работы и подписку на газету «Вечерний Бобруйск». Открываем наш конкурс снимками заядлых грибников из Бобруйска, которые уже не раз становились героями наших публикаций. Тех, кто может похвастать богатым уловом даже тогда, когда другие уходят из леса с пустыми лукошками. На этом снимке Антонина Соколова со своими «трофеями». Собирала она их 3 сентября в районе станции Осиповичи-3. 3.09.2026. Антонина Соколова со своими трофеями. – Грибы осенние только начинаются, – говорит грибница. – Маслята пошли, боровики и подосиновики появляются. Сегодня (3 сентября) нашла четыре красноголовика, три боровика и литров восемь маслят. А вот брусники очень много и нетронутая. 3.09.2026. Добыча Антонины Соколовой. 3.09.2026. Добыча Антонины Соколовой. А на следующем фото – добыча Игоря Белиалова . Он «охотился» 3 сентября в районе Петровичей. 3.09.2026. Добыча Игоря Билиалова. – Сейчас сухо очень в лесу, грибы немного начали появляться, – говорит Игорь. – На той неделе их еще нигде не было, только кое-где попадались лисички и все. Мы поняли, что все сухое и поехали в низины, в болото, там росли подосиновики и подберезовики. Неделя прошла, во вторник появляется информация, что пошли маслята. И мы проверили. Нашли маслята, подберезовики, сыроежки, лисички, много зонтиков, королевские опята, белые начали проклевываться, полезли откуда-то зеленки, хотя их сезон позже. Рыжики стали появляться. Все завесит от того, как пойдут дальше дожди. Я очень слежу за этим, потому что я без леса жить не могу. Обычно лучший урожай грибов в Дубовке, но, к сожалению, там сейчас все сухое, так как пески. Если там дожди начинаются, это просто рай для грибника. Чем нас удивляли участники конкурса в прошлые годы, можете посмотреть в наших публикациях: «Улов хороший – 320 крепких подосиновиков!» Наш грибной фотоконкурс продолжается «Было много эмоций, когда на одном месте нашли штук 25 боровиков!» Наш фотоконкурс продолжается Боровики из Телуши, маслятки из-под Могилева и гриб-гигант из России! Наш фотоконкурс продолжается Восемь ведер опят со своего двора и Боня-грибница. Наш фотоконкурс грибов продолжается Красавцы боровики из Мирадино и подосиновики из Бервы. Фотоконкурс грибников продолжается Подводим итоги нашего грибного фотоконкурса «Ай да улов!» Для участия в конкурсе необходимо: • Прислать фото своего грибного улова на адрес редакции: red-vb@yandex.ru либо в Viber или Telegram на номер: +375 29 126 48 87 до 15 ноября (возможно, сроки будут продлены). Внимание! Принимаются только качественные фото и не более четырех. В приоритете – горизонтальные снимки, на которых присутствуют люди или животные. В конкурсе принимают участие только жители Могилевской области, остальные фото публикуются вне конкурса! Обязательно напишите, кто на фото, в каком населенном пункте вы проживаете и где «охотились». Укажите свой контактный телефон для связи. Авторы самых интересных снимков снова получат в подарок корзины из лозы ручной работы и подписку на газету «Вечерний Бобруйск». Открываем наш конкурс снимками заядлых грибников из Бобруйска, которые уже не раз становились героями наших публикаций. Тех, кто может похвастать богатым уловом даже тогда, когда другие уходят из леса с пустыми лукошками. На этом снимке Антонина Соколова со своими «трофеями». Собирала она их 3 сентября в районе станции Осиповичи-3. 3.09.2026. Антонина Соколова со своими трофеями. – Грибы осенние только начинаются, – говорит грибница. – Маслята пошли, боровики и подосиновики появляются. Сегодня (3 сентября) нашла четыре красноголовика, три боровика и литров восемь маслят. А вот брусники очень много и нетронутая. 3.09.2026. Добыча Антонины Соколовой. 3.09.2026. Добыча Антонины Соколовой. А на следующем фото – добыча Игоря Белиалова . Он «охотился» 3 сентября в районе Петровичей. 3.09.2026. Добыча Игоря Билиалова. – Сейчас сухо очень в лесу, грибы немного начали появляться, – говорит Игорь. – На той неделе их еще нигде не было, только кое-где попадались лисички и все. Мы поняли, что все сухое и поехали в низины, в болото, там росли подосиновики и подберезовики. Неделя прошла, во вторник появляется информация, что пошли маслята. И мы проверили. Нашли маслята, подберезовики, сыроежки, лисички, много зонтиков, королевские опята, белые начали проклевываться, полезли откуда-то зеленки, хотя их сезон позже. Рыжики стали появляться. Все завесит от того, как пойдут дальше дожди. Я очень слежу за этим, потому что я без леса жить не могу. Обычно лучший урожай грибов в Дубовке, но, к сожалению, там сейчас все сухое, так как пески. Если там дожди начинаются, это просто рай для грибника. Чем нас удивляли участники конкурса в прошлые годы, можете посмотреть в наших публикациях: «Улов хороший – 320 крепких подосиновиков!» Наш грибной фотоконкурс продолжается «Было много эмоций, когда на одном месте нашли штук 25 боровиков!» Наш фотоконкурс продолжается Боровики из Телуши, маслятки из-под Могилева и гриб-гигант из России! Наш фотоконкурс продолжается Восемь ведер опят со своего двора и Боня-грибница. Наш фотоконкурс грибов продолжается Красавцы боровики из Мирадино и подосиновики из Бервы. Фотоконкурс грибников продолжается Подводим итоги нашего грибного фотоконкурса «Ай да улов!» Для участия в конкурсе необходимо: • Прислать фото своего грибного улова на адрес редакции: red-vb@yandex.ru либо в Viber или Telegram на номер: +375 29 126 48 87 до 15 ноября (возможно, сроки будут продлены). Внимание! Принимаются только качественные фото и не более четырех. В приоритете – горизонтальные снимки, на которых присутствуют люди или животные. В конкурсе принимают участие только жители Могилевской области, остальные фото публикуются вне конкурса! Обязательно напишите, кто на фото, в каком населенном пункте вы проживаете и где «охотились». Укажите свой контактный телефон для связи. Открываем наш конкурс снимками заядлых грибников из Бобруйска, которые уже не раз становились героями наших публикаций. Тех, кто может похвастать богатым уловом даже тогда, когда другие уходят из леса с пустыми лукошками. На этом снимке Антонина Соколова со своими «трофеями». Собирала она их 3 сентября в районе станции Осиповичи-3. 3.09.2026. Антонина Соколова со своими трофеями. – Грибы осенние только начинаются, – говорит грибница. – Маслята пошли, боровики и подосиновики появляются. Сегодня (3 сентября) нашла четыре красноголовика, три боровика и литров восемь маслят. А вот брусники очень много и нетронутая. 3.09.2026. Добыча Антонины Соколовой. 3.09.2026. Добыча Антонины Соколовой. А на следующем фото – добыча Игоря Белиалова . Он «охотился» 3 сентября в районе Петровичей. 3.09.2026. Добыча Игоря Билиалова. – Сейчас сухо очень в лесу, грибы немного начали появляться, – говорит Игорь. – На той неделе их еще нигде не было, только кое-где попадались лисички и все. Мы поняли, что все сухое и поехали в низины, в болото, там росли подосиновики и подберезовики. Неделя прошла, во вторник появляется информация, что пошли маслята. И мы проверили. Нашли маслята, подберезовики, сыроежки, лисички, много зонтиков, королевские опята, белые начали проклевываться, полезли откуда-то зеленки, хотя их сезон позже. Рыжики стали появляться. Все завесит от того, как пойдут дальше дожди. Я очень слежу за этим, потому что я без леса жить не могу. Обычно лучший урожай грибов в Дубовке, но, к сожалению, там сейчас все сухое, так как пески. Если там дожди начинаются, это просто рай для грибника. Чем нас удивляли участники конкурса в прошлые годы, можете посмотреть в наших публикациях: «Улов хороший – 320 крепких подосиновиков!» Наш грибной фотоконкурс продолжается «Было много эмоций, когда на одном месте нашли штук 25 боровиков!» Наш фотоконкурс продолжается",659348400c41cf2fdfc83d9afd08d6ee30ac94421a0874687187e7030afc1152,7993,true,25562,generic_html,,,,,
1.0,https://magilev.by/news/2026/09/05/orshanskij-general-i-dribinskij-robot-puteshestvie-odnogo-dnya-s-trehletnim-rebenkom,МогилёвОнлайн,Могилёвская область,2026-09-05T09:00:00+00:00,homepage,Оршанский «генерал» и дрибинский «робот». Путешествие одного дня с трехлетним ребенком,REJECT,relevance_rejected,needs_text,нет связки социальной темы и проблемы,"TITLE: Оршанский «генерал» и дрибинский «робот». Путешествие одного дня с трехлетним ребенком
TEXT: Идея этой поездки родилась спонтанно: выходной, отличная солнечная погода и острое желание сменить обстановку. Наш план-максимум выглядел так: выезжаем на машине из Могилева, держим путь на Оршу, а затем рулим в Дрибин, где как раз вовсю должны были идти «Дрибинские торжки». 15 августа 2026 г. Путешествие одного дня в Оршу. Дорога между городами проходил через живописные деревни, поэтому скучать в пути не приходится. То аиста в гнезде увидишь, то лошадей с коровами на пастбище, то местных жителей, торгующих свежим урожаем прямо у заборов. Все главные достопримечательности Орши можно легко обойти пешком за один день. Наше знакомство с городом началось у здания из красного кирпича, построенного в 1902 году на старинном водяном канале. Это этнографический музей «Мельница». 15 августа 2026 г. Путешествие одного дня в Оршу. Этнографический музей «Мельница». Входной билет стоит совсем недорого – 3 рубля 40 копеек. Признаться, мне было очень любопытно заглянуть внутрь, но с трехлетним ребенком ходить по залам тяжеловато. Забегая вперед, скажу: ни в один музей мы, в итоге, так и не попали. Малыш рвался в парк и на паровоз на вокзале и никакой культуры категорически не желал. 15 августа 2026 г. Путешествие одного дня в Оршу. Музей «Мельница», а рядом Иезуитский коллегиум. Хотя в «Мельницу» и Иезуитский коллегиум вполне можно было заскочить – они находятся в самом центре и стоят рядышком. А вот до музеев Владимира Короткевича и Константина Заслонова уже пришлось бы ехать на машине. 15 августа 2026 г. Путешествие одного дня в Оршу. Иезуитский коллегиум. Как жара помогла нам не оставить в парке 50 рублей Поскольку на улице вовсю светило солнце, мы решили просто погулять у воды в центре и полюбоваться местом, где сливаются реки Оршица и Днепр. Всего в двух минутах ходьбы от старой мельницы как раз расположен Иезуитский коллегиум. 15 августа 2026 г. Путешествие одного дня в Оршу. Иезуитский коллегиум. Этот комплекс построили еще в XVII-XVIII веках, и долгое время он оставался главным культурно-образовательным центром региона. Ровно в полдень на здании забили башенные часы. Мы послушали их звон и поехали дальше – в детский парк «Сказочная страна». 15 августа 2026 г. Путешествие одного дня в Оршу. Детский парк «Сказочная страна». Его главная фишка – скульптуры известных литературных персонажей – ребенка не заинтересовала, он спешил на карусели. Цены на них по сравнению с могилевскими мне показались высокими. Самой дешевой оказалась цепочная карусель – 5 рублей. За паровозик, который катает посетителей по аллеям, просили уже 7 рублей 50 копеек. Дешевле 10 рублей аттракционов я больше не увидела: столько стоили и батуты, и лабиринты, и электромобили. 15 августа 2026 г. Путешествие одного дня в Оршу. Детский парк «Сказочная страна». День выдался жарким, а тени в парке мало – практически все карусели находятся на самом солнцепеке. Из-за духоты ребенок даже не «выпрыгал» положенные 20 минут на батуте и потерял к нему интерес уже через пять минут. Это, пожалуй, и спасло родительский кошелек. Иначе прогулка в парке обошлась бы минимум в 50 рублей. Ограничились рожком мороженого за «пятерку». 15 августа 2026 г. Путешествие одного дня в Оршу. Вид на реку Днепр. В парке, кстати, хорошо погулять и без каруселей – отсюда открывается отличный вид на реку, есть точки с мороженым, картошкой фри, блинами, гамбургерами и пр. Работает кафе. Мы уже почти собрались присесть за столик, но стали прикидывать время. Чтобы успеть во вторую точку нашего маршрута – Дрибин, где как раз проходил фестиваль «Дрибинские торжки», нужно было поторопиться и умножить скорость. Тем более, что перед Дрибином хотелось погулять по знаменитому вокзалу. 15 августа 2026 г. Путешествие одного дня в Оршу. Железнодорожный вокзал. Фотосессия у паровоза и мешок выпечки за 27 рублей Хоть мы и приехали в город на авто, не побывать на вокзале нельзя. Оршанский вокзал – это не просто станция, а огромное, красивое здание, как в кино. Построили его больше века назад, и оно пережило кучу исторических событий. Мы прошлись по перрону под гул поездов, поразглядывали старинные арки и мощные колонны. Малыш был в восторге от поездов, а мы поймали то самое романтичное ощущение дальней дороги, которое бывает только на вокзалах. 15 августа 2026 г. Путешествие одного дня в Оршу. Железнодорожный вокзал. Сам по себе вокзал расположен далековато от исторического центра города, но на машине до него долетели быстро. К слову, о бытовых мелочах, которые важны в дороге: туалет на вокзале платный, стоит 1 рубль 20 копеек. Пока ребенок наслаждался исследованием памятника паровозу, с восторгом разглядывая огромные колеса выше человеческого роста, мы устроили ему отличную фотосессию. Оказывается, у паровоза есть гордое прозвище «Генерал». Его так прозвали за широкие полосы на бортах, похожие на генеральские лампасы. 15 августа 2026 г. Путешествие одного дня в Оршу. Железнодорожный вокзал. Памятник паровозу, который прозвали «генерал». Нагуляв аппетит у перронов, мы не смогли пройти мимо пекарни напротив вокзала. Набрали еще горячих, пышных булочек, пицц и чебуреков и устроили перекус прямо на ходу. За целый мешок выпечки заплатили чуть более 27 рублей. 15 августа 2026 г. Путешествие одного дня в Оршу. В пекарне у железнодорожного вокзала. Ребенок, весь перемазанный в сахарной пудре, уплетал булочку за обе щеки, а взрослые наконец-то смогли выдохнуть и просто посмотреть на проходящие мимо поезда. Сама Орша почему-то очень напомнила мне российский Смоленск. Возможно, из-за обилия частных магазинчиков, которые открыты прямо на первых этажах жилых пятиэтажек. Около продовольственных магазинов встречались аккуратные деревянные навесы с надписью «Торговый ряд». Там сидели местные бабушки и продавали огороднину. 15 августа 2026 г. Путешествие одного дня в Оршу. Дорога через Козлы и Зубры и неожиданный Оптимус Прайм под Могилевом До Дрибина решили добираться короткой дорогой через Горки. И этот путь подарил нам отдельное развлечение – у нас получился настоящий топонимический зоопарк. На знаках то и дело мелькали «животные» названия деревень: Козлы, Зубры, Сава… Сама трасса в этих местах невероятно живописная. Такое ощущение, что аисты облюбовали каждый столб. Гнезда встречались буквально на каждом шагу, и мы с ребенком едва успевали крутить головами по сторонам и считать птиц. 15 августа 2026 г. По дороге в Дрибин. Правда, в самом Дрибине нас ждало разочарование. Пока мы гуляли по Орше, прикидывали время и считали аистов, «Дрибинские торжки» уже закончились. Мастера разъезжались, и праздничная суета сошла на нет. Мы, конечно, знатно огорчились. А ехали-то с надеждой застать самый разгар ярмарки, привезти домой уникальные сувениры из войлока и показать ребенку народные гулянья. 15 августа 2026 г. Путешествие одного дня в Дрибин. Город встретил нас тишиной. Малыш, уставший от дневной жары, уже капризничал, а наши надежды на веселый финал дня растаяли. И все же, даже несмотря на смазанную концовку, поездка удалась. 15 августа 2026 г. Путешествие одного дня в Дрибин. Белоснежная Спасо-Преображенская церковь. По пути в Могилев мы остановились посмотреть на ветряки, а на въезде в город со стороны агрогородка Полыковичи тормознули у пункта приема и скупки металлолома. Там рабочие этого пункта создали из металлолома современную достопримечательность – пятиметровую фигуру Оптимуса Прайма. Робот из железного хлама, старых автомобильных запчастей, шестеренок, дисков и труб... Выглядел он, как пришелец из фантастического фильма. А рядом с этим железным гигантом красовался аутентичный ретро-мотоцикл с коляской. Наш малыш сидел бы на этом мотоцикле и час, но к локации то и дело подъезжали машины с его ровесниками, так что место приходилось периодически уступать. 15 августа 2026 г. Путешествие одного дня в Дрибин. Робот из старого хлама – креатив местных работников пункта скупки лома. Усталость и плохое настроение у ребенка как рукой сняло. Эта случайная точка",123c39ddfca5a0923a384377a0e0b26c3bde52bcc864ddcaaa794edf404bc837,7996,true,94888,generic_html,Могилевская область,Могилев,,,
