dataset_id,item_id,event_id,source,title,url,date,runs,exact_excerpt,aliases,regex_decision,regex_category,regex_reason,final_label,first_pass_label,editor_category,editor_reason,editor_note,label_timestamp,adjudicated,adjudication_note,adjudicated_at,selection_stratum,selection_probability,sampling_weight,evidence_available,review_status
se-monitor-blind-gold-2026-09-03-final-v1,evt_d6883dc015434667,evt_d6883dc015434667,Smartpress.by,Сообщения о бомбах поступили сразу в несколько учреждений Минска,https://smartpress.by/news/soobshcheniya-o-bombakh-postupili-srazu-v-neskolko-uchrezhdeniy-minska,2026-09-02,[36],,"[""https://smartpress.by/news/soobshcheniya-o-bombakh-postupili-srazu-v-neskolko-uchrezhdeniy-minska""]",REJECT,,нет связки социальной темы и проблемы,KEEP,KEEP,Экстремизм,Есть социальная проблема и затронутая группа,"Событие влияет на образовательный процесс, безопасность детей, обеспокоенность родителей",2026-09-03T18:53:44.514Z,NO,,,regex_reject,0.45977011,2.175,NO,GOLD_LOCKED
se-monitor-blind-gold-2026-09-03-final-v1,evt_6076d69677306316,evt_6076d69677306316,Smartpress.by,Минчанин обменял настоящие 100 долларов в банке – все равно заплатит 2250 рублей штрафа,https://smartpress.by/news/minchanin-obmenyal-nastoyashchie-100-dollarov-v-banke-vse-ravno-zaplatit-2250-rubley-shtrafa,2026-08-28,"[21,22,23]",,"[""https://smartpress.by/news/minchanin-obmenyal-nastoyashchie-100-dollarov-v-banke-vse-ravno-zaplatit-2250-rubley-shtrafa""]",REJECT,,,KEEP,KEEP,"Возмущение высокими платежами, штрафами",Массовые интересы потребителей,"Потенциально вирусная статья, привлекающая внимание общества",2026-09-03T12:28:31.527Z,NO,,,regex_reject,0.45977011,2.175,NO,GOLD_LOCKED
se-monitor-blind-gold-2026-09-03-final-v1,evt_c679c9d3cbaf1fc3,evt_c679c9d3cbaf1fc3,Smartpress.by,"“Из головы переношу сразу на металл”: как кузнец из Витебска делает красоту из железа, и почему его мастерская почти встала",https://smartpress.by/idea/lyudi/iz-golovy-perenoshu-srazu-na-metall-kak-kuznets-iz-vitebska-delaet-krasotu-iz-zheleza-i-pochemu-ego-,2026-09-01,"[30,31]",,"[""https://smartpress.by/idea/lyudi/iz-golovy-perenoshu-srazu-na-metall-kak-kuznets-iz-vitebska-delaet-krasotu-iz-zheleza-i-pochemu-ego-""]",REJECT,,нет связки социальной темы и проблемы,REJECT,REJECT,Событийная информация,Единичный частный случай без широкого эффекта,"Частный случай, вне зоны ответственности властей",2026-09-03T12:30:13.759Z,NO,,,regex_reject,0.45977011,2.175,NO,GOLD_LOCKED
se-monitor-blind-gold-2026-09-03-final-v1,evt_3b1fa948c6eccdd8,evt_3b1fa948c6eccdd8,Виртуальный Брест,Белоруска пропала без вести во время наводнения в Непале: что известно,https://virtualbrest.ru/news190733.php,2026-09-01,[35],,"[""https://virtualbrest.ru/news190733.php""]",REJECT,,Evidence Binding: тема и проблема связаны только глубоко в тексте,REJECT,REJECT,Событийная информация,Единичный частный случай без широкого эффекта,"Единичное событие, не массовая трагедия для белорусского общества, отсутствие данных о пострадавших белорусских детях",2026-09-03T12:31:57.703Z,NO,,,regex_reject,0.45977011,2.175,NO,GOLD_LOCKED
se-monitor-blind-gold-2026-09-03-final-v1,evt_4747612ee1f56afb,evt_4747612ee1f56afb,Виртуальный Брест,Исторический рекорд и дефицит осадков. Белгидромет представил климатическую характеристику августа,https://virtualbrest.ru/news190846.php,2026-09-03,"[38,39]",,"[""https://virtualbrest.ru/news190846.php""]",REJECT,,последствия стихии без жалобы на работу служб: ливн,REJECT,REJECT,Последствия стихии без жалобы на работу служб,Нет конкретной проблемы или ущерба,"Не приведины жалобы населения на неурожай, засуху, отрицательное влияние на урожай",2026-09-03T12:33:46.471Z,NO,,,regex_reject,0.45977011,2.175,NO,GOLD_LOCKED
se-monitor-blind-gold-2026-09-03-final-v1,evt_2ab8559b79ce93cf,evt_2ab8559b79ce93cf,МогилёвОнлайн,Беларусь вводит временный запрет на вывоз отдельных видов промышленных товаров,https://magilev.by/news/2026/09/02/belarus-vvodit-vremennyj-zapret-na-vyvoz-otdelnyh-vidov-promyshlennyh-tovarov,2026-09-02,[36],"С 23 сентября 2026 года на 6 месяцев вводится временный запрет на вывоз отдельных видов промышленных товаров в целях недопущения необоснованного вывоза промышленных товаров с территории Беларуси в условиях предотвращения дефицита таких товаров на внутреннем рынке страны, сообщает пресс-служба правительства. В частности, актуализирован перечень товаров, на вывоз которых действует временный запрет. Исключены товары: разрешительный порядок вывоза которых нецелесообразен с учетом правоприменительной практики ввиду полного отсутствия заявлений на вывоз в период действия ограничительной меры либо их незначительного количества. […] Исключены товары: разрешительный порядок вывоза которых нецелесообразен с учетом правоприменительной практики ввиду полного отсутствия заявлений на вывоз в период действия ограничительной меры либо их незначительного количества. […] Исключены товары: разрешительный порядок вывоза которых нецелесообразен с учетом правоприменительной практики ввиду полного отсутствия заявлений на вывоз в период действия ограничительной меры либо их незначительного количества. […]","[""https://magilev.by/news/2026/09/02/belarus-vvodit-vremennyj-zapret-na-vyvoz-otdelnyh-vidov-promyshlennyh-tovarov""]",KEEP,"Цены, торговля и дефицит",,REJECT,REJECT,Информирование без общественной реакции,Нет конкретной проблемы или ущерба,Отсутствует информация о реакции общества на нововведение,2026-09-03T12:35:26.542Z,NO,,,regex_keep,0.39473684,2.53333333,YES,GOLD_LOCKED
se-monitor-blind-gold-2026-09-03-final-v1,evt_6a904ef1c34cd2b6,evt_6a904ef1c34cd2b6,BGmedia,Беларуских товаров в магазинах должно стать больше. Но что с их качеством? — BGmedia,https://bgmedia.site/news/mart-vvodit-novyj-normativ-dlya-torgovli,2026-08-27,"[11,13,14,15,16]","Министерство антимонопольного регулирования и торговли 20 августа подписало постановление, которым вводится временный норматив по наличию беларуских товаров в торговом ассортименте. В МАРТ объясняют решение необходимостью обеспечить национальную безопасность. Пока ведомство не раскрыло всех деталей нового требования. Их должны представить 27 августа во время специального семинара, где представители министерства также ответят на вопросы. […] Среди причин называют использование импортного сырья и комплектующих, а также рост логистических расходов. Но отдельная проблема — отношение покупателей к качеству некоторых беларуских товаров. В последние годы в соцсетях регулярно появляются истории людей, которые жалуются на продукцию отечественных производителей. […]","[""https://bgmedia.site/news/mart-vvodit-novyj-normativ-dlya-torgovli"",""https://charter97.org/ru/news/2026/8/26/696132""]",KEEP,"Законы, права и общественное регулирование",,KEEP,KEEP,"Законы, права и общественное регулирование",Массовые интересы потребителей,Присутствует анализ влияния нового нормативного документа на благосостояние белорусского общества,2026-09-03T12:36:26.719Z,NO,,,regex_keep,0.39473684,2.53333333,YES,GOLD_LOCKED
se-monitor-blind-gold-2026-09-03-final-v1,evt_21cef9c72e432eaf,evt_21cef9c72e432eaf,Gomel Today,Под проверку,https://t.me/gomeltoday/162583,2026-09-02,[38],"Под проверку попали 12 из 16 магазинов сети в Беларуси. […] В Гомеле такой магазин находится в ТЦ «Секрет». Попал ли он под раздачу – не сообщается. Среди нарушений – неполная информация о товарах, отсутствие ценников, несоблюдение обязательного ассортимента и прочие. После проверки магазинам выдали шесть рекомендаций и пять предписаний о запрете продажи товаров с истекшими сроками годности. Это касается картриджей и черных чернил. […]","[""https://t.me/gomeltoday/162583""]",KEEP,"Цены, торговля и дефицит",,KEEP,KEEP,"Центы, торговля и дефицит",Массовые интересы потребителей,"Присутсвует реакция властей, значит проблема уже решена, поэтому актуальность сюжета низкая, но публикация вызовет интерес аудитории из-за того, что затронуты интересы многих потребителей.",2026-09-03T12:37:38.407Z,NO,,,regex_keep,0.39473684,2.53333333,YES,GOLD_LOCKED
se-monitor-blind-gold-2026-09-03-final-v1,evt_987b16a808dc715e,evt_987b16a808dc715e,Минская правда,"Новые подстанции, электропотери, должники – куда уходят целевые взносы в СТ - 27.08.2026",https://mlyn.by/27082026/novye-podstanczii-elektropoteri-dolzhniki-kuda-uhodyat-czelevye-vznosy-v-st,2026-08-27,"[17,18,19]","В Threads обнаружены граждане, которые попали в сказку. Появилась ветка, где люди обсуждают целевые взносы в СТ под Минском и возмущаются их размерам. 270 рублей в год, 315, 350 – много это или мало? «Минская правда» разобралась. Как правило, дачников в комментариях возмущает не сам размер взносов (они целевые – то есть в них входит зарплата правления и сметы ремонтов, которые можно корректировать на общем собрании), а необходимость гасить из целевых взносов долги за свет. Выглядит это так: половина СТ может вынести цифровые счетчики на столбы, а часть – пользоваться советскими приборами либо иметь в доме левые подключения. […] Чем больше СТ, тем больше потерь. […]","[""https://mlyn.by/27082026/novye-podstanczii-elektropoteri-dolzhniki-kuda-uhodyat-czelevye-vznosy-v-st""]",KEEP,"Законы, права и общественное регулирование",,KEEP,KEEP,"Законы, права и общественное регулирование",Есть социальная проблема и затронутая группа,"Проблема замечена и требует решения, действий по исправлению еще не предпринималось, высокая актуальность для мониторинга",2026-09-03T12:39:57.406Z,NO,,,regex_keep,0.39473684,2.53333333,YES,GOLD_LOCKED
se-monitor-blind-gold-2026-09-03-final-v1,evt_91ecced56b4ceead,evt_91ecced56b4ceead,Onlíner,У Дворца спорта выстроились очереди за дынями. Показываем атмосферу - Люди Onlíner,https://people.onliner.by/2026/08/28/u-dvorca-sporta-vystroilis-ocheredi-za-dynyami-pokazyvaem-atmosferu,2026-08-28,"[21,22,23,24]","Площадка у Дворца спорта на три дня превратилась в маленький кусочек Узбекистана — в Минске сегодня стартовал Фестиваль узбекской дыни. […] Одними покупками дело не ограничивается: посетителям дают попробовать фрукты на месте, поэтому возле дегустационных точек быстро собираются очереди. […] Фестиваль проходит у Дворца спорта с 28 по 30 августа. […]","[""https://people.onliner.by/2026/08/28/u-dvorca-sporta-vystroilis-ocheredi-za-dynyami-pokazyvaem-atmosferu""]",KEEP,Дороги и благоустройство,,REJECT,REJECT,Информация о событии,Нет конкретной проблемы или ущерба,"Описание фестиваля, присутствуют элементы рекламы, отсутствует проблема",2026-09-03T12:40:54.206Z,NO,,,regex_keep,0.39473684,2.53333333,YES,GOLD_LOCKED
se-monitor-blind-gold-2026-09-03-final-v1,evt_1456ee87a9b013c3,evt_1456ee87a9b013c3,Виртуальный Брест,"Кто прав, а кто нет? Видео в сети из Бреста вызвало споры",https://virtualbrest.ru/news190428.php,2026-08-28,"[20,21,22,23]","[…] — Не понимаю, в чем проблема, — пишет пользователь с ником tvoy_lashmeyker. — Чтобы выехать, я нарушил правила на видео, — объясняет автор ролика. — Впереди одностороннее движение только налево. Надо выезжать, максимально прижавшись к левой части дороги, а не выполнять трюки, — объясняет он свою позицию. Пункт 63: «Перед разворотом, поворотом налево или направо водитель обязан, не создавая препятствия и опасности для движения других участников дорожного движения, занять соответствующее крайнее положение на проезжей части дороги, предназначенной для движения в данном направлении, кроме случаев, когда поворот при въезде на перекресток и выезде с него совершается в тех местах, где организовано круговое движение, а также в местах, где направление движения по проезжей части дороги (перекрестку) определено дорожными знаками и (или) горизонтальной дорожной разметкой». — По вашему мнению, что должна была сделать встречная машина? […] Заметим, что на видео водитель Peugeot как раз пропускает выезжающий автомобиль. […]","[""https://virtualbrest.ru/news190428.php""]",KEEP,"Законы, права и общественное регулирование",,KEEP,KEEP,"Законы, права и общественное регулирование",Есть социальная проблема и затронутая группа,"Противоречие в положениях правил ППД или иных нормативных актов, которое провоцирует нарушения со стороны людей. Средний уровень актуальности для мониторинга",2026-09-03T12:42:36.167Z,NO,,,regex_keep,0.39473684,2.53333333,YES,GOLD_LOCKED
se-monitor-blind-gold-2026-09-03-final-v1,evt_ca13df65ba1173ae,evt_ca13df65ba1173ae,Smartpress.by,"Рэзідэнцыя Сапегаў, неаготыка і загадкавая калона. Што паглядзець у Дзярэчыне?",https://smartpress.by/news/rezidentsyya-sapega-neagotyka-i-zagadkavaya-kalona-shto-paglyadzets-u-dzyarechyne,2026-08-29,"[21,22,23]",,"[""https://smartpress.by/news/rezidentsyya-sapega-neagotyka-i-zagadkavaya-kalona-shto-paglyadzets-u-dzyarechyne""]",REJECT,,,REJECT,REJECT,Событийность,Нет конкретной проблемы или ущерба,"Сервисный материал о планировании путешествия, информация об историческом наследии. Проблемы отсутствуют",2026-09-03T12:43:51.806Z,NO,,,regex_reject,0.45977011,2.175,NO,GOLD_LOCKED
se-monitor-blind-gold-2026-09-03-final-v1,evt_55c21e00e0176a99,evt_55c21e00e0176a99,Zerkalo.io,"«Просто кра-со-та. Кайф! Мы в Венеции». Посмотрели, где и как этим летом отдыхали провластные артисты и пропагандисты",https://news.zerkalo.io/life/135261.html,2026-09-01,"[30,31,32,33]",,"[""https://news.zerkalo.io/life/135261.html""]",REJECT,,нет связки социальной темы и проблемы,REJECT,REJECT,Политическая критика,Нет конкретной проблемы или ущерба,"В публикации нет проблемы, требующей действий смо стороны властей.",2026-09-03T12:45:21.574Z,NO,,,regex_reject,0.45977011,2.175,NO,GOLD_LOCKED
se-monitor-blind-gold-2026-09-03-final-v1,evt_732993cdfbb1edda,evt_732993cdfbb1edda,Smartpress.by,В Минске открыли для всего транспорта мост через Свислочь,https://smartpress.by/news/v-minske-otkryli-dlya-vsego-transporta-most-cherez-svisloch,2026-08-28,"[21,22,23]",,"[""https://smartpress.by/news/v-minske-otkryli-dlya-vsego-transporta-most-cherez-svisloch""]",REJECT,,,REJECT,REJECT,Событийность,Нет конкретной проблемы или ущерба,"Завершение планового ремонта, информация о решенной проблеме.",2026-09-03T12:46:20.742Z,NO,,,regex_reject,0.45977011,2.175,NO,GOLD_LOCKED
se-monitor-blind-gold-2026-09-03-final-v1,evt_3d807bd8b47f4c26,evt_3d807bd8b47f4c26,Дзяржынская праўда,Глава района провел выездной прием граждан в Негорельском сельсовете: какие вопросы решали - 26.08.2026,https://dzr.by/26082026/glava-rajona-provel-vyezdnoj-priem-grazhdan-v-negorelskom-selsovete-kakie-voprosy-reshali,2026-08-26,"[11,13,14,15,16]","Развитие Негорельского сельсовета стало центральной темой очередного выездного приема граждан, который провел председатель Дзержинского райисполкома Никита Реут. На проблемы с отоплением в доме №5 по улице Маяковского пожаловалась жительница поселка Энергетиков. Женщина утверждает: это началось еще во время январских заморозков. […] Глава райисполкома дал распоряжение: в установленный срок провести полный комплекс необходимых работ, качественно подготовить дом к осенне-зимнему периоду. Кроме основной жалобы на отопление, прозвучали и другие насущные просьбы — заменить батарейные краны и укрепить откосы оконных блоков силами коммунальщиков. И хотя укрепление откосов — платная услуга, женщине предложили удобный вариант: разбить стоимость на несколько платежей и включить их в жировку, чтобы оплата была посильной для пенсионерки. Шум от кондиционера, который местный предприниматель смонтировал на своем объекте у дома №3 на улице Маяковского, стал поводом для еще одного обращения к руководству района. […]","[""https://dzr.by/26082026/glava-rajona-provel-vyezdnoj-priem-grazhdan-v-negorelskom-selsovete-kakie-voprosy-reshali""]",KEEP,ЖКХ и состояние жилья,,REJECT,REJECT,ЖКХ и состояние жилья,Иное,"Промлемы присутствуют, но они уже доведены до сведения местных властей, которые пообещали предпринять действия по их исправлению. То есть новых для властей обращений, жалоб в публикации нет.",2026-09-03T12:47:23.326Z,NO,,,regex_keep,0.39473684,2.53333333,YES,GOLD_LOCKED
se-monitor-blind-gold-2026-09-03-final-v1,evt_f66ff50ce1afba06,evt_f66ff50ce1afba06,Виртуальный Брест,"Сильный пол: женщина босиком выиграла марафон, чтобы оплатить учебу дочерям",https://virtualbrest.ru/news190812.php,2026-09-02,[37],,"[""https://virtualbrest.ru/news190812.php""]",REJECT,,нет связки социальной темы и проблемы,REJECT,REJECT,Событийность,Нет конкретной проблемы или ущерба,"Публикация не сообщает о проблеме, требующей решения со стороны властей.",2026-09-03T12:49:38.189Z,NO,,,regex_reject,0.45977011,2.175,NO,GOLD_LOCKED
se-monitor-blind-gold-2026-09-03-final-v1,evt_4a949fa317ffb8db,evt_4a949fa317ffb8db,Виртуальный Брест,«Приезжаю — озера нет». В Логойском районе за два дня исчез водоем,https://virtualbrest.ru/news190731.php,2026-09-01,[35],,"[""https://virtualbrest.ru/news190731.php""]",REJECT,,Evidence Binding: тема и проблема связаны только глубоко в тексте,KEEP,KEEP,Экология,Есть социальная проблема и затронутая группа,"Проблема экологии, связанная с разрушением гидротехнических сооружений, которые остались без надзора, требуют починки.",2026-09-03T12:50:56.878Z,NO,,,regex_reject,0.45977011,2.175,NO,GOLD_LOCKED
se-monitor-blind-gold-2026-09-03-final-v1,evt_02425729d7956388,evt_02425729d7956388,Zerkalo.io,"«Грязные, замызганные». Лукашенко раскритиковал парковки у домов в Минске и предложил убрать их подальше",https://news.zerkalo.io/economics/135715.html,2026-09-03,[40],,"[""https://news.zerkalo.io/economics/135715.html""]",REJECT,,политическая тема: лукашенко,REJECT,REJECT,Заявления властей,Иное,"Власти признали проблему, ищут решение. Проблема не является новтсью для властей. Обсуждается публично",2026-09-03T12:52:22.054Z,NO,,,regex_reject,0.45977011,2.175,NO,GOLD_LOCKED
se-monitor-blind-gold-2026-09-03-final-v1,evt_b5d3f7f734f04466,evt_b5d3f7f734f04466,МогилёвОнлайн,Несколько видов пирожных запретили продавать в Беларуси: что с ними не так,https://magilev.by/news/2026/08/24/neskolko-vidov-pirozhnyh-zapretili-prodavat-v-belarusi-chto-s-nimi-ne-tak,2026-08-24,[5],"[…] Производитель продукции – филиал «Пинский кооппром» ТУП «Пинская межрайонная торговая база». Сообщается, что в пирожном «Эгер» обнаружен недопустимый S.aureus (золотистый стафилококк) в 0,1 г продукта. Фото: danger.gskp.by/ReestrOp «Улитка» не соответствует требованиям по показателям безопасности: завышенному количеству мезофильных аэробных и факультативно анаэробных микроорганизмов (КМАФАнМ); превышению допустимого уровня содержания дрожжей; Также обнаружены бактерии группы кишечной палочки (колиформы) в 1 г продукта, что не допускается. Помимо этого, в реестр внесли продукцию из России: миндальное пирожное с фруктовой начинкой (ООО «ТУИЛЬ»); мучные сладости «Пальчики оближешь» и «Аврора» (ООО «Кубанский кондитер»); бисквитные «колечки» с лимоном (ООО «МАРК»). […] Производитель продукции – филиал «Пинский кооппром» ТУП «Пинская межрайонная торговая база». Сообщается, что в пирожном «Эгер» обнаружен недопустимый S.aureus (золотистый стафилококк) в 0,1 г продукта. Фото: danger.gskp.by/ReestrOp «Улитка» не соответствует требованиям по показателям безопасности: завышенному количеству мезофильных аэробных и факультативно анаэробных микроорганизмов (КМАФАнМ); превышению допустимого уровня содержания дрожжей; Также обнаружены бактерии группы кишечной палочки (колиформы) в 1 г продукта, что не допускается. […]","[""https://magilev.by/news/2026/08/24/neskolko-vidov-pirozhnyh-zapretili-prodavat-v-belarusi-chto-s-nimi-ne-tak""]",KEEP,Качество товаров и услуг,,KEEP,KEEP,Качество товаров и услуг,Массовые интересы потребителей,"Проблема, имеющая общественный резонанс, несмотря на введенный запрет, она важна для потребителей, которые могут столкнутся с опасными продуктами, которые еще где-то могут остаться на полках магазинов.",2026-09-03T12:53:34.654Z,NO,,,regex_keep,0.39473684,2.53333333,YES,GOLD_LOCKED
se-monitor-blind-gold-2026-09-03-final-v1,evt_fd143bf6e865a5e9,evt_fd143bf6e865a5e9,Zerkalo.io,«Меня несколько раз избивали толпой». В Барановичах школьник и его семья рассказали о травле в гимназии,https://news.zerkalo.io/life/134986.html,2026-08-24,[7],"В Барановичах семья подростка Льва Русана пожаловалась на буллинг в гимназии № 4. Сам мальчик рассказал, что сверстники его оскорбляют, избивают, портят вещи и требуют уйти из класса и школы. Из-за этого случая чиновники начали разбирательство. […] Отец подростка Станислав Русан в комментариях перечислил инстанции, куда родные уже обращались: «Обращались вначале: классный руководитель, директор, отдел образования Барановичи, отдел образования Брест, ГОВД, ИДН (инспекция по делам несовершеннолетних. […] Мужчина также объяснил, почему ребенка пока не перевели в другую школу. По его словам, сын хорошо ладит с учителями, а сама проблема уже вышла за пределы гимназии: «У нас городок маленький, буллинг уже перешел в танцевальную и музыкальную школу, куда ходит сын. Но там учителя все пресекают, не дают разрастаться этой гадости. […]","[""https://news.zerkalo.io/life/134986.html""]",KEEP,Образование и дети,,KEEP,KEEP,Образование и дети,Есть социальная проблема и затронутая группа,"Потенциально инфомация имеет высокий общественный резонанс. Требует реакции властей. В тексте указывается на отсутствие реакции властей на важную выявленную проблему. Проблема касается детей, что повышает ее значимость.",2026-09-03T12:55:13.174Z,NO,,,regex_keep,0.39473684,2.53333333,YES,GOLD_LOCKED
se-monitor-blind-gold-2026-09-03-final-v1,evt_39bccb493f8c488f,evt_39bccb493f8c488f,Белсат,Очереди на границе с Польшей и Литвой растут перед последними выходными лета,https://ru.belsat.eu/95062333/ocheredi-na-granitse-s-polshej-i-litvoj-rastut-pered-poslednimi-vyhodnymi-leta,2026-08-27,"[18,19]",,"[""https://ru.belsat.eu/95062333/ocheredi-na-granitse-s-polshej-i-litvoj-rastut-pered-poslednimi-vyhodnymi-leta""]",REJECT,,,KEEP,KEEP,Права потребителей,Есть социальная проблема и затронутая группа,"Затронут широкий круг потребителей, граждан. Публикацию можно включить, но она не является высокорелевантной.",2026-09-03T12:56:56.677Z,NO,,,regex_reject,0.45977011,2.175,NO,GOLD_LOCKED
se-monitor-blind-gold-2026-09-03-final-v1,evt_56e52a1da9582909,evt_56e52a1da9582909,Zerkalo.io,Минское метро получит четвертую ветку. С какого участка начнут строительство,https://news.zerkalo.io/life/135421.html,2026-08-31,"[25,26]",,"[""https://news.zerkalo.io/life/135421.html""]",REJECT,,нет связки социальной темы и проблемы,REJECT,REJECT,Событийность,Нет конкретной проблемы или ущерба,Обычная информационная публикация. Нет проблемы.,2026-09-03T12:58:07.342Z,NO,,,regex_reject,0.45977011,2.175,NO,GOLD_LOCKED
se-monitor-blind-gold-2026-09-03-final-v1,evt_4151a375c7ad976b,evt_4151a375c7ad976b,Виртуальный Брест,В Беларуси запустили свой аналог Instagram. Мы его протестировали,https://virtualbrest.ru/news190760.php,2026-09-02,"[35,36]",,"[""https://virtualbrest.ru/news190760.php""]",REJECT,,политическая тема: протест,REJECT,REJECT,Событийность,Нет конкретной проблемы или ущерба,"В публикации нет проблемы, повода, требующих реакции со стороны властей.",2026-09-03T12:58:50.254Z,NO,,,regex_reject,0.45977011,2.175,NO,GOLD_LOCKED
se-monitor-blind-gold-2026-09-03-final-v1,evt_69f806a3708545c2,evt_69f806a3708545c2,Виртуальный Брест,Ограничения на посещение лесов введены почти по всей Беларуси,https://virtualbrest.ru/news190533.php,2026-08-30,"[25,26]","Ограничения на посещение лесов введены почти по всей территории Беларуси, а в Солигорском районе с 29 августа действует запрет на посещение в связи с установлением IV класса пожарной опасности. Об этом свидетельствуют данные интерактивной карты Минлесхоза, сообщает БЕЛТА. […]","[""https://virtualbrest.ru/news190533.php""]",KEEP,Образование и дети,,REJECT,REJECT,Экология,Нет конкретной проблемы или ущерба,"Публикация имеет информационный характер, информирует о сезонных запретах. Не требует реакции властей. В публикации не приведены какие-либо негативные отклики или комметарии граждан.",2026-09-03T12:59:43.662Z,NO,,,regex_keep,0.39473684,2.53333333,YES,GOLD_LOCKED
se-monitor-blind-gold-2026-09-03-final-v1,evt_8e65bae872d1acdb,evt_8e65bae872d1acdb,CityDog,Минчан разозлила пиццерия: заведение использует для декора живых рыбок в лампе,https://citydog.io/post/zaden-rybki,2026-08-24,[7],"[…] Дело в том, что для декора владельцы выбрали достаточно необычное решение – поместили живых рыбок в лампы, минчан это возмутило. Горожане предполагают, что в таких условиях рыбки быстро погибают: они перегреваются от лампы, также им не хватает воды для нормальной жизнедеятельности. На пост отреагировали аквариумисты: специалисты изучили фото и пришли к выводу, что рыб действительно содержат в неправильных условиях. […] Там же перегрев от лампы идет моментальный! Плюс нулевая фильтрация, отсутствие нормального газообмена, минимальный объем воды, в котором аммиак от отходов зашкаливает за пару дней», – написал a.cherikchiev. Некоторые минчане попытались связаться с заведением, но, по их словам, владельцы «не собираются ничего менять». […]","[""https://citydog.io/post/zaden-rybki""]",KEEP,ЖКХ и состояние жилья,,KEEP,KEEP,Экология,Есть социальная проблема и затронутая группа,Публикация сообщает о жистоком обращении с животными и негативной реакции общественности,2026-09-03T13:01:00.374Z,NO,,,regex_keep,0.39473684,2.53333333,YES,GOLD_LOCKED
se-monitor-blind-gold-2026-09-03-final-v1,evt_b4d99d05bf219263,evt_b4d99d05bf219263,MAYDAY TEAM,В бобруйской воспитательной колонии №2 для несовершеннолетних не хватает воспитателей,https://t.me/MAYDAYMog/6065,2026-08-31,"[30,31,32,33]","❌ В бобруйской воспитательной колонии №2 для несовершеннолетних не хватает воспитателей . Единственное в стране пенитенциарное учреждение системы ДИН МВД для несовершеннолетних вынуждено было публично объявить о вакансии воспитателя отдела исправительного процесса. Заработная плата для этой должности составляет 2400 рублей. […] То есть количество работников гораздо меньшее, чем во взрослых колониях. […]","[""https://t.me/MAYDAYMog/6065""]",KEEP,Образование и дети,,KEEP,KEEP,Образование и дети,Есть социальная проблема и затронутая группа,"Потенциально резонансная информация, затрагивающая интересы детей. Сообщающая о проблеме.",2026-09-03T13:02:06.645Z,NO,,,regex_keep,0.39473684,2.53333333,YES,GOLD_LOCKED
se-monitor-blind-gold-2026-09-03-final-v1,evt_8c2d4322bf54ad35,evt_8c2d4322bf54ad35,Kraj.by,"Узнали, что будет с заброшенной территорией бывшей ПМК-215 в Мядельском районе, 26.08.2026",https://news.kraj.by/20260826/uznali-chto-budet-s-zabroshennoj-territoriej-byvshej-pmk-215-v-myadelskom-rajone,2026-08-26,"[13,14,15,16]","Мядель известен своими чистыми озерами и тихими улочками. Но недавно местная жительница опубликовала в ТикТоке видео заброшенной территории бывшей ПМК-215. В кадре – заросшая травой территория, бетонный скелет старого полуразрушенного остова здания и мусор. Место не является проходным, но явно портит вид города, пишет narachanka.by. […] Один из пользователей цитирует известное четверостишие: «В одно окно смотрели двое. Один увидел дождь и грязь. Другой — листвы зелёной вязь, весну и небо голубое…», другие советуют показать набережную и пляжи вместо депрессивных задворков. […]","[""https://news.kraj.by/20260826/uznali-chto-budet-s-zabroshennoj-territoriej-byvshej-pmk-215-v-myadelskom-rajone""]",KEEP,ЖКХ и состояние жилья,,KEEP,KEEP,ЖКХ и состояние жилья,Есть социальная проблема и затронутая группа,"Информация в публикации поднимает нерешенные проблемы благоустройства территории, развития инфраструктуры",2026-09-03T13:03:10.837Z,NO,,,regex_keep,0.39473684,2.53333333,YES,GOLD_LOCKED
se-monitor-blind-gold-2026-09-03-final-v1,evt_e8497e39e6b56e83,evt_e8497e39e6b56e83,Минская правда,В Логойском районе исчезло озеро в лесу. В ситуации будет разбираться инспекция Минприроды - 02.09.2026,https://mlyn.by/02092026/v-logojskom-rajone-ischezlo-ozero-v-lesu-v-situaczii-budet-razbiratsya-inspekcziya-minprirody,2026-09-02,[36],"В сети появилось видео, на котором запечатлен якобы факт исчезновения лесного озера. Мужчина снял на видео то, что осталось от лесного озера вблизи мемориального комплекса «Дальва» в Логойском районе. По словам оператора, он еще в воскресенье приезжал к полноводному озеру, но когда вернулся через пару дней, то обнаружил его уже без воды. Из открытых источников удалось узнать, что автором ролика является некий Дмитрий, который живет недалеко от водоема. Мужчина рассказал одному интернет-порталу, что водоем этот, по его мнению, искусственный и в народе его называют «Дальва», так как он расположен вблизи от одноименного мемориального комплекса. Озеро оборудовано дамбой, которая давно заброшена. Автор ролика предполагает, что, возможно, неисправности с гидротехническим сооружением послужили причиной критического обмеления водоема. […]","[""https://mlyn.by/02092026/v-logojskom-rajone-ischezlo-ozero-v-lesu-v-situaczii-budet-razbiratsya-inspekcziya-minprirody""]",KEEP,Экология и санитарные проблемы,,KEEP,KEEP,Экология и санитарные проблемы,Есть социальная проблема и затронутая группа,Публикация касается проблемы поддержания в исправном состоянии гидротехнических сооружений.,2026-09-03T13:04:11.093Z,NO,,,regex_keep,0.39473684,2.53333333,YES,GOLD_LOCKED
se-monitor-blind-gold-2026-09-03-final-v1,evt_0424fb13d930f881,evt_0424fb13d930f881,Голас Касцюкоўшчыны,Налог на профдоход: в МНС напомнили об ответственности за несвоевременную уплату,https://golk.by/nalog-na-profdohod-v-mns-napomnili-ob-otvetstvennosti-za-nesvoevremennuyu-uplatu.html,2026-09-01,"[25,26,27,28,29,30,31,32]",,"[""https://golk.by/nalog-na-profdohod-v-mns-napomnili-ob-otvetstvennosti-za-nesvoevremennuyu-uplatu.html"",""https://virtualbrest.ru/news190583.php"",""https://www.hoiniki.by/?p=256329""]",REJECT,,нет связки социальной темы и проблемы,REJECT,REJECT,Информирование,Есть социальная проблема и затронутая группа,"Публикация информационного характера, проблемы не обсужадются, нет реакции тех, кого затрагивают нормы закона.",2026-09-03T13:05:23.685Z,NO,,,regex_reject,0.45977011,2.175,NO,GOLD_LOCKED
se-monitor-blind-gold-2026-09-03-final-v1,evt_e7a7d5520a827860,evt_e7a7d5520a827860,Smartpress.by,"﻿Ночь, после которой все стали ненавидеть папарацци. История гибели принцессы Дианы",https://smartpress.by/news/noch-posle-kotoroy-vse-stali-nenavidet-paparatstsi-istoriya-gibeli-printsessy-diany,2026-08-31,"[27,28,29]",,"[""https://smartpress.by/news/noch-posle-kotoroy-vse-stali-nenavidet-paparatstsi-istoriya-gibeli-printsessy-diany""]",REJECT,,нет связки социальной темы и проблемы,REJECT,REJECT,Происшествия,Иное,Хроника исторического происшествия. Для целей мониторинга не является актуальной. Белорусские граждане не участвовали.,2026-09-03T13:06:17.685Z,NO,,,regex_reject,0.45977011,2.175,NO,GOLD_LOCKED
se-monitor-blind-gold-2026-09-03-final-v1,evt_5ccab6f10f8544d4,evt_5ccab6f10f8544d4,Виртуальный Брест,Родственники опознали тела погибших на Курумды альпинистов,https://virtualbrest.ru/news190315.php,2026-08-27,"[17,18,19]","Тело еще одного альпиниста – гражданина Беларуси – пока остается в горах, так как поиски остановили из-за опасности для жизней спасателей. Родственники опознали тела погибших на пике Курумды альпинистов, передает Sputnik Кыргызстан со ссылкой на УВД Ошской области. Опознание проходило в морге города Ош в Кыргызстане, куда спасатели спустили два тела погибших в августе альпинистов. В УВД уточнили, что один из опознанных – белорус Максим Полянский, второй – гражданин Литвы Сергей Рубцов. […] Поиски третьего участника восхождения на Курумды – белоруса Николая Свиридова – были приостановлены из-за риска для жизни спасателей. […]","[""https://virtualbrest.ru/news190315.php""]",KEEP,Повседневная безопасность,,REJECT,REJECT,Происшествия,Единичный частный случай без широкого эффекта,"Личная трагедия, не требует реакции властей.",2026-09-03T13:07:35.548Z,NO,,,regex_keep,0.39473684,2.53333333,YES,GOLD_LOCKED
se-monitor-blind-gold-2026-09-03-final-v1,evt_e774e77de50fe552,evt_e774e77de50fe552,Белсат,«Около года не было ни одного офтальмолога». В Светлогорске – критическая нехватка врачей,https://ru.belsat.eu/95020794/v-svetlogorske-nekhvatka-vrachej,2026-08-24,[7],"<p>Жители Светлогорска и Светлогорского района жалуются на проблемы с записью к врачам. Особенно трудно попасть к узким специалистам, <a href=""https://d30ygc5fyt8mfx.cloudfront.net/ru/regieny/god-ne-bylo-oftalmologa-zapis-k-vracham-na-mesjac-vpered-chto-s-medobsluzhivaniem-v-rajcentre-gomelskoj-oblasti.html"" rel=""noopener noreferrer"" target=""_blank"">пишет</a> «Флагшток».</p>","[""https://ru.belsat.eu/95020794/v-svetlogorske-nekhvatka-vrachej""]",KEEP,Здравоохранение,,KEEP,KEEP,Здравоохранение,Есть социальная проблема и затронутая группа,"Дефицит врачей, очереди в поликлиниках, недовольство граждан",2026-09-03T13:09:11.797Z,NO,,,regex_keep,0.39473684,2.53333333,YES,GOLD_LOCKED
se-monitor-blind-gold-2026-09-03-final-v1,evt_4c92120c54336f50,evt_4c92120c54336f50,Zerkalo.io,Завязал с корпорациями. Айтишник шесть лет работал в Amazon - и шесть лет ему не поднимали зарплату,https://news.zerkalo.io/life/135221.html,2026-08-27,"[18,19]",,"[""https://news.zerkalo.io/life/135221.html""]",REJECT,,,REJECT,REJECT,Событийность,Нет конкретной проблемы или ущерба,История личного характера. Информация о карьере отдельного человека.,2026-09-03T13:09:54.669Z,NO,,,regex_reject,0.45977011,2.175,NO,GOLD_LOCKED
se-monitor-blind-gold-2026-09-03-final-v1,evt_7aa9e2d1d6b6753d,evt_7aa9e2d1d6b6753d,Gomel Today,В Гомельской больнице появился новый офтальмологический комплекс – теперь проблемы со зрением будут выявлять быстрее,https://t.me/gomeltoday/162496,2026-09-01,[34],"В Гомельской больнице появился новый офтальмологический комплекс – теперь проблемы со зрением будут выявлять быстрее В кабинете нейроофтальмолога Гомельской областной клинической больницы установили современный цифровой комплекс для проверки зрения. Вместо привычной таблицы с буквами на стене теперь висит большой 24-дюймовый экран. […] С их помощью врачи могут проверять зрение, цветовосприятие и то, насколько хорошо человек различает оттенки. Новое оборудование поможет специалистам быстрее определять наличие близорукости, дальнозоркости, астигматизма, возрастных ухудшений зрения и сложных паталогий у пациентов. […]","[""https://t.me/gomeltoday/162496""]",KEEP,Здравоохранение,,REJECT,REJECT,Здравоохранение,Нет конкретной проблемы или ущерба,"В публикации говорится о том, что проблема решена - появилось новое оборудование. Других проблем нет.",2026-09-03T13:10:34.925Z,NO,,,regex_keep,0.39473684,2.53333333,YES,GOLD_LOCKED
se-monitor-blind-gold-2026-09-03-final-v1,evt_5e8b5677078c2eea,evt_5e8b5677078c2eea,NewGrodno,Сколько уроков в день допустимо для школьников в Беларуси,https://newgrodno.by/society/skolko-urokov-v-den-dopustimo-dlya-shkolnikov-v-belarusi,2026-08-24,"[8,9]","[…] При этом расписание не всегда учитывает установленные санитарные нормы. Разбираемся, где проходит предел допустимой нагрузки на учеников и сколько времени по правилам должно отводиться на «проветривание» между занятиями. Сколько уроков в день может быть у школьника В белорусских санитарных нормах нет единой таблицы с максимальным числом уроков в день для каждого класса. […] Школа должна смотреть на общую нагрузку за неделю, продолжительность занятий и перемен, а также то, как предметы распределены по дням. Законны ли 7-8 уроков подряд Семь уроков могут быть законными. Отдельного общего запрета на седьмой урок для V-XI классов нет. С восьмым уроком ситуация зависит от его статуса. […]","[""https://newgrodno.by/society/skolko-urokov-v-den-dopustimo-dlya-shkolnikov-v-belarusi""]",KEEP,"Законы, права и общественное регулирование",,REJECT,REJECT,"Законы, права и общественное регулирование",Массовые интересы потребителей,"Публикация информационного характера: разбор правовых норм, и где они могут быть нарушены. Это не проблема, а правовая помощь населению.",2026-09-03T13:11:25.413Z,NO,,,regex_keep,0.39473684,2.53333333,YES,GOLD_LOCKED
se-monitor-blind-gold-2026-09-03-final-v1,evt_414287222e313da4,evt_414287222e313da4,Виртуальный Брест,Не поедет — так поплывёт. Отыскали на Брестчине советский вездеход «Тайбола-3». Для чего он белорусу?,https://virtualbrest.ru/news190378.php,2026-08-28,[19],,"[""https://virtualbrest.ru/news190378.php""]",REJECT,,,REJECT,REJECT,Событийность,Нет конкретной проблемы или ущерба,"Информационное сообщение, носит развлекательный характер.",2026-09-03T13:12:57.829Z,NO,,,regex_reject,0.45977011,2.175,NO,GOLD_LOCKED
se-monitor-blind-gold-2026-09-03-final-v1,evt_d64f5910da65ec4f,evt_d64f5910da65ec4f,Smartpress.by,"Помидоры еще висят, а ночи уже холодные. Когда пора снимать урожай и как не загубить его дома?",https://smartpress.by/idea/sad-ogorod/pomidory-eshche-visyat-a-nochi-uzhe-kholodnye-kogda-pora-snimat-urozhay-i-kak-ne-zagubit-ego-doma,2026-08-29,[24],,"[""https://smartpress.by/idea/sad-ogorod/pomidory-eshche-visyat-a-nochi-uzhe-kholodnye-kogda-pora-snimat-urozhay-i-kak-ne-zagubit-ego-doma""]",REJECT,,,REJECT,REJECT,Советы,Нет конкретной проблемы или ущерба,"Советы дачникам, пенсионерам, молодым мамам и другим категориям в отчеты не включаются.",2026-09-03T13:13:47.165Z,NO,,,regex_reject,0.45977011,2.175,NO,GOLD_LOCKED
se-monitor-blind-gold-2026-09-03-final-v1,evt_ddb3bad3c2b4dcb6,evt_ddb3bad3c2b4dcb6,Белновости,Не мучайте себя. Почему разгрузочные дни не помогают похудеть и даже вредят,https://www.belnovosti.by/diety/ne-muchayte-sebya-pochemu-razgruzochnye-dni-ne-pomogayut-pohudet-i-dazhe-vredyat,2026-08-28,[20],"[…] Кажется, что так можно компенсировать переедание и ускорить похудение. Но врачи и диетологи уже давно говорят: это не работает. И даже вредит. […] Им не нужны яблочные дни или кефирные разгрузки. Если у вас действительно есть проблемы с выведением токсинов — это не лечится разгрузочными днями. Это требует обследования и врачебного вмешательства. А не самостоятельных экспериментов. […]","[""https://www.belnovosti.by/diety/ne-muchayte-sebya-pochemu-razgruzochnye-dni-ne-pomogayut-pohudet-i-dazhe-vredyat""]",KEEP,Здравоохранение,,REJECT,REJECT,Советы,Нет конкретной проблемы или ущерба,"Советы, включая медицинские, в мониторинг не включаются",2026-09-03T13:14:38.589Z,NO,,,regex_keep,0.39473684,2.53333333,YES,GOLD_LOCKED
se-monitor-blind-gold-2026-09-03-final-v1,evt_fe929596b5d84122,evt_fe929596b5d84122,Белсат,Вся беда в волосах,https://ru.belsat.eu/95160513/vsya-beda-v-volosah,2026-09-02,[36],,"[""https://ru.belsat.eu/95160513/vsya-beda-v-volosah""]",REJECT,,нет связки социальной темы и проблемы,REJECT,REJECT,Советы,Нет конкретной проблемы или ущерба,Советы о здоровье не включаются в мониторинг,2026-09-03T13:17:04.941Z,NO,,,regex_reject,0.45977011,2.175,NO,GOLD_LOCKED
se-monitor-blind-gold-2026-09-03-final-v1,evt_cf8091da7aa0cb84,evt_cf8091da7aa0cb84,Беларусь за МКАДом,Экологическое ЧП на Брестчине: озеро Выгонощанское усыпано мёртвой рыбой,https://t.me/zamkadomby/67472,2026-08-31,"[30,31,32,33]","🐟 Экологическое ЧП на Брестчине: озеро Выгонощанское усыпано мёртвой рыбой В Ивацевичском районе снова зафиксировали массовый мор рыбы . Местные жители бьют тревогу и выкладывают кадры с побережья, буквально усыпанного тушками. Пока официально причины бедствия не названы, в сети обсуждают две версии: 🛑 Природный фактор: нехватка кислорода и заморные явления в воде. 🧪 Антропогенный фактор: возможный сброс химикатов или отходов с близлежащих территорий.","[""https://t.me/zamkadomby/67472""]",KEEP,Экология и санитарные проблемы,,KEEP,KEEP,Экология и санитарные проблемы,Есть социальная проблема и затронутая группа,"Экологическая проблема, запутанная ситуация, значительный потенциальный резонанс, отсутствие реакции властей.",2026-09-03T13:17:30.933Z,NO,,,regex_keep,0.39473684,2.53333333,YES,GOLD_LOCKED
se-monitor-blind-gold-2026-09-03-final-v1,evt_0d7b89f7128f1d4d,evt_0d7b89f7128f1d4d,Smartpress.by,МВД Беларуси предупредило водителей о приходе ГАИ на работу. На дороги отправят наряды ДПС,https://smartpress.by/news/mvd-belarusi-predupredilo-voditeley-o-prikhode-gai-na-rabotu-i-otpravit-naryady-dps-na-dorogi,2026-08-27,"[18,19]",,"[""https://smartpress.by/news/mvd-belarusi-predupredilo-voditeley-o-prikhode-gai-na-rabotu-i-otpravit-naryady-dps-na-dorogi""]",REJECT,,,REJECT,REJECT,Информирование,Нет конкретной проблемы или ущерба,Обычные нейтральные сообщения о работе органов власти или правоохранительных органов не включаются. Нет проблемы.,2026-09-03T13:18:23.981Z,NO,,,regex_reject,0.45977011,2.175,NO,GOLD_LOCKED
se-monitor-blind-gold-2026-09-03-final-v1,evt_bbee20ffa81a8ade,evt_bbee20ffa81a8ade,Медиа-Полесье,Налоговая напомнила самозанятым о новом обязательном платеже. За долги могут взыскать деньги принудительно — Media-Polesyе,https://media-polesye.com/news/nalogovaya-napomnila-samozanyatym-o-novom-obyazatelnom-platezhe-za-dolgi-mogut-vzyskat-dengi-prinuditelno,2026-09-01,"[35,36]","[…] Как пояснили в ведомстве, новые требования распространяются на всех, кто зарегистрирован в качестве плательщика НПД. […] Если налог не уплачивать, будет образовываться задолженность. При отсутствии платежей в течение трех месяцев налоговая прекратит регистрацию человека в качестве плательщика НПД. При этом накопится долг: 135 рублей для большинства плательщиков и 54 рубля для пенсионеров. […] Налог на профессиональный доход действует в Беларуси с 2023 года и предназначен для самозанятых граждан, оказывающих услуги или выполняющих работы без регистрации индивидуального предпринимателя. […]","[""https://media-polesye.com/news/nalogovaya-napomnila-samozanyatym-o-novom-obyazatelnom-platezhe-za-dolgi-mogut-vzyskat-dengi-prinuditelno""]",KEEP,Качество товаров и услуг,,REJECT,REJECT,Информирование,Нет конкретной проблемы или ущерба,"Информационная публикация о налогах. Отсутствует реакция общества, комментарии, критика",2026-09-03T13:19:26.229Z,NO,,,regex_keep,0.39473684,2.53333333,YES,GOLD_LOCKED
se-monitor-blind-gold-2026-09-03-final-v1,evt_9b6b6036014810a3,evt_9b6b6036014810a3,Виртуальный Брест,"В Московском районе Бреста проверяют дворы: внимание детским площадкам, мусору и граффити",https://virtualbrest.ru/news190485.php,2026-08-29,[24],,"[""https://virtualbrest.ru/news190485.php""]",REJECT,,,REJECT,REJECT,Информирование,Нет конкретной проблемы или ущерба,Информирование о повседневной работе местных органов власти в отчет не включается.,2026-09-03T13:20:17.093Z,NO,,,regex_reject,0.45977011,2.175,NO,GOLD_LOCKED
se-monitor-blind-gold-2026-09-03-final-v1,evt_fee4c867ac03ee93,evt_fee4c867ac03ee93,Виртуальный Брест,Европа завершила лето с минимальными запасами газа за всю историю - ТАСС,https://virtualbrest.ru/news190803.php,2026-09-02,[37],,"[""https://virtualbrest.ru/news190803.php""]",REJECT,,иностранная тема в заголовке: европ,REJECT,REJECT,Энергетический кризис,Нет конкретной проблемы или ущерба,"Иностранная тема, не касается Беларуси, не требует действий со стороны белорусских властей",2026-09-03T13:20:52.204Z,NO,,,regex_reject,0.45977011,2.175,NO,GOLD_LOCKED
se-monitor-blind-gold-2026-09-03-final-v1,evt_fd65b128ae6cc9a9,evt_fd65b128ae6cc9a9,Виртуальный Брест,Популярный армянский коньяк запретили в Беларуси,https://virtualbrest.ru/news190828.php,2026-09-02,[37],,"[""https://virtualbrest.ru/news190828.php""]",REJECT,,нет связки социальной темы и проблемы,REJECT,REJECT,Права потребителей,Нет конкретной проблемы или ущерба,"Производитель не белорусский. Проблемы для белорусских потребителей нет, так как это алкогольная продкция, а не товары повседневного спроса.",2026-09-03T13:21:54.349Z,NO,,,regex_reject,0.45977011,2.175,NO,GOLD_LOCKED
se-monitor-blind-gold-2026-09-03-final-v1,evt_0a3637873c29790c,evt_0a3637873c29790c,Прысталічча,Когда Щомыслица примет районные «Дожинки-2026» - 28.08.2026,https://pristalica.by/28082026/kogda-shhomyslicza-primet-rajonnye-dozhinki-2026,2026-08-28,"[20,21,22,23,24,25,26]","[…] К этому дню населенный пункт кардинально преображается: ремонтируются дороги, обновляются фасады зданий, появляются новые общественные пространства. […] Как сообщили в Минском райисполкоме, подготовка к торжеству ведется в соответствии с утвержденным графиком. На сегодняшний день в агрогородке развернуты масштабные работы по благоустройству. Центром праздничных мероприятий станет новый сквер, разбитый на месте пустыря. Здесь появится полноценная площадка для проведения торжеств со сценой и зрительскими местами, зоны торговли и парковка, а также воркаут-площадка и пешеходные дорожки с новым освещением. Традиция проведения «Дожинок» – это не только праздник урожая, но и чествование людей, чьим трудом он выращен. […] Как отметил глава района Денис Колесень , районные «Дожинки-2026» обещают стать ярким событием, где чествование героев жатвы и торжество традиций сельской культуры объединят жителей и гостей агрогородка.","[""https://pristalica.by/28082026/kogda-shhomyslicza-primet-rajonnye-dozhinki-2026""]",KEEP,Дороги и благоустройство,,REJECT,REJECT,Благоустройство,Нет конкретной проблемы или ущерба,"Информационное сообщение о решении проблем благоустройства. Описывает действия местных властей и коммунальных служб. Отсутствуют жалобы, комментарии, критика",2026-09-03T13:22:53.004Z,NO,,,regex_keep,0.39473684,2.53333333,YES,GOLD_LOCKED
se-monitor-blind-gold-2026-09-03-final-v1,evt_96187e51974c492a,evt_96187e51974c492a,Виртуальный Брест,"Робот-пылесос застал жену с любовником, а мужа отправил в тюрьму",https://virtualbrest.ru/news190522.php,2026-08-29,[24],,"[""https://virtualbrest.ru/news190522.php""]",REJECT,,,REJECT,REJECT,Событийность,Единичный частный случай без широкого эффекта,Статья развлекательного характера.,2026-09-03T13:23:56.964Z,NO,,,regex_reject,0.45977011,2.175,NO,GOLD_LOCKED
se-monitor-blind-gold-2026-09-03-final-v1,evt_279e66a05c1a2022,evt_279e66a05c1a2022,Smartpress.by,Ребенка не видно до последней секунды: пять опасных мест возле школы,https://smartpress.by/idea/avto/rebenka-ne-vidno-do-posledney-sekundy-pyat-opasnykh-mest-vozle-shkoly,2026-08-31,[30],,"[""https://smartpress.by/idea/avto/rebenka-ne-vidno-do-posledney-sekundy-pyat-opasnykh-mest-vozle-shkoly""]",REJECT,,криминальная/происшественная тема: дтп,REJECT,REJECT,Происшествия,Нет конкретной проблемы или ущерба,"Информационная публикация, советы родителям.",2026-09-03T13:25:18.268Z,NO,,,regex_reject,0.45977011,2.175,NO,GOLD_LOCKED
se-monitor-blind-gold-2026-09-03-final-v1,evt_ed09fc87cd17580e,evt_ed09fc87cd17580e,Белновости,"Новости сегодня за 31 августа 2026 года: в Беларуси подорожает топливо, на 1 сентября объявлен оранжевый уровень опасности, Путин заявил о движении к завершению конфликта, Месси завершил карьеру в сборной",https://www.belnovosti.by/obshchestvo/novosti-segodnya-za-31-avgusta-2026-goda-v-belarusi-podorozhaet-toplivo-na-1-sentyabrya,2026-09-01,"[30,31,32,33]",,"[""https://www.belnovosti.by/obshchestvo/novosti-segodnya-za-31-avgusta-2026-goda-v-belarusi-podorozhaet-toplivo-na-1-sentyabrya""]",REJECT,,политическая тема: путин,REJECT,REJECT,Событийность,Нет конкретной проблемы или ущерба,"Это информационный дайджест событий последних суток. Такое для целей мониторинга не подходит. Там нет проблем, требующих действий, вмешательства со стороны белорусских властей.",2026-09-03T13:25:52.796Z,NO,,,regex_reject,0.45977011,2.175,NO,GOLD_LOCKED
se-monitor-blind-gold-2026-09-03-final-v1,evt_e60683259a180435,evt_e60683259a180435,Onlíner,"Чтобы попасть в эту загородную школу, родители круглосуточно стояли в очередях - Люди Onlíner",https://people.onliner.by/2026/09/01/poka-stoyali-v-ocheredi-splotilis-eli-vmeste-piccu-kak-proshla-linejka-v-novoj-borovoj,2026-09-01,"[35,36]","В этом году первое сентября выдалось пасмурным, но праздник никто не отменял. С самого утра нарядные и немного сонные школьники спешили на линейки, чтобы начать новый учебный год и поздравить своих учителей. Журналисты Onlíner тоже сходили на День знаний — в школу №2 в Копище, ту самую, куда родители стояли в очереди круглосуточно, чтобы оформить детей в первый класс. Оказавшись на территории «Школы талантов», понимаешь, откуда такой ажиотаж. Школьный двор постепенно наполняется родителями и детьми. […] Чтобы подать документы, этим летом родители будущих первоклассников дежурили у стен здания практически круглосуточно. — Мы специально переехали в «Новую Боровую» к первому классу дочери, два года собирались и вот решили, что пора. […]","[""https://people.onliner.by/2026/09/01/poka-stoyali-v-ocheredi-splotilis-eli-vmeste-piccu-kak-proshla-linejka-v-novoj-borovoj""]",KEEP,Образование и дети,,KEEP,KEEP,Образование и дети,Есть социальная проблема и затронутая группа,Нехватка школ. Проблема касающаяся детей. высокий приоритет,2026-09-03T13:27:17.564Z,NO,,,regex_keep,0.39473684,2.53333333,YES,GOLD_LOCKED
se-monitor-blind-gold-2026-09-03-final-v1,evt_ab15ac93973c327a,evt_ab15ac93973c327a,MASHEKA,29 августа могилевчан приглашают на занятие «Национальный бренд. История сгущенки»,https://masheka.by/novosti-mogileva/24018-29-avgusta-mogilevchan-priglashajut-na-zanjatie-nacionalnyj-brend-istorija-sguschenki.html,2026-08-29,"[24,25,26]",,"[""https://masheka.by/novosti-mogileva/24018-29-avgusta-mogilevchan-priglashajut-na-zanjatie-nacionalnyj-brend-istorija-sguschenki.html""]",REJECT,,,REJECT,REJECT,Событийность,Нет конкретной проблемы или ущерба,"Сервисная публикация о внутреннем туризме, фестивалях",2026-09-03T13:27:55.924Z,NO,,,regex_reject,0.45977011,2.175,NO,GOLD_LOCKED
se-monitor-blind-gold-2026-09-03-final-v1,evt_2f2a14f14e7565e6,evt_2f2a14f14e7565e6,Наша Ніва,А падцірацца чэкам?» Беларусы абмяркоўваюць квест з наведваннем прыбіральні на вакзале ў Докшыцах,https://t.me/nashaniva/120963,2026-08-31,[30],А падцірацца чэкам?» Беларусы абмяркоўваюць квест з наведваннем прыбіральні на вакзале ў Докшыцах Пасажыры міжгародніх аўтобусаў абураныя абсурднай сістэмай доступу да прыбіральні. Пра сітуацыю ў Threads распавяла адна з падарожніц. […],"[""https://t.me/nashaniva/120963""]",KEEP,Общественный транспорт,,KEEP,KEEP,Инфраструктура и благоустройство,Есть социальная проблема и затронутая группа,"Публикация рассказывает о реакции в соцсетях на неблагоустроенные места общего пользования. Отсутствие логики в действиях по оказанию услуг потребителям. Критичный тон, недовольство общественности содержит.",2026-09-03T13:28:37.180Z,NO,,,regex_keep,0.39473684,2.53333333,YES,GOLD_LOCKED
se-monitor-blind-gold-2026-09-03-final-v1,evt_f31467e77b8a43dc,evt_f31467e77b8a43dc,Onlíner,Недостроенный санаторий возле Минска продают дешевле однушки,https://realt.onliner.by/2026/08/31/nedostroennyj-sanatorij,2026-09-01,"[30,31,32]",,"[""https://realt.onliner.by/2026/08/31/nedostroennyj-sanatorij""]",REJECT,,объявление или обзор продажи имущества: продают,REJECT,REJECT,Продажа имущества,Нет конкретной проблемы или ущерба,Информационное сообщение о продаже недвижимости,2026-09-03T13:31:09.492Z,NO,,,regex_reject,0.45977011,2.175,NO,GOLD_LOCKED
se-monitor-blind-gold-2026-09-03-final-v1,evt_be2fc1e9d0c84733,evt_be2fc1e9d0c84733,Smartpress.by,"Туя начала буреть. Это жара, болезнь или растение уже погибает?",https://smartpress.by/idea/sad-ogorod/tuya-nachala-buret-eto-zhara-bolezn-ili-rastenie-uzhe-pogibaet,2026-08-27,"[18,19]",,"[""https://smartpress.by/idea/sad-ogorod/tuya-nachala-buret-eto-zhara-bolezn-ili-rastenie-uzhe-pogibaet""]",REJECT,,,REJECT,REJECT,Советы,Нет конкретной проблемы или ущерба,"Советы дачникам, овощеводам - не включаются.",2026-09-03T13:31:40.941Z,NO,,,regex_reject,0.45977011,2.175,NO,GOLD_LOCKED
se-monitor-blind-gold-2026-09-03-final-v1,evt_39fc84d5e04b204c,evt_39fc84d5e04b204c,Газета «Сильные Новости»,Кого теперь будут направлять в соцучреждения по новым правилам? - GS.BY,https://www.gs.by/2026/08/25/kogo-teper-budut-napravlyat-v-socuchrezhdeniya-po-novym-pravilam,2026-08-25,[10],"С 26 августа 2026 года вступают в силу изменения, касающиеся направления граждан в социальные пансионаты, центры социальной реабилитации и абилитации инвалидов, а также в отделения круглосуточного пребывания территориальных центров соцобслуживания, сообщает Минтруда. […] Такой подход позволит адресно определять необходимость проживания граждан в социальных пансионатах, поскольку напрямую увязан с их нуждаемостью в постоянном медицинском наблюдении. Определены медицинские показания для направления в отделения круглосуточного пребывания: ▪️ для граждан, проживающих в небезопасных условиях Такие граждане будут направляться в учреждения социального обслуживания при отсутствии иных вариантов их жизнеустройства при одновременном наличии двух и более ограничений жизнедеятельности; ▪️ в отношении иных категорий граждан в качестве медицинского показания предусматривается наличие выраженного (ФК 3 вместо ФК2) ограничения способности к самообслуживанию. Конкретизированы категории граждан, которые могут получать медицинскую паллиативную помощь в социальных пансионатах Дети-инвалиды, нуждающиеся в паллиативной помощи с инвазивными вмешательствами, в том числе с искусственной вентиляцией легких, будут получать ее в организациях здравоохранения — домах ребенка и хосписах. Детей с реабилитационным потенциалом не будут направлять в социальные пансионаты с целью его максимального использования учреждениями образования. […]","[""https://www.gs.by/2026/08/25/kogo-teper-budut-napravlyat-v-socuchrezhdeniya-po-novym-pravilam""]",KEEP,Качество товаров и услуг,,REJECT,REJECT,Социальная сфера,Нет конкретной проблемы или ущерба,"Описание правовых норм без реакции на их применение, критики, комментариев, оценки волздействия на общество. Статья информационного характера.",2026-09-03T13:32:21.572Z,NO,,,regex_keep,0.39473684,2.53333333,YES,GOLD_LOCKED
se-monitor-blind-gold-2026-09-03-final-v1,evt_9c39ed06fc5be9f9,evt_9c39ed06fc5be9f9,Виртуальный Брест,Ее холст - целый город. Как бригадир из Барановичей делает краше жизнь вокруг и неплохо зарабатывает,https://virtualbrest.ru/news190497.php,2026-08-29,[24],,"[""https://virtualbrest.ru/news190497.php""]",REJECT,,,REJECT,REJECT,Жизненная история,Нет конкретной проблемы или ущерба,Публикация носит инофрмационно-развлекательный характер. Не требует реакции со стороны властей.,2026-09-03T13:33:26.764Z,NO,,,regex_reject,0.45977011,2.175,NO,GOLD_LOCKED
se-monitor-blind-gold-2026-09-03-final-v1,evt_3778408164fa6bee,evt_3778408164fa6bee,Kraj.by,"Больница в агрогородке Раков оказалась в центре скандала - о чём кипят страсти, 31.08.2026",https://news.kraj.by/20260831/bolnicza-v-agrogorodke-rakov-okazalas-v-czentre-skandala-o-chyom-kipyat-strasti,2026-08-31,"[30,31,32,33]","Раковская участковая больница Воложинского района стала темой обсуждения в TikTok. На что жалуется пациентка и как на это реагируют медики, рассказывает mlyn.by. Началась история ранним утром 28 августа. […] Дочь зашла к терапевту, где был пациент. Врач в грубой форме выпроводил её и сказал ждать в коридоре. Когда пациент вышел, она обратилась за помощью, так как у неё кружится голова, боль в груди, одышка и тошнит, — рассказывает Людмила. Давление померили, оно у дочери автора видео оказалось 142/92. […]","[""https://mlyn.by/31082026/bolnicza-v-rakove-okazalas-v-czentre-skandala-chto-vyyasnilos-posle-zhaloby-v-tiktok"",""https://news.kraj.by/20260831/bolnicza-v-agrogorodke-rakov-okazalas-v-czentre-skandala-o-chyom-kipyat-strasti""]",KEEP,Здравоохранение,,KEEP,KEEP,Здравоохранение,Есть социальная проблема и затронутая группа,Реальные свидетельства и жалобы пациентов больницы. высокий приоритет,2026-09-03T18:56:11.515Z,NO,,,regex_keep,0.39473684,2.53333333,YES,GOLD_LOCKED
se-monitor-blind-gold-2026-09-03-final-v1,evt_fe99695feacfe77b,evt_fe99695feacfe77b,Smartpress.by,Лаос предложил Беларуси вместе построить завод по переработке золота,https://smartpress.by/news/laos-predlozhil-belarusi-vmeste-postroit-zavod-po-pererabotke-zolota,2026-09-01,"[34,35]",,"[""https://smartpress.by/news/laos-predlozhil-belarusi-vmeste-postroit-zavod-po-pererabotke-zolota""]",REJECT,,политическая тема: лукашенко,REJECT,REJECT,Событийность,Нет конкретной проблемы или ущерба,Новостное сообщение в сфере международной политики,2026-09-03T18:57:13.803Z,NO,,,regex_reject,0.45977011,2.175,NO,GOLD_LOCKED
se-monitor-blind-gold-2026-09-03-final-v1,evt_c21b8fcff6abf8fc,evt_c21b8fcff6abf8fc,Smartpress.by,Может ли россиянин ездить по России на машине белоруса по доверенности? Мы выяснили,https://smartpress.by/news/mozhet-li-rossiyanin-ezdit-po-rossii-na-mashine-belorusa-po-doverennosti-my-vyyasnili,2026-09-02,"[35,36]",,"[""https://smartpress.by/news/mozhet-li-rossiyanin-ezdit-po-rossii-na-mashine-belorusa-po-doverennosti-my-vyyasnili""]",REJECT,,нет связки социальной темы и проблемы,REJECT,REJECT,Советы,Нет конкретной проблемы или ущерба,"Пояснения, толкования правовых норм. Нет комментариев, критики практики правоприменения",2026-09-03T18:57:49.706Z,NO,,,regex_reject,0.45977011,2.175,NO,GOLD_LOCKED
se-monitor-blind-gold-2026-09-03-final-v1,evt_8f635cc471bfd14d,evt_8f635cc471bfd14d,Smartpress.by,Яблоки легли ковром: почему дерево сбрасывает урожай и можно ли спасти падалицу,https://smartpress.by/idea/sad-ogorod/yabloki-legli-kovrom-pochemu-derevo-sbrasyvaet-urozhay-i-mozhno-li-spasti-padalitsu,2026-08-28,"[21,22,23]",,"[""https://smartpress.by/idea/sad-ogorod/yabloki-legli-kovrom-pochemu-derevo-sbrasyvaet-urozhay-i-mozhno-li-spasti-padalitsu""]",REJECT,,,REJECT,REJECT,Советы,Нет конкретной проблемы или ущерба,"Советы дачникам, огородникам - не включаем в отчет мониторинга.",2026-09-03T18:58:40.115Z,NO,,,regex_reject,0.45977011,2.175,NO,GOLD_LOCKED
se-monitor-blind-gold-2026-09-03-final-v1,evt_ce954d4b7b5fc47b,evt_ce954d4b7b5fc47b,Smartpress.by,Два вдоха – и смерть. Чем для белорусов опасны обычные погреба и колодцы?,https://smartpress.by/news/dva-vdokha-i-smert-chem-dlya-belorusov-opasny-obychnye-pogreba-kolodtsy-i-kanalizatsionnye-gazy,2026-09-02,[37],,"[""https://smartpress.by/news/dva-vdokha-i-smert-chem-dlya-belorusov-opasny-obychnye-pogreba-kolodtsy-i-kanalizatsionnye-gazy""]",REJECT,,криминальная/происшественная тема: спасательн,REJECT,REJECT,Советы,Иное,"Предупреждение, информация об опасности, не жалоба, не обращение. Не требует реагирования со стороны властей",2026-09-03T18:59:27.323Z,NO,,,regex_reject,0.45977011,2.175,NO,GOLD_LOCKED
se-monitor-blind-gold-2026-09-03-final-v1,evt_1fd3f06a06c27aae,evt_1fd3f06a06c27aae,Виртуальный Брест,Германия столкнулась с дефицитом сардин,https://virtualbrest.ru/news190843.php,2026-09-03,"[38,39]",,"[""https://virtualbrest.ru/news190843.php""]",REJECT,,иностранная тема в заголовке: герман,REJECT,REJECT,Событийность,Иное,"Новость из области международных, зарубежных событий. Не касается Беларуси. Не требует реакции властей Беларуси.",2026-09-03T19:00:18.234Z,NO,,,regex_reject,0.45977011,2.175,NO,GOLD_LOCKED
se-monitor-blind-gold-2026-09-03-final-v1,evt_2345ae429b3d542e,evt_2345ae429b3d542e,Виртуальный Брест,Из Солигорска — в Брест: как молодая семья купила квартиру в рассрочку за полтора года,https://virtualbrest.ru/news190842.php,2026-09-03,[39],,"[""https://virtualbrest.ru/news190842.php""]",REJECT,,нет связки социальной темы и проблемы,REJECT,REJECT,Советы,Нет конкретной проблемы или ущерба,"Советы, носящие рекламный характер, не включаются в отчет мониторинга",2026-09-03T19:01:55.162Z,NO,,,regex_reject,0.45977011,2.175,NO,GOLD_LOCKED
se-monitor-blind-gold-2026-09-03-final-v1,evt_e4350bdc2e974e98,evt_e4350bdc2e974e98,Минская правда,"Асфальт есть, но ремонт под запретом – в чем проблема дороги к двум СТ в Минском районе - 28.08.2026",https://mlyn.by/28082026/asfalt-est-no-remont-pod-zapretom-v-chem-problema-dorogi-k-dvum-st-v-minskom-rajone,2026-08-28,[21],"Проблема отсутствия или неудовлетворительного состояния подъездных путей наиболее остро стоит в садоводческих товариществах, расположенных на территории лесного массива или вблизи него. […] Подъездная дорога протяженностью около 800 метров не стоит на балансе ни у одной из организаций, но полностью находится на землях государственного лесного фонда. Заявитель требует провести ремонтные работы по улучшению покрытия, аргументируя это невозможностью проезда спецтранспорта. Однако, по информации Боровлянского спецлесхоза, это не соответствует действительности. Более того, сам участок имеет спорный юридический статус. […] Официальные ответы на обращения гражданина направлялись от различных инстанций: самого спецлесхоза, Минского производственного лесохозяйственного объединения, Министерства лесного хозяйства, а также сельского и районного исполкомов. […] — Мы не пошли на то, чтобы закрыть проезд, потому что понимаем: люди там проживают круглогодично, — пояснил Александр Миронович. […]","[""https://mlyn.by/28082026/asfalt-est-no-remont-pod-zapretom-v-chem-problema-dorogi-k-dvum-st-v-minskom-rajone""]",KEEP,Общественный транспорт,,KEEP,KEEP,"Дороги, состояние инфраструктуры",Есть социальная проблема и затронутая группа,"Острая проблема, свидетельства местных жителей. Требования исправления ситуации.",2026-09-03T19:02:51.531Z,NO,,,regex_keep,0.39473684,2.53333333,YES,GOLD_LOCKED
se-monitor-blind-gold-2026-09-03-final-v1,evt_383de39b228b3462,evt_383de39b228b3462,Белновости,МЧС предупредило белорусов о факторах опасности 31 августа 2026 года,https://www.belnovosti.by/obshchestvo/mchs-predupredilo-belorusov-o-faktorah-opasnosti-31-avgusta-2026-goda,2026-08-31,"[25,26]",,"[""https://www.belnovosti.by/obshchestvo/mchs-predupredilo-belorusov-o-faktorah-opasnosti-31-avgusta-2026-goda""]",REJECT,,последствия стихии без жалобы на работу служб: гроз,REJECT,REJECT,Информация о стихийных бедствиях,Нет конкретной проблемы или ущерба,"Предупреждения, которые носят информационный характер, не вклюяаются в отчет мониторинга.",2026-09-03T19:03:59.083Z,NO,,,regex_reject,0.45977011,2.175,NO,GOLD_LOCKED
se-monitor-blind-gold-2026-09-03-final-v1,evt_08eca240fa29ecfd,evt_08eca240fa29ecfd,Onlíner,«Один миллиметр — и все испорчено». Художница продает миниатюрные копии белорусских хат - Недвижимость Onlíner,https://realt.onliner.by/2026/08/28/beloruska-delaet-miniatyurnye-kopii-xat,2026-08-28,"[18,19]","[…] Туда же и распределилась и до сих пор трудится дизайнером в институтском издательстве: рисует обложки для учебников и книг, создает афиши, пригласительные — словом, отвечает за всю графическую часть. […] Одну из хаток Маргарита срисовала с заброшенного домика возле железной дороги на станции Ольшевцы: заметила из окна электрички, успела сфотографировать и позже перенесла на бумагу. […] — В основном эти домики дети заказывают в подарок родителям. Но были и противоположные кейсы, когда родители дарили миниатюры своим уже взрослым детям, которые уехали и живут в собственных домах за границей. Бывает и так, что семейная хата стоит заброшенной, жить там или отремонтировать ее нет возможности, а сохранить память очень хочется — хотя бы в таком формате. […] Идей и планов у Маргариты хватит на годы вперед, но главный ресурс, которого катастрофически не хватает, — это время. […] Проекты годами могут лежать в столе: они классные, но у меня просто не доходят руки их доделать. […]","[""https://realt.onliner.by/2026/08/28/beloruska-delaet-miniatyurnye-kopii-xat""]",KEEP,Качество товаров и услуг,,REJECT,REJECT,Событийность,Нет конкретной проблемы или ущерба,Информационно-развлекательное сообщение в сфере культуры и искусства.,2026-09-03T19:04:48.659Z,NO,,,regex_keep,0.39473684,2.53333333,YES,GOLD_LOCKED
se-monitor-blind-gold-2026-09-03-final-v1,evt_e7e590eb77b2ef71,evt_e7e590eb77b2ef71,Smartpress.by,"На 1 сентября в Беларуси объявили оранжевый уровень опасности: грозы, ливни и ветер до 20 м/с",https://smartpress.by/news/na-1-sentyabrya-v-belarusi-obyavili-oranzhevyy-uroven-opasnosti-grozy-livni-i-veter-do-20-m-s,2026-08-31,[30],,"[""https://smartpress.by/news/na-1-sentyabrya-v-belarusi-obyavili-oranzhevyy-uroven-opasnosti-grozy-livni-i-veter-do-20-m-s""]",REJECT,,прогноз без фактической социальной проблемы: ожидается,REJECT,REJECT,Событийность,Нет конкретной проблемы или ущерба,"Прогноз, погоды отсутствует фактическая проблема, не включается в отчет мониторинга.",2026-09-03T19:05:35.107Z,NO,,,regex_reject,0.45977011,2.175,NO,GOLD_LOCKED
se-monitor-blind-gold-2026-09-03-final-v1,evt_0f2bc5071ff23a85,evt_0f2bc5071ff23a85,Виртуальный Брест,Очереди из фур и легковушек сохраняются на границе Беларуси с ЕС,https://virtualbrest.ru/news190894.php,2026-09-03,[39],,"[""https://virtualbrest.ru/news190894.php""]",REJECT,,нет связки социальной темы и проблемы,KEEP,KEEP,"Транспорт, пересечение границы",Есть социальная проблема и затронутая группа,"Неудобство при пересечение границы, социальное возмущение -  потенциапьно.",2026-09-03T19:06:25.994Z,NO,,,regex_reject,0.45977011,2.175,NO,GOLD_LOCKED
se-monitor-blind-gold-2026-09-03-final-v1,evt_e75b2c7e1712f5c8,evt_e75b2c7e1712f5c8,Onlíner,На Планерной горе начинают строить паркинг с магазином и кафе. На очереди — стильный ЖК - Недвижимость Onlíner,https://realt.onliner.by/2026/08/31/na-planernoj-gore,2026-08-31,"[30,31,32,33]","[…] Вот уже несколько лет на пустыре между НПО «Центр» и гипермаркетом «Гиппо» иногда появляется строительная техника, дающая надежду, что стройка началась. Проектная декларация по 1-й очереди строительства выпущена — это радует. Объект называется так: «многоэтажный гараж-стоянка со встроенными помещениями общественного назначения». […] В проекте числятся 15 десятиэтажных домов, два надземных паркинга по 270 мест, два подземных — на 300 мест, школа на 780 детей, детский сад на 230 малышей, отдельно стоящая амбулатория. […]","[""https://realt.onliner.by/2026/08/31/na-planernoj-gore""]",KEEP,Здравоохранение,,REJECT,REJECT,"Событийность, строительство",Нет конкретной проблемы или ущерба,Информационное сообщение о планах застройщика.,2026-09-03T19:07:20.858Z,NO,,,regex_keep,0.39473684,2.53333333,YES,GOLD_LOCKED
se-monitor-blind-gold-2026-09-03-final-v1,evt_f99a6802c5c95c47,evt_f99a6802c5c95c47,NewGrodno,Эти сладости запретили в Беларуси – вы могли их покупать,https://newgrodno.by/society/eti-sladosti-zapretili-v-belarusi-vy-mogli-ih-pokupat,2026-08-24,[5],"В Реестр опасной продукции, который ведет Евразийский экономический союз (ЕАЭС), внесены кондитерские изделия нескольких производителей. […] Производитель продукции – филиал «Пинский кооппром» ТУП «Пинская межрайонная торговая база». Сообщается, что в пирожном «Эгер» обнаружен недопустимый S.aureus (золотистый стафилококк) в 0,1 г продукта. «Улитка» не соответствует требованиям по показателям безопасности: завышенному количеству мезофильных аэробных и факультативно анаэробных микроорганизмов (КМАФАнМ); превышению допустимого уровня содержания дрожжей; В Беларуси запретили продажу нескольких видов китайских сладостей Также обнаружены бактерии группы кишечной палочки (колиформы) в 1 г продукта, что не допускается. Помимо этого, в реестр внесли продукцию из России: миндальное пирожное с фруктовой начинкой (ООО «ТУИЛЬ»); мучные сладости «Пальчики оближешь» и «Аврора» (ООО «Кубанский кондитер»); бисквитные «колечки» с лимоном (ООО «МАРК»). […]","[""https://newgrodno.by/society/eti-sladosti-zapretili-v-belarusi-vy-mogli-ih-pokupat""]",KEEP,Качество товаров и услуг,,KEEP,KEEP,Качество товаров и услуг,Массовые интересы потребителей,"Потенциальная опасность для потребителей, купивших недоброкачественный товар.",2026-09-03T19:08:05.802Z,NO,,,regex_keep,0.39473684,2.53333333,YES,GOLD_LOCKED
se-monitor-blind-gold-2026-09-03-final-v1,evt_9576a42929827c63,evt_9576a42929827c63,Smartpress.by,В крошечной стране в центре Европы одна из самых влиятельных монархий стала еще сильнее. Что происходит,https://smartpress.by/news/v-kroshechnoy-strane-v-tsentre-evropy-odna-iz-samykh-vliyatelnykh-monarkhiy-stala-eshche-silnee-chto,2026-08-31,"[25,26]",,"[""https://smartpress.by/news/v-kroshechnoy-strane-v-tsentre-evropy-odna-iz-samykh-vliyatelnykh-monarkhiy-stala-eshche-silnee-chto""]",REJECT,,нет связки социальной темы и проблемы,REJECT,REJECT,Событийность.,Нет конкретной проблемы или ущерба,"Международное сообщение. Не влияет на белорусских граждан, не затрагивает интересы Беларуси.",2026-09-03T19:08:40.987Z,NO,,,regex_reject,0.45977011,2.175,NO,GOLD_LOCKED
se-monitor-blind-gold-2026-09-03-final-v1,evt_8e506c4a33a13c74,evt_8e506c4a33a13c74,Газета «Сильные Новости»,"Жир при похудении не превращается в мышцы: ученые объяснили, куда он уходит - GS.BY",https://www.gs.by/2026/08/30/zhir-pri-pohudenii-ne-prevraschaetsya-v-myshcy-uchenye-obyasnili-kuda-on-uhodit,2026-08-30,"[25,26]","Когда человек худеет, жир не превращается в мышцы и не «сгорает» буквально. При дефиците энергии организм начинает использовать жировые запасы, а в процессе их расщепления образуются углекислый газ и вода. Как пишет HuffPost, основная часть массы расщепленного жира покидает организм через легкие — в составе углекислого газа. […] Это не значит, что для похудения нужно чаще дышать или сильнее потеть. К снижению веса приводит прежде всего дефицит энергии: организм расходует больше калорий, чем получает с пищей. Физическая активность помогает увеличить расход энергии, но сама по себе не «плавит» жир. […]","[""https://www.gs.by/2026/08/30/zhir-pri-pohudenii-ne-prevraschaetsya-v-myshcy-uchenye-obyasnili-kuda-on-uhodit""]",KEEP,"Цены, торговля и дефицит",,REJECT,REJECT,Советы,Нет конкретной проблемы или ущерба,Советы по здоровью не включаются в отчет мониторинга,2026-09-03T19:09:31.034Z,NO,,,regex_keep,0.39473684,2.53333333,YES,GOLD_LOCKED
se-monitor-blind-gold-2026-09-03-final-v1,evt_00f5c4d8034a2128,evt_00f5c4d8034a2128,Виртуальный Брест,"«Начал кричать, бросил костыли на землю». Посадка в такси закончилась конфликтом",https://virtualbrest.ru/news190451.php,2026-08-28,"[21,22,23]",,"[""https://virtualbrest.ru/news190451.php""]",REJECT,,,REJECT,REJECT,Права потребителей,Единичный частный случай без широкого эффекта,"Нарушены права потребителей, но единичный случай.",2026-09-03T19:10:10.634Z,NO,,,regex_reject,0.45977011,2.175,NO,GOLD_LOCKED
se-monitor-blind-gold-2026-09-03-final-v1,evt_023ae5133f211831,evt_023ae5133f211831,Виртуальный Брест,Пропавшая во время наводнения в Непале белоруска вышла на связь: с ней все в порядке,https://virtualbrest.ru/news190436.php,2026-08-28,"[21,22,23]",,"[""https://virtualbrest.ru/news190436.php""]",REJECT,,,REJECT,REJECT,Событийность,Нет конкретной проблемы или ущерба,Сообщение международной повестки. Проблема отсутствует.,2026-09-03T19:10:41.307Z,NO,,,regex_reject,0.45977011,2.175,NO,GOLD_LOCKED
se-monitor-blind-gold-2026-09-03-final-v1,evt_9c943df68321bbb6,evt_9c943df68321bbb6,Smartpress.by,"Новости одной строкой: новый глава Apple, испорченные прически 1 сентября и дыхание Скандинавии в Беларуси",https://smartpress.by/news/novosti-odnoy-strokoy-novyy-glava-apple-isporchennye-pricheski-1-sentyabrya-i-dykhanie-skandinavii-v,2026-09-02,"[35,36]",,"[""https://smartpress.by/news/novosti-odnoy-strokoy-novyy-glava-apple-isporchennye-pricheski-1-sentyabrya-i-dykhanie-skandinavii-v""]",REJECT,,политическая тема: лукашенко,REJECT,REJECT,Событийность,Нет конкретной проблемы или ущерба,Дайджест международной информации не включается в отчет мониторига,2026-09-03T19:11:19.178Z,NO,,,regex_reject,0.45977011,2.175,NO,GOLD_LOCKED
se-monitor-blind-gold-2026-09-03-final-v1,evt_bd60f263d89c0d66,evt_bd60f263d89c0d66,Onlíner,Одна из служб такси перешла на фиксированые тарифы. Что это значит? - Авто Onlíner,https://auto.onliner.by/2026/09/02/odna-iz-sluzhb-taksi-pereshla-na-fiksirovanye-tarify-chto-eto-znachit,2026-09-02,[38],"[…] В компании заявили, что теперь тарифы зафиксированы, а пассажиры застрахованы от резких ценовых скачков. Так, по заявлению представителей сервиса, стоимость поездки не будет завышаться из-за дефицита свободных машин в городе, а незначительная разница в цене одного и того же маршрута в течение дня теперь зависит только от объективных факторов: времени в пути и ситуации на дорогах, — а не от алгоритмов. « Окончательная стоимость поездки фиксируется в момент заказа — е е сразу видно на экране смартфона или е е озвучивает диспетчер по телефону 135. Итоговый чек может измениться, только если пассажир сам решит поменять маршрут или попросит водителя подождать », — пояснили в компании. […]","[""https://auto.onliner.by/2026/09/02/odna-iz-sluzhb-taksi-pereshla-na-fiksirovanye-tarify-chto-eto-znachit""]",KEEP,Общественный транспорт,,REJECT,REJECT,Общественный транспорт,Нет конкретной проблемы или ущерба,"Информационное сообщение об изменении тарифов, отсутствие реакции пользователей.",2026-09-03T19:11:56.802Z,NO,,,regex_keep,0.39473684,2.53333333,YES,GOLD_LOCKED
se-monitor-blind-gold-2026-09-03-final-v1,evt_b672371904f2cdd6,evt_b672371904f2cdd6,Хартия-97,Для белорусов ввели новые финансовые ограничения,https://charter97.org/ru/news/2026/8/24/695849,2026-08-24,[5],"[…] Ранее также сообщалось, что нашим соотечественникам с ПМЖ закрывают счета в швейцарских банках. Как объяснили в техподдержке Payoneer, изменения связаны с требованиями его банков-партнеров. Ранее сервис вводил ограничения на вывод средств на счета белорусских банков-партнеров. […] Также возможен вывод средств через снятие наличных по уже имеющимся картам сервиса. В ноябре 2025 года Payoneer уведомила белорусских пользователей о том, что долларовые банковские счета в Беларуси больше не поддерживаются. В рассылке сервиса уточнялось, что такие меры приняты, «чтобы избежать неудачных транзакций». […] Платформа не работала с некоторыми белорусскими банками, которые попали под санкции Запада. […]","[""https://charter97.org/ru/news/2026/8/24/695849""]",KEEP,"Законы, права и общественное регулирование",,KEEP,KEEP,"Законы, права и общественное регулирование",Массовые интересы потребителей,"Финансовые ограничения, затрагивающие широкий круг белорусских граждан",2026-09-03T19:12:39.642Z,NO,,,regex_keep,0.39473684,2.53333333,YES,GOLD_LOCKED
se-monitor-blind-gold-2026-09-03-final-v1,evt_794098de39f81a1a,evt_794098de39f81a1a,Лунинецкие новости,Прогулки по дну Припяти: почему мелеет река в Беларуси,https://lnc.by/news/obshchestvo/progulki-po-dnu-pripyati-pochemu-meleet-reka-v-belarusi,2026-08-31,"[25,26]","[…] В Беларуси ограничили судоходство на некоторых реках. Критические отметки уровня воды специалисты фиксируют на Припяти в Гомельской области. Обмелели и Западная Двина в районе Витебска, Неман у Гродно, Днепр у Могилева и другие водоемы. Подробности - в видео ← Предыдущая новость Следующая новость →","[""https://lnc.by/news/obshchestvo/progulki-po-dnu-pripyati-pochemu-meleet-reka-v-belarusi""]",KEEP,Экология и санитарные проблемы,,KEEP,KEEP,Экология и санитарные проблемы,Есть социальная проблема и затронутая группа,"Экологические проблемы, поиски решения, обеспокоенность граждан.",2026-09-03T19:13:23.210Z,NO,,,regex_keep,0.39473684,2.53333333,YES,GOLD_LOCKED
se-monitor-blind-gold-2026-09-03-final-v1,evt_d2bb46242e8bc9a1,evt_d2bb46242e8bc9a1,Onlíner,"Вместо квартиры — склад досок, а кредит платить надо. Что происходит с «Кухнями Черри»",https://money.onliner.by/2026/09/03/ostalis-bez-mebeli-i-deneg,2026-09-03,[39],,"[""https://money.onliner.by/2026/09/03/ostalis-bez-mebeli-i-deneg""]",REJECT,,криминальная/происшественная тема: рувд,KEEP,KEEP,Права потребителей,Массовые интересы потребителей,"Общественный резонанс, широкий круг пострадавших.",2026-09-03T19:14:12.402Z,NO,,,regex_reject,0.45977011,2.175,NO,GOLD_LOCKED
se-monitor-blind-gold-2026-09-03-final-v1,evt_baa92c4ba8a907d8,evt_baa92c4ba8a907d8,Onlíner,Самолет «Белавиа» экстренно сел в Анкаре из-за пассажира. Спасти его не удалось - Люди Onlíner,https://people.onliner.by/2026/08/25/passazhiru-stalo-ploxo-samolet-iz-sharm-el-shejxa-sovershil-ekstrennuyu-posadku-v-ankare,2026-08-25,[10],"[…] — Его шатало по сторонам, он жаловался на головную боль и даже врезался в стекло в терминале. При этом люди, которые сидели рядом с ним, говорят, что запаха алкоголя не было. Он сидел в самом хвосте, я в начале, поэтому всю серьезность ситуации я осознал, когда стюардессы начали перемещаться по салону бегом, а нам запретили вставать, — делится читатель Onlíner. Самолет вылетел из Шарм-эль-Шейха в 21:10 и около 23:30 экстренно приземлился в турецкой Анкаре. […] Еще перед посадкой в Анкаре бортпроводники объявили по громкой связи о том, что требуется поддержка медицинских работников. На призыв откликнулись два квалифицированных врача. Пассажиру была проведена сердечно-легочная реанимация. […]","[""https://people.onliner.by/2026/08/25/passazhiru-stalo-ploxo-samolet-iz-sharm-el-shejxa-sovershil-ekstrennuyu-posadku-v-ankare""]",KEEP,"Законы, права и общественное регулирование",,REJECT,REJECT,Транспорт,Единичный частный случай без широкого эффекта,Единичный характер проблемы. Не требует вмешательства белорусских властей.,2026-09-03T19:14:49.418Z,NO,,,regex_keep,0.39473684,2.53333333,YES,GOLD_LOCKED
se-monitor-blind-gold-2026-09-03-final-v1,evt_544cf6ed234b89cd,evt_544cf6ed234b89cd,Onlíner,Не пугает даже дорогущий паркинг. Минчане выстроились в очередь ради новой высотки у метро - Недвижимость Onlíner,https://realt.onliner.by/2026/08/28/ochered-bolshaya,2026-08-28,"[20,21,22,23,24,25,26]","[…] Речь про новый квартал, который формируется в районе улицы Макаенка, в двух шагах от станции метро «Московская». […] Но есть и огромный минус: в связке с квартирой идет машино-место в паркинге. […] Но даже это обстоятельство не отпугнуло нуждающихся. Перед УКСом Заводского района, который и выступает заказчиком строительства, образовалась очереди из желающих вписаться в долевку. Фото с места, где сейчас жарко, опубликовал пользователь соцсети Threads, уточнив, что очередь очень большая. В комментариях минчане отметили, что очередь начала обретать осязаемую форму еще вчера вечером. […]","[""https://realt.onliner.by/2026/08/28/ochered-bolshaya""]",KEEP,Дороги и благоустройство,,REJECT,REJECT,Недвижимость,Нет конкретной проблемы или ущерба,Новаости об ожиатажном спросе на покупку недвижимости. Отсутствие конкретной проблемы.,2026-09-03T19:15:23.042Z,NO,,,regex_keep,0.39473684,2.53333333,YES,GOLD_LOCKED
se-monitor-blind-gold-2026-09-03-final-v1,evt_fb0e7e57a417af3d,evt_fb0e7e57a417af3d,Витебская Весна,Рэдактарка наваполацкай газеты заклікае рабіць “выбар патрыётаў” - купляць беларускія тавары,https://vitebskspring.org/news/dzjarzhava/item/7877-redaktarka-navapolatskaj-gazety-zaklikae-rabits-vybar-patryjotau-kuplyats-belaruskiya-tavary,2026-08-29,"[24,25,26]",,"[""https://vitebskspring.org/news/dzjarzhava/item/7877-redaktarka-navapolatskaj-gazety-zaklikae-rabits-vybar-patryjotau-kuplyats-belaruskiya-tavary""]",REJECT,,,REJECT,REJECT,Права потребителей,Нет конкретной проблемы или ущерба,"Информационное сообщение с призывом совершать определенные действия, не требует вмешательства властей.",2026-09-03T19:16:11.570Z,NO,,,regex_reject,0.45977011,2.175,NO,GOLD_LOCKED
se-monitor-blind-gold-2026-09-03-final-v1,evt_c5e5019e31e46241,evt_c5e5019e31e46241,Smartpress.by,“Выбивает из момента”. Теннисистки пожаловались на запах марихуаны на US Open,https://smartpress.by/idea/sport/vybivaet-iz-momenta-tennisistki-pozhalovalis-na-zapakh-marikhuany-na-us-open,2026-09-01,"[30,31,32]",,"[""https://smartpress.by/idea/sport/vybivaet-iz-momenta-tennisistki-pozhalovalis-na-zapakh-marikhuany-na-us-open""]",REJECT,,нет связки социальной темы и проблемы,REJECT,REJECT,Событийность,Нет конкретной проблемы или ущерба,Международный курьез. Не требует включения в отчет мониторинга. Не требует вмешательства белорусских властей.,2026-09-03T19:16:57.122Z,NO,,,regex_reject,0.45977011,2.175,NO,GOLD_LOCKED
se-monitor-blind-gold-2026-09-03-final-v1,evt_9dba8b7718158244,evt_9dba8b7718158244,Hrodna.life,"Улады зноў патлумачылі, чаму забруджваецца Дзітва. Цяпер сярод прычын — заводы Ліды",https://hrodna.life/2026/08/25/zabrudzhvannie-dzitvy,2026-08-25,[7],"[…] Сярод іх — зношаныя і перагружаныя гарадскія ачышчальныя збудаванні, спыненне еўрапейскага фінансавання іх рэканструкцыі і прамысловыя сцёкі. Каля 30% сцёкавых водаў горада паступае ад прадпрыемстваў, пры гэтым у часткі заводаў дагэтуль няма ўласных лакальных ачышчальных збудаванняў. У Telegram-канале «Лида (не) официально» з’явіўся разбор прычын забруджвання Дзітвы. Улады патлумачылі, чаму рэканструкцыя гарадскіх ачышчальных зацягнулася і што зараз робяць для вырашэння праблемы. […] Яшчэ адной прычынай праблем з ачысткай улады назвалі прамысловыя сцёкі. На прадпрыемствы прыпадае каля 30% усіх сцёкавых водаў горада, пры гэтым у шэрагу заводаў няма ўласных лакальных ачышчальных збудаванняў. Паводле тлумачэння ўладаў, прамысловыя сцёкі негатыўна ўплываюць на бактэрыі, якія выкарыстоўваюцца для біялагічнай ачысткі вады, і парушаюць біябаланс. […]","[""https://hrodna.life/2026/08/25/zabrudzhvannie-dzitvy""]",KEEP,Экология и санитарные проблемы,,KEEP,KEEP,Экология и санитарные проблемы,Есть социальная проблема и затронутая группа,Продолжение рассмотрения проблемы загрязнения рек по вине белорусских предприятий.,2026-09-03T19:17:46.434Z,NO,,,regex_keep,0.39473684,2.53333333,YES,GOLD_LOCKED
se-monitor-blind-gold-2026-09-03-final-v1,evt_f5902d34bed00aad,evt_f5902d34bed00aad,Полацкі веснік,В Полоцке состоялось плановое заседание комиссии по противодействию коррупции,https://www.pvestnik.by/v-polocke-sostoyalos-planovoe-zasedanie-komissii-po-protivodejstviju-korrupcii,2026-08-28,"[25,26]","[…] Однако порой допускаются грубые нарушения, создающими условия для коррупции. Внимание в ходе заседания также уделено проводимой в районе работе по сокращению просроченной дебиторской задолженности, в том числе и внешней. Заслушана информация руководителей предприятий о принимаемых мерах по предупреждению и профилактике коррупционных проявлений и пресечению правонарушений, создающих условия для коррупции в организации. […]","[""https://www.pvestnik.by/v-polocke-sostoyalos-planovoe-zasedanie-komissii-po-protivodejstviju-korrupcii""]",KEEP,Качество товаров и услуг,,REJECT,REJECT,Событийность,Нет конкретной проблемы или ущерба,Информационное сообщение о деятельности органов власти.,2026-09-03T19:18:49.690Z,NO,,,regex_keep,0.39473684,2.53333333,YES,GOLD_LOCKED
se-monitor-blind-gold-2026-09-03-final-v1,evt_49f27b9c15291c5b,evt_49f27b9c15291c5b,Минская правда,Кочанова и Кушнаренко осмотрели социально-экономическую инфраструктуру Несвижчины - 28.08.2026,https://mlyn.by/28082026/kochanova-i-kushnarenko-osmotreli-soczialno-ekonomicheskuyu-infrastrukturu-nesvizhchiny,2026-08-28,"[21,22,23]","[…] Внимание было сосредоточено на вполне конкретных вопросах: благоустройстве, социальной и инженерно-транспортной инфраструктуре Несвижа и качестве жизни людей. Гостям представили результаты работы по наведению порядка на прилегающей к музею-заповеднику территории в рамках мероприятий Года благоустройства. На месте, где были заброшенная земля и здание бывшей военной части, сегодня можно увидеть великолепный парк. Обустроена красивая набережная, на которой делают снимки молодожёны. — Проведён снос гаражей, бетонного ограждения и столярного цеха. Кроме этого, было проведено спиливание ветхих аварийных деревьев, а также подрезка крон остальных деревьев, которые находились на данном земельном участке. Установлено более 25 скамеек, а также сеть наружного освещения с монтажом четырёх видов 1–2 и трёх торшерных светильников, — отметил председатель Несвижского райисполкома Андрей Ратомский. […]","[""https://mlyn.by/28082026/kochanova-i-kushnarenko-osmotreli-soczialno-ekonomicheskuyu-infrastrukturu-nesvizhchiny""]",KEEP,Дороги и благоустройство,,REJECT,REJECT,Благоустройство,Нет конкретной проблемы или ущерба,Информационное сообщение о деятельности властей.,2026-09-03T19:19:32.266Z,NO,,,regex_keep,0.39473684,2.53333333,YES,GOLD_LOCKED
se-monitor-blind-gold-2026-09-03-final-v1,evt_c59dbc0c3fa4646e,evt_c59dbc0c3fa4646e,Могилёв Online,"В Могилеве открывается новая подземка на проспекте Мира — посмотрели, как она выглядит",https://t.me/mogilevonline/123511,2026-08-31,"[27,28]","[…] Как рассказали МогилевОнлайн работники, наводившие там порядок, если сегодня при приемке не обнаружится никаких «косяков», то он начнет функционировать завтра — 1 сентября. […] Подземка имеет три входа-выхода: два на стороне «свечки» по проспекту Мира, еще один — на противоположной. Пара из них оборудована лифтами. Напомним, что объект начали строить минувшей осенью, когда перенесли остановки и закрыли часть дороги со стороны Базы лучников. Пришлось даже снести часть старых построек. […]","[""https://t.me/mogilevonline/123511""]",KEEP,"Работа, зарплаты и доходы",,REJECT,REJECT,Инфраструктура,Нет конкретной проблемы или ущерба,Инфорационное сообщение о благоустройстве.,2026-09-03T19:20:04.410Z,NO,,,regex_keep,0.39473684,2.53333333,YES,GOLD_LOCKED
se-monitor-blind-gold-2026-09-03-final-v1,evt_8a253965d4267d57,evt_8a253965d4267d57,Zerkalo.io,В пинских десертах нашли кишечную палочку и золотистый стафилококк,https://news.zerkalo.io/life/134923.html,2026-08-24,[5],В пинских десертах нашли кишечную палочку и золотистый стафилококк. https://zerkalo-11jun.space/news/life/134923.html?tg=3 👉 Не работает ссылка? […],"[""https://news.zerkalo.io/life/134923.html""]",KEEP,Качество товаров и услуг,,KEEP,KEEP,Качество товаров и услуг,Массовые интересы потребителей,Потенциальная опасность купить некачественный товар.,2026-09-03T19:20:39.138Z,NO,,,regex_keep,0.39473684,2.53333333,YES,GOLD_LOCKED
se-monitor-blind-gold-2026-09-03-final-v1,evt_d011ed4637b894bf,evt_d011ed4637b894bf,Виртуальный Брест,Сейфы с деньгами и золотом из 20 банков разыскивают в Непале,https://virtualbrest.ru/news190725.php,2026-09-01,[35],,"[""https://virtualbrest.ru/news190725.php""]",REJECT,,Evidence Binding: тема и проблема связаны только глубоко в тексте,REJECT,REJECT,Событийность,Нет конкретной проблемы или ущерба,"Международная повестка информационная, курьезный характер новости",2026-09-03T19:21:15.378Z,NO,,,regex_reject,0.45977011,2.175,NO,GOLD_LOCKED
se-monitor-blind-gold-2026-09-03-final-v1,evt_8410d0f17d579560,evt_8410d0f17d579560,Белсат,"Специалисты рассказали, почему за два дня исчезло озеро возле «Дальвы»",https://ru.belsat.eu/95192721/za-dva-dnya-ischezlo-ozero-vozle-dalvy,2026-09-03,[40],"<p><span>Лесное озеро возле мемориального комплекса «Дальва» в Логойском районе, из которого за несколько дней практически полностью ушла вода, должно восстановиться. Специалисты выяснили, что причиной резкого обмеления стала засорившаяся водопропускная труба: вода пошла в обход и подмыла дамбу.</span></p><p></p>","[""https://ru.belsat.eu/95192721/za-dva-dnya-ischezlo-ozero-vozle-dalvy""]",KEEP,Экология и санитарные проблемы,,KEEP,KEEP,Экология и санитарные проблемы,Есть социальная проблема и затронутая группа,Проблема и объяснения со стороны властей. Проблема пока не решена.,2026-09-03T19:21:54.778Z,NO,,,regex_keep,0.39473684,2.53333333,YES,GOLD_LOCKED
se-monitor-blind-gold-2026-09-03-final-v1,evt_7c4b616925957cb0,evt_7c4b616925957cb0,Onlíner,Разработчикам придется оптимизировать расход памяти — этого требуют в Google - Технологии Onlíner,https://tech.onliner.by/2026/08/28/razrabotchikam-pridetsya-optimizirovat-rasxod-pamyati-etogo-trebuyut-v-google,2026-08-28,[19],"Разработчики все чаще сталкиваются с общеотраслевым дефицитом микросхем памяти, вызванным бумом центров обработки данных. Проблема становится настолько масштабной, что Google объявила о двух новых требованиях к качеству приложений — одно из них направлено на сокращение использования памяти приложениями и оптимизацию кода. Как отмечают в Google, сейчас мобильная индустрия сталкивается со «значительными ограничениями в поставках оборудования, которые изменяют доступность памяти для устройств». […] Как отмечают в компании, эти требования должны помочь разработчикам андроид-приложений и игр и дальше обеспечивать пользователям качественный опыт. […]","[""https://tech.onliner.by/2026/08/28/razrabotchikam-pridetsya-optimizirovat-rasxod-pamyati-etogo-trebuyut-v-google""]",KEEP,Качество товаров и услуг,,REJECT,REJECT,Новости технологии,Нет конкретной проблемы или ущерба,"Не требуется реакции белорусских властей. Проблема международного характера, не зависит от действаий белорусских властей.",2026-09-03T19:22:39.649Z,NO,,,regex_keep,0.39473684,2.53333333,YES,GOLD_LOCKED
se-monitor-blind-gold-2026-09-03-final-v1,evt_5af6aabf1ed22b75,evt_5af6aabf1ed22b75,Виртуальный Брест,Немецкий автоконцерн Volkswagen согласовал закрытие четырех заводов в Германии из-за мер жесткой экономии,https://virtualbrest.ru/news190776.php,2026-09-02,[36],,"[""https://virtualbrest.ru/news190776.php""]",REJECT,,нет связки социальной темы и проблемы,REJECT,REJECT,Транспорт,Нет конкретной проблемы или ущерба,Информационное сообщение. Международная новость.,2026-09-03T19:23:40.490Z,NO,,,regex_reject,0.45977011,2.175,NO,GOLD_LOCKED
se-monitor-blind-gold-2026-09-03-final-v1,evt_f6947cdd5be31ea9,evt_f6947cdd5be31ea9,Onlíner,"Кто прав, а кто нет? Видео в сети вызвало споры - Авто Onlíner",https://auto.onliner.by/2026/08/28/kto-prav-a-kto-net,2026-08-28,[20],"[…] — Не понимаю, в чем проблема, — пишет пользователь с ником tvoy_lashmeyker. — Чтобы выехать, я нарушил правила на видео, — объясняет автор ролика. — Впереди одностороннее движение только налево. […] Заметим, что на видео водитель Peugeot как раз пропускает выезжающий автомобиль. — Как можно выезжать с проезда, в котором допустимо встречное движение, прижавшись к левому краю? Пункт 75 ПДД: «При отсутствии дорожных знаков и горизонтальной дорожной разметки половина ширины проезжей части дороги, расположенная слева, считается ее встречной стороной». В вашей полосе препятствие в виде столбиков и припаркованных авто. […]","[""https://auto.onliner.by/2026/08/28/kto-prav-a-kto-net""]",KEEP,"Законы, права и общественное регулирование",,KEEP,KEEP,"Законы, права и общественное регулирование",Массовые интересы потребителей,"Общественный резонанс, обсуждение противоречивости нормативных актов, правил дорожного движения.",2026-09-03T19:24:16.458Z,NO,,,regex_keep,0.39473684,2.53333333,YES,GOLD_LOCKED
se-monitor-blind-gold-2026-09-03-final-v1,evt_bde0c9b331585468,evt_bde0c9b331585468,Наша Ніва,Спадкаемцы «Вострава чысціні» закрываюць крамы і фіксуюць страты,https://t.me/nashaniva/120859,2026-08-28,"[21,22,23]","Спадкаемцы «Вострава чысціні» закрываюць крамы і фіксуюць страты Пяць гадоў таму сетка «Востраў чысціні і смаку» налічвала 750 аб’ектаў і была адным з лідараў беларускага рытэйлу. Аднак у 2022 годзе бізнэс даў трэшчыну на фоне фінансавых пралікаў, даўгавой нагрузкі і прэтэнзій з боку кантрольных структур. Вынікам стала банкруцтва кампаній групы «Ромакс». Пазней гандлёвыя плошчы, якія вызваліліся, пачалі займаць новыя гульцы. […]","[""https://t.me/nashaniva/120859""]",KEEP,Образование и дети,,REJECT,REJECT,Событийность,Нет конкретной проблемы или ущерба,"Информация о банкротстве компаний, не имеющая социальных последствий.",2026-09-03T19:25:14.962Z,NO,,,regex_keep,0.39473684,2.53333333,YES,GOLD_LOCKED
se-monitor-blind-gold-2026-09-03-final-v1,evt_a3a3a29a61fd65cb,evt_a3a3a29a61fd65cb,NewGrodno,Минюст приостановил лицензии трёх агентств недвижимости — в чём причина?,https://newgrodno.by/novosti-belarusi/minyust-priostanovil-litsenzii,2026-08-27,"[15,16]","[…] В частности, под ограничения попали ООО «Агентство недвижимости «ЭРА-Недвижимости»», ООО «БЕЛЦТН» и ООО «ВСП недвижимость-Инвест». В чем суть претензий? Как выяснилось в ходе проверки, во всех перечисленных фирмах услуги по операциям с недвижимостью оказывали люди, не имевшие на это законного права. Причем речь идет не только о штатных сотрудниках, но и о привлеченных специалистах, которые формально не числились в штате агентств. В Министерстве юстиции подчеркивают: такая схема работы, к сожалению, до сих пор встречается на рынке. […]","[""https://newgrodno.by/novosti-belarusi/minyust-priostanovil-litsenzii""]",KEEP,Здравоохранение,,KEEP,KEEP,Недвижимость,Есть социальная проблема и затронутая группа,"Изменение правовых норм приводит к тому, что фирмы не могут работать в правовом поле. Жалобы, нарекания.",2026-09-03T19:25:54.370Z,NO,,,regex_keep,0.39473684,2.53333333,YES,GOLD_LOCKED
se-monitor-blind-gold-2026-09-03-final-v1,evt_fffd0e1ecf80b782,evt_fffd0e1ecf80b782,Смолевичи-24,У водохранилища в Смолевичах провалился грунт – место уже огородили - 02.09.2026,https://smolevichi-24.by/02092026/u-vodohranilishha-v-smolevichah-provalilsya-grunt-mesto-uzhe-ogorodili,2026-09-02,"[38,39]","В местных чатах Смолевичей появилась фотография водохранилища, на которой виден свежий провал грунта. Автор снимка предупреждает: опасное место находится довольно близко к тротуару, и просит родителей поговорить с детьми. Как рассказали в Смолевичском ЖКХ, информация о случившемся уже поступила специалистам. Сейчас они работают на месте. […] Завтра будет выставлено полноценное ограждение. ЖКХ просит горожан быть внимательными при посещении популярного места отдыха и не заходить за предупреждающие ленты. – Очень важно, чтобы об опасности знали и дети. […]","[""https://smolevichi-24.by/02092026/u-vodohranilishha-v-smolevichah-provalilsya-grunt-mesto-uzhe-ogorodili""]",KEEP,Дороги и благоустройство,,KEEP,KEEP,Экология,Есть социальная проблема и затронутая группа,Текущая проблема. Предпринятых мер стабилизации недостаточно.,2026-09-03T19:26:51.041Z,NO,,,regex_keep,0.39473684,2.53333333,YES,GOLD_LOCKED
se-monitor-blind-gold-2026-09-03-final-v1,evt_f30f70b4deb30ba4,evt_f30f70b4deb30ba4,Виртуальный Брест,Изменение климата добавляет месяц опасной жары для 560 млн детей - Синьхуа,https://virtualbrest.ru/news190370.php,2026-08-28,"[18,19]",,"[""https://virtualbrest.ru/news190370.php""]",REJECT,,,REJECT,REJECT,Событийность,Иное,"Международная повестка, не ребует реакции властей Беларуси",2026-09-03T19:27:20.682Z,NO,,,regex_reject,0.45977011,2.175,NO,GOLD_LOCKED
se-monitor-blind-gold-2026-09-03-final-v1,evt_38f7d23fe42902c0,evt_38f7d23fe42902c0,Гродненская правозащита,Павел Севярынец успомніў пра гарадзенскую турму,https://hpravy.org/2026/08/31/%d0%bf%d0%b0%d0%b2%d0%b5%d0%bb-%d1%81%d0%b5%d0%b2%d1%8f%d1%80%d1%8b%d0%bd%d0%b5%d1%86-%d1%83%d1%81%d0%bf%d0%be%d0%bc%d0%bd%d1%96%d1%9e-%d0%bf%d1%80%d0%b0-%d0%b3%d0%b0%d1%80%d0%b0%d0%b4%d0%b7%d0%b5,2026-09-01,"[30,31,32,33]",,"[""https://hpravy.org/2026/08/31/%d0%bf%d0%b0%d0%b2%d0%b5%d0%bb-%d1%81%d0%b5%d0%b2%d1%8f%d1%80%d1%8b%d0%bd%d0%b5%d1%86-%d1%83%d1%81%d0%bf%d0%be%d0%bc%d0%bd%d1%96%d1%9e-%d0%bf%d1%80%d0%b0-%d0%b3%d0%b0%d1%80%d0%b0%d0%b4%d0%b7%d0%b5""]",REJECT,,Evidence Binding: тема и проблема связаны только глубоко в тексте,REJECT,REJECT,"Интервью, воспоминания",Нет конкретной проблемы или ущерба,Автобиаграфические заметки.,2026-09-03T19:27:54.457Z,NO,,,regex_reject,0.45977011,2.175,NO,GOLD_LOCKED
se-monitor-blind-gold-2026-09-03-final-v1,evt_f1e8c3cf01c69475,evt_f1e8c3cf01c69475,Вечерний Бобруйск,Красиво и аукнется. Чем опасны болотные фотосессии,https://bobr.by/news/health/198572,2026-08-26,"[13,14]","[…] Через пару часов празиты дают о себе знать: на теле появляются зуд, волдыри, покраснения, поднимается температура и начинается головная боль.&amp;nbsp; В запущенных случаях церкарии могут мигрировать в печень и другие органы. Лечиться от них дорого и долго. Ад для кожи Болотная вода &amp;ndash; коктейль из грибков, стафилококка и кишечной палочки. Даже микротрещина на пятке = открытая дверь для дерматита, экземы и рожистого воспаления.&amp;nbsp; А где фотографироваться? […]","[""https://bobr.by/news/health/198572""]",KEEP,Качество товаров и услуг,,REJECT,REJECT,Советы,,"Советы в стиле прежупреждений об опасности отдельных путешествий, действий.",2026-09-03T19:28:42.257Z,NO,,,regex_keep,0.39473684,2.53333333,YES,GOLD_LOCKED
se-monitor-blind-gold-2026-09-03-final-v1,evt_1537f04f9937963f,evt_1537f04f9937963f,Smartpress.by,"Две легенды не пережили первый круг US Open: Джокович проиграл впервые за 20 лет, Уильямс продолжила серию поражений",https://smartpress.by/idea/sport/dve-legendy-ne-perezhili-pervyy-krug-us-open-dzhokovich-proigral-vpervye-za-20-let-uilyams-prodolzhi,2026-08-31,[26],,"[""https://smartpress.by/idea/sport/dve-legendy-ne-perezhili-pervyy-krug-us-open-dzhokovich-proigral-vpervye-za-20-let-uilyams-prodolzhi""]",REJECT,,Evidence Binding: тема и проблема связаны только глубоко в тексте,REJECT,REJECT,Спортивные новости,Нет конкретной проблемы или ущерба,"Спортивные новости, не ребующие вмешательства властей Беларуси.",2026-09-03T19:29:25.538Z,NO,,,regex_reject,0.45977011,2.175,NO,GOLD_LOCKED
se-monitor-blind-gold-2026-09-03-final-v1,evt_a6eee372bde77ca7,evt_a6eee372bde77ca7,Виртуальный Брест,Сильные дожди и грозы ожидаются в Беларуси 1 сентября,https://virtualbrest.ru/news190673.php,2026-09-01,"[32,33]",,"[""https://virtualbrest.ru/news190673.php""]",REJECT,,прогноз без фактической социальной проблемы: прогнозируется,REJECT,REJECT,Прогноз погоды,Нет конкретной проблемы или ущерба,Прогноз неблагоприятной погоды.,2026-09-03T19:29:57.050Z,NO,,,regex_reject,0.45977011,2.175,NO,GOLD_LOCKED
se-monitor-blind-gold-2026-09-03-final-v1,evt_67b19acf944bc91b,evt_67b19acf944bc91b,Штодзень Гомель,"Няўжо няма куды патраціць грошы?"" Рэчычанаў абурыў помнік за 62 тысячы рублёў",https://t.me/shtodzien/3994,2026-09-01,"[35,36]",""" Няўжо няма куды патраціць грошы?"" Рэчычанаў абурыў помнік за 62 тысячы рублёў 🤷🏻‍♀️ ""Беларуснафта"" рыхтуецца адзначыць здабычу 150-мільённай тоны нафты новым памятным знакам. Тэндар коштам 62,64 тысячы рублёў апублікаваны на сайце дзяржаўных закупак. ""Каму ён патрэбны, там што, паломнікі будуць збірацца?"", ""Лепш бы дзецям нешта зрабілі"", ""А пачысціць раку ад водарасцяў грошай усё яшчэ няма?"" — абураюцца рэчыцкія. 📌 Падрабязнасці: Рэчыцкіх абурыў помнік ""Беларуснафты"" за 62 тысячы рублёў ❗️ Для абыходу блакіроўкі чытаць тут 🙏🏻 Падтрымаць нас можна праз патрэон 👉 Дапамагчы нам адзінаразовым плацяжом: buymeacoffee Штодзень","[""https://t.me/shtodzien/3994""]",KEEP,"Цены, торговля и дефицит",,KEEP,KEEP,"Цены, торговля и дефицит",Обращение граждан / публичная реакция власти,Жалобы на действия властей Беларуси.,2026-09-03T19:30:25.090Z,NO,,,regex_keep,0.39473684,2.53333333,YES,GOLD_LOCKED
se-monitor-blind-gold-2026-09-03-final-v1,evt_021403e3bd2180a8,evt_021403e3bd2180a8,Smartpress.by,Число жертв катастрофических паводков в Непале и Китае превысило тысячу,https://smartpress.by/news/chislo-zhertv-katastroficheskikh-pavodkov-v-nepale-i-kitae-prevysilo-tysyachu,2026-09-01,"[34,35]",,"[""https://smartpress.by/news/chislo-zhertv-katastroficheskikh-pavodkov-v-nepale-i-kitae-prevysilo-tysyachu""]",REJECT,,иностранная тема: китай,REJECT,REJECT,Чрезвычайные происшествия,Иное,Международная событийная повестка,2026-09-03T19:30:51.961Z,NO,,,regex_reject,0.45977011,2.175,NO,GOLD_LOCKED
se-monitor-blind-gold-2026-09-03-final-v1,evt_a6b3d24da63504f3,evt_a6b3d24da63504f3,Smartpress.by,"Гомельщину атаковали “бешеные огурцы” из Северной Америки – заросли выше человека, жители просят о помощи",https://smartpress.by/news/gomelshchinu-atakovali-beshenye-ogurtsy-iz-severnoy-ameriki-zarosli-vyshe-cheloveka-zhiteli-prosyat-,2026-08-29,[23],,"[""https://smartpress.by/news/gomelshchinu-atakovali-beshenye-ogurtsy-iz-severnoy-ameriki-zarosli-vyshe-cheloveka-zhiteli-prosyat-""]",REJECT,,,REJECT,REJECT,Дайджест новостей,Нет конкретной проблемы или ущерба,Дайджест новостной информации.,2026-09-03T19:31:30.026Z,NO,,,regex_reject,0.45977011,2.175,NO,GOLD_LOCKED
se-monitor-blind-gold-2026-09-03-final-v1,evt_310252bfae6f2974,evt_310252bfae6f2974,Позірк,Таможенники выявили у въехавшего из Польши белоруса спецоборудование для патронов,https://pozirk.online/ru/news/201547,2026-08-28,[20],"Мытнікі выявілі ў беларуса, які ўехаў з Польшчы, спецабсталяванне для патронаў Мужчына абраў зялёны калідор, сцвярджаючы, што не мае тавараў, якія падлягаюць дэклараванню. Кошт канфіскаванага перавышае 22 тыс. Распачаты адміністрацыйны працэс. Парушальніку пагражае штраф да 30 базавых велічынь (1.350 рублёў) і канфіскацыя тавараў. ☝️ 14 жніўня, мытнікі спынілі беларуса з больш чым 32 тыс. […]","[""https://pozirk.online/ru/news/201547""]",KEEP,"Цены, торговля и дефицит",,REJECT,REJECT,Пересечение границы,Нет конкретной проблемы или ущерба,Информационное сообщение о противоправных действиях.,2026-09-03T19:31:58.154Z,NO,,,regex_keep,0.39473684,2.53333333,YES,GOLD_LOCKED
se-monitor-blind-gold-2026-09-03-final-v1,evt_d0f9a8f07220f049,evt_d0f9a8f07220f049,Zerkalo.io,"«Южные и восточные районы рискуют стать непригодными для жизни в ближайшие 10 лет». Ученый — о том, как спасти водоемы от обмеления",https://news.zerkalo.io/life/135205.html,2026-08-27,"[17,18,19]","Вернуть исходное состояние руслам рек, забыть о торфе как удобрении или топливе и отказаться от гигантских накопительных водохранилищ — это то, что может спасти беларусские реки от обмеления. Свои варианты по спасению водоемов на фоне обмеления Сожа и Припяти озвучил ученый-химик, экс-сотрудник НАН Беларуси Сергей Бесараб в своем телеграм-канале. «Нам, и особенно старшему поколению, надо забыть советский порочный стереотип, что „Беларусь — она наша синеокая, воды много, хватит на тысячи лет“. Новая парадигма климатической адаптации — это задержать, сохранить и спрятать от солнца в землю каждую упавшую каплю воды. […] Кроме того предлагает собирать и сохранять дождевую воду. Напомним, в конце августа в соцсетях разлетелись фото и видео обмелевших рек в Гомельской области — Сожа и Припяти. Уровень первой упал на 15 см, а второй — на 7 сантиметров. […]","[""https://news.zerkalo.io/life/135205.html""]",KEEP,Экология и санитарные проблемы,,KEEP,KEEP,Экология и санитарные проблемы,Есть социальная проблема и затронутая группа,"Экологические проблемы, требующие вмешательства властей Беларуси.",2026-09-03T19:32:31.729Z,NO,,,regex_keep,0.39473684,2.53333333,YES,GOLD_LOCKED
se-monitor-blind-gold-2026-09-03-final-v1,evt_badf4d0fc05abfc0,evt_badf4d0fc05abfc0,Белновости,Почему полезно есть малину после творожной запеканки: эллаговая кислота помогает правильному усвоению молочного жира,https://www.belnovosti.by/diety/pochemu-polezno-est-malinu-posle-tvorozhnoy-zapekanki-ellagovaya-kislota-pomogaet-pravilnomu,2026-08-28,[20],,"[""https://www.belnovosti.by/diety/pochemu-polezno-est-malinu-posle-tvorozhnoy-zapekanki-ellagovaya-kislota-pomogaet-pravilnomu""]",REJECT,,,REJECT,REJECT,Советы по ЗОЖ,Нет конкретной проблемы или ущерба,Советы по правильному питанию,2026-09-03T19:35:29.809Z,NO,,,regex_reject,0.45977011,2.175,NO,GOLD_LOCKED
se-monitor-blind-gold-2026-09-03-final-v1,evt_9b6541aaa41fa8b9,evt_9b6541aaa41fa8b9,Smartpress.by,"Несколько секунд без контроля. Почему водитель может не заметить, что уснул",https://smartpress.by/idea/avto/neskolko-sekund-bez-kontrolya-pochemu-voditel-mozhet-ne-zametit-chto-usnul,2026-09-03,[40],,"[""https://smartpress.by/idea/avto/neskolko-sekund-bez-kontrolya-pochemu-voditel-mozhet-ne-zametit-chto-usnul""]",REJECT,,Evidence Binding: тема и проблема связаны только глубоко в тексте,REJECT,REJECT,Советы,Нет конкретной проблемы или ущерба,Советы для водителей.,2026-09-03T19:36:00.697Z,NO,,,regex_reject,0.45977011,2.175,NO,GOLD_LOCKED
se-monitor-blind-gold-2026-09-03-final-v1,evt_ea90631976804a08,evt_ea90631976804a08,Smartpress.by,Убрали морковь с грядки? Как сохранить ее в квартире или заготовить на зиму,https://smartpress.by/idea/sad-ogorod/ubrali-morkov-s-gryadki-kak-sokhranit-ee-v-kvartire-ili-zagotovit-na-zimu,2026-08-31,"[25,26]",,"[""https://smartpress.by/idea/sad-ogorod/ubrali-morkov-s-gryadki-kak-sokhranit-ee-v-kvartire-ili-zagotovit-na-zimu""]",REJECT,,нет связки социальной темы и проблемы,REJECT,REJECT,Советы дачникам,Нет конкретной проблемы или ущерба,Советы дачникам. Общественная проблема отсутствует.,2026-09-03T19:36:26.641Z,NO,,,regex_reject,0.45977011,2.175,NO,GOLD_LOCKED
se-monitor-blind-gold-2026-09-03-final-v1,evt_39f056b1ec4e26ff,evt_39f056b1ec4e26ff,Smartpress.by,Когда копать морковь и свеклу: почему не стоит ждать первых заморозков,https://smartpress.by/idea/sad-ogorod/kogda-kopat-morkov-i-sveklu-pochemu-ne-stoit-zhdat-pervykh-zamorozkov,2026-09-03,[39],,"[""https://smartpress.by/idea/sad-ogorod/kogda-kopat-morkov-i-sveklu-pochemu-ne-stoit-zhdat-pervykh-zamorozkov""]",REJECT,,нет связки социальной темы и проблемы,REJECT,REJECT,Советы дачникам,Нет конкретной проблемы или ущерба,"Советы дачникам, огородникам. Общественная проблема отсутствует.",2026-09-03T19:37:09.513Z,NO,,,regex_reject,0.45977011,2.175,NO,GOLD_LOCKED
se-monitor-blind-gold-2026-09-03-final-v1,evt_3eea7431fba2ead3,evt_3eea7431fba2ead3,NewGrodno,Байкеры пойманы на превышении: под Лидой — 40+ нарушений за два дня,https://newgrodno.by/auto/pod-lidoj-40-narushenij-za-dva-dnya,2026-09-02,[37],,"[""https://newgrodno.by/auto/pod-lidoj-40-narushenij-za-dva-dnya""]",REJECT,,криминальная/происшественная тема: дтп,REJECT,REJECT,Событийность,Нет конкретной проблемы или ущерба,Сообещние о работе правоохранительных органов.,2026-09-03T19:37:47.313Z,NO,,,regex_reject,0.45977011,2.175,NO,GOLD_LOCKED
se-monitor-blind-gold-2026-09-03-final-v1,evt_bfcbe85ad5d94b5e,evt_bfcbe85ad5d94b5e,Gomel Today,"Знаете, что было на этом месте?",https://t.me/gomeltoday/162617,2026-09-03,[40],"[…] В 1930-е тут открылся Лесотехнический институт с огромным штатом научных сотрудников. Во дворе находился старообрядческий храм, которые закрыли В 1937 году, помещение передали институту и приспособили под мастерские. Во время войны институт эвакуировали из Гомеля, а в его здании разместилась немецкая военная комендатура. […] Храм во дворе вернули верующим. […]","[""https://t.me/gomeltoday/162617""]",KEEP,Дороги и благоустройство,,REJECT,REJECT,Информационное сообщение,Нет конкретной проблемы или ущерба,"Исторический экскурс, нет значимой общественной проблемы.",2026-09-03T19:38:30.377Z,NO,,,regex_keep,0.39473684,2.53333333,YES,GOLD_LOCKED
se-monitor-blind-gold-2026-09-03-final-v1,evt_224dadeb615d4e59,evt_224dadeb615d4e59,MASHEKA,На Могилевщине после ливня во дворе жилого дома провалилась земля,https://masheka.by/novosti-mogileva/24053-na-mogilevschine-posle-livnja-vo-dvore-zhilogo-doma-provalilas-zemlja.html,2026-09-03,"[38,39]",,"[""https://masheka.by/novosti-mogileva/24053-na-mogilevschine-posle-livnja-vo-dvore-zhilogo-doma-provalilas-zemlja.html""]",REJECT,,последствия стихии без жалобы на работу служб: ливн,KEEP,KEEP,Последствия стихии,Есть социальная проблема и затронутая группа,Требует действий ЖКХ,2026-09-03T19:39:22.241Z,NO,,,regex_reject,0.45977011,2.175,NO,GOLD_LOCKED
se-monitor-blind-gold-2026-09-03-final-v1,evt_73939283fd40f9e0,evt_73939283fd40f9e0,Белсат,Российское небо становится опаснее. Что это значит для пассажиров «Белавиа»,https://ru.belsat.eu/95175331/belaviya,2026-09-03,"[38,39]",,"[""https://ru.belsat.eu/95175331/belaviya""]",REJECT,,политическая тема: зеленск,REJECT,REJECT,Информационнео сообщение,Иное,Международная проблема. Не зависит от действий белорусских властей.,2026-09-03T19:39:59.377Z,NO,,,regex_reject,0.45977011,2.175,NO,GOLD_LOCKED
se-monitor-blind-gold-2026-09-03-final-v1,evt_47598a25c7a863bb,evt_47598a25c7a863bb,Витебск INFO,Дефицит областного бюджета-2026,https://t.me/vitebsk_info/10577,2026-09-02,"[38,39]",Дефицит областного бюджета-2026 вырос до 104 млн рублей .,"[""https://t.me/vitebsk_info/10577""]",KEEP,"Цены, торговля и дефицит",,KEEP,KEEP,"Цены, торговля и дефицит",Есть социальная проблема и затронутая группа,Критическая публикация с макроэкономическим данными.,2026-09-03T19:40:58.385Z,NO,,,regex_keep,0.39473684,2.53333333,YES,GOLD_LOCKED
se-monitor-blind-gold-2026-09-03-final-v1,evt_5ea99fc1e4b519ff,evt_5ea99fc1e4b519ff,BGmedia,"«Разруха, нищета»: жительница Мяделя показала заброшенную территорию в некогда курортном городе",https://bgmedia.site/society/zhitelnicza-myadelya-pokazala-zabroshennuyu-territoriyu-v-nekogda-kurortnom-gorode,2026-08-29,"[21,22,23,24,25,26]",,"[""https://bgmedia.site/society/zhitelnicza-myadelya-pokazala-zabroshennuyu-territoriyu-v-nekogda-kurortnom-gorode""]",REJECT,,,KEEP,KEEP,Благоустройство,Есть социальная проблема и затронутая группа,Затрагивает проблемы благоустройства сельской местности.,2026-09-03T19:41:32.289Z,NO,,,regex_reject,0.45977011,2.175,NO,GOLD_LOCKED
se-monitor-blind-gold-2026-09-03-final-v1,evt_c696d2b7f020721e,evt_c696d2b7f020721e,Белновости,Более чем на 2 копейки. Резкий взлет доллара и евро случился в Беларуси 27 августа 2026 года,https://www.belnovosti.by/ekonomika/bolee-chem-na-2-kopeyki-rezkiy-vzlet-dollara-i-evro-sluchilsya-v-belarusi-27-avgusta-2026,2026-08-27,"[17,18,19]","В четверг, 27 августа 2026 года, в Беларуси было зафиксировано разнонаправленное движение основных валют. Резко подорожали доллар, евро и китайский юань. Лишь российский рубль сегодня потерял позиции по отношению к белорусскому «коллеге». […] Евро прибавил 0,64% (подорожал на 2,25 копейки) и закрепился на уровне 3,5279 BYN. […]","[""https://www.belnovosti.by/ekonomika/bolee-chem-na-2-kopeyki-rezkiy-vzlet-dollara-i-evro-sluchilsya-v-belarusi-27-avgusta-2026""]",KEEP,"Цены, торговля и дефицит",,REJECT,REJECT,"Цены, торговля и дефицит",Есть социальная проблема и затронутая группа,"Информационное сообщение. Отсутсвует реакция аудитории, комментарии",2026-09-03T19:42:14.865Z,NO,,,regex_keep,0.39473684,2.53333333,YES,GOLD_LOCKED
se-monitor-blind-gold-2026-09-03-final-v1,evt_eb8e7aced121bd56,evt_eb8e7aced121bd56,NewGrodno,«Нетунеядцы» в Беларуси: сколько их на самом деле — свежие данные,https://newgrodno.by/society/netuneyadtsy-v-belarusi-skolko-ih-na-samom-dele,2026-08-26,"[13,14,15,16]","В июле 2026 года в белорусской экономике были заняты 4182,5 тысячи человек. По сравнению с июнем этот показатель снизился на 400 человек — в предыдущем месяце число занятых составляло 4182,9 тысячи. При этом годовая динамика демонстрирует уверенный рост: в июле 2025 года в экономике было занято 4148 тысяч человек. Таким образом, за год количество занятых увеличилось на 34,5 тысячи человек. Стоит отметить, что в Беларуси уже несколько лет ведется база данных о гражданах, не занятых в экономике. Как известно, отсутствие официального статуса занятого влияет, в частности, на оплату жилищно-коммунальных услуг — такие граждане оплачивают «коммуналку» по полной стоимости. Подробно о том, кто не считается занятым в экономике и на что это влияет, мы рассказывали в отдельном материале. […]","[""https://newgrodno.by/society/netuneyadtsy-v-belarusi-skolko-ih-na-samom-dele""]",KEEP,"Работа, зарплаты и доходы",,KEEP,KEEP,"Работа, зарплаты и доходы",Есть социальная проблема и затронутая группа,Журналистское расследование о социальной проблеме,2026-09-03T19:43:07.089Z,NO,,,regex_keep,0.39473684,2.53333333,YES,GOLD_LOCKED
se-monitor-blind-gold-2026-09-03-final-v1,evt_94e3eca36b0b4bbb,evt_94e3eca36b0b4bbb,Onlíner,"«Съели тарелку на троих». Что известно о состоянии мужчин, которые отравились бледной поганкой (обновлено)",https://people.onliner.by/2026/09/03/inostrancy-nasobirali-neponyatnyx-gribov,2026-09-03,[40],,"[""https://people.onliner.by/2026/09/03/inostrancy-nasobirali-neponyatnyx-gribov""]",REJECT,,нет связки социальной темы и проблемы,REJECT,REJECT,ЧП,Единичный частный случай без широкого эффекта,Информационное сообщение о несчастном случае.,2026-09-03T19:43:41.953Z,NO,,,regex_reject,0.45977011,2.175,NO,GOLD_LOCKED
se-monitor-blind-gold-2026-09-03-final-v1,evt_00b156d1b7f99097,evt_00b156d1b7f99097,Виртуальный Брест,"Медведи не мстят человеку: в БООР ответили на слухи о ""вендетте"" хищника",https://virtualbrest.ru/news190825.php,2026-09-02,[37],,"[""https://virtualbrest.ru/news190825.php""]",REJECT,,недостаточный балл: 3,REJECT,REJECT,Экология и природа,Нет конкретной проблемы или ущерба,Пояснение повадок зверей. Информационное просвещение.,2026-09-03T19:44:33.745Z,NO,,,regex_reject,0.45977011,2.175,NO,GOLD_LOCKED
se-monitor-blind-gold-2026-09-03-final-v1,evt_5798c8a71bf60ab6,evt_5798c8a71bf60ab6,Kraj.by,"Более 8 тысяч рублей вернули жильцам общежития, которые почти год платили за утечку воды в техпомещении, 24.08.2026",https://news.kraj.by/20260824/zhilczy-obshhezhitiya-pochti-god-platili-za-utechku-vody-vmeshalas-prokuratura,2026-08-24,[7],"В одном из общежитий Кричева коммунальщики списали на жильцов воду, которая месяцами утекала из-за неисправного крана в подсобке. Помещением пользовались сотрудники местного КУП, но счета за «потери» исправно приходили проживающим, сообщили в Комитете государственного контроля Республики Беларусь. […] Виновные работники коммунального предприятия уже привлечены к дисциплинарной ответственности. […]","[""https://news.kraj.by/20260824/zhilczy-obshhezhitiya-pochti-god-platili-za-utechku-vody-vmeshalas-prokuratura""]",KEEP,"Работа, зарплаты и доходы",,REJECT,REJECT,Реакция властей,Есть социальная проблема и затронутая группа,"Информационное сообщение о том, что проблема решена.",2026-09-03T19:45:18.761Z,NO,,,regex_keep,0.39473684,2.53333333,YES,GOLD_LOCKED
se-monitor-blind-gold-2026-09-03-final-v1,evt_33f11407b0210a4b,evt_33f11407b0210a4b,БрестСИТИ,В Беларуси передумали создавать реестр репетиторов - что будет взамен,https://brestcity.com/blog/reestr-repetitorov-2,2026-08-25,"[8,9]","[…] — Физлицо самостоятельно принимает решение о включении в витрину. Со своей стороны мы гарантируем государственное подтверждение профданных — об образовании, отсутствии судимости. Они будут в открытом доступе. […] Но если лицо не принимает такое решение, это не запрещает ему заниматься самостоятельной профессиональной деятельностью по обучению детей. Напомним, в мае Минобразования выносило на общественное обсуждение проект постановления о самостоятельной профессиональной деятельности по обучению детей. В документе в том числе предлагали создать реестр репетиторов. […] Витрина в этом случае будет выступать не базой данных для контроля, а поддержкой и систематизацией труда физлиц и позволит сделать заметными репетиторов для родителей», — добавила директор департамента контроля качества. […]","[""https://brestcity.com/blog/reestr-repetitorov-2""]",KEEP,Качество товаров и услуг,,REJECT,REJECT,Качество товаров и услуг,Есть социальная проблема и затронутая группа,"Информационное сообщение о том, как была решена проблема.",2026-09-03T19:45:50.440Z,NO,,,regex_keep,0.39473684,2.53333333,YES,GOLD_LOCKED
se-monitor-blind-gold-2026-09-03-final-v1,evt_01dfc44cd4ded6a8,evt_01dfc44cd4ded6a8,Smartpress.by,Билет за $300 и наггетсы за $100. Как US Open превращается из “народного турнира” в дорогой фестиваль,https://smartpress.by/idea/sport/bilet-za-300-i-naggetsy-za-100-kak-us-open-prevrashchaetsya-iz-narodnogo-turnira-v-dorogoy-festival,2026-09-01,[33],,"[""https://smartpress.by/idea/sport/bilet-za-300-i-naggetsy-za-100-kak-us-open-prevrashchaetsya-iz-narodnogo-turnira-v-dorogoy-festival""]",REJECT,,нет связки социальной темы и проблемы,REJECT,REJECT,Международная инфомрационная повестка,Иное,"Не затрагивает интересы белорусских граждан, не требует реакции белорусских властей.",2026-09-03T19:46:28.369Z,NO,,,regex_reject,0.45977011,2.175,NO,GOLD_LOCKED
se-monitor-blind-gold-2026-09-03-final-v1,evt_6165b20ef4f1493c,evt_6165b20ef4f1493c,Zerkalo.io,В Беларуси начался дефицит грузовых вагонов-платформ. «Железнодорожники Беларуси»: дело в воинских перевозках,https://news.zerkalo.io/economics/135402.html,2026-08-30,"[25,26]",На БЖД не хватает порожних вагонов-платформ: часть парка отдана под воинские перевозки. Что об этом известно и почему сравнивать ситуацию с январем 2022-го пока рано.,"[""https://news.zerkalo.io/economics/135402.html""]",KEEP,Дороги и благоустройство,,KEEP,KEEP,Трансопрт и дороги,Есть социальная проблема и затронутая группа,"Сообщение о дефиците конкретного товара или услуги, намер на геополитические проблемы.",2026-09-03T19:47:10.592Z,NO,,,regex_keep,0.39473684,2.53333333,YES,GOLD_LOCKED
se-monitor-blind-gold-2026-09-03-final-v1,evt_c1895eb5d96e1c36,evt_c1895eb5d96e1c36,Белсат,"Стало известно, на сколько чарок и шкварок хватит зарплаты среднего беларуса",https://ru.belsat.eu/95173949/na-skolko-charok-i-shkvarok-hvatit-zarplaty-belarusa,2026-09-03,"[38,39]",,"[""https://ru.belsat.eu/95173949/na-skolko-charok-i-shkvarok-hvatit-zarplaty-belarusa""]",REJECT,,нет связки социальной темы и проблемы,REJECT,REJECT,Права потребителя,Массовые интересы потребителей,"Информационное сообщение, без указания на конкретную проблему.",2026-09-03T19:48:00.297Z,NO,,,regex_reject,0.45977011,2.175,NO,GOLD_LOCKED
se-monitor-blind-gold-2026-09-03-final-v1,evt_793caccdfce00692,evt_793caccdfce00692,Onlíner,"Обещали супермоделей и яхты, а сами продали за $26 миллионов толпу, панику и отсутствие сервиса - Кошелек Onlíner",https://money.onliner.by/2026/08/29/fyre-festival,2026-08-29,"[21,22,23,24]","[…] Инвесторам Макфарланд рассказывал про эксклюзивные партнерства с отелями и площадками, которых либо не было вовсе, либо они были куда проще заявленных. […] За год работы, с мая 2016-го по апрель 2017-го, сервис принес компании менее $60 тыс. […] Макфарланду предложили узкую полосу земли на другом, куда более крупном острове Грейт-Эксума, буквально в паре сотен метров от отеля сети Sandals. […] «Уединенный частный остров» из нашумевшей рекламы в Instagram на поверку оказался бывшей парковкой по соседству с отелем для семейного отдыха по системе «все включено». […] Например, чтобы хоть немного замаскировать щебенку отданной под фестиваль парковки и имитировать пляж, организаторы в последние дни наняли местных жителей, рассыпавших по камням привозной песок. […] Гости, заплатившие внушительные суммы, чтобы эксклюзивно сбежать от толпы обывателей, получили ровно противоположное: толпу (только люксовую), панику и полное отсутствие сервиса. […] В 2023 году он анонсировал в твиттере Fyre Festival II, а следом продал первую сотню билетов по $499 при полном отсутствии точной даты, локации и списка артистов. […]","[""https://money.onliner.by/2026/08/29/fyre-festival""]",KEEP,Качество товаров и услуг,,REJECT,REJECT,Международная повестка,Иное,Не касается Беларуси,2026-09-03T19:48:35.097Z,NO,,,regex_keep,0.39473684,2.53333333,YES,GOLD_LOCKED
se-monitor-blind-gold-2026-09-03-final-v1,evt_b51c0ab00bb8cd67,evt_b51c0ab00bb8cd67,Smartpress.by,Вернулся спустя шесть лет и ждет извинений: принц Гарри все еще зол на королевскую семью,https://smartpress.by/news/vernulsya-spustya-shest-let-i-zhdet-izvineniy-prints-garri-vse-eshche-zol-na-korolevskuyu-semyu,2026-08-31,[29],,"[""https://smartpress.by/news/vernulsya-spustya-shest-let-i-zhdet-izvineniy-prints-garri-vse-eshche-zol-na-korolevskuyu-semyu""]",REJECT,,нет связки социальной темы и проблемы,REJECT,REJECT,Событийность,Нет конкретной проблемы или ущерба,Проблема не касается Беларуси,2026-09-03T19:49:09.168Z,NO,,,regex_reject,0.45977011,2.175,NO,GOLD_LOCKED
se-monitor-blind-gold-2026-09-03-final-v1,evt_73e6952ac003d322,evt_73e6952ac003d322,Белновости,Названа главная опасность кислых и недозрелых фруктов: врачебное мнение,https://www.belnovosti.by/krasota-i-zdorove/nazvana-glavnaya-opasnost-kislyh-i-nedozrelyh-fruktov-vrachebnoe-mnenie,2026-08-27,"[15,16]","[…] Но врачи предупреждают: увлечение недозрелыми плодами может обернуться проблемами. […] Перистальтика усиливается, но если есть проблемы с ЖКТ, это приводит к болям и спазмам. […] Если Вам требуется медицинская консультация, постановка диагноза, консультируйтесь с квалифицированным врачом.","[""https://www.belnovosti.by/krasota-i-zdorove/nazvana-glavnaya-opasnost-kislyh-i-nedozrelyh-fruktov-vrachebnoe-mnenie""]",KEEP,Здравоохранение,,REJECT,REJECT,Советы,Нет конкретной проблемы или ущерба,Медицинские советы,2026-09-03T19:49:48.704Z,NO,,,regex_keep,0.39473684,2.53333333,YES,GOLD_LOCKED
se-monitor-blind-gold-2026-09-03-final-v1,evt_0741e93cd8739a64,evt_0741e93cd8739a64,Смолевичи-24,Николай Парамонов провел прием граждан в Зеленом Бору - 27.08.2026,https://smolevichi-24.by/27082026/kachestvo-vody-dorogi-i-pogreba-s-kakimi-voprosami-zhiteli-zelenogo-bora-prishli-na-priem-k-nikolayu-paramonovu,2026-08-27,"[17,18,19]","[…] Светлана Борщевская с ул. Социалистической пожаловались на качество питьевой воды. Женщина уже не один год обращается в различные инстанции, но вопрос не решается. Директор Смолевичского водоканала Евгений Николаев отметил, что водозабор со станции обезжелезивания полностью восстановлен, но проблема все равно остается. С понедельника работники водоканала начинают закольцовку водопровода. Специалисты надеются, что это поможет решить проблему, на которые жалуются зеленоборцы. Жительница двухэтажки по улице Минской Валентина Шахбазова поблагодарила председателя за благоустройство поселка к Дожинкам и положительное решение предыдущих вопросов. […]","[""https://smolevichi-24.by/27082026/kachestvo-vody-dorogi-i-pogreba-s-kakimi-voprosami-zhiteli-zelenogo-bora-prishli-na-priem-k-nikolayu-paramonovu""]",KEEP,ЖКХ и состояние жилья,,REJECT,REJECT,Событийность,Иное,Информационное сообщение о деятельности местных властей. Нет новых проблем.,2026-09-03T19:50:14.296Z,NO,,,regex_keep,0.39473684,2.53333333,YES,GOLD_LOCKED
se-monitor-blind-gold-2026-09-03-final-v1,evt_29ba689ef69273b7,evt_29ba689ef69273b7,Виртуальный Брест,"""Все это уже невозможно терпеть"". В Сеуте после наплыва мигрантов остаются около 10 тыс. беженцев",https://virtualbrest.ru/news190741.php,2026-09-01,[35],,"[""https://virtualbrest.ru/news190741.php""]",REJECT,,политическая тема: протест,REJECT,REJECT,Международная повестка,Иное,Не касается Беларуси,2026-09-03T19:51:04.800Z,NO,,,regex_reject,0.45977011,2.175,NO,GOLD_LOCKED
se-monitor-blind-gold-2026-09-03-final-v1,evt_e26f0c94de0417af,evt_e26f0c94de0417af,Электронный Солигорск,Еще 3 дня без горячей воды,https://t.me/esoligorsk/29608,2026-08-31,"[25,26]","🚰 Еще 3 дня без горячей воды Утром многие солигорчане получили оповещение об отключении горячего водоснабжения. Так, сервис 115. бел сообщил о том, что с 8:00 2 сентября по 23:00 4 сентября будет отсутствовать горячая вода у потребителей, запитанных от ТЭС управления по энергетике ОАО «Беларуськалий». @esoligorsk","[""https://t.me/esoligorsk/29608""]",KEEP,ЖКХ и состояние жилья,,KEEP,KEEP,ЖКХ и состояние жилья,Есть социальная проблема и затронутая группа,"Указание на проблему, отсутствие решения и действий властей.",2026-09-03T19:51:35.657Z,NO,,,regex_keep,0.39473684,2.53333333,YES,GOLD_LOCKED
se-monitor-blind-gold-2026-09-03-final-v1,evt_a623e1bcf1c74388,evt_a623e1bcf1c74388,Zerkalo.io,"Госконтроль призывал беларусов пожаловаться на просроченные зарплаты, больничные и другие выплаты. Вот сколько раз обратились люди",https://news.zerkalo.io/economics/135338.html,2026-08-29,"[23,24,25,26]",Во время горячей линии поступило всего 11 жалоб о проблемах с выплатами.,"[""https://news.zerkalo.io/economics/135338.html""]",KEEP,Качество товаров и услуг,,REJECT,REJECT,Деятельность властей,Нет конкретной проблемы или ущерба,Информационное сообщение о деятельности властей.,2026-09-03T20:01:37.752Z,NO,,,regex_keep,0.39473684,2.53333333,YES,GOLD_LOCKED
se-monitor-blind-gold-2026-09-03-final-v1,evt_ff2e18a6b901c055,evt_ff2e18a6b901c055,Onlíner,Вспомнился «Пункт назначения». Такая встреча с лесовозом никому не понравится - Авто Onlíner,https://auto.onliner.by/2026/09/03/punkt-naznacheniya,2026-09-03,[40],Когда кто-то выезжает на узкой дороге на встречную полосу в лоб другому транспорту — это страшно и опасно. Когда так выезжает большой лесовоз с прицепом — страшно и опасно вдвойне. Видео со своего регистратора Onlíner прислал читатель. […],"[""https://auto.onliner.by/2026/09/03/punkt-naznacheniya""]",KEEP,Дороги и благоустройство,,REJECT,REJECT,Транспорт,Единичный частный случай без широкого эффекта,Дорожное происшествие.,2026-09-03T20:02:29.552Z,NO,,,regex_keep,0.39473684,2.53333333,YES,GOLD_LOCKED
se-monitor-blind-gold-2026-09-03-final-v1,evt_1e8386a0b628bfe4,evt_1e8386a0b628bfe4,Виртуальный Брест,Агроусадьбы по-новому. Что изменится для хозяев и каким будет сельский отдых?,https://virtualbrest.ru/news190332.php,2026-08-27,[18],,"[""https://virtualbrest.ru/news190332.php""]",REJECT,,,REJECT,REJECT,Инофрмционное сообщение,Нет конкретной проблемы или ущерба,"Жалобы отсутствуют, только информация о нововведениях",2026-09-03T20:03:20.624Z,NO,,,regex_reject,0.45977011,2.175,NO,GOLD_LOCKED
se-monitor-blind-gold-2026-09-03-final-v1,evt_656b0aa70c0d009b,evt_656b0aa70c0d009b,Виртуальный Брест,Сельхозпредприятие «Новая Припять» получило самую высокую урожайность зерна в Брестской области,https://virtualbrest.ru/news190903.php,2026-09-03,[40],,"[""https://virtualbrest.ru/news190903.php""]",REJECT,,нет связки социальной темы и проблемы,REJECT,REJECT,Событийность,Нет конкретной проблемы или ущерба,Информационное сообщение об успехах в сельском хозяйстве. Жалобы отсутствуют.,2026-09-03T20:04:07.992Z,NO,,,regex_reject,0.45977011,2.175,NO,GOLD_LOCKED
se-monitor-blind-gold-2026-09-03-final-v1,evt_5e7b6aabaf4ae08a,evt_5e7b6aabaf4ae08a,Gomel Today,"Озеро под Ивацевичами обмелело, а вода превратилась в муть – там массово погибла рыба",https://t.me/gomeltoday/162493,2026-09-01,[34],"Озеро под Ивацевичами обмелело, а вода превратилась в муть – там массово погибла рыба К разбору ситуации подключилось Минприроды – его специалисты и нашли предварительную причину. Мор рыбы зафиксировали на озере Выгонощанское – специалисты природоохраны, ветслужбы и лаборатории вместе выехали на обследование. Источников, которые могли загрязнить водоем, не установили, но пока пришли к другим выводам: все дело в снижении уровня воды в озере и повышении ее мутности. […]","[""https://t.me/gomeltoday/162493""]",KEEP,Экология и санитарные проблемы,,KEEP,KEEP,Экология и санитарные проблемы,Дубликат / продолжение того же события,"Разбирательство причин бедствия, влияние на людей.",2026-09-03T20:04:49.519Z,NO,,,regex_keep,0.39473684,2.53333333,YES,GOLD_LOCKED
se-monitor-blind-gold-2026-09-03-final-v1,evt_d1a06a7222287293,evt_d1a06a7222287293,Белновости,Кто из минчан под угрозой лишения жилья из-за неоплаты ЖКУ,https://www.belnovosti.by/minsk/kto-iz-minchan-pod-ugrozoy-lisheniya-zhilya-iz-za-neoplaty-zhku,2026-08-28,"[21,22,23,24]","По состоянию на 1 августа в Минске зафиксировано 46 186 лицевых счетов с просроченной задолженностью по коммунальным платежам. Такие данные приводит агентство «Минск-Новости» со ссылкой на КУП «Расчетно-информационный центр Мингорисполкома». […] Сложнее ситуация у тех, кто игнорирует квитанции годами. […] Задолженность списывается со счетов через платежное требование в банк, удерживается из зарплаты или пенсии. В арсенале службы взыскания также значатся арест имущества, запрет на пользование мобильной связью и интернетом, ограничение права управления автомобилем и закрытие границы на выезд. Важный нюанс: если спор о сумме долга отсутствует, взыскание проходит без суда — на основании исполнительных надписей нотариуса. Потеря недвижимости — не миф, а работающая правовая процедура. […]","[""https://www.belnovosti.by/minsk/kto-iz-minchan-pod-ugrozoy-lisheniya-zhilya-iz-za-neoplaty-zhku""]",KEEP,"Связь, интернет и телевидение",,REJECT,REJECT,Информационное сообщение,Нет конкретной проблемы или ущерба,Информация правового характера.,2026-09-03T20:05:44.264Z,NO,,,regex_keep,0.39473684,2.53333333,YES,GOLD_LOCKED
se-monitor-blind-gold-2026-09-03-final-v1,evt_0bfa779b3337cd45,evt_0bfa779b3337cd45,Виртуальный Брест,В Минске ребенок и пенсионер по указке мошенников закопали деньги в парке - сбережения спас очевидец,https://virtualbrest.ru/news190905.php,2026-09-03,[40],,"[""https://virtualbrest.ru/news190905.php""]",REJECT,,нет связки социальной темы и проблемы,REJECT,REJECT,Криминальная хроника,Иное,Нет обращения к властям,2026-09-03T20:06:23.456Z,NO,,,regex_reject,0.45977011,2.175,NO,GOLD_LOCKED
se-monitor-blind-gold-2026-09-03-final-v1,evt_c2895ce570fe317f,evt_c2895ce570fe317f,Виртуальный Брест,Ученые предупредили о слабых магнитных бурях в субботу,https://virtualbrest.ru/news190492.php,2026-08-29,[24],,"[""https://virtualbrest.ru/news190492.php""]",REJECT,,,REJECT,REJECT,Прогноз погоды,Нет конкретной проблемы или ущерба,"Прогнозы стихийных бедствий, неблагоприятных природных явлений.",2026-09-03T20:07:20.544Z,NO,,,regex_reject,0.45977011,2.175,NO,GOLD_LOCKED
se-monitor-blind-gold-2026-09-03-final-v1,evt_85813d1299850344,evt_85813d1299850344,Смолевичи-24,Жительница Усяжа пожаловалась на заваленную мусором контейнерную площадку. Что ответили в ЖКХ? - 26.08.2026,https://smolevichi-24.by/26082026/zhitelnicza-usyazha-pozhalovalas-na-zavalennuyu-musorom-kontejnernuyu-ploshhadku-chto-otvetili-v-zhkh,2026-08-26,"[13,14,15,16]","В редакцию обратилась жительница поселка Усяж. Женщина прислала видео, на котором видно контейнерную площадку в центре поселка, заваленную бытовыми отходами. По словам сельчанки, мусор не вывозят, а имеющихся контейнеров не хватает – отходы просто некуда выбрасывать. За комментарием мы обратились в Смолевичское ЖКХ. Заместитель директора Наталья Никитина подтвердила: сложности с вывозом мусора в районе действительно есть. […] Тем не менее коммунальщики знают о проблеме и уже приняли меры. – Сегодня после обеда на площадку придет трактор, работники ЖКХ уберут мусор вручную. […]","[""https://smolevichi-24.by/26082026/zhitelnicza-usyazha-pozhalovalas-na-zavalennuyu-musorom-kontejnernuyu-ploshhadku-chto-otvetili-v-zhkh""]",KEEP,ЖКХ и состояние жилья,,KEEP,KEEP,ЖКХ и состояние жилья,Обращение граждан / публичная реакция власти,Общественная проблема. Ожидание реакции властей.,2026-09-03T20:08:01.976Z,NO,,,regex_keep,0.39473684,2.53333333,YES,GOLD_LOCKED
se-monitor-blind-gold-2026-09-03-final-v1,evt_41a9b492caf43829,evt_41a9b492caf43829,Виртуальный Брест,Очередь на три часа: брестчане повезли небывалый урожай яблок на переработку,https://virtualbrest.ru/news190082.php,2026-08-24,[7],"[…] Стоимость переработки зависит от вида сырья. […] Столько же стоит переработка моркови, тыквы, свеклы, рябины и калины. […] Пищевые пакеты стоят 2 рубля, 20-литровое ведро с крышкой — 8 рублей, канистра на 20 литров — 10 рублей, а бочка объемом 60 литров — 30 рублей. Как сообщает Виртуальный Брест, в сезон переработки урожая лучше заранее учитывать не только стоимость услуг, но и время ожидания. Если очередь уже растянулась на несколько часов, поездку за соком стоит планировать заранее и подготовить сырье дома в соответствии с требованиями. Для дачников и владельцев частных домов такая схема остается удобной: привез урожай, дождался своей очереди, получил свежий сок и сразу увез его в готовом для хранения виде. А три часа ожидания — похоже, еще один традиционный признак того, что сезон яблок и домашних заготовок вошел в полную силу. […]","[""https://virtualbrest.ru/news190082.php""]",KEEP,"Работа, зарплаты и доходы",,REJECT,REJECT,"Цены, товары",Нет конкретной проблемы или ущерба,Информационная публикация.,2026-09-03T20:08:38.352Z,NO,,,regex_keep,0.39473684,2.53333333,YES,GOLD_LOCKED
se-monitor-blind-gold-2026-09-03-final-v1,evt_2f8cbcd9ea54e2ae,evt_2f8cbcd9ea54e2ae,Хартия-97,Импорт бензина из Беларуси в Россию достиг предела возможностей,https://charter97.org/ru/news/2026/8/31/696787,2026-08-31,"[30,31,32,33]","[…] При этом за 28 дней августа продажи белорусского бензина на российской бирже сократились примерно в четыре раза по сравнению с июлем, а среднесуточные поставки из республики снизились на 11,4%. С начала перебоев с поставками топлива доля белорусского бензина на российском рынке выросла, однако точно оценить ее пока сложно. По данным собеседника «Ъ», в январе—мае белорусские НПЗ поставили в Россию около 290 тыс. […]","[""https://charter97.org/ru/news/2026/8/31/696787""]",KEEP,"Цены, торговля и дефицит",,REJECT,REJECT,Межународная повестка,Иное,Не затрагиваются интересы белорусских граждан.,2026-09-03T20:09:13.391Z,NO,,,regex_keep,0.39473684,2.53333333,YES,GOLD_LOCKED
se-monitor-blind-gold-2026-09-03-final-v1,evt_368ba0a4fb7d687f,evt_368ba0a4fb7d687f,NewGrodno,От школьных линеек до умных часов: что покупали жители Гродненской области к 1 сентября,https://newgrodno.by/society/chto-pokupali-zhiteli-grodnenskoj-oblasti-k-1-sentyabrya,2026-09-02,"[38,39]","Активная подготовка к школе в Беларуси традиционно началась еще на каникулах: летние заботы плавно сменялись планированием бюджетов, обсуждением списков покупок и поиском лучших предложений. К слову, с каждым годом перечень того, что нужно купить к учебному году все обширнее. […] Исследовательский центр Wildberries проанализировал потребительские настроения белорусских семей и выяснил, сколько сегодня стоит собрать ребенка в школу и как за последние годы изменились привычки родителей. Подготовка к 1 сентября для белорусских покупателей — это значимый семейный этап. […] В вопросах выбора школьной одежды наши соотечественники довольно консервативны: строгую классическую форму выбирают 78% семей. При этом при выборе одежды родители ориентируются не только на удобство и комфорт (52%) и соответствие требованиям школы (47%). Определяющими факторами также являются внешний вид и эстетика – их отметили 51% родителей, что стало самым высоким показателем среди стран СНГ. […]","[""https://newgrodno.by/society/chto-pokupali-zhiteli-grodnenskoj-oblasti-k-1-sentyabrya""]",KEEP,"Законы, права и общественное регулирование",,REJECT,REJECT,Права потребителей,Нет конкретной проблемы или ущерба,"Информационное сообщение. Нет обращений, призывов к властям.",2026-09-03T20:09:50.919Z,NO,,,regex_keep,0.39473684,2.53333333,YES,GOLD_LOCKED
se-monitor-blind-gold-2026-09-03-final-v1,evt_83631d6afea1ef8f,evt_83631d6afea1ef8f,Минская правда,В Смолевичах подъезд затопило после капремонта – когда исправят проблему - 02.09.2026,https://mlyn.by/02092026/v-smolevichah-podezd-zatopilo-posle-kapremonta-kogda-ispravyat-problemu,2026-09-02,"[37,38]","[…] На информацию оперативно отреагировало Смолевичское ЖКХ. Как сообщили в жилищно-коммунальном хозяйстве, специалисты уже выехали на место происшествия, тщательно изучили проблему и разработали конкретный план действий для ее устранения. Выяснилось, что причиной скопления воды является особенность конструкции входной группы : подъезд оказался своеобразной низшей точкой, куда и стекает вода, особенно во время осадков. В Смолевичском ЖКХ заверили, что вопрос будет решен в ближайшее время. […] Эта мера, по словам специалистов, предотвратит дальнейшее скопление воды в подъезде.","[""https://mlyn.by/02092026/v-smolevichah-podezd-zatopilo-posle-kapremonta-kogda-ispravyat-problemu""]",KEEP,ЖКХ и состояние жилья,,KEEP,KEEP,ЖКХ и состояние жилья,Есть социальная проблема и затронутая группа,Проблема ЖКХ в развитии.,2026-09-03T20:10:37.888Z,NO,,,regex_keep,0.39473684,2.53333333,YES,GOLD_LOCKED
se-monitor-blind-gold-2026-09-03-final-v1,evt_c52fc187fde2a93b,evt_c52fc187fde2a93b,Виртуальный Брест,"Казахстан введет разрешение на въезд, в том числе для белорусов. Сколько будет стоить",https://virtualbrest.ru/news190701.php,2026-09-01,[34],,"[""https://virtualbrest.ru/news190701.php""]",REJECT,,нет связки социальной темы и проблемы,REJECT,REJECT,Международная повестка,Нет конкретной проблемы или ущерба,Ситуация не зависит от действий белорусских властей.,2026-09-03T20:11:09.567Z,NO,,,regex_reject,0.45977011,2.175,NO,GOLD_LOCKED
se-monitor-blind-gold-2026-09-03-final-v1,evt_7f323fa924f8c427,evt_7f323fa924f8c427,Виртуальный Брест,Советский Винни-Пух и все-все-все: вспоминаем лучшие роли Евгения Леонова,https://virtualbrest.ru/news190779.php,2026-09-02,[36],,"[""https://virtualbrest.ru/news190779.php""]",REJECT,,нет связки социальной темы и проблемы,REJECT,REJECT,Событийность,Нет конкретной проблемы или ущерба,Развлекательное сообщение.,2026-09-03T20:11:47.623Z,NO,,,regex_reject,0.45977011,2.175,NO,GOLD_LOCKED
se-monitor-blind-gold-2026-09-03-final-v1,evt_1184590357977705,evt_1184590357977705,Smartpress.by,Швейцарец снял на видео пустой пляж на Бали и получил год тюрьмы,https://smartpress.by/news/shveytsarets-snyal-na-video-pustoy-plyazh-na-bali-i-poluchil-god-tyurmy,2026-08-29,[24],,"[""https://smartpress.by/news/shveytsarets-snyal-na-video-pustoy-plyazh-na-bali-i-poluchil-god-tyurmy""]",REJECT,,,REJECT,REJECT,Международная повестка,Единичный частный случай без широкого эффекта,"Не затрагивает интересы белорусов, не требует реакции белорусских властей.",2026-09-03T20:12:11.832Z,NO,,,regex_reject,0.45977011,2.175,NO,GOLD_LOCKED
se-monitor-blind-gold-2026-09-03-final-v1,evt_082faf42e6e8851a,evt_082faf42e6e8851a,Smartpress.by,К какой температурной аномалии приготовиться белорусам осенью? Три климатических “мозга” спрогнозировали общий тренд,https://smartpress.by/news/k-kakoy-temperaturnoy-anomalii-prigotovitsya-belorusam-osenyu-tri-klimaticheskikh-mozga-sprognozirov,2026-08-28,"[21,22,23]",,"[""https://smartpress.by/news/k-kakoy-temperaturnoy-anomalii-prigotovitsya-belorusam-osenyu-tri-klimaticheskikh-mozga-sprognozirov""]",REJECT,,,REJECT,REJECT,Прогноз погоды,Нет конкретной проблемы или ущерба,Информационное сообщение. Не требует реакции белорусских властей.,2026-09-03T20:13:02.279Z,NO,,,regex_reject,0.45977011,2.175,NO,GOLD_LOCKED
se-monitor-blind-gold-2026-09-03-final-v1,evt_c57bc8a8250d987c,evt_c57bc8a8250d987c,Виртуальный Брест,Телескоп Nancy Grace Roman успешно выведен на орбиту. Почему это грустная история?,https://virtualbrest.ru/news190566.php,2026-08-31,"[25,26]",,"[""https://virtualbrest.ru/news190566.php""]",REJECT,,иностранная тема: сша,REJECT,REJECT,Международная повестка,Нет конкретной проблемы или ущерба,Не требует реакции белорусских властей.,2026-09-03T20:13:34.807Z,NO,,,regex_reject,0.45977011,2.175,NO,GOLD_LOCKED
se-monitor-blind-gold-2026-09-03-final-v1,evt_1239858106c5b540,evt_1239858106c5b540,Минская правда,Госстандарт запретил продавать популярный какао-порошок – что обнаружили в составе - 26.08.2026,https://mlyn.by/26082026/gosstandart-zapretil-prodavat-populyarnyj-kakao-poroshok-chto-obnaruzhili-v-sostave,2026-08-26,"[13,14,15,16]",Госстандарт запретил реализацию растворимого сухого напитка «Какао-порошок натуральный» с маркировкой DR.CHOCO. Продукцию выпускает ООО «Белтея» из Бобруйского района Могилевской области. […],"[""https://magilev.by/news/2026/08/26/kakao-poroshok-naturalnyj-iz-bobrujskogo-rajona-zapretili-prodavat-v-belarusi"",""https://mlyn.by/26082026/gosstandart-zapretil-prodavat-populyarnyj-kakao-poroshok-chto-obnaruzhili-v-sostave""]",KEEP,Качество товаров и услуг,,KEEP,KEEP,Качество товаров и услуг,Массовые интересы потребителей,Потенциальный вред для потребителей,2026-09-03T20:14:00.416Z,NO,,,regex_keep,0.39473684,2.53333333,YES,GOLD_LOCKED
se-monitor-blind-gold-2026-09-03-final-v1,evt_b588f48527d436b8,evt_b588f48527d436b8,Sputnik Беларусь,Лесные пожары и отключение света: МЧС предупреждает об опасности гроз,https://sputnik.by/20260903/lesnye-pozhary-i-otklyuchenie-sveta-mchs-preduprezhdaet-ob-opasnosti-groz-1110434378.html,2026-09-03,[39],,"[""https://sputnik.by/20260903/lesnye-pozhary-i-otklyuchenie-sveta-mchs-preduprezhdaet-ob-opasnosti-groz-1110434378.html""]",REJECT,,прогноз без фактической социальной проблемы: прогнозируется,REJECT,REJECT,Прогноз погоды,Иное,Предупреждение о предстоящих стихийных бедствиях.,2026-09-03T20:14:22.623Z,NO,,,regex_reject,0.45977011,2.175,NO,GOLD_LOCKED
se-monitor-blind-gold-2026-09-03-final-v1,evt_12134269bc2a682b,evt_12134269bc2a682b,Позірк,З РФ у Беларусь увезеная партыя замежных тавараў без дакументаў — перавозчыку пагражае буйны штраф,https://pozirk.online/be/news/201720,2026-08-29,"[24,25,26]","З РФ у Беларусь увезеная партыя замежных тавараў без дакументаў — перавозчыку пагражае буйны штраф Гродзенскія мытнікі выявілі больш за 47 тыс. адзінак тавараў (адзенне, аўтазапчасткі, музычнае абсталяванне) коштам звыш 1 млн рублёў у грузавіку, які прыбыў з Расіі. Дакументаў на партыю не было. Супраць перавозчыка распачаты адміністрацыйны працэс, яму пагражае штраф да 50% кошту тавараў. ✅ Подрабязнасцi 🗝 Без VPN 📷 Прэс-служба ДМК","[""https://pozirk.online/be/news/201720""]",KEEP,"Цены, торговля и дефицит",,REJECT,REJECT,Криминальная хроника,Единичный частный случай без широкого эффекта,Публикация о конкретном правонарушении и наказании виновных.,2026-09-03T20:14:55.176Z,NO,,,regex_keep,0.39473684,2.53333333,YES,GOLD_LOCKED
se-monitor-blind-gold-2026-09-03-final-v1,evt_f6473a39ca75eb39,evt_f6473a39ca75eb39,MASHEKA,В Могилеве милиция по горячим следам раскрыла кражу более 55 тысяч рублей у иностранца,https://masheka.by/novosti-mogileva/24052-v-mogileve-milicija-po-gorjachim-sledam-raskryla-krazhu-bolee-55-tysjach-rublej-u-inostranca.html,2026-09-03,"[38,39]",,"[""https://masheka.by/novosti-mogileva/24052-v-mogileve-milicija-po-gorjachim-sledam-raskryla-krazhu-bolee-55-tysjach-rublej-u-inostranca.html""]",REJECT,,нет связки социальной темы и проблемы,REJECT,REJECT,Криминальная хроника,Иное,"Публикация о раскрытом преступлении, задержании виновных.",2026-09-03T20:15:45.663Z,NO,,,regex_reject,0.45977011,2.175,NO,GOLD_LOCKED
se-monitor-blind-gold-2026-09-03-final-v1,evt_734e7df450be1131,evt_734e7df450be1131,Виртуальный Брест,Армия Непала спасла 350 человек из заблокированного после паводка туннеля,https://virtualbrest.ru/news190464.php,2026-08-28,"[21,22,23]",,"[""https://virtualbrest.ru/news190464.php""]",REJECT,,,REJECT,REJECT,Международная повестка,,Информация о спасательных работах. Не касается белорусских граждан.,2026-09-03T20:16:36.879Z,NO,,,regex_reject,0.45977011,2.175,NO,GOLD_LOCKED
se-monitor-blind-gold-2026-09-03-final-v1,evt_cf3552452b2f9c3e,evt_cf3552452b2f9c3e,МогилёвОнлайн,Еще один армянский коньяк запретили продавать в Беларуси,https://magilev.by/news/2026/09/02/eshe-odin-armyanskij-konyak-zapretili-prodavat-v-belarusi,2026-09-02,"[38,39]","Государственный комитет по стандартизации (Госстандарт) запретил в Беларуси армянский коньяк под названием «Ереван 2800» восьмилетней выдержки. Во время испытаний специалисты установили, что напиток не соответствует требованиям технических регламентов Таможенного союза о безопасности, а также белорусского стандарта СТБ 1386-2013 «Коньяки. […] Во время испытаний специалисты установили, что напиток не соответствует требованиям технических регламентов Таможенного союза о безопасности, а также белорусского стандарта СТБ 1386-2013 «Коньяки. […]","[""https://magilev.by/news/2026/09/02/eshe-odin-armyanskij-konyak-zapretili-prodavat-v-belarusi""]",KEEP,Качество товаров и услуг,,REJECT,REJECT,Права потребителя,Дубликат / продолжение того же события,Не касается белорусских производителей.,2026-09-03T20:17:24.383Z,NO,,,regex_keep,0.39473684,2.53333333,YES,GOLD_LOCKED
se-monitor-blind-gold-2026-09-03-final-v1,evt_4698c4473d75ce46,evt_4698c4473d75ce46,Виртуальный Брест,Еврокомиссия готовит закон об ограничении краткосрочной аренды жилья через платформы,https://virtualbrest.ru/news190567.php,2026-08-31,"[25,26]",,"[""https://virtualbrest.ru/news190567.php""]",REJECT,,иностранная тема: европ,REJECT,REJECT,Права потребителей,Нет конкретной проблемы или ущерба,"не касается белорусских граждан, не требует реакции белорусских властей.",2026-09-03T20:17:51.271Z,NO,,,regex_reject,0.45977011,2.175,NO,GOLD_LOCKED
se-monitor-blind-gold-2026-09-03-final-v1,evt_fba43c3160424be3,evt_fba43c3160424be3,Белсат,В Беларуси критически обмелел Днепр,https://ru.belsat.eu/95037346/kriticheski-obmelel-dnepr,2026-08-26,"[11,13,14,15,16]",<p>В беларусских реках продолжает падать уровень воды. […],"[""https://ru.belsat.eu/95037346/kriticheski-obmelel-dnepr""]",KEEP,Экология и санитарные проблемы,,KEEP,KEEP,Экология и санитарные проблемы,Есть социальная проблема и затронутая группа,"Обсуждение экологических проблем, критика.",2026-09-03T20:18:27.031Z,NO,,,regex_keep,0.39473684,2.53333333,YES,GOLD_LOCKED
se-monitor-blind-gold-2026-09-03-final-v1,evt_16eded718cfab9cf,evt_16eded718cfab9cf,БрестСИТИ,В Беларуси реки сильно обмелели: по некоторым даже не смог пройти речной транспорт,https://brestcity.com/blog/silno-obmeleli,2026-09-01,"[31,32,33,38,39]","Гидрологи сделали прогноз, какой будет ситуация на реках Беларуси в сентябре, сообщает БЕЛТА со ссылкой на Республиканский центр по гидрометеорологии, контролю радиоактивного загрязнения и мониторингу окружающей среды Минприроды. […]","[""https://brestcity.com/blog/silno-obmeleli"",""https://www.belnovosti.by/obshchestvo/poyavilas-informaciya-ob-ischeznovenii-celogo-ozera-v-belarusi-chto-govoryat-v""]",KEEP,Экология и санитарные проблемы,,KEEP,KEEP,Экология и санитарные проблемы,Есть социальная проблема и затронутая группа,"Обсуждение экологичеких проблем, высказывание опасений.",2026-09-03T20:18:58.095Z,NO,,,regex_keep,0.39473684,2.53333333,YES,GOLD_LOCKED
se-monitor-blind-gold-2026-09-03-final-v1,evt_1f21ddb9cd9a993d,evt_1f21ddb9cd9a993d,BGmedia,В Гершонах снесли пирсы после TikTok: чем закончился спор за озера в Бресте — BGmedia,https://bgmedia.site/society/gershony-ozera-pirsy-snos-brest,2026-09-02,"[38,39]","[…] Большинство требований уже выполнено, некоторые жители получили административные взыскания. Но чем дальше развивалась история, тем больше претензий появлялось уже не к владельцам домов, а к самому Брестскому горисполкому. Самозахват берегов и ограждения существовали годами, чиновники зашевелились только после вирусных видео, а затем вместе с заборами потребовали убрать и благоустроенные пирсы, которыми могли пользоваться рыбаки. Как ранее писало BGmedia, в начале июня брестский рыбак Дмитрий Левковец начал публиковать видео с озер в Гершонах. […] Тогда чиновники сообщили о рейде, зафиксированных незаконных сооружениях и выданных предписаниях на демонтаж. Именно это стало одной из главных претензий к горисполкому. Если ограждения действительно незаконно ограничивали доступ к государственным водоемам, почему их годами никто не замечал? […]","[""https://bgmedia.site/society/gershony-ozera-pirsy-snos-brest""]",KEEP,"Земля, водоёмы и доступ к природе",,KEEP,KEEP,"Земля, водоёмы и доступ к природе",Есть социальная проблема и затронутая группа,"Продолжающаяся проблема, посмле реакции властей.",2026-09-03T20:19:30.055Z,NO,,,regex_keep,0.39473684,2.53333333,YES,GOLD_LOCKED
se-monitor-blind-gold-2026-09-03-final-v1,evt_2f3c981414204d73,evt_2f3c981414204d73,Виртуальный Брест,"""Главная задача - защищать наш дом"". Как проходят учебные сборы территориальных войск в Гомельской области",https://virtualbrest.ru/news190754.php,2026-09-02,"[35,36]",,"[""https://virtualbrest.ru/news190754.php""]",REJECT,,нет связки социальной темы и проблемы,REJECT,REJECT,Событийность,Нет конкретной проблемы или ущерба,"Отсутствие жалоб, нареканий, предложений со стороны граждан.",2026-09-03T20:20:00.727Z,NO,,,regex_reject,0.45977011,2.175,NO,GOLD_LOCKED
se-monitor-blind-gold-2026-09-03-final-v1,evt_7a4db200cf38fc5e,evt_7a4db200cf38fc5e,Позірк,Турчын накіраваўся ў РФ абмяркоўваць з кіраўніком “Газпрама” пытанні “перспектыўнай супрацы”,https://pozirk.online/be/news/201034,2026-08-24,[5],"[…] ☝️ З 2023 года да канца 2025-га цана на расійскі газ для Беларусі складала 128,5 долара за тысячу кубаметраў , з разлікам у расійскіх рублях. Афіцыйнай інфармацыі пра цану на паліва з 2026 года няма, аднак, мяркуючы па ўсім, яна застаецца на тым жа ўзроўні. ✅ Падрабязнасці 🗝 Без VNP 📷 vesti.lv","[""https://pozirk.online/be/news/201034""]",KEEP,"Цены, торговля и дефицит",,REJECT,REJECT,Международная повестка,Нет конкретной проблемы или ущерба,Отсутствие обращений в адрес белорусских властей. Отсутствие критики.,2026-09-03T20:20:40.303Z,NO,,,regex_keep,0.39473684,2.53333333,YES,GOLD_LOCKED
se-monitor-blind-gold-2026-09-03-final-v1,evt_150fbea360f6fe47,evt_150fbea360f6fe47,MASHEKA,В могилёвском «Музыкальном дворике» на пешеходной улице Ленинской ввели официальный «режим тишины»,https://masheka.by/novosti-mogileva/24049-v-mogilevskom-muzykalnom-dvorike-na-peshehodnoj-ulice-leninskoj-vveli-oficialnyj-rezhim-tishiny.html,2026-09-03,"[38,39]",,"[""https://masheka.by/novosti-mogileva/24049-v-mogilevskom-muzykalnom-dvorike-na-peshehodnoj-ulice-leninskoj-vveli-oficialnyj-rezhim-tishiny.html""]",REJECT,,нет связки социальной темы и проблемы,REJECT,REJECT,Событийность,Нет конкретной проблемы или ущерба,Нет связки социальной темы и проблемы,2026-09-03T20:21:15.463Z,NO,,,regex_reject,0.45977011,2.175,NO,GOLD_LOCKED
se-monitor-blind-gold-2026-09-03-final-v1,evt_0d575f8770be320c,evt_0d575f8770be320c,Виртуальный Брест,"Белоруса, который пропал в Абхазии нашли. Он погиб",https://virtualbrest.ru/news190352.php,2026-08-27,"[18,19]",,"[""https://virtualbrest.ru/news190352.php""]",REJECT,,,REJECT,REJECT,Происшествия,Единичный частный случай без широкого эффекта,Сообщение о единичном несчастном случае.,2026-09-03T20:21:44.815Z,NO,,,regex_reject,0.45977011,2.175,NO,GOLD_LOCKED
se-monitor-blind-gold-2026-09-03-final-v1,evt_eefcbd73188116a1,evt_eefcbd73188116a1,Gomel Today,Какие новости принес последний летний день,https://t.me/gomeltoday/162443,2026-08-31,"[30,31,32]",Какие новости принес последний летний день 👇 📍 В Березках под Гомелем контейнеры утопают в горах мусора; 📍 Барановичская школа показала запрещенные для учеников прически – в соцсетях возмущаются; 📍 В Солигорске мотоциклист выручил скорую – помог довезти пациента поскорее в больницу. Об этом и не только смотрите в нашем Вечернем выпуске. […],"[""https://t.me/gomeltoday/162443""]",KEEP,Образование и дети,,REJECT,REJECT,Дайджест новостей.,Нет конкретной проблемы или ущерба,Перечисление новостных сюжетов.,2026-09-03T20:22:17.455Z,NO,,,regex_keep,0.39473684,2.53333333,YES,GOLD_LOCKED
se-monitor-blind-gold-2026-09-03-final-v1,evt_a255810d7b85bc9d,evt_a255810d7b85bc9d,MAYDAY TEAM,У Дрыбіне 1 верасня на школьнай лінейцы ганаровымі гасцямі сталі пракурор раёна і старшыня райаддзела Следчага камітэта.,https://t.me/MAYDAYMog/6070,2026-09-02,"[38,39]","У Дрыбіне 1 верасня на школьнай лінейцы ганаровымі гасцямі сталі пракурор раёна і старшыня райаддзела Следчага камітэта. […] У адзінай Дрыбінскай сярэдняй школе на святочным мерапраемстве да Дня ведаў колькасць людзей у форме сярод вядоўцаў была большай, чым настаўнікаў. […] А потым першакласнікаў і будучых выпускнікоў вінашавалі пракурор Дрыбінскага раёна Аляксандр Сідоркін і старшыня раённага аддзела Следчага камітэта Іван Ільюшчанка . Пры гэтым ніякіх профільных юрыдычных класаў у школе няма. Дрыбін стаў адзіным райцэнтрам у Магілёўскай вобласці, дзе пракурор і следчы прымалі ўдзел у школьным мерапрыемстве.","[""https://t.me/MAYDAYMog/6070""]",KEEP,Образование и дети,,REJECT,REJECT,Событийность,Нет конкретной проблемы или ущерба,"Новостной сюжет. Отсутствие проблем, нареканий, критики.",2026-09-03T20:22:47.023Z,NO,,,regex_keep,0.39473684,2.53333333,YES,GOLD_LOCKED
se-monitor-blind-gold-2026-09-03-final-v1,evt_da655ecfaf6d3787,evt_da655ecfaf6d3787,Виртуальный Брест,В каких регионах купили больше всего квартир в августе? Ответили в Госкомимуществе,https://virtualbrest.ru/news190845.php,2026-09-03,[38],,"[""https://virtualbrest.ru/news190845.php""]",REJECT,,Evidence Binding: тема и проблема связаны только глубоко в тексте,REJECT,REJECT,Событийность,Нет конкретной проблемы или ущерба,Информационное сообщение о торговле недвижимостью.,2026-09-03T20:23:29.463Z,NO,,,regex_reject,0.45977011,2.175,NO,GOLD_LOCKED
se-monitor-blind-gold-2026-09-03-final-v1,evt_ebb728cdcd1257d3,evt_ebb728cdcd1257d3,Хартия-97,Почему белорусы не любят российских туристов,https://charter97.org/ru/news/2026/8/26/696115,2026-08-26,[10],"[…] Белорусы, которые как нация все же не лишены определенного комплекса неполноценности и самоедства, глядя на россиян, в этом случае чувствуют себя людьми более высокой бытовой культуры. Россияне бросают мусор, неправильно паркуются, нарушают правила дорожного движения, не уважают белорусские нормы и традиции, требуют принимать у них российские рубли, а еще смеются над нашим языком. Короче, в целом ведут себя примерно так, как показывают многочисленные ролики в соцсетях, – например, прыгают на капоте машины. […] Ну почему вас волнует, если какой-то никому не известный россиянин сказал о Беларуси или Минске что-то критическое? Однако настоящее возмущение у белорусов вызывает именно высокомерие «руссо туристо», его чувство превосходства. Вот как об этом сказала одна минская таксистка, чей ролик набрал миллионы просмотров: среди россиян встречаются и адекватные люди, однако иногда приезжает турист с повадками барина, который начинает учить местных, как «правильно» жить. […] Нет у нас этого высокомерия, желания лезть в чужие порядки. […]","[""https://charter97.org/ru/news/2026/8/26/696115""]",KEEP,"Законы, права и общественное регулирование",,KEEP,KEEP,"Законы, права и общественное регулирование",Есть социальная проблема и затронутая группа,"Общественный резонанс, межэтнические проблемы. Высокий приоритет.",2026-09-03T20:23:54.703Z,NO,,,regex_keep,0.39473684,2.53333333,YES,GOLD_LOCKED
se-monitor-blind-gold-2026-09-03-final-v1,evt_37a4f248f2211254,evt_37a4f248f2211254,Smartpress.by,Европа теряет рыбу из-за засухи. Грозит ли такой сценарий Беларуси?,https://smartpress.by/news/evropa-teryaet-rybu-iz-za-zasukhi-grozit-li-takoy-stsenariy-belarusi,2026-09-03,"[38,39]",,"[""https://smartpress.by/news/evropa-teryaet-rybu-iz-za-zasukhi-grozit-li-takoy-stsenariy-belarusi""]",REJECT,,последствия стихии без жалобы на работу служб: гроз,REJECT,REJECT,Событийность,Нет конкретной проблемы или ущерба,Сравнительный анализ климатических опасностей. Отсутствие конкретных обращений к власти.,2026-09-03T20:24:34.574Z,NO,,,regex_reject,0.45977011,2.175,NO,GOLD_LOCKED
se-monitor-blind-gold-2026-09-03-final-v1,evt_c742c03d78f41d2d,evt_c742c03d78f41d2d,Полацкі веснік,Гороскоп для всех знаков зодиака с 31 августа по 6 сентября,https://www.pvestnik.by/goroskop-s-31-avgusta-po-6-sentyabrya-dlya-vseh-znakov-zodiaka,2026-08-31,[26],,"[""https://www.pvestnik.by/goroskop-s-31-avgusta-po-6-sentyabrya-dlya-vseh-znakov-zodiaka""]",REJECT,,нерелевантный формат: гороскоп,REJECT,REJECT,Прогноз погоды,Нет конкретной проблемы или ущерба,Гороскопы не включаем в отчет мониторига.,2026-09-03T20:25:12.103Z,NO,,,regex_reject,0.45977011,2.175,NO,GOLD_LOCKED
se-monitor-blind-gold-2026-09-03-final-v1,evt_eb0de556e3a1fddd,evt_eb0de556e3a1fddd,БрестСИТИ,В продаже в Гомеле нашли более 2 тыс. пар контрафактной обуви,https://brestcity.com/blog/bolee-2tys-par-obuvi,2026-08-25,[10],"[…] пар импортной обуви стоимостью 60 тыс. Отсутствие подобной маркировки указывает на то, что продукция была ввезена нелегально. Также у продавцов не было документов, подтверждающих качество и безопасность продававшейся обуви. Информация о выявленных нарушениях для принятия мер направлена в областную налоговую службу. Виновные оштрафованы на сумму более 6 тыс. […]","[""https://brestcity.com/blog/bolee-2tys-par-obuvi""]",KEEP,Качество товаров и услуг,,REJECT,REJECT,Криминальбная хроника,Единичный частный случай без широкого эффекта,"Отсутствие критики властей, обращений, комменатриев.",2026-09-03T20:25:53.967Z,NO,,,regex_keep,0.39473684,2.53333333,YES,GOLD_LOCKED
se-monitor-blind-gold-2026-09-03-final-v1,evt_c4058b12b47de7ef,evt_c4058b12b47de7ef,Виртуальный Брест,Турецкая авиакомпания отменяет рейсы в Москву из-за «ситуации с воздушным пространством»,https://virtualbrest.ru/news190806.php,2026-09-02,[37],,"[""https://virtualbrest.ru/news190806.php""]",REJECT,,нет связки социальной темы и проблемы,REJECT,REJECT,Международная повестка,Нет конкретной проблемы или ущерба,"Происшествие, не касается субъектов бизнеса в Беларуси.",2026-09-03T20:26:27.119Z,NO,,,regex_reject,0.45977011,2.175,NO,GOLD_LOCKED
se-monitor-blind-gold-2026-09-03-final-v1,evt_8c088de2c15a3f9b,evt_8c088de2c15a3f9b,Виртуальный Брест,В Варшаве задержали главу Олимпийского комитета Польши,https://virtualbrest.ru/news190331.php,2026-08-27,[18],,"[""https://virtualbrest.ru/news190331.php""]",REJECT,,,REJECT,REJECT,Международная повестка,Нет конкретной проблемы или ущерба,Не касается Беларуси,2026-09-03T20:32:25.110Z,NO,,,regex_reject,0.45977011,2.175,NO,GOLD_LOCKED
se-monitor-blind-gold-2026-09-03-final-v1,evt_9d7def6ebbbcf95b,evt_9d7def6ebbbcf95b,BGmedia,Жители Орши показали заросшие дворы и разбитые скамейки: ЖКХ ничего не делает — BGmedia,https://bgmedia.site/society/zhiteli-zhaluyutsya-na-zolotarnik-musor-i-razbitye-skamejki,2026-08-25,[10],"[…] В редакции заявили, что обращения направят соответствующим службам на реагирование. В комментариях жители дали понять: речь идет далеко не об отдельных неухоженных местах. Пользователи пишут, что заросли и мусор встречаются в разных районах Орши. Одна из читательниц рассказала, как месяц ждала покоса на Лариновском кладбище. […] Ранее журналисты BGmedia писали о жалобе жителя 2-го переулка Лепельского Олега Шестакова . По его словам, вдоль железнодорожных путей бурьян не косили несколько лет. Высокая трава скрывала детскую площадку и ухудшала обзор водителям. […]","[""https://bgmedia.site/society/zhiteli-zhaluyutsya-na-zolotarnik-musor-i-razbitye-skamejki""]",KEEP,Дороги и благоустройство,,KEEP,KEEP,Дороги и благоустройство,Есть социальная проблема и затронутая группа,"Жалобы граждан, резонанс.",2026-09-03T20:32:53.055Z,NO,,,regex_keep,0.39473684,2.53333333,YES,GOLD_LOCKED
se-monitor-blind-gold-2026-09-03-final-v1,evt_b67b7bfea5d0d494,evt_b67b7bfea5d0d494,NewGrodno,"Кератин лечит волосы, а ботокс опасен? Эксперты о главных бьюти-мифах",https://newgrodno.by/society/keratin-lechit-a-botoks-opasen,2026-08-29,"[21,22,23,24]","[…] Ботокс и контурная пластика: чего боятся пациенты? […] Кому нельзя делать инъекции? Абсолютные противопоказания включают: беременность и грудное вскармливание; онкологические заболевания; аутоиммунные патологии; проблемы со свертываемостью крови и прием антикоагулянтов; острые инфекции (герпес, ОРВИ). Для ботокса отдельным ограничением являются нервно-мышечные расстройства (например, миастения) и аллергия на белок в составе препарата. Нужно ли сдавать анализы? […] Исключения: аллергия на состав, ранки на коже головы, беременность и лактация (гормональный фон может дать непредсказуемый результат). […] Это визуальная реставрация, а не восстановление изнутри. […]","[""https://newgrodno.by/society/keratin-lechit-a-botoks-opasen""]",KEEP,Дороги и благоустройство,,REJECT,REJECT,Советы медицинские,Иное,Медицинские советы. Отсуствие необходимости в реакции со стороны властей.,2026-09-03T20:33:31.374Z,NO,,,regex_keep,0.39473684,2.53333333,YES,GOLD_LOCKED
se-monitor-blind-gold-2026-09-03-final-v1,evt_eaafaefcab12f96c,evt_eaafaefcab12f96c,Onlíner,"«Не работаю, а кайфую». Как воспитательница из Барановичей стала фитнес-тренером",https://sport.onliner.by/2026/08/31/vospitatel-stala-trenerom,2026-08-31,"[25,26]",,"[""https://sport.onliner.by/2026/08/31/vospitatel-stala-trenerom""]",REJECT,,нет связки социальной темы и проблемы,REJECT,REJECT,Лайфстори,Нет конкретной проблемы или ущерба,Нет связки социальной темы и проблемы,2026-09-03T20:34:34.262Z,NO,,,regex_reject,0.45977011,2.175,NO,GOLD_LOCKED
se-monitor-blind-gold-2026-09-03-final-v1,evt_ff3ea8e12cf67cc6,evt_ff3ea8e12cf67cc6,BGmedia,Дерево рухнуло на памятник: вирусное видео из Шабыньков вскрыло заброшенность беларуских кладбищ — BGmedia,https://bgmedia.site/society/zhiteli-pozhalovalis-na-sostoyanie-kladbishha-pod-borisovom,2026-09-03,[39],"[…] Оно повредило памятник бабушке и дедушке автора видео. Кадры вызвали активное обсуждение среди жителей Борисовского района. Люди рассказали, что похожие проблемы есть и на других сельских кладбищах. В комментариях пользователи жаловались не только на Шабыньки. Одна из женщин рассказала о состоянии кладбища в Гливино. После появления видео и жалоб жителей журналисты mlyn.by обратились за комментарием в УП «Жилье». […] В УП «Жилье» напомнили и об обязанностях родственников умерших. […]","[""https://bgmedia.site/society/zhiteli-pozhalovalis-na-sostoyanie-kladbishha-pod-borisovom""]",KEEP,Дороги и благоустройство,,KEEP,KEEP,Дороги и благоустройство,Обращение граждан / публичная реакция власти,"Острая тема, жалобы граждан, требующие реакции властей.",2026-09-03T20:35:04.119Z,NO,,,regex_keep,0.39473684,2.53333333,YES,GOLD_LOCKED
se-monitor-blind-gold-2026-09-03-final-v1,evt_640dc7efbce99d07,evt_640dc7efbce99d07,Виртуальный Брест,Турчин: борьба с некачественным импортом будет только ужесточаться,https://virtualbrest.ru/news190253.php,2026-08-26,"[13,14]","Борьба с некачественным импортом в Беларуси будет только ужесточаться. Об этом заявил премьер-министр Александр Турчин во время общения с представителями делового сообщества во Дворце Независимости, передает корреспондент БЕЛТА. ""Правительство будет принимать все меры для стимулирования собственного производителя, а не для ограничения импорта. Но борьба с некачественным импортом будет только ужесточаться, это я говорю открыто. Мы должны обеспечить на своем рынке честную и справедливую конкуренцию и защищать нашего потребителя от некачественного импорта. В этом направлении правительство будет принимать самые жесткие меры"", - заверил Александр Турчин. Вопросы обеспечения справедливой конкуренции и защиты внутреннего рынка от некачественного импорта затрагивались во время общения с представителями бизнеса, которые были приглашены на экскурсию во Дворец Независимости. […]","[""https://virtualbrest.ru/news190253.php""]",KEEP,Качество товаров и услуг,,REJECT,REJECT,Событийность,Нет конкретной проблемы или ущерба,"Информационное сообщение о работе властей, отсутствие комментариев, критики, реакции граждан.",2026-09-03T20:35:41.494Z,NO,,,regex_keep,0.39473684,2.53333333,YES,GOLD_LOCKED
se-monitor-blind-gold-2026-09-03-final-v1,evt_1102f319cf6ac670,evt_1102f319cf6ac670,Gomel Today,Японец оставил семилетнего сына одного на горе Фудзи ради восхождения,https://t.me/gomeltoday/161989,2026-08-24,[5],"Японец оставил семилетнего сына одного на горе Фудзи ради восхождения Инцидент произошел 20 августа на тропе Фудзиномия. Мальчик пожаловался отцу на усталость у шестой станции, расположенной на высоте более 2 тысяч метров. Тогда 48-летний мужчина оставил сына на скамейке, дав лишь закуски и безалкогольный напиток, а сам со старшим ребенком пошел дальше. Спустя время мальчика заметил сотрудник горного приюта. […]","[""https://t.me/gomeltoday/161989""]",KEEP,Дороги и благоустройство,,REJECT,REJECT,Международная повестка,Единичный частный случай без широкого эффекта,Не касается Беларуси,2026-09-03T20:36:20.446Z,NO,,,regex_keep,0.39473684,2.53333333,YES,GOLD_LOCKED
se-monitor-blind-gold-2026-09-03-final-v1,evt_46135244cc147219,evt_46135244cc147219,ВГР,В Гродно на выходные закрыли движение на кольце улиц Брикеля и Тавлая — Вечерний Гродно,https://vgr.by/2026/08/22/v-grodno-na-vyhodnye-zakryli-dvizhenie-na-kolcze-ulicz-brikelya-i-tavlaya,2026-08-22,[5],Для автотранспорта движение будет запрещено с 07:00 22 августа до 05:00 24 августа. […],"[""https://vgr.by/2026/08/22/v-grodno-na-vyhodnye-zakryli-dvizhenie-na-kolcze-ulicz-brikelya-i-tavlaya""]",KEEP,Дороги и благоустройство,,REJECT,REJECT,Дороги и благоустройство,Иное,Информационное сообщение. Предупреждение. Отсутствие критики или иной реакции граждан.,2026-09-03T20:36:43.037Z,NO,,,regex_keep,0.39473684,2.53333333,YES,GOLD_LOCKED
se-monitor-blind-gold-2026-09-03-final-v1,evt_868e54a3a447bdf7,evt_868e54a3a447bdf7,Дзяржынская праўда,Прямую телефонную линию для молодых специалистов проведет Минтруда 26 августа - 25.08.2026,https://dzr.by/25082026/pryamuyu-telefonnuyu-liniyu-dlya-molodyh-speczialistov-provedet-mintruda-26-avgusta,2026-08-25,[9],"[…] Кроме того, можно обратиться в Департамент госинспекции труда по номеру (017) 360-41-23 с 8.00 до 13.00 в рабочие дни, в региональные подразделения Департамента госинспекции труда. Оперативно сообщить о невыплате зарплаты или пособий можно через чат-бот в мессенджере.","[""https://dzr.by/25082026/pryamuyu-telefonnuyu-liniyu-dlya-molodyh-speczialistov-provedet-mintruda-26-avgusta""]",KEEP,"Работа, зарплаты и доходы",,REJECT,REJECT,Событийность,Нет конкретной проблемы или ущерба,Инофрмационное сообщение о действиях местных властей. Отсутствие реакции или критики властей.,2026-09-03T20:37:25.094Z,NO,,,regex_keep,0.39473684,2.53333333,YES,GOLD_LOCKED
se-monitor-blind-gold-2026-09-03-final-v1,evt_51d3c3dd3f492814,evt_51d3c3dd3f492814,CityDog,"Помните кафе в Минске, которое использовало живых рыбок для декора? Кажется, рыбки спасены",https://citydog.io/post/zaden-rybki-final,2026-08-25,[10],[…] Что почитать по теме: Минчан разозлила пиццерия: заведение использует для декора живых рыбок в лампе Что за заведение с рыбками? […],"[""https://citydog.io/post/zaden-rybki-final""]",KEEP,Защита животных и условия содержания,,KEEP,KEEP,Защита животных и условия содержания,Дубликат / продолжение того же события,"Развитие событий, продолжающаяся проблема.",2026-09-03T20:38:15.694Z,NO,,,regex_keep,0.39473684,2.53333333,YES,GOLD_LOCKED
se-monitor-blind-gold-2026-09-03-final-v1,evt_34bd6a69919ad60e,evt_34bd6a69919ad60e,Виртуальный Брест,Минчане выстроились в огромную очередь за дынями – что в них особенного,https://virtualbrest.ru/news190452.php,2026-08-28,"[21,22,23]",,"[""https://virtualbrest.ru/news190452.php""]",REJECT,,,REJECT,REJECT,Права потребителей,Нет конкретной проблемы или ущерба,Новостаня информация развлекательного характера.,2026-09-03T20:38:45.638Z,NO,,,regex_reject,0.45977011,2.175,NO,GOLD_LOCKED
se-monitor-blind-gold-2026-09-03-final-v1,evt_f7462d90d0cf1800,evt_f7462d90d0cf1800,Виртуальный Брест,Путешествие на электромобиле Dongfeng VIGO из Бреста в Нижний Новгород,https://virtualbrest.ru/news190833.php,2026-09-03,[39],,"[""https://virtualbrest.ru/news190833.php""]",REJECT,,Evidence Binding: тема и проблема связаны только глубоко в тексте,REJECT,REJECT,Рекламная информация,Нет конкретной проблемы или ущерба,"Отсутствие жалоб, нареканий.",2026-09-03T20:39:17.782Z,NO,,,regex_reject,0.45977011,2.175,NO,GOLD_LOCKED
se-monitor-blind-gold-2026-09-03-final-v1,evt_4cee27d26e78d138,evt_4cee27d26e78d138,Белновости,"Белорусам рассказали, как изменится коммуналка при сдаче квартиры в аренду «тунеядцу»",https://www.belnovosti.by/ekonomika/belorusam-rasskazali-kak-izmenitsya-kommunalka-pri-sdache-kvartiry-v-arendu-tuneyadcu,2026-08-30,"[25,26]","В Министерстве жилищно-коммунального хозяйства разъяснили нюансы оплаты услуг для арендного жилья. Как говорится в ТГ-канале ведомства, если квартирант официально числится в базе не занятых в экономике и при этом сам подписывает договоры с коммунальными службами, счета за отопление и горячую воду будут приходить по повышенным тарифам. Однако собственники могут избежать переплаты, если грамотно составят договор найма и оставят бремя платежей на себе. […]","[""https://www.belnovosti.by/ekonomika/belorusam-rasskazali-kak-izmenitsya-kommunalka-pri-sdache-kvartiry-v-arendu-tuneyadcu""]",KEEP,"Работа, зарплаты и доходы",,REJECT,REJECT,"Работа, зарплаты и доходы",Иное,"Отсутствие реакций граждан, комментариев, критики по общественнозначимой пробелме.",2026-09-03T20:39:51.526Z,NO,,,regex_keep,0.39473684,2.53333333,YES,GOLD_LOCKED
se-monitor-blind-gold-2026-09-03-final-v1,evt_8baeaaaeff642b82,evt_8baeaaaeff642b82,Reform.news,На БЖД возник дефицит вагонов-платформ из-за воинских перевозок — «Сообщество железнодорожников»,https://reform.news/na-bzhd-voznik-deficit-vagonov-platform-iz-za-voinskih-perevozok-soobshhestvo-zheleznodorozhnikov,2026-08-30,"[25,26]",На БЖД возник дефицит вагонов-платформ из-за воинских перевозок — «Сообщество железнодорожников» Подробнее или без VPN | Купить VPN,"[""https://reform.news/na-bzhd-voznik-deficit-vagonov-platform-iz-za-voinskih-perevozok-soobshhestvo-zheleznodorozhnikov""]",KEEP,Общественный транспорт,,KEEP,KEEP,Общественный транспорт,Есть социальная проблема и затронутая группа,"Общественная проблема, потенциально резонансная тема, связанная с безопасностью",2026-09-03T20:40:34.998Z,NO,,,regex_keep,0.39473684,2.53333333,YES,GOLD_LOCKED
se-monitor-blind-gold-2026-09-03-final-v1,evt_d3f6b979bf4098ee,evt_d3f6b979bf4098ee,NewGrodno,Почти 89 тысяч работников в Беларуси уволили за месяц - а сколько приняли?,https://newgrodno.by/society/pochti-89-tysyach-rabotnikov-v-belarusi-uvolili-za-mesyats,2026-08-28,"[21,22,23,24]","По данным Белстата, в июне 2026 года белорусские организации уволили 88 796 работников. Это последний отчётный месяц, по которому доступна статистика движения кадров. При этом на работу за месяц приняли 84 825 человек. Таким образом, число уволенных превысило число принятых почти на 4 тысячи человек. «Нетунеядцы» в Беларуси: сколько их на самом деле — свежие данные По данным Белстата, соотношение численности принятых и уволенных работников в июне составило 95,5%. Это означает, что на каждые 100 уволенных работников приходилось около 96 новых сотрудников. […] Сколько уволили за прогулы и нарушения дисциплины Из общего числа увольнений в июне 3310 человек уволили за прогул и другие нарушения исполнительской и трудовой дисциплины. […]","[""https://newgrodno.by/society/pochti-89-tysyach-rabotnikov-v-belarusi-uvolili-za-mesyats""]",KEEP,"Работа, зарплаты и доходы",,REJECT,REJECT,"Работа, зарплаты и доходы",Иное,"Отсутствие комментариев, реакции, критики граждан. Хотя проблема существует",2026-09-03T20:41:38.198Z,NO,,,regex_keep,0.39473684,2.53333333,YES,GOLD_LOCKED
se-monitor-blind-gold-2026-09-03-final-v1,evt_6f28c2764b3b75b2,evt_6f28c2764b3b75b2,Беларусь за МКАДом,В Беларуси запретили российский шоколад «без сахара»,https://t.me/zamkadomby/67405,2026-08-26,"[13,14,15,16]","В Беларуси запретили российский шоколад «без сахара» Госстандарт запретил ввоз и продажу шоколада «ЧАРЖЕД» с фундуком от российской фабрики «Победа». Лабораторные исследования показали, что содержание масла какао и молочного жира в продукте составило 20,2% при норме не менее 25% . В Госстандарте считают, что продукт был оформлен как молочный шоколад, что могло вводить покупателей в заблуждение. Шоколад внесли в реестр опасной продукции. Торговые точки должны изъять его из продажи. […]","[""https://t.me/mogilevonline/123316"",""https://t.me/zamkadomby/67405""]",KEEP,Качество товаров и услуг,,REJECT,REJECT,Качество товаров и услуг,Нет конкретной проблемы или ущерба,Не касается белорусских производителей. не требует реакции белорусских властей.,2026-09-03T20:42:26.878Z,NO,,,regex_keep,0.39473684,2.53333333,YES,GOLD_LOCKED
se-monitor-blind-gold-2026-09-03-final-v1,evt_2dba5f0c6d063911,evt_2dba5f0c6d063911,Смолевичи-24,В Смолевичах устраняют последствия ветра. Подача света и воды будет возобновлена в кратчайшие сроки - 22.08.2026,https://smolevichi-24.by/22082026/v-smolevichah-ustranyayut-posledstviya-vetra-podacha-sveta-i-vody-budet-vozobnovlena-v-kratchajshie-sroki,2026-08-22,[5],"Сегодня из-за сильного ветра, обрушившегося на Смолевичский район, город Смолевичи и ряд сельских населенных пунктов оказались обесточены. Отключение электричества привело к остановке насосного оборудования, поэтому временно также отсутствует водоснабжение. Как сообщил заместитель председателя Смолевичского райисполкома Алексей Горбач, на месте уже работают аварийные бригады. Специалисты делают все возможное, чтобы в кратчайшие сроки вернуть свет и воду в дома жителей. – Аварийные бригады работают над восстановлением систем. В скором времени водоснабжение и электроснабжение в городе будет восстановлено, – отметил Алексей Сергеевич. Ситуация находится на личном контроле районных служб. […]","[""https://smolevichi-24.by/22082026/v-smolevichah-ustranyayut-posledstviya-vetra-podacha-sveta-i-vody-budet-vozobnovlena-v-kratchajshie-sroki""]",KEEP,ЖКХ и состояние жилья,,REJECT,REJECT,ЖКХ и состояние жилья,Иное,"Информационное сообщение о мерах по ликвидации стихийного бедствия, отсутствие реакции жителей, комментариев, критики",2026-09-03T20:42:58.565Z,NO,,,regex_keep,0.39473684,2.53333333,YES,GOLD_LOCKED
se-monitor-blind-gold-2026-09-03-final-v1,evt_bf0447f21558e922,evt_bf0447f21558e922,Виртуальный Брест,Макетную мастерскую для архитекторов создали в Брестском государственном техническом университете,https://virtualbrest.ru/news190908.php,2026-09-03,[40],,"[""https://virtualbrest.ru/news190908.php""]",REJECT,,нет связки социальной темы и проблемы,REJECT,REJECT,Событийность,Нет конкретной проблемы или ущерба,Нет связки социальной темы и проблемы.,2026-09-03T20:44:07.094Z,NO,,,regex_reject,0.45977011,2.175,NO,GOLD_LOCKED
se-monitor-blind-gold-2026-09-03-final-v1,evt_af121a40a74a9f83,evt_af121a40a74a9f83,Виртуальный Брест,В Литве спустя почти две недели после бури без света остаются более 4 тыс. потребителей,https://virtualbrest.ru/news190926.php,2026-09-03,[40],,"[""https://virtualbrest.ru/news190926.php""]",REJECT,,иностранная тема: литов,REJECT,REJECT,Международная повестка,Иное,Не касается Беларуси,2026-09-03T20:44:33.645Z,NO,,,regex_reject,0.45977011,2.175,NO,GOLD_LOCKED
se-monitor-blind-gold-2026-09-03-final-v1,evt_3cb71ce128a13130,evt_3cb71ce128a13130,Onlíner,«Квартиру снять сейчас — без шансов». Как студенты заселяются в минские общежития - Недвижимость Onlíner,https://realt.onliner.by/2026/08/27/kak-studenty-zaselyayutsya,2026-08-27,"[15,16]","В конце августа обстановка возле студенческих общежитий выглядит примерно одинаково: у входа вырастают баррикады из чемоданов, сумки с вещами трещат по швам, а родители выдают последние ценные указания перед отправкой «птенцов» в самостоятельную жизнь. Журналисты Onlíner решили подсмотреть за заселением в Студенческую деревню и новое общежитие БГУФК и узнать, каково это — сменить уютную родительскую квартиру на студенческую романтику. Очередь ко входу в новое общежитие БГУФК на Радужной, 25 видна издалека. Навскидку собралось полсотни человек. […] Обе учились в одном классе, поступать решили тоже вместе. […] Новое общежитие разделено на блоки: у каждого есть своя кухня, санузел. […] Классная! […]","[""https://realt.onliner.by/2026/08/27/kak-studenty-zaselyayutsya""]",KEEP,Образование и дети,,KEEP,KEEP,Образование и дети,Массовые интересы потребителей,"Проблемы для студентов и молодежи, требующие реакции властей.",2026-09-03T20:44:58.374Z,NO,,,regex_keep,0.39473684,2.53333333,YES,GOLD_LOCKED
se-monitor-blind-gold-2026-09-03-final-v1,evt_8444843fe615980c,evt_8444843fe615980c,Прысталічча,Какие грибы собирают под Минском в конце августа - 24.08.2026,https://pristalica.by/24082026/kakie-griby-sobirayut-pod-minskom-v-koncze-avgusta,2026-08-24,[7],"Конец лета традиционно заставляет любителей «тихой охоты» доставать из закромов корзины и отправляться в лес. В местном чате агрогородка Колодищи развернулось активное обсуждение: пока одни жалуются на опустевшие поляны, другие хвастаются редкими трофеями. Некоторые грибники с грустью констатируют, что в лесу грибов нет, за исключением старых лисичек, однако кому-то все же удается найти трофеи в самых необычных местах – так, местный житель заприметил зонтики прямо на перекрестке улиц Анишкевича и Шпитальника в Колодищах. Настоящим сюрпризом для пользователей стало фото редкого спарассиса курчавого, которым поделился местный житель. […] Жители уже предвкушают осенний сбор, ведь «соленые грузди – отличная добавка к любому блюду», – пишет участница обсуждений. За ними бывалые знатоки советуют отправляться по проверенным ориентирам: – Недалеко от Минска в Колодищах на полигоне их там было огромное количество, – констатируют жители Минского района. […] Часть сельчан объясняет затишье погодными факторами: – Засуха была, в начале прошлой недели дожди неплохие были, но их маловато, и после дождей должно еще время пройти на вырост, – отмечает местный житель в чате. […]","[""https://pristalica.by/24082026/kakie-griby-sobirayut-pod-minskom-v-koncze-avgusta""]",KEEP,Дороги и благоустройство,,REJECT,REJECT,Событийность,Нет конкретной проблемы или ущерба,"Развлекательная информация о сборе грибов, отдыхе.",2026-09-03T20:45:35.525Z,NO,,,regex_keep,0.39473684,2.53333333,YES,GOLD_LOCKED
se-monitor-blind-gold-2026-09-03-final-v1,evt_dc3c45240f6661f0,evt_dc3c45240f6661f0,Gomel Today,"У гомельчанки не работает лифт – приходится таскаться на десятый этаж, а обращения к коммунальщикам не работают",https://t.me/gomeltoday/161981,2026-08-23,[5],"У гомельчанки не работает лифт – приходится таскаться на десятый этаж, а обращения к коммунальщикам не работают Криком души поделилась подписчица «Сильных Новостей». Она живет на в микрорайоне Новая Жизнь, на Виноградой, 8, второй подъезд. У нашей подписчицы то и дело не работает лифт. «Раньше поломки были хоть раз в неделю, сейчас по 2 раза в день», – сетует гомельчанка. […]","[""https://t.me/gomeltoday/161981""]",KEEP,ЖКХ и состояние жилья,,KEEP,KEEP,ЖКХ и состояние жилья,Обращение граждан / публичная реакция власти,"Общественная проблема, власти не реагируют.",2026-09-03T20:46:11.181Z,NO,,,regex_keep,0.39473684,2.53333333,YES,GOLD_LOCKED
se-monitor-blind-gold-2026-09-03-final-v1,evt_6138284498bb743f,evt_6138284498bb743f,МогилёвОнлайн,В Могилеве производитель питьевой воды завышал отпускные цены,https://magilev.by/news/2026/09/03/v-mogileve-proizvoditel-pitevoj-vody-zavyshal-otpusknye-ceny,2026-09-03,[40],"[…] Предприятие реализовывало продукцию по ценам, не подтвержденным экономическими расчетами. Также систематически без согласования с облисполкомом повышалась отпускная цена. За полтора года (с ноября 2023 года по июль 2025 года) по завышенной цене реализовано продукции на 1 млн. В числе покупателей были государственные учреждения, в том числе комбинаты школьного питания и спортивные школы. За реализацию товаров по ценам, не подтвержденным экономическими расчетами, а также за нарушения установленного порядка повышения отпускных цен предприятие оштрафовано на 32 тыс. По результатам проверки цены на продукцию приведены в соответствие с действующим законодательством. Виновные привлечены к дисциплинарной ответственности. […]","[""https://magilev.by/news/2026/09/03/v-mogileve-proizvoditel-pitevoj-vody-zavyshal-otpusknye-ceny""]",KEEP,"Цены, торговля и дефицит",,KEEP,KEEP,"Цены, торговля и дефицит",Массовые интересы потребителей,Резонансная общественная проблема,2026-09-03T20:47:01.710Z,NO,,,regex_keep,0.39473684,2.53333333,YES,GOLD_LOCKED
se-monitor-blind-gold-2026-09-03-final-v1,evt_3a4c3e1b5d261488,evt_3a4c3e1b5d261488,Smartpress.by,"Джордж Клуни, Роберт Паттинсон, Пенелопа Крус и кино о медиаскандалах: чего ждать от Венецианского кинофестиваля-2026",https://smartpress.by/news/dzhordzh-kluni-robert-pattinson-penelopa-krus-i-kino-o-mediaskandalakh-chego-zhdat-ot-venetsianskogo,2026-09-02,"[35,36]",,"[""https://smartpress.by/news/dzhordzh-kluni-robert-pattinson-penelopa-krus-i-kino-o-mediaskandalakh-chego-zhdat-ot-venetsianskogo""]",REJECT,,нет связки социальной темы и проблемы,REJECT,REJECT,Международная повестка,Иное,"Публикация не имеет проблемного характера, который касался бы Беларуси",2026-09-03T20:47:28.990Z,NO,,,regex_reject,0.45977011,2.175,NO,GOLD_LOCKED
se-monitor-blind-gold-2026-09-03-final-v1,evt_61749744347b398e,evt_61749744347b398e,Виртуальный Брест,"В Польше на два дня развернули 1,4 тыс. пунктов гражданской обороны для подготовки к реагированию на ЧС",https://virtualbrest.ru/news190573.php,2026-08-31,"[25,26]",,"[""https://virtualbrest.ru/news190573.php""]",REJECT,,иностранная тема: польск,REJECT,REJECT,Международная повестка,Иное,Не касается Беларуси,2026-09-03T20:48:04.966Z,NO,,,regex_reject,0.45977011,2.175,NO,GOLD_LOCKED
se-monitor-blind-gold-2026-09-03-final-v1,evt_d6cbb3555372cbc8,evt_d6cbb3555372cbc8,Минская правда,Свалка мусора на переулке Строителей в Жодино вызвала волну негодования – что происходит - 27.08.2026,https://mlyn.by/27082026/svalka-musora-na-pereulke-stroitelej-v-zhodino-vyzvala-volnu-negodovaniya-chto-proishodit,2026-08-27,"[17,18]","В одном из городских чатов Жодино появилась информация о том, что во дворах домов №6 и №8 по переулку Строителей якобы уже третий месяц лежат горы мусора. Автор публикации отметил, что рядом находится детская площадка, а скопившийся мусор закрывает обзор при выезде из двора и может мешать пешеходам. Публикацию подхватил другой канал, эмоционально расписав ситуацию как очередную «свалку» во дворе. Мы решили разобраться, что на самом деле происходит на этом участке, и взяли комментарий у службы заказчика жилищно-коммунальных услуг Жодино — Владимира Ивашкевича. Как выяснилось, речь идёт не о заброшенной свалке, а о благоустройстве дворовой территории. Работы здесь начались ещё в июне и сейчас уже подходят к завершению. […] Так что пока жителям, судя по всему, действительно стоит немного запастись терпением: благоустройство ещё продолжается, а вместе с ним постепенно убираются и последствия строительных работ.","[""https://mlyn.by/27082026/svalka-musora-na-pereulke-stroitelej-v-zhodino-vyzvala-volnu-negodovaniya-chto-proishodit""]",KEEP,Дороги и благоустройство,,KEEP,KEEP,Дороги и благоустройство,Есть социальная проблема и затронутая группа,"Общественая реакция, нарекания на бездействие властей.",2026-09-03T20:48:24.742Z,NO,,,regex_keep,0.39473684,2.53333333,YES,GOLD_LOCKED
se-monitor-blind-gold-2026-09-03-final-v1,evt_0752070a2127f06c,evt_0752070a2127f06c,Газета «Сильные Новости»,Прокуратура нашла нарушения в детских лагерях и на игровых площадках Гродненщины - GS.BY,https://www.gs.by/2026/08/28/prokuratura-nashla-narusheniya-v-detskih-lageryah-i-na-igrovyh-ploschadkah-grodnenschiny,2026-08-28,"[18,19]","[…] Проверки прошли в 16 районах области. В ряде лагерей были установлены нарушения санитарно-эпидемиологических требований при организации питания, условий хранения продуктов и технологии приготовления пищи. Также выявлялись недостатки в содержании пищеблоков, обеспечении безопасности, организации воспитательной работы и работе с персоналом. Так, в одном из лагерей Гродно с круглосуточным пребыванием детей зафиксировали случаи незаключения трудовых договоров с работниками, несвоевременного прохождения медосмотров и ненадлежащего учета рабочего времени. […]","[""https://www.gs.by/2026/08/28/prokuratura-nashla-narusheniya-v-detskih-lageryah-i-na-igrovyh-ploschadkah-grodnenschiny""]",KEEP,"Работа, зарплаты и доходы",,REJECT,REJECT,"Работа, зарплаты и доходы",Есть социальная проблема и затронутая группа,Власти уже отработали проблему.,2026-09-03T20:49:03.277Z,NO,,,regex_keep,0.39473684,2.53333333,YES,GOLD_LOCKED
se-monitor-blind-gold-2026-09-03-final-v1,evt_0310c3b3d1b81183,evt_0310c3b3d1b81183,Электронный Солигорск,Полгода без денег.,https://t.me/esoligorsk/29647,2026-09-02,[36],"Полгода без денег. Прокуратура Солигорска заставила спортивную организацию расплатиться с сотрудниками В Солигорском районе прокуратура восстановила справедливость для 26 работников спортивного объединения, которые полгода не видели зарплаты. Общий долг перед ними превысил 270 тысяч рублей. […]","[""https://t.me/esoligorsk/29647""]",KEEP,"Работа, зарплаты и доходы",,KEEP,KEEP,"Работа, зарплаты и доходы",Есть социальная проблема и затронутая группа,"Социально значимая проблема, проблема в развитии, за которой стоит следить.",2026-09-03T20:49:31.029Z,NO,,,regex_keep,0.39473684,2.53333333,YES,GOLD_LOCKED
se-monitor-blind-gold-2026-09-03-final-v1,evt_a60c4caa0704b410,evt_a60c4caa0704b410,Onlíner,Началось: белорусы уже проводили лето,https://people.onliner.by/2026/08/28/nachalos-belorusy-uzhe-provodili-leto-proshhalis-s-nim-tancami-na-kryshe-biblioteki,2026-08-28,[20],,"[""https://people.onliner.by/2026/08/28/nachalos-belorusy-uzhe-provodili-leto-proshhalis-s-nim-tancami-na-kryshe-biblioteki""]",REJECT,,,REJECT,REJECT,Событийность,Нет конкретной проблемы или ущерба,Публикация развлекательного характера,2026-09-03T20:50:06.165Z,NO,,,regex_reject,0.45977011,2.175,NO,GOLD_LOCKED
se-monitor-blind-gold-2026-09-03-final-v1,evt_6114abe68a602564,evt_6114abe68a602564,Виртуальный Брест,Байкеры попались на скорости: под Лидой выявили более 40 нарушений за два дня,https://virtualbrest.ru/news190817.php,2026-09-02,[37],,"[""https://virtualbrest.ru/news190817.php""]",REJECT,,криминальная/происшественная тема: дтп,REJECT,REJECT,Криминальная хроника,Нет конкретной проблемы или ущерба,Событийная публикация о нарушений правил дорожного движения.,2026-09-03T20:50:29.829Z,NO,,,regex_reject,0.45977011,2.175,NO,GOLD_LOCKED
se-monitor-blind-gold-2026-09-03-final-v1,evt_cdc6cef4f2f34622,evt_cdc6cef4f2f34622,Медиа-Полесье,"В Пинске появилась ""телефонная будка"" для обмена книгами — Media-Polesyе",https://media-polesye.com/news/v-pinske-poyavilas-telefonnaya-budka-dlya-obmena-knigami,2026-08-23,[5],"[…] Объект уже оформляют и декорируют, на очереди — подключение подсветки и размещение подробной инструкции для читателей. По словам организаторов, точка буккроссинга заработает в полном объеме уже вот-вот. Жители города активно обсуждают инициативу в социальных сетях. Многие уже определили локацию по фотографиям — объект расположен на улице Ильина за детской больницей. Пинчане с энтузиазмом встретили новость и готовятся принести книги из личных библиотек, отметив, что идея «аптеки для души» отлично приживается и в других городах Беларуси. Главное — чтобы пинчане бережно относились к чужому труду, сохраняли порядок и соблюдали правила честного обмена. Чтобы следить за важными новостями, подписывайтесь на наш канал в Telegram и группы в социальных сетях: Вк , Одноклассники , Facebook , Instagram , ТикТок .","[""https://media-polesye.com/news/v-pinske-poyavilas-telefonnaya-budka-dlya-obmena-knigami""]",KEEP,"Законы, права и общественное регулирование",,REJECT,REJECT,Событийность,Нет конкретной проблемы или ущерба,Информация развлекательного характера,2026-09-03T20:51:09.462Z,NO,,,regex_keep,0.39473684,2.53333333,YES,GOLD_LOCKED
se-monitor-blind-gold-2026-09-03-final-v1,evt_3168ec370d005392,evt_3168ec370d005392,Могилёв Online,В Могилеве почти на неделю перекрыли улицу,https://t.me/mogilevonline/123307,2026-08-26,"[11,13]","В Могилеве почти на неделю перекрыли улицу Речь идет о 2-ом Крутом переулке, который сегодня закрыли на ремонт, передает Telegram-канал Могилевского горисполкома. Проехать в районе здания № 3 нельзя будет вплоть до 00:00 1 сентября.","[""https://t.me/mogilevonline/123307""]",KEEP,Дороги и благоустройство,,REJECT,REJECT,Дороги и благоустройство,Нет конкретной проблемы или ущерба,Информационное сообщение от властей. Отсутствие жалоб граждан.,2026-09-03T20:51:38.237Z,NO,,,regex_keep,0.39473684,2.53333333,YES,GOLD_LOCKED
se-monitor-blind-gold-2026-09-03-final-v1,evt_646e6a5c7d85ca1a,evt_646e6a5c7d85ca1a,Минская правда,Под видом элитного напитка – подделка? В Беларуси запретили продавать популярный армянский коньяк - 02.09.2026,https://mlyn.by/02092026/pod-vidom-elitnogo-napitka-poddelka-v-belarusi-zapretili-prodavat-populyarnyj-armyanskij-konyak,2026-09-02,[37],"[…] Армянский напиток восьмилетней выдержки специалисты внесли в реестр опасной продукции. Во время лабораторных испытаний выяснилось, что его характеристики не соответствуют требованиям, установленным для такой продукции. Основная претензия касается информации на упаковке. По результатам проверки, указанное производителем наименование не дает достоверного представления о продукте и не позволяет правильно идентифицировать его. Главный технический показатель, по которому провалилась проверка, — содержание дубильных веществ. […]","[""https://mlyn.by/02092026/pod-vidom-elitnogo-napitka-poddelka-v-belarusi-zapretili-prodavat-populyarnyj-armyanskij-konyak""]",KEEP,Качество товаров и услуг,,REJECT,REJECT,Качество товаров и услуг,Нет конкретной проблемы или ущерба,Не касается белорусских производителей. Не требует реакции властей.,2026-09-03T20:52:13.725Z,NO,,,regex_keep,0.39473684,2.53333333,YES,GOLD_LOCKED
se-monitor-blind-gold-2026-09-03-final-v1,evt_055a8dad598a1c0a,evt_055a8dad598a1c0a,Smartpress.by,Освободилась грядка? Не спешите хвататься за лопату: как правильно перекопать землю в сентябре,https://smartpress.by/idea/sad-ogorod/osvobodilas-gryadka-ne-speshite-khvatatsya-za-lopatu-kak-pravilno-perekopat-zemlyu-v-sentyabre,2026-09-01,"[31,32,33]",,"[""https://smartpress.by/idea/sad-ogorod/osvobodilas-gryadka-ne-speshite-khvatatsya-za-lopatu-kak-pravilno-perekopat-zemlyu-v-sentyabre""]",REJECT,,нет связки социальной темы и проблемы,REJECT,REJECT,Советы дачникам,Нет конкретной проблемы или ущерба,Советы дачникам не включаются в обзор,2026-09-03T20:52:50.605Z,NO,,,regex_reject,0.45977011,2.175,NO,GOLD_LOCKED
se-monitor-blind-gold-2026-09-03-final-v1,evt_87499827f16b426c,evt_87499827f16b426c,NewGrodno,В Гродно незаконные свалки во дворах будут отслеживать через камеры,https://newgrodno.by/society/v-grodno-nezakonnye-svalki-vo-dvorah-budut-otslezhivat-cherez-kamery,2026-08-28,[20],,"[""https://newgrodno.by/society/v-grodno-nezakonnye-svalki-vo-dvorah-budut-otslezhivat-cherez-kamery""]",REJECT,,,REJECT,REJECT,Событийность,Нет конкретной проблемы или ущерба,"Информация о деятельности местных властей. Отсутствие критики, комментариев граждан.",2026-09-03T20:53:25.077Z,NO,,,regex_reject,0.45977011,2.175,NO,GOLD_LOCKED
se-monitor-blind-gold-2026-09-03-final-v1,evt_ec59407941c92e8c,evt_ec59407941c92e8c,MASHEKA,"Забытые кладбища Могилева: два кладбища в одном месте. » MASHEKA - информационный портал Могилёва. Новости Могилева, интервью с могилевчанами",https://masheka.by/mogilev/18012-zabytye-kladbischa-mogileva-dva-kladbischa-v-odnom-meste.html,2026-08-27,[16],"[…] Кого же хоронили на этом кладбище и почему оно находилось именно в этом месте? В давние времена городские кладбища опекались церковными приходами и к какому приходу был приписан житель города,на том кладбище его и хоронили. Надо отметить,что больница приказа общественного призрения обслуживала только жителей Могилева,а также за отдельную плату военных и членов их семей при отсутствии мест в воинских лазаретах. Если в больнице умирал горожанин,то, естественно ,что родственники и знакомые хоронили его на приходских кладбищах.Но бывали редкие случаи,когда в больницу попадали и в ней умирали приезжие.Хоронить их было некому.Приходилось это делать больнице.Вот поэтому и появилась капличка и кладбище при ней.Кстати,при больнице действовала церковь Александра Невского,где и отпевали заезжих покойников. Фрагмент карты г.Могилева 1934 г. Район 1-й Советской больницы. После ликвидации приказа общественного призрения в начале ХХ-го века,больница стала подчиняться земству и основной контингент больных,и, соответственно, умерших,стал поступать с уездов всей губернии.А поскольку губерния была большая,а дороги плохие,то транспортировка покойников к местам проживания вызывала большие затраты,которые многим были не по карману.По этой причине похоронами приходилось заниматься самой больнице.Для этого она была вынуждена открыть новое кладбище на окраине города, на улице Пшиколовской (сйчас это улица Подгорная). […]","[""https://masheka.by/mogilev/18012-zabytye-kladbischa-mogileva-dva-kladbischa-v-odnom-meste.html""]",KEEP,Дороги и благоустройство,,REJECT,REJECT,Дороги и благоустройство,Нет конкретной проблемы или ущерба,Исторический экскурс. Отсутствие необходимости вмешательства властей.,2026-09-03T20:54:12.196Z,NO,,,regex_keep,0.39473684,2.53333333,YES,GOLD_LOCKED
se-monitor-blind-gold-2026-09-03-final-v1,evt_0a391576e74d22d4,evt_0a391576e74d22d4,Хойніцкія навіны,Новое в законодательстве о пособиях по уходу,https://www.hoiniki.by/?p=256371,2026-08-31,"[30,31,32,33]","[…] Согласно пункту 22 Положения 1 пособие по уходу данной категории лиц может выплачиваться до достижения ими возраста 70 лет. Указанная новация не распространяется на родителей, опекунов (попечителей), которые сами являются инвалидами I группы. Информация об отсутствии инвалидности I группы у заинтересованного лица приобщается в дело органом по труду, занятости и социальной защите с учётом сведений, имеющихся в его пенсионном деле, либо данных из автоматизированной информационной системы социальной поддержки и реабилитации инвалидов путём заполнения соответствующей строки в «Сведениях о лице, осуществляющем уход» (по форме согласно приложению 2 к Положению); изменение подходов в назначении пособия по уходу за инвалидом с детства I группы при установлении ему инвалидности впервые: пособие по уходу назначается не с даты подачи заявления, а с того дня, когда инвалиду с детства впервые (по достижении 18 лет) установлена инвалидность I группы (сведения о дате установления инвалидности, в том числе за прошедшее время, указаны в заключении МРЭК и могут не совпадать с датой оформления этого заключения). Обращаем внимание, что данная норма действует только в случае, если заявление о назначении пособия по уходу подано в течение одного месяца с даты оформления соответствующего заключения МРЭК. Если заявление будет подано позднее – пособие назначается с даты его подачи; предоставление права на выплату пособия по уходу за период нахождения гражданина , нуждающегося в постоянном уходе, на стационарном лечении , в случае осуществления получателем пособия ухода за ним в этой организации здравоохранения. Согласно абзацу второму части первой пункта 20 Положения выплата пособия по уходу приостанавливается в случае нахождения гражданина, нуждающегося в постоянном уходе, в организации здравоохранения, оказывающей медицинскую помощь в стационарных условиях. Вместе с тем зачастую получатель пособия по уходу в связи с дефицитом младшего медицинского персонала продолжает осуществлять постоянный уход за ним и в больнице (госпитале). […]","[""https://www.hoiniki.by/?p=256371""]",KEEP,Социальная защита и базовые услуги,,REJECT,REJECT,Социальная защита и базовые услуги,Нет конкретной проблемы или ущерба,"Информационное сообщение. Разъяснение прав. Отсутствие нареканий, жалоб, обращений к властям.",2026-09-03T20:54:58.173Z,NO,,,regex_keep,0.39473684,2.53333333,YES,GOLD_LOCKED
se-monitor-blind-gold-2026-09-03-final-v1,evt_54a4d1080242aef4,evt_54a4d1080242aef4,Виртуальный Брест,После оползня в Непале ищут смытые водой сейфы с наличными 20 банков,https://virtualbrest.ru/news190764.php,2026-09-02,"[35,36]",,"[""https://virtualbrest.ru/news190764.php""]",REJECT,,Evidence Binding: тема и проблема связаны только глубоко в тексте,REJECT,REJECT,Международная повестка,Нет конкретной проблемы или ущерба,Не касается Беларуси,2026-09-03T20:55:43.397Z,NO,,,regex_reject,0.45977011,2.175,NO,GOLD_LOCKED
se-monitor-blind-gold-2026-09-03-final-v1,evt_b67a99f55dca6aa2,evt_b67a99f55dca6aa2,Хартия-97,"«На красный не ходим, матом не кричим»: россиянин рассказал, как себя вести в Беларуси",https://charter97.org/ru/news/2026/8/25/696045,2026-08-25,[10],"[…] «Народ, кто также, как и я переезжает в Беларусь или уже переехал, вам небольшая памятка, чтобы вы потом не жаловались, - пишет он. […] Тут есть свой язык и он абсолютно прекрасен, смешного в нем ничего нет. Правила есть правила, на красный не ходим, матом не кричим, Беларусь страна культурная. Автора поста поддержали и белорусы, и многие россияне. Сайт Charter97.org приводит некоторые комментарии: - Достаточно копнуть каждого, настаивающего, подчеркиваю, на «правильности» названия «Белоруссия» в современном контексте – и, гарантированно, такой человек рассматривает сам факт обретения государственности и суверенитета Республикой Беларусь как «историческое недоразумение» и считает Беларусь частью другого государства. […]","[""https://charter97.org/ru/news/2026/8/25/696045""]",KEEP,"Законы, права и общественное регулирование",,KEEP,BORDERLINE,Межкультурные коммуникации,Есть социальная проблема и затронутая группа,"Может быть включена, как информирование властей о межэтнических отношениях, внешнем восприятии Беларуси. Потенциальный резонанс.",2026-09-03T20:56:17.974Z,YES,,2026-09-03T21:32:59.891Z,regex_keep,0.39473684,2.53333333,YES,GOLD_LOCKED
se-monitor-blind-gold-2026-09-03-final-v1,evt_9a2c2e2af3f9b362,evt_9a2c2e2af3f9b362,Виртуальный Брест,«Ее надо оштрафовать». Теннисистка в эмоциях разломала две ракетки прямо на корте,https://virtualbrest.ru/news190742.php,2026-09-01,[35],,"[""https://virtualbrest.ru/news190742.php""]",REJECT,,нет связки социальной темы и проблемы,REJECT,REJECT,Событийность,Иное,Материал развлекательного характера. Не касается Беларуси.,2026-09-03T20:58:11.397Z,NO,,,regex_reject,0.45977011,2.175,NO,GOLD_LOCKED
se-monitor-blind-gold-2026-09-03-final-v1,evt_50d5fcbf99d0bff8,evt_50d5fcbf99d0bff8,Медиа-Полесье,Наследники «Острова чистоты» закрывают магазины и фиксируют убытки — Media-Polesyе,https://media-polesye.com/news/nasledniki-ostrova-chistoty-zakryvayut-magaziny-i-fiksiruyut-ubytki,2026-08-29,"[21,22,23,24]","Пять лет назад сеть «Остров чистоты и вкуса» насчитывала 750 объектов и являлась одним из лидеров белорусского ретейла. Основатель бизнеса Виктор Ромук контролировал не только розницу, но и фабрику бытовой химии «Ромакс», сеть аптек и ряд других профильных активов. Однако в 2022 году бизнес дал трещину на фоне финансовых просчетов, долговой нагрузки и претензий со стороны контролирующих структур. Итогом стало банкротство компаний группы «Ромакс». Позже освободившиеся торговые площади начали занимать новые игроки. […] В 2024 году контроль над оставшейся частью магазинов «Остров чистоты и вкуса» перешел к ООО «АйландГрупп» (несколько дней ее владельцем пробыл Александр Пупал, потом собственником стал гражданин России Алексей Макшанцев). […]","[""https://media-polesye.com/news/nasledniki-ostrova-chistoty-zakryvayut-magaziny-i-fiksiruyut-ubytki""]",KEEP,Строительство и новостройки,,KEEP,BORDERLINE,Строительство и новостройки,Есть социальная проблема и затронутая группа,"Банкротство компании. Изучать текст на наличие комментариев, социальную проблематику.",2026-09-03T20:58:44.125Z,YES,,2026-09-03T21:32:47.683Z,regex_keep,0.39473684,2.53333333,YES,GOLD_LOCKED
se-monitor-blind-gold-2026-09-03-final-v1,evt_41f489f760e73906,evt_41f489f760e73906,Smartpress.by,Спустя 30 лет вынесен вердикт по делу об убийстве Тупака Шакура. Вот что решили присяжные,https://smartpress.by/news/spustya-30-let-vynesen-verdikt-po-delu-ob-ubiystve-tupaka-shakura-vot-chto-reshili-prisyazhnye,2026-09-01,[33],,"[""https://smartpress.by/news/spustya-30-let-vynesen-verdikt-po-delu-ob-ubiystve-tupaka-shakura-vot-chto-reshili-prisyazhnye""]",REJECT,,нет связки социальной темы и проблемы,REJECT,REJECT,Международная повестка,Нет конкретной проблемы или ущерба,Не касается Беларуси,2026-09-03T20:59:33.462Z,NO,,,regex_reject,0.45977011,2.175,NO,GOLD_LOCKED
se-monitor-blind-gold-2026-09-03-final-v1,evt_602ead638e8d0aa8,evt_602ead638e8d0aa8,Флагшток,"Год не было офтальмолога, запись к врачам — на месяц вперед. Что с медобслуживанием в райцентре Гомельской области",https://flagshtok.info/ru/regieny/god-ne-bylo-oftalmologa-zapis-k-vracham-na-mesjac-vpered-chto-s-medobsluzhivaniem-v-rajcentre-gomelskoj-oblasti.html,2026-08-24,"[8,9]","В Светлогорском районе с населением почти 74 тыс. человек, — показательная ситуация с дефицитом врачей. О ней рассказал Флагштоку местный житель: медобслуживание в крупном промышленном районном центре находится в плачевном состоянии. […] Только недавно прислали специалиста. Ближайший талон — на 10 сентября», — рассказал житель района. Поликлиника Светлогорской ЦРБ. Фото: Яндекс.Карты Флагшток проверил: в поликлинике центральной районной больницы Светлогорска большинство профильных специалистов — тоже по одному человеку, и талоны к ним достать трудно. […]","[""https://flagshtok.info/ru/regieny/god-ne-bylo-oftalmologa-zapis-k-vracham-na-mesjac-vpered-chto-s-medobsluzhivaniem-v-rajcentre-gomelskoj-oblasti.html""]",KEEP,Здравоохранение,,KEEP,KEEP,Здравоохранение,Есть социальная проблема и затронутая группа,"Дефицит врачей, жалобы.",2026-09-03T21:00:01.789Z,NO,,,regex_keep,0.39473684,2.53333333,YES,GOLD_LOCKED
se-monitor-blind-gold-2026-09-03-final-v1,evt_2c720867fece7f84,evt_2c720867fece7f84,Onlíner,МАРТ нашел нарушения в каждом проверенном магазине DNS,https://money.onliner.by/2026/09/01/mart-nashel-narusheniya-v-kazhdom-proverennom-magazine-dns,2026-09-02,"[35,36]",,"[""https://money.onliner.by/2026/09/01/mart-nashel-narusheniya-v-kazhdom-proverennom-magazine-dns"",""https://virtualbrest.ru/news190734.php""]",REJECT,,иностранная тема: росси,REJECT,REJECT,Права потребителей,Нет конкретной проблемы или ущерба,"Описание реакций властей, но отсутствуют комментарии, критика.",2026-09-03T21:00:30.805Z,NO,,,regex_reject,0.45977011,2.175,NO,GOLD_LOCKED
se-monitor-blind-gold-2026-09-03-final-v1,evt_1986c278210b133f,evt_1986c278210b133f,Zerkalo.io,МАРТ проверил 12 магазинов крупного российского сетевика. Нарушения нашли в каждом,https://news.zerkalo.io/economics/135573.html,2026-09-02,"[35,36]",,"[""https://news.zerkalo.io/economics/135573.html""]",REJECT,,иностранная тема в заголовке: росси,REJECT,REJECT,Права потребителей,Нет конкретной проблемы или ущерба,Нет необходимости в реакции властей. Решенная проблема.,2026-09-03T21:01:18.165Z,NO,,,regex_reject,0.45977011,2.175,NO,GOLD_LOCKED
se-monitor-blind-gold-2026-09-03-final-v1,evt_d1b96066256945bd,evt_d1b96066256945bd,Виртуальный Брест,Для развития агротуризма в Беларуси появились дополнительные возможности. В чем ключевые новации?,https://virtualbrest.ru/news190491.php,2026-08-29,[24],,"[""https://virtualbrest.ru/news190491.php""]",REJECT,,,REJECT,REJECT,Событийность,Нет конкретной проблемы или ущерба,"Информационное сообщение о правовых новеллах. Отсутствует реакция граждан, критика, предложения.",2026-09-03T21:02:05.901Z,NO,,,regex_reject,0.45977011,2.175,NO,GOLD_LOCKED
se-monitor-blind-gold-2026-09-03-final-v1,evt_c6a7540f7730bed3,evt_c6a7540f7730bed3,BGmedia,«Сабака ходзіць і есць — усё добра»: жыхарка Слуцка паскардзілася на дапамогу ў дзяржаўнай ветклініцы,https://bgmedia.site/news/sluczczanka-paskardzilasya-na-dapamogu-u-vetklinicy,2026-08-28,"[18,19]",,"[""https://bgmedia.site/news/sluczczanka-paskardzilasya-na-dapamogu-u-vetklinicy""]",REJECT,,,KEEP,KEEP,Права потребителей.,Есть социальная проблема и затронутая группа,Жалоба на ветклинику.,2026-09-03T21:02:51.533Z,NO,,,regex_reject,0.45977011,2.175,NO,GOLD_LOCKED
se-monitor-blind-gold-2026-09-03-final-v1,evt_c754b8b09cfe28e9,evt_c754b8b09cfe28e9,Виртуальный Брест,Ректор белорусского вуза зачислял несуществующих студентов ради статистики. Ему грозит до 10 лет,https://virtualbrest.ru/news190343.php,2026-08-27,[18],,"[""https://virtualbrest.ru/news190343.php""]",REJECT,,,REJECT,REJECT,Криминальная хроника,Иное,Нарушение устранено.,2026-09-03T21:03:33.004Z,NO,,,regex_reject,0.45977011,2.175,NO,GOLD_LOCKED
se-monitor-blind-gold-2026-09-03-final-v1,evt_212ef38fb12f18f4,evt_212ef38fb12f18f4,Smartpress.by,Это что-то “душедробительное”: 7 главных театральных премьер Минска в новом сезоне,https://smartpress.by/idea/art/eto-chto-to-dushedrobitelnoe-7-glavnykh-teatralnykh-premer-minska-v-novom-sezone,2026-09-03,"[38,39]",,"[""https://smartpress.by/idea/art/eto-chto-to-dushedrobitelnoe-7-glavnykh-teatralnykh-premer-minska-v-novom-sezone""]",REJECT,,нет связки социальной темы и проблемы,REJECT,REJECT,Событийность,Иное,Информационная публикация-анонс в культурной сфере,2026-09-03T21:04:07.477Z,NO,,,regex_reject,0.45977011,2.175,NO,GOLD_LOCKED
se-monitor-blind-gold-2026-09-03-final-v1,evt_fac380920b896f5a,evt_fac380920b896f5a,Zerkalo.io,"«Понимание работает только в одну сторону». Минчанка опоздала к врачу на одну минуту — и возмущена, что вместо нее приняли другого",https://news.zerkalo.io/life/135618.html,2026-09-02,"[38,39]","Минчанка Анна опоздала на прием в клинике на одну минуту — запись была на 16.00, в 16.01 женщина оформила карточку, а спустя еще минуту уже сидела под дверью. Спустя 15 минут ей сказали, что врач задерживается, но еще через 20 оказалось, что вместо нее приняли другую пациентку. При этом сама Анна утверждает в Threads, что нередко ждет приема в этом же учреждении больше получаса из-за опозданий врача, и возмущена, что ее не подождали пару минут. Речь в посте идет о Eva Clinic. […] В 16.15 администратор подходит ко мне и говорит, что врач задерживается и неизвестно насколько. Я совершенно искренне думаю, что врач еще не приехал, т. […] Но сегодня оказалось, что понимание работает только в одну сторону, — негодует Анна и задается вопросом: — Если за одну минуту „опоздания“ пациента полагается потеря своего времени приема, 35 минут ожидания и выговор от врача, то что полагается пациенту за регулярные 40−60-минутные задержки?» Уже после Анне позвонили из клиники, извинились и сказали, что «с врачом будет разговор». […]","[""https://news.zerkalo.io/life/135618.html""]",KEEP,Здравоохранение,,KEEP,KEEP,Здравоохранение,Есть социальная проблема и затронутая группа,"Жалобы на дефицит врачей, на качество оказания услуг.",2026-09-03T21:04:42.373Z,NO,,,regex_keep,0.39473684,2.53333333,YES,GOLD_LOCKED
se-monitor-blind-gold-2026-09-03-final-v1,evt_2a27570eac5d23e3,evt_2a27570eac5d23e3,Виртуальный Брест,"Август заканчивается жарой до +30 °C, но реки Беларуси вошли в глубокую межень",https://virtualbrest.ru/news190613.php,2026-08-31,"[27,28,29]",,"[""https://virtualbrest.ru/news190613.php""]",REJECT,,нет связки социальной темы и проблемы,KEEP,BORDERLINE,Экология,Нет конкретной проблемы или ущерба,"Необходима проверка - есть ли жалобы, нарекания, конкретные проблемы.",2026-09-03T21:05:23.660Z,YES,,2026-09-03T21:32:44.499Z,regex_reject,0.45977011,2.175,NO,GOLD_LOCKED
se-monitor-blind-gold-2026-09-03-final-v1,evt_f15bc9f75fad7489,evt_f15bc9f75fad7489,Smartpress.by,До 135 рублей за выключенные фары и дежурство ГАИ у школ. Что водителям нужно помнить перед 1 сентября,https://smartpress.by/news/do-135-rubley-za-vyklyuchennye-fary-i-dezhurstvo-gai-u-shkol-chto-voditelyam-nuzhno-pomnit-pered-1-s,2026-08-28,[20],,"[""https://smartpress.by/news/do-135-rubley-za-vyklyuchennye-fary-i-dezhurstvo-gai-u-shkol-chto-voditelyam-nuzhno-pomnit-pered-1-s""]",REJECT,,,REJECT,REJECT,Криминальная хроника,Иное,"Информационное сообщение, предупреждающее о штрафах за нарушение правил дорожного движения.",2026-09-03T21:06:06.485Z,NO,,,regex_reject,0.45977011,2.175,NO,GOLD_LOCKED
se-monitor-blind-gold-2026-09-03-final-v1,evt_fb548a50d1e5a0fe,evt_fb548a50d1e5a0fe,Reform.news,Производителя питьевой воды в Могилеве оштрафовали за «завышение цен»,https://reform.news/proizvoditelja-pitevoj-vody-v-mogileve-oshtrafovali-za-zavyshenie-cen,2026-09-03,[40],Производителя питьевой воды в Могилеве оштрафовали за «завышение цен» Подробнее или без VPN | Купить VPN,"[""https://reform.news/proizvoditelja-pitevoj-vody-v-mogileve-oshtrafovali-za-zavyshenie-cen""]",KEEP,ЖКХ и состояние жилья,,KEEP,BORDERLINE,Права потребителей,Есть социальная проблема и затронутая группа,"Нужнол проверить на наличие жалоб, критику со стороны потребителей.",2026-09-03T21:06:53.508Z,YES,,2026-09-03T21:33:03.556Z,regex_keep,0.39473684,2.53333333,YES,GOLD_LOCKED
se-monitor-blind-gold-2026-09-03-final-v1,evt_4cd08b184e35f4ea,evt_4cd08b184e35f4ea,Smartpress.by,"Когда за сушку белья в Беларуси могут оштрафовать на 225 рублей, объяснил юрист",https://smartpress.by/news/kogda-za-sushku-belya-v-belarusi-mogut-oshtrafovat-na-225-rubley-obyasnil-yurist,2026-09-03,"[37,38]",,"[""https://smartpress.by/news/kogda-za-sushku-belya-v-belarusi-mogut-oshtrafovat-na-225-rubley-obyasnil-yurist""]",REJECT,,нет связки социальной темы и проблемы,REJECT,REJECT,Права потребителей,Нет конкретной проблемы или ущерба,Юридические советы,2026-09-03T21:07:50.084Z,NO,,,regex_reject,0.45977011,2.175,NO,GOLD_LOCKED
se-monitor-blind-gold-2026-09-03-final-v1,evt_68110170f98d14f3,evt_68110170f98d14f3,Медиа-Полесье,Назван размер средней зарплаты за июль — Media-Polesyе,https://media-polesye.com/news/nazvan-razmer-srednej-zarplaty-za-iyul,2026-08-25,"[8,9]","Средная зарплата «грязными» в июле составила 3172 рубля, сообщил Белстат. По сравнению с июнем она выросла на 68 рублей. Если же брать «чистыми», то зарплата будет 2728 рублей, а по среднему курсу доллара за прошлый месяц 1098,8 доллара «грязными» и $945 «чистыми». В Минске в июле средняя зарплата «грязными» составила 4116,3 рубля, или 3540 «чистыми». Это 1426 и 1226 долларов соответственно. […]","[""https://media-polesye.com/news/nazvan-razmer-srednej-zarplaty-za-iyul""]",KEEP,"Работа, зарплаты и доходы",,REJECT,REJECT,"Работа, зарплаты и доходы",Нет конкретной проблемы или ущерба,"Информационное сообщение. Не содержит критики, реакции, комментариев.",2026-09-03T21:08:13.876Z,NO,,,regex_keep,0.39473684,2.53333333,YES,GOLD_LOCKED
se-monitor-blind-gold-2026-09-03-final-v1,evt_13498826ce92c3cd,evt_13498826ce92c3cd,Дзяржынская праўда,В Беларуси вводится временный запрет на вывоз отдельных видов промтоваров - 02.09.2026,https://dzr.by/02092026/v-belarus-vvodit-vremennyj-zapret-na-vyvoz-otdelnyh-vidov-tovarov,2026-09-02,[36],"[…] Соответствующее постановление подписал премьер-министр Александр Турчин . Как сообщили в пресс-службе правительства, мера принята в целях недопущения необоснованного вывоза промышленных товаров с территории страны и предотвращения их дефицита на внутреннем рынке. Актуализирован перечень товаров, на вывоз которых действует временный запрет. […] В частности, это товары, на которые в период действия ограничительной меры полностью отсутствовали заявления на вывоз либо их количество было незначительным. […]","[""https://dzr.by/02092026/v-belarus-vvodit-vremennyj-zapret-na-vyvoz-otdelnyh-vidov-tovarov""]",KEEP,"Цены, торговля и дефицит",,REJECT,REJECT,Событийность,Нет конкретной проблемы или ущерба,"Информационное сообщение о действиях властей. Не содержит комментариев, критики, обращений граждан.",2026-09-03T21:08:51.605Z,NO,,,regex_keep,0.39473684,2.53333333,YES,GOLD_LOCKED
se-monitor-blind-gold-2026-09-03-final-v1,evt_14d565c19c45044c,evt_14d565c19c45044c,Виртуальный Брест,Страны Балтии просят у Брюсселя 100 млрд евро из-за инцидентов с беспилотниками,https://virtualbrest.ru/news190423.php,2026-08-28,[20],,"[""https://virtualbrest.ru/news190423.php""]",REJECT,,,REJECT,REJECT,Международная повестка,Иное,Не касается Беларуси.,2026-09-03T21:09:35.724Z,NO,,,regex_reject,0.45977011,2.175,NO,GOLD_LOCKED
se-monitor-blind-gold-2026-09-03-final-v1,evt_a05b1f431c4427fb,evt_a05b1f431c4427fb,Виртуальный Брест,3 сентября отключат горячую воду в домах по этим адресам,https://virtualbrest.ru/news190835.php,2026-09-03,[38],,"[""https://virtualbrest.ru/news190835.php""]",REJECT,,плановое сервисное сообщение: будет временно отсутствовать,KEEP,BORDERLINE,Права портебителей,Есть социальная проблема и затронутая группа,"Нехарактерно для осени. Отключения плановые летом. Здесь, возможно, проблема.",2026-09-03T21:10:45.637Z,YES,,2026-09-03T21:32:51.092Z,regex_reject,0.45977011,2.175,NO,GOLD_LOCKED
se-monitor-blind-gold-2026-09-03-final-v1,evt_c18b036d08c7046e,evt_c18b036d08c7046e,Белновости,"Отношения на грани. Ошибки, которые превращают вашу доброту в топливо для обиды и недовольства партнера",https://www.belnovosti.by/lyubov-i-semya/otnosheniya-na-grani-oshibki-kotorye-prevrashchayut-vashu-dobrotu-v-toplivo-dlya,2026-09-02,"[38,39]","[…] Звучит жестко, но именно отсутствие реакции ломает схему. […]","[""https://www.belnovosti.by/lyubov-i-semya/otnosheniya-na-grani-oshibki-kotorye-prevrashchayut-vashu-dobrotu-v-toplivo-dlya""]",KEEP,"Цены, торговля и дефицит",,REJECT,REJECT,Советы,Нет конкретной проблемы или ущерба,Психологические советы в браке.,2026-09-03T21:10:59.620Z,NO,,,regex_keep,0.39473684,2.53333333,YES,GOLD_LOCKED
se-monitor-blind-gold-2026-09-03-final-v1,evt_16a0d13161cf32cc,evt_16a0d13161cf32cc,Могилёв Online,В Кобрине отец перепутал маршрутки и отправил 12-летнюю дочь вместо Бреста в Гродно — что было дальше,https://t.me/mogilevonline/123678,2026-09-02,"[37,38]","В Кобрине отец перепутал маршрутки и отправил 12-летнюю дочь вместо Бреста в Гродно — что было дальше Про инцидент рассказала в Threads участница событий. Мужчина в районном центре случайно посадил ребенка не на тот маршрут, отправив фактически в противоположную сторону. Девочка заметила, что едет не туда уже в Пружанах — ее смутил трекер на карте в мобильном телефоне. К счастью, рядом в салоне сидела неравнодушная пассажирка. […] При этом водитель маршрутки предложил ей выйти в незнакомом городе, понимая, что дело идет к вечеру. К счастью, пассажиры встали на защиту несовершеннолетней — добились, чтобы маршрутчик пошел в диспетчерскую на станции в Пружанах и рассказал о ситуации. […] Также автор поста удивилась невнимательности родителя — ведь маршрутка Кобрин-Гродно была подписана большими буквами.","[""https://t.me/mogilevonline/123678""]",KEEP,Общественный транспорт,,KEEP,BORDERLINE,Происшествие,Единичный частный случай без широкого эффекта,Потенциально резонансное событие из-за вовлеченности в него ребенка.,2026-09-03T21:11:43.260Z,YES,,2026-09-03T21:32:31.644Z,regex_keep,0.39473684,2.53333333,YES,GOLD_LOCKED
se-monitor-blind-gold-2026-09-03-final-v1,evt_cd4635a1e18881a4,evt_cd4635a1e18881a4,Виртуальный Брест,"Как будет работать норматив по отечественным товарам, рассказали в МАРТ",https://virtualbrest.ru/news190376.php,2026-08-28,[19],,"[""https://virtualbrest.ru/news190376.php""]",REJECT,,,REJECT,REJECT,Права потребителей,Нет конкретной проблемы или ущерба,"Информционное сообщение, разъяснение правовых норм. Реакции потребителей нет.",2026-09-03T21:13:32.468Z,NO,,,regex_reject,0.45977011,2.175,NO,GOLD_LOCKED
se-monitor-blind-gold-2026-09-03-final-v1,evt_c64ba24fede8770f,evt_c64ba24fede8770f,BGmedia,«Квест: пройди медкомиссию»: жительница Молодечно пожаловалась на длинные очереди к гинекологу — в больнице ответили,https://bgmedia.site/society/zhitelnicza-molodechno-pozhalovalas-na-dlinnye-ocheredi-k-ginekologu-v-bolnicze-otvetili,2026-08-28,"[20,21,22,23,24,25,26]",,"[""https://bgmedia.site/society/zhitelnicza-molodechno-pozhalovalas-na-dlinnye-ocheredi-k-ginekologu-v-bolnicze-otvetili""]",REJECT,,,KEEP,KEEP,Здравоохранение,Есть социальная проблема и затронутая группа,"Резонансаная проблема. Дефицит врачей. Есть реакция организации, но нет реакции властей.",2026-09-03T21:14:19.389Z,NO,,,regex_reject,0.45977011,2.175,NO,GOLD_LOCKED
se-monitor-blind-gold-2026-09-03-final-v1,evt_d9159128660bbf8a,evt_d9159128660bbf8a,Виртуальный Брест,"Кабель украли на новом автодроме в Мадриде перед Гран-при ""Формулы-1""",https://virtualbrest.ru/news190726.php,2026-09-01,[35],,"[""https://virtualbrest.ru/news190726.php""]",REJECT,,Evidence Binding: тема и проблема связаны только глубоко в тексте,REJECT,REJECT,Международная панорама,Иное,Не касается Беларуси,2026-09-03T21:16:08.716Z,NO,,,regex_reject,0.45977011,2.175,NO,GOLD_LOCKED
se-monitor-blind-gold-2026-09-03-final-v1,evt_460dd64b7263cf31,evt_460dd64b7263cf31,BGmedia,Ремонт улицы Мира в Орше до октября вызвал недовольство жителей: почему? — BGmedia,https://bgmedia.site/news/v-orshe-raskritikovali-dorozhnikov-za-remont-uliczy-mira,2026-08-31,"[30,31,32,33]","В Орше продолжается затянувшаяся реконструкция улицы Мира в районе железнодорожного путепровода. Сначала из-за работ движение здесь сузили до одной полосы в каждую сторону, а со 2 сентября ситуация станет еще сложнее: проезд под мостом для большинства автомобилей вообще закроют на месяц. Оршанцы уже готовятся к пробкам и особенно возмущаются тем, что ограничения решили ввести именно с началом учебного года. Сейчас на улице Мира от дома №46 до улицы Ивана Якубовского закрыты две полосы в направлении центра. Транспорт движется по одной полосе в каждую сторону. […] Работы возле путепровода продолжаются уже давно, а их результат пока не слишком очевиден для жителей. Поэтому новость о новом этапе реконструкции вызвала очередную волну сарказма: Жители также жалуются на срезанный асфальт, выступающие люки, разобранную плитку и неудобства для пешеходов. […]","[""https://bgmedia.site/news/v-orshe-raskritikovali-dorozhnikov-za-remont-uliczy-mira""]",KEEP,Дороги и благоустройство,,KEEP,KEEP,Дороги и благоустройство,Есть социальная проблема и затронутая группа,"Общественное недовольство, высказывание проблем.",2026-09-03T21:16:30.828Z,NO,,,regex_keep,0.39473684,2.53333333,YES,GOLD_LOCKED
se-monitor-blind-gold-2026-09-03-final-v1,evt_782e30b15fcf479d,evt_782e30b15fcf479d,Onlíner,Что купить к школе и о чем легко забыть. Большой чек-лист для родителей - Кошелек Onlíner,https://money.onliner.by/2026/08/28/chto-kupit-k-shkole-chek-list,2026-08-28,"[18,19]","Календарного лета осталось буквально на пару дней, и родители школьников, скорее всего, знают, на что потратят последние августовские выходные. […] Наверняка вы заметили, что эпоха больших уличных школьных базаров уходит в прошлое, особенно в крупных городах. Вместо ярмарок с палатками родителям и школьникам предлагают закупаться в универмагах, торговых центрах и онлайн — через интернет-магазины и маркетплейсы. Если же вам не хватает традиционного похода за покупками для учебы, 29 августа у Дворца спорта в Минске пройдет большая школьная ярмарка. Там можно будет купить одежду, обувь, канцтовары и другие вещи к учебному году. […] В детстве нынешних родителей такого не было, но все меняется: бутылка для воды и ланч-бокс — это не такие большие траты, но эти вещи сразу добавляют комфорта школьной жизни. […] Скорее, тут решение родителей: с какого возраста ребенку нужен свой мобильный телефон, поскольку в школе их все равно попросят сдать гаджеты в шкафчики или отдельное помещение. […]","[""https://money.onliner.by/2026/08/28/chto-kupit-k-shkole-chek-list""]",KEEP,Образование и дети,,REJECT,REJECT,Права потребителей,Иное,"Советы родителям школьников. Нет критики, обращения к властям.",2026-09-03T21:17:01.180Z,NO,,,regex_keep,0.39473684,2.53333333,YES,GOLD_LOCKED
se-monitor-blind-gold-2026-09-03-final-v1,evt_2f25fa9fead45617,evt_2f25fa9fead45617,Виртуальный Брест,"МИД Непала назвал случившуюся в стране катастрофу ""гималайским цунами""",https://virtualbrest.ru/news190698.php,2026-09-01,[34],,"[""https://virtualbrest.ru/news190698.php""]",REJECT,,Evidence Binding: тема и проблема связаны только глубоко в тексте,REJECT,REJECT,Международная повестка,Иное,"Не касается Беларуси, не требует реакции белорусских властей.",2026-09-03T21:17:38.020Z,NO,,,regex_reject,0.45977011,2.175,NO,GOLD_LOCKED
se-monitor-blind-gold-2026-09-03-final-v1,evt_bb4c01251c170ea2,evt_bb4c01251c170ea2,Виртуальный Брест,"Экспорт Беларуси вырос, но торговля товарами ушла в минус на 3 млрд долларов",https://virtualbrest.ru/news190877.php,2026-09-03,"[38,39]",,"[""https://virtualbrest.ru/news190877.php""]",REJECT,,нет связки социальной темы и проблемы,REJECT,REJECT,Событийность,Иное,"Экономические новости. Реакции, комментариев потребителей нет. Также нет обращения к властям.",2026-09-03T21:18:19.404Z,NO,,,regex_reject,0.45977011,2.175,NO,GOLD_LOCKED
se-monitor-blind-gold-2026-09-03-final-v1,evt_a0e3a420aa46e623,evt_a0e3a420aa46e623,Газета «Сильные Новости»,"Стафилококк, кишечная палочка и красители: какие десерты запретили в Беларуси - GS.BY",https://www.gs.by/2026/08/24/stafilokokk-kishechnaya-palochka-i-krasiteli-kakie-deserty-zapretili-v-belarusi,2026-08-24,[7],Госстандарт включил в реестр опасной продукции сразу несколько кондитерских изделий белорусского и российского производства. […] Такая продукция не соответствует требованиям безопасности пищевой продукции.,"[""https://www.gs.by/2026/08/24/stafilokokk-kishechnaya-palochka-i-krasiteli-kakie-deserty-zapretili-v-belarusi""]",KEEP,Качество товаров и услуг,,KEEP,BORDERLINE,Права потребителей,Есть социальная проблема и затронутая группа,Есть запреты для белорусских и российских производителей. Потенциальная опасность для потребителей.,2026-09-03T21:19:16.716Z,YES,,2026-09-03T21:32:56.275Z,regex_keep,0.39473684,2.53333333,YES,GOLD_LOCKED
se-monitor-blind-gold-2026-09-03-final-v1,evt_28f06ce3312e11a6,evt_28f06ce3312e11a6,MASHEKA,"Лига Экспертов Могилева: как защититься от клещей » MASHEKA - информационный портал Могилёва. Новости Могилева, интервью с могилевчанами",https://masheka.by/liga-jekspertov-mogileva/1896-liga-jekspertov-mogileva-kak-zaschititsja-ot-kleschej.html,2026-09-01,"[15,18,22,33]","[…] В частности, о клещах, которые могут принести серьезные проблемы со здоровьем. […] Согласно «Алгоритма действий медицинских работников при обращении пациента по поводу укуса клеща», существуют следующие методы удаления клеща: Удаление с помощью специализированных устройств для удаления клещей промышленного изготовления согласно инструкции по применению (приобрести можно в аптеках города). […] В рабочие дни удалить клеща можно в поликлинике по месту жительства. […]","[""https://masheka.by/liga-jekspertov-mogileva/1896-liga-jekspertov-mogileva-kak-zaschititsja-ot-kleschej.html""]",KEEP,Защита животных и условия содержания,,REJECT,REJECT,Советы,Массовые интересы потребителей,Советы по безопасности и здоровью.,2026-09-03T21:19:54.916Z,NO,,,regex_keep,0.39473684,2.53333333,YES,GOLD_LOCKED
