confidence,current_category,current_score,current_signal_type,dataset_tier,editorial_reason,exact_excerpt,final_label,hard_eval,id,label_tier,locality,model_text,published_at,region,report,review_status,source,title,url,event_group,event_group_size,event_label_count,mixed_label_event,is_label_representative,split
HIGH,,,,SILVER,"Заголовок прямо фиксирует конкретную жалобу, нарушение или социально-экономическую проблему.","В Беларуси накручивали цену на мясо – сверх кассы сделали 435 тысяч долларов! Об этом сообщили в МАРТ, выявив завышенную стоимость в более чем 20 организациях Витебщины, Гомельщины, Минщины и Могилевщины. Общая накрутка составила 1,3 миллиона рублей! Цены безосновательно завышали на свинину и мясо крупного рогатого скота, после проверок их привели в соответствие, рассказали в ведомстве. […]",KEEP,,RQ-19d164acf7a8,SILVER,,,2026-08-21T08:11:01+00:00,,,REVIEWED,Gomel Today,В Беларуси накручивали цену на мясо – сверх кассы сделали 435 тысяч долларов!,https://t.me/gomeltoday/161861,EVT-522e8f1a13e4,1,1,NO,YES,train
HIGH,,,,SILVER,Очевидно нерелевантный жанр или событие вне предмета S-monitor.,"[…] Она вручила верительные грамоты министру иностранных дел Максиму Рыженкову 25 ноября 2025 года. “Состоялось обсуждение состояния и перспектив развития белорусского-германских отношений с учетом складывающихся международно-политических реалий, актуальной ситуации в регионе”, — отмечал тогда в связи с дипломатической процедурой МИД. Было заявлено о готовности белорусской стороны к “налаживанию прагматичного и равноправного диалога с ФРГ и ЕС, основанного на взаимном уважении и учете интересов сторон”. После назначения аус дем Зипен впервые прибыла в Минск 2 сентября. После событий 2020 года все дипломатические миссии стран ЕС в Беларуси, кроме назначивших послов Венгрии и Словакии (поддерживают официальные контакты с минским и московским режимами), возглавляются временными поверенными в делах. Это позволяет не вручать верительные грамоты Александру Лукашенко, которого демократические страны Европы не признают законным президентом. Предшественница Катрин аус дем Зипен Андреа Викторин тоже была временным поверенным в делах Германии в Беларуси (с сентября 2024-го по июль 2025 года).",REJECT,,RQ-6a16e484b446,SILVER,,,2026-08-21T07:15:06+00:00,,,REVIEWED,Позірк,Минобороны аккредитовало нового военного атташе Германии | Pozirk,https://pozirk.online/ru/news/200733,EVT-591396179d08,1,1,NO,YES,train
HIGH,,,,SILVER,"Заголовок прямо фиксирует конкретную жалобу, нарушение или социально-экономическую проблему.","Жительница Беларуси приобрела карпаччо из мяса цыплят-бройлеров и обнаружила внутри вакуумной упаковки мертвое насекомое, похожее на муху. […] «Нежелательный ингредиент» девушка обнаружила в продукте, который часто выбирают те, кто следит за рационом и старается увеличить количество белка в меню. Свою находку она также описала фразой: «Когда хотела много белка, а получила еще больше». Судя по опубликованным фотографиям, продукт был приобретен в Минске, в магазине на улице Братской, 18. Поскольку насекомое находилось непосредственно внутри герметичной упаковки, покупательница обратилась с претензией к производителю, а не к торговой точке. На публикацию оперативно отреагировали представители агрокомбината «Дзержинский» с официального аккаунта. […]",KEEP,,RQ-fb429be6875f,SILVER,,,2026-08-21T07:15:00+00:00,,,REVIEWED,Минская правда,Белоруска нашла муху в карпаччо агрокомбината «Дзержинский» - 21.08.2026,https://mlyn.by/21082026/beloruska-nashla-muhu-v-karpachcho-agrokombinata-dzerzhinskij,EVT-07b0d2387519,1,1,NO,YES,train
HIGH,,,,SILVER,"Заголовок прямо фиксирует конкретную жалобу, нарушение или социально-экономическую проблему.","С просьбой поднять актуальную, по ее мнению, для всех родителей школьников обратилась читательница Newgrodno.by Инна. […] Кстати, это действительно так, неоднократно на различных уровнях объясняли, что факт совершения платежа посредством ЕРИП подтверждается наличием в системе информации о таком платеже: «В качестве указанного подтверждения используется учетный номер операции (транзакции) в ЕРИП, который плательщику предоставляется путем размещения его в документе, подтверждающем совершение платежа (квитанция, чек, карт-чек, в т.ч. […] Стоит ли родителям пойти на принцип или же сделать шаг навстречу школе и распечатать чеки? […]",KEEP,,RQ-bcef4e5d2ffa,SILVER,,,2026-08-21T06:58:30+00:00,,,REVIEWED,NewGrodno,"«Много лет не требовалось и было хорошо»: гродненка недовольна, что в школе попросили принести бумажный чек об оплате учебников",https://newgrodno.by/society/grodnenka-nedovolna,EVT-6a5087b6c4a2,1,1,NO,YES,train
HIGH,,,,SILVER,Очевидно нерелевантный жанр или событие вне предмета S-monitor.,"✉️ Журналисты привыкли, что в редакцию чаще всего обращаются с проблемой: просят помочь, разобраться, восстановить справедливость. Но среди многих писем о проблемах ЖКХ и разбитых дорогах есть особенная категория посланий. Это письма, в которых нет ни одной жалобы ... […]",REJECT,,RQ-274a86ed0096,SILVER,,,2026-08-21T06:20:55+00:00,,,REVIEWED,Витебские вести,"Журналисты привыкли, что в редакцию чаще всего обращаются с проблемой: просят помочь, разобраться, восстановить справедливость.",https://t.me/vitvestiby/88176,EVT-eaceff65aeb8,1,1,NO,YES,train
HIGH,,,,SILVER,"Заголовок прямо фиксирует конкретную жалобу, нарушение или социально-экономическую проблему.","Сотрудница Минобра в эфире ОНТ ответила на видео минчанки, которая пожаловалась на «дичайшую текучку» воспитателей в саду. «Исключение из правил». https://zerkalo-10jun.xyz/news/life/134724.html?tg=5 👉 Не работает ссылка? […]",KEEP,,RQ-b7064f956878,SILVER,,,2026-08-20T20:23:23+00:00,,,REVIEWED,Zerkalo.io,"В Минобре ответили на видео минчанки, которая пожаловалась на «дичайшую текучку» воспитателей в саду",https://news.zerkalo.io/life/134724.html,EVT-f41b7a547ca8,2,1,NO,NO,train
HIGH,,,,SILVER,Очевидно нерелевантный жанр или событие вне предмета S-monitor.,"[…] Почему люди пытаются вовлечь меня в конфликт, сделать третьей стороной? Евгения завадская врач-психотерапевтка, когнитивно-поведенческая терапевтка эмоциональной дисрегуляции – Зачастую такая ситуация говорит о том, что людям не хватает поддержки, не хватает опоры внутри. Ведь всем нужна поддержка – и для этого очень важно, чтобы у каждого были друзья и близкие. […] Тут стоит отличать «мне не нравится и для меня такое неприемлемо» от «человек находится в опасности». […]",REJECT,,RQ-a7ba56aaed30,SILVER,,,2026-08-20T20:02:50+00:00,,,REVIEWED,CityDog,"«Пофиг, что моя жизнь летит под откос. Зато у соседей я всё разрулила». Почему нам так интересна чужая личная жизнь и чужие конфликты? Рассказывает психологиня",https://citydog.io/post/conflicts-others,EVT-2bb12d4fa9a8,1,1,NO,YES,train
HIGH,,,,SILVER,Очевидно нерелевантный жанр или событие вне предмета S-monitor.,"У некоторых людей в период сильных геомагнитных возмущений может появляться головная боль. Возможная причина — изменение тонуса кровеносных сосудов, рассказала врач-невролог Приморской краевой клинической больницы №1 Елена Овчинникова. По словам специалиста, реакция на изменения геомагнитной обстановки у людей может сильно отличаться. […] Во вторник в Лаборатории солнечной астрономии Института космических исследований РАН сообщали о начале магнитной бури «планетарного масштаба». Ожидается, что возмущенная геомагнитная обстановка сохранится еще до пятницы. Врач отметила, что организм некоторых людей самостоятельно компенсирует происходящие изменения. Если артериальное давление остается в норме, а головная боль не слишком сильная, можно принять обезболивающее. […]",REJECT,,RQ-5a20830d43d4,SILVER,,,2026-08-20T19:42:00+00:00,,,REVIEWED,Минская правда,"Головная боль во время магнитной бури – невролог назвала симптом, который нельзя игнорировать - 20.08.2026",https://mlyn.by/20082026/golovnaya-bol-vo-vremya-magnitnoj-buri-nevrolog-nazvala-simptom-kotoryj-nelzya-ignorirovat,EVT-3d35940776ee,1,1,NO,YES,train
HIGH,,,,SILVER,"Заголовок прямо фиксирует конкретную жалобу, нарушение или социально-экономическую проблему.","Белорус вылечился от туберкулеза, но потерял очередь на квартиру История случилась с минчанином, мать которого пошла на личный прием к главе администрации Октябрьского района, чтобы разобраться: почему ее сына исключили из списков нуждающихся в улучшении жилищных условий. Дело в том, что некоторые болезни входят в список условий для льготного строительства квартиры. И туберкулез как раз там, поскольку зараженный опасен для проживания в одном помещении с другими людьми. […] А как только диагноз сняли, его оттуда исключили. В администрации пояснили , что после получения врачебного заключения о выздоровлении пациента основания для нахождения в льготной очереди отпадают. При этом полного снятия с учета не произошло: сын вернулся в общую очередь, в которой семья стояла с 2003 года. Белорусам предложили единственный вариант — арендную квартиру, но тоже по очереди.",KEEP,,RQ-983791fe95ea,SILVER,,,2026-08-20T16:12:34+00:00,,,REVIEWED,Могилёв Online,"Белорус вылечился от туберкулеза, но потерял очередь на квартиру",https://t.me/mogilevonline/123079,EVT-ed002b6131d2,2,1,NO,YES,train
HIGH,,,,SILVER,Очевидно нерелевантный жанр или событие вне предмета S-monitor.,"На что обратить внимание, чтобы вовремя заметить у ребенка проблемы со зрением? Какие симптомы не стоит игнорировать и как предотвратить развитие патологии? Об этом рассказала врач-офтальмолог Елена Герасименко из 10-й городской клинической больницы Минска. Как заподозрить у детей проблемы со зрением? Какие симптомы могут на это указывать? […] Помимо этого, лишний раз пройти осмотр у окулиста необходимо в случае, если ребенок постоянно чешет глаза, излишне щурится на солнышко, жалуется на частые головные боли, подчеркнула эксперт. […] Например, поработать на них 20-30 минут, а затем сделать обязательный перерыв, посмотреть вдаль, на окна соседнего дома, деревья или самолеты и т.д. […]",REJECT,,RQ-6e98dcbd83b1,SILVER,,,2026-08-20T15:48:28+00:00,,,REVIEWED,NewGrodno,"Врач-офтальмолог рассказала, как распознать болезни глаз у ребенка",https://newgrodno.by/society/vrach-oftalmolog-rasskazala-kak-raspoznat-bolezni-glaz-u-rebenka,EVT-e44d3cf13fe6,1,1,NO,YES,train
HIGH,,,,SILVER,Редакционный второй проход: нет подтвержденной проблемы в предметной области S-monitor.,"[…] Але большасць каментатараў пад відэа сталі на бок дзяцей: успомнілі тарзанкі, будоўлі і уласнае дзяцінства без смартфонаў. Відэа з дзецьмі, якія розгойваюцца на доўгіх галінах вярбы ў парку Жылібера, апублікавала ў Instagram Тэлерадыёкампанія «Гродна». Аўтары публікацыі назвалі такую забаву «імправізаваным атракцыёнам», адзначыўшы, што яна можа быць небяспечнай як для саміх дзяцей, так і для дрэва: галіны могуць зламацца. «Бацькі, будзьце пільнымі! […] Некаторыя гродзенцы звярнулі ўвагу на тое, што дзецям у цэнтры горада не хапае бясплатных забаў. «Таму што ў горадзе няма добрых рознаўзроставых дзіцячых пляцовак», — напісаў адзін з каментатараў. Яшчэ адна карыстальніца адзначыла, што ў парку няма бясплатных арэляў, а паход на платныя атракцыёны з дзецьмі — не таннае задавальненне. […]",REJECT,,RQ-d105d3b71447,SILVER,,,2026-08-20T13:56:00+00:00,,,REVIEWED,Hrodna.life,Дзецям у Гродне «забаранілі» лазіць па дрэвах. Дарослыя абурыліся,https://hrodna.life/2026/08/20/dzetsi-na-dreve,EVT-3e68281afa3f,1,1,NO,YES,train
HIGH,,,,SILVER,Редакционный второй проход: нет подтвержденной проблемы в предметной области S-monitor.,"Магіляўчане пачалі скардзіцца на вялікую колькасць выяваў львоў у Магілёве. Гэты вобраз можна сустрэць у розных месцах горада — ад вулічнага афармлення да плакатаў, вазонаў, стэндаў і іншай прадукцыі, піша «Магілёў.медыя. Аднак у некаторых магіляўчан такая колькасць львінай сімволікі выклікае раздражненне. […] Яна распавяла, што падчас прагулкі па цэнтры горада заўважыла вялікую колькасць выяваў львоў, асабліва на вуліцы Ленінскай. […] Яна звяртае ўвагу, што ашчэраныя львіныя галовы можна ўбачыць на самых розных гарадскіх аб’ектах — ад вазонаў да плакатаў і стэндаў. […] Пры гэтым сам па сабе леў можа быць прывабным візуальным вобразам для жыхароў. […] Для некаторых жыхароў адказ відавочны — гораду варта было б часцей звяртацца да ўласнай гісторыі і мясцовых сімвалаў, а не паўтараць адзін і той жа вобраз на кожным кроку. […]",REJECT,,RQ-a5e8d349ec10,SILVER,,,2026-08-20T13:00:13+00:00,,,REVIEWED,BGmedia,"Чаму ў Магілёве так шмат львоў? Гараджане задаюцца пытаннем, якое дачыненне звер мае да гісторыі горада — BGmedia",https://bgmedia.site/society/u-magilyove-garadzhan-razdrazhae-zasille-lvou,EVT-90205d177b4e,1,1,NO,YES,train
HIGH,,,,SILVER,Редакционный второй проход: нет подтвержденной проблемы в предметной области S-monitor.,"Кто в Могилеве может улучшить жилье с помощью государства? В эфире «Беларусь 4 Могилев» рассказали , кому положены льготы и что для этого нужно. Главный специалист отдела ЖКХ и благоустройства администрации Ленинского района перечислила основания для постановки в очередь на квартиру: ✔️ на человека приходится меньше 15 «квадратов» общей площади; ✔️ семья живет в однокомнатной квартире (кроме супругов); ✔️ молодые супруги до 31 года, впервые в браке, без своего жилья; ✔️ дети-сироты, у которых нет дома или он непригоден. Кто имеет право на господдержку в Могилеве? Это семьи с двумя несовершеннолетними детьми, где возраст супругов до 31 года. А также те, кто стоит в очереди более 10 лет и все это время живет в общежитии. Еще одна категория — семьи с детьми-инвалидами, отдельно дети-сироты и многодетные. […]",REJECT,,RQ-1d8457a7f0f0,SILVER,,,2026-08-20T11:25:40+00:00,,,REVIEWED,Могилёв Online,Кто в Могилеве может улучшить жилье с помощью государства?,https://t.me/mogilevonline/123056,EVT-dd8d7dc0d360,1,1,NO,YES,train
HIGH,,,,SILVER,"Редакционный второй проход: подтверждена конкретная белорусская проблема, жалоба или нарушение.","Ва Уздзе кожны чацвер каля аўталаўкі Стаўбцоўскага мяса-кансервавага камбіната збіраецца чарга. Мясцовая жыхарка паказала, што некаторыя пакупнікі займаюць яе яшчэ каля 6 раніцы, хоць машына з прадукцыяй прыязджае толькі каля 10.30. […] Першыя пакупнікі могуць набіраць прадукты не толькі сабе, але і сваякам і знаёмым, таму тым, хто апынуўся трэцім ці чацвёртым у чарзе, ужо дастаецца далёка не ўсё. Аўтарка расказвае, што яе бацькі таксама ўстаюць каля пяці раніцы, каб паспець заняць чаргу. Пры гэтым чакаць аўталаўку пенсіянерам даводзіцца некалькі гадзін незалежна ад надвор’я. Паводле яе слоў, праблема яшчэ і ў тым, што патрэбнай прадукцыі ў звычайных крамах Узды няма. «Калі б часцей ездзілі, ніхто б не займаў чаргу а 6.00», — заўважыў адзін з карыстальнікаў TikTok. […]",KEEP,,RQ-ae04f4744510,SILVER,,,2026-08-20T10:31:00+00:00,,,REVIEWED,BGmedia,«Бабулькі хутка пачнуць біцца». Ва Уздзе людзі займаюць чаргу па прадукты аўталаўкi з 6-й раніцы — BGmedia,https://bgmedia.site/news/va-uzdze-lyudzi-zajmayucz-chargu-pa-pradukty-z-6-raniczy,EVT-975a202b67ab,2,1,NO,YES,train
HIGH,,,,SILVER,Очевидно нерелевантный жанр или событие вне предмета S-monitor.,"[…] Одна из наиболее острых проблем — появление несанкционированных свалок в лесных массивах. Денис Колесень отметил, что работа по наведению порядка ведется планомерно: нарушителей все чаще привлекают к ответственности, а в выявлении незаконных выбросов мусора помогают камеры видеонаблюдения. — Свалки в лесу отравляют почву и грунтовые воды токсичными веществами, создают серьезную пожарную опасность, привлекают паразитов и разрушают естественную среду обитания животных, — акцентировал председатель. Особое внимание на встрече было уделено проблеме инвазивных растений. […] Электромобили — это не только комфортно, удобно и быстро, но и, что самое главное, экологично, — подчеркнул Денис Колесень. В завершение встречи глава района ответил на вопросы работников предприятия, касающиеся строительства нового жилья, подтоплений дорог в Заславле и кадрового обеспечения отрасли. Денис Колесень поблагодарил коллектив «Минрайтеплосети» за профессионализм и социальную ответственность.",REJECT,,RQ-8f7f67355eb9,SILVER,,,2026-08-20T10:26:49+00:00,,,REVIEWED,Прысталічча,Денис Колесень обсудил вопросы экологии с работниками ГП «Минрайтеплосеть» - 20.08.2026,https://pristalica.by/20082026/denis-kolesen-obsudil-voprosy-ekologii-s-rabotnikami-gp-minrajteploset,EVT-e27650d6e82a,1,1,NO,YES,train
HIGH,,,,SILVER,"Редакционный второй проход: подтверждена конкретная белорусская проблема, жалоба или нарушение.","[…] Понятно, что дыма без огня не бывает: посты в соцсетях, где женщины обсуждают свои самые кошмарные истории с акушерами-гинекологами, неизменно набирают огромное количество просмотров и комментариев. «Сильные Новости» собрали несколько историй от жительниц Гомельской области о том, как вполне рядовой поход к гинекологу оставил после себя минимум испорченное настроение, максимум психологическую травму. Мы также спросили напрямую у врача акушера-гинеколога, почему женские доктора так часто ведут себя по-хамски с женщинами, и что с этим делать. Читайте материал по ссылке, а если есть желание, делитесь своими историями (и хорошими, и плохими) в комментариях 👇 https://gomel.media/2026/08/20/13232.html",KEEP,,RQ-462dc92415f0,SILVER,,,2026-08-20T09:38:57+00:00,,,REVIEWED,Gomel Today,О грубости и бестактности врачей этой специальности уже ходят страшилки.,https://t.me/gomeltoday/161813,EVT-ebcfdca15ab9,1,1,NO,YES,train
HIGH,,,,SILVER,Частный спор об арендном залоге и состоянии квартиры.,"[…] Она не захотела его возвращать, потому что ее квартиру «убили». Основные претензии: испорченный до состояния «на мусорку» кухонный гарнитур, на столешнице — следы от ножа, пятно на одном фасаде и испорченный унитаз. Молодой человек настаивал, что все это — естественный износ. […] Чем все закончилось? По словам минчанина, после недолгих споров о том, что было сломано, испорчено, украдено, хозяйка перестала читать его сообщения и брать трубку. Так как сумма в 1130 рублей для арендатора была немаленькой, он решил попробовать их вернуть через суд: — Предварительное заседание назначили на конец июля. […] В начале августа прошло основное заседание. […]",REJECT,,RQ-94ee1bc04c35,SILVER,,,2026-08-20T08:45:13+00:00,,,REVIEWED,Onlíner,Хозяйка квартиры не хотела возвращать залог за якобы «убитую» квартиру. Арендатор пошел в суд - Недвижимость Onlíner,https://realt.onliner.by/2026/08/20/ne-xotela-vozvrashhat-zalog,EVT-be51027e8498,1,1,NO,YES,train
HIGH,,,,SILVER,"Редакционный второй проход: подтверждена конкретная белорусская проблема, жалоба или нарушение.","Калинковичский райисполком пока так и не уведомил об итогах общественных обсуждений архитектурно-планировочной концепции по переносу памятника-танка Т-34, которые завершились 11 августа. Флагшток постарался узнать, в чем причина. […] По мнению властей, «зона исторической памяти» в парке будет способствовать «сохранению культурного и духовного наследия, воспитанию патриотизма среди молодежи». Эта идея вызвала массовую критику жителей города. Танк установлен в городе в память о погибших войнах-танкистах 1-го гвардейского Донского танкового корпуса 68-й отдельной Калинковичской танковой бригады и находится на пересечении улицы Карла Маркса и улицы Фрунзе. […] Вероятно, такое же мнение превалировало и при официальном общественном обсуждении, поэтому власти и не решились рассказать о его итогах. Флагшток позвонил в Калинковичский райисполком и спросил от имени местного жителя, чем завершилось обсуждение. […]",KEEP,,RQ-45dc2c48963c,SILVER,,,2026-08-20T08:45:00+00:00,,,REVIEWED,Флагшток,"В Калинковичах не решились рассказать об итогах общественного обсуждения по переносу в парк танка-памятника. Флагшток постарался узнать, в чем причина",https://flagshtok.info/ru/regieny/v-kalinkovichah-ne-reshilis-rasskazat-ob-itogah-obscestvennogo-obsuzhdenija-po-perenosu-v-park-tanka-pamjatnika-flagshtok-postaralsja-uznat-v-chem-prichina.html,EVT-748b16378a7c,1,1,NO,YES,train
HIGH,,,,SILVER,Индивидуальный спор о возврате ношеной обуви.,"[…] Потом она ушла в подсобное помещение, а другая сотрудница позвонила заведующей. Только после этого мне предложили оставить обувь на проверку качества. Но я решила этого не делать, оставила запись в книге замечаний и предложений, а затем направила претензию на юридический адрес магазина, — продолжает читательница. В письменном ответе (есть в распоряжении редакции) магазин подтвердил, что женщина приобрела ботинки 24 марта, а 27 марта обратилась с требованием вернуть их из-за неподходящего размера. При осмотре продавец обнаружила следы эксплуатации (носки). […] В магазине указали, что покупательнице предлагали оставить обувь для проверки качества, однако она решила этого не делать. […] Что касается возврата товара как некачественного, то в соответствии с ответом продавца все абсолютно верно: товар у потребителя обязаны принять и в случае необходимости провести проверку качества. […]",REJECT,,RQ-e35aed500b0b,SILVER,,,2026-08-20T08:30:42+00:00,,,REVIEWED,Onlíner,"Белоруска купила ботинки, поносила пару часов и решила вернуть. В магазине отказали — кто прав? - Кошелек Onlíner",https://money.onliner.by/2026/08/20/beloruska-kupila-botinki-ponosila,EVT-d42ebf72b830,1,1,NO,YES,train
HIGH,,,,SILVER,"Редакционный второй проход: подтверждена конкретная белорусская проблема, жалоба или нарушение.",Николай Картель вряд ли успел отпраздновать даже свое 19-летие. […],KEEP,,RQ-cfa6e9d8c9f0,SILVER,,,2026-08-20T08:17:28+00:00,,,REVIEWED,Медиа-Полесье,Молодой белорусский наемник пропал без вести — Media-Polesyе,https://media-polesye.com/news/molodoj-belorusskij-naemnik-propal-bez-vesti,EVT-1aba17e47cd9,1,1,NO,YES,train
HIGH,,,,SILVER,"Редакционный второй проход: подтверждена конкретная белорусская проблема, жалоба или нарушение.","[…] На одной из контейнерных площадок «Спецавтобаза Витебска» разместила подробное объявление с просьбой к жителям полностью закрывать крышку мусорного контейнера. Проблема только в том, что у бака, на который повесили инструкцию, никакой крышки нет. На фотографии рядом стоят два контейнера. […] Вот только выполнить его жители физически не могут. […] Например, житель Московского проспекта пишет, что возле девятиэтажек также стоят баки без крышек, а птицы растаскивают мусор по двору. […] На улице Ленина, как рассказывают жители, появились новые закрытые контейнеры даже с кодовыми замками. […] Не пойму, почему там все для людей, а тут «уважаемые граждане» обязаны закрывать мифические крышки», — возмущается один из комментаторов. […]",KEEP,,RQ-b0260de6eb3c,SILVER,,,2026-08-20T07:57:17+00:00,,,REVIEWED,BGmedia,В Витебске коммунальщики попросили закрывать контейнер без крышки: реакция людей — BGmedia,https://bgmedia.site/news/v-vitebske-poprosili-zakryvat-kryshku-musornogo-baka,EVT-cdc08c4ea4eb,1,1,NO,YES,train
HIGH,,,,SILVER,"Редакционный второй проход: подтверждена конкретная белорусская проблема, жалоба или нарушение.","В правоохранительные органы обратился житель Брестской области с заявлением о привлечении к ответственности неизвестное ему лицо за оскорбление в неприличной форме, унизившее его честь и достоинство. Как выяснилось в дальнейшем, неизвестным лицом является водитель маршрутного транспортного средства, на котором заявитель приехал в город Минск . […] При проведении судебной фоноскопической экспертизы установлено дословное содержание спорной фонограммы, а по результатам лингвистического исследования установлено, что в выражениях водителя маршрутного транспортного средства, зафиксированных в аудиозаписи, содержится негативная оценка лица, имеющая ненормативную форму речевого выражения. […]",KEEP,,RQ-a096cd57d123,SILVER,,,2026-08-20T07:53:29+00:00,,,REVIEWED,БрестСИТИ,Пассажир пожаловался на оскорбления водителя маршрутки. Установлена запись разговора,https://brestcity.com/blog/oskorbleniya-voditelya,EVT-b35aeca53683,1,1,NO,YES,train
HIGH,,,,SILVER,Редакционный второй проход: нет подтвержденной проблемы в предметной области S-monitor.,"[…] До 10 тысяч рублей за 3000 фолликулов. Как пересаживают волосы в Бресте Пересадку волос в Брестской областной больнице начали проводить методом FUE — Follicular Unit Extraction. Это малоинвазивная технология, при которой отдельные волосяные фолликулы, или графты, по одному извлекают из донорской зоны и переносят туда, где волосы отсутствуют или заметно поредели. В качестве донорской зоны обычно используют затылок и боковые части головы. Больших разрезов и швов при таком способе нет. […] По его словам, один обходится примерно в два-три рубля, поэтому типичная стоимость процедуры составляет около шести-девяти тысяч рублей. Врач при этом обращает внимание на отсутствие дополнительных платежей: пациент заранее знает итоговую сумму, а отдельно платить за анестезию, расходные материалы или перевязки не приходится. […]",REJECT,,RQ-f822ba8b651b,SILVER,,,2026-08-20T06:34:53+00:00,,,REVIEWED,Хартия-97,«От цен волосы встают дыбом»,https://charter97.org/ru/news/2026/8/20/695388,EVT-f0bb7dfa76cb,3,1,NO,NO,train
HIGH,,,,SILVER,"Редакционный второй проход: подтверждена конкретная белорусская проблема, жалоба или нарушение.","[…] Вместе с тем установлены ограничения: Установлен новый перечень случаев, когда не допускается сброс сточных вод для возводимых, реконструируемых или модернизируемых объектов строительства. […] Граждане имеют право добывать и использовать подземные воды с помощью скважин на своих земельных участках без получения специальных разрешений (право подтверждается документами на землю). В действующем кодексе в случае добычи подземных вод в объеме более 5 кубических метров в сутки граждане обязаны были получать разрешение на специальное водопользование. […] Если на территории участка гражданина находится водный объект, он обязан обеспечить к нему свободный доступ для спецтехники при ликвидации пожаров. На протяжении последних трех лет в территориальные органы Минприроды поступают обращения физических лиц за разъяснением вопроса о возможности выполнения за счет собственных средств работ по содержанию поверхностных водных объектов в надлежащем состоянии и их благоустройству. Учитывая, что в настоящее время отсутствуют правовые основания для принятия местными исполнительными и распорядительными органами таких решений, пункт 1 статьи 28 дополнен частью о том, что местные исполнительные и распорядительные органы базового территориального уровня по инициативе юридических и физических лиц вправе привлекать их к выполнению собственными силами и (или) за счет собственных средств работ по содержанию поверхностных водных объектов в надлежащем состоянии и их благоустройству.",KEEP,,RQ-07c035ee46db,SILVER,,,2026-08-20T05:38:41+00:00,,,REVIEWED,ВГР,"Новые требования к частным скважинам, прудам и сбросу сточных вод — в Беларуси вносят изменения в Водный кодекс — Вечерний Гродно",https://vgr.by/2026/08/20/novye-trebovaniya-k-chastnym-skvazhinam-prudam-i-sbrosu-stochnyh-vod-v-belarusi-vnosyat-izmeneniya-v-vodnyj-kodeks,EVT-ce4763356a9c,4,1,NO,YES,train
HIGH,,,,SILVER,"Редакционный второй проход: подтверждена конкретная белорусская проблема, жалоба или нарушение.","Жительница Гомеля пожаловалась в Threads на ситуацию в микрорайоне №59А. По ее словам, при покупке квартиры семья ориентировалась в том числе на рекламу, где жильцам обещали современную инфраструктуру и благоустроенные дворы. Однако после сдачи дома реальность, утверждает женщина, оказалась другой. «Нет детской площадки, нет лавочек возле подъезда, нет мусорок, нет воды горячей в целом подъезде», — написала она. В подтверждение своих слов женщина показала двор возле нового дома. На видео — территория, которая пока мало похожа на заявленный в рекламе двор для комфортной жизни. Особенно ее возмутило отсутствие обещанных мест для детей. […]",KEEP,,RQ-99b01da7da39,SILVER,,,2026-08-20T04:04:42+00:00,,,REVIEWED,BGmedia,"Без обещанного комфорта: новоселы в Гомеле показали реальное состояние дворов, воспетых в сюжетах госТВ — BGmedia",https://bgmedia.site/society/zhitelnicza-gomelya-pozhalovalas-na-infrastrukturu-novogo-mikrorajona,EVT-b32c5d38fb42,1,1,NO,YES,train
HIGH,,,,SILVER,Очевидно нерелевантный жанр или событие вне предмета S-monitor.,"[…] На кадрах две девушки уверенно переходят дорогу по лежачему полицейскому, будучи твёрдо убеждёнными, что это пешеходный переход. […] Инструктор с курсантом проезжали мимо ""Материка"", как вдруг перед ними по искусственной неровности на дорогу вышли две девушки. […] На «пешеходов» никто не кричал, регистратор находится на минимальном расстоянии, поэтому звук такой громкий. Претензий никто не имеет, девушки поняли свою ошибку и извинились, данный видеоролик несёт исключительно поучительный характер и никак иначе. Будьте бдительны на дорогах"". Комментаторы тоже перепутали ""лежачий"" с переходом В комментариях пользователи стали обращать внимание, что в этой ситуации в заблуждение вводит разметка искусственной неровности. […] В Гродно сложилась уникальная ситуация – лежачий полицейский положили в месте, где появление пешеходов не ожидается (с правой стороны находятся парк и ""Курган Славы""). […]",REJECT,,RQ-31616056b6a8,SILVER,,,2026-08-20T03:38:55+00:00,,,REVIEWED,NewGrodno,В Гродно девушки перепутали лежачий полицейский с пешеходным переходом — видео завирусилось,https://newgrodno.by/auto/v-grodno-devushki-pereputali-lezhachij-politsejskij-s-peshehodnym-perehodom,EVT-2bc3e9c8b27c,1,1,NO,YES,train
HIGH,,,,SILVER,Жалоба на базу отдыха без названия и проверяемой привязки.,"Беларуска ў TikTok апублікавала відэа са скаргай на ўмовы адпачынку на адной з баз каля Брэста. Яна паказала двухпакаёвы нумар, за які разам з сябрамі заплаціла 200 беларускіх рублёў за суткі, і расказала пра праблемы з мэбляй, кухняй, ванным пакоем, вадой, электрычнасцю і ўборкай пакою. Поўную назву і дакладную лакацыю базы адпачынку жанчына раскрываць не стала. […] У адным з пакояў, паводле яе словаў, знаходзяцца два ложкі, невялікі столік і шафа. Пры гэтым жанчына звярнула ўвагу на асвятленне і стан памяшканняў. Яна адзначыла, што ў пакоях няма сучасных потолкавых свяцілень, а выкарыстоўваюцца звычайныя лямпачкі без плафонаў. У другім пакоі, дзе спынілася сама жанчына, таксама ёсць стол, шафа і дзве тумбачкі каля ложка. […]",REJECT,,RQ-7b1d89722517,SILVER,,,2026-08-20T02:45:18+00:00,,,REVIEWED,BGmedia,Ці адпавядаюць умовы адпачынку за 200 рублёў у суткі ягонаму кошту? — BGmedia,https://bgmedia.site/news/belaruska-pakazala-numar-za-200-rublyou,EVT-64876d69300a,1,1,NO,YES,train
HIGH,,,,SILVER,Очевидно нерелевантный жанр или событие вне предмета S-monitor.,"[…] Об этом говорится в расследовании издания 404 Media . Журналисты обратили внимание на эту историю после того, как продавцы подержанных книг начали жаловаться на необычный всплеск заказов: покупатели брали большие, зачастую случайно подобранные партии изданий, почти не обращая внимания на цену. В июле один из продавцов получил через маркетплейс Biblio заказ примерно на тысячу книг сразу — и согласился спрятать в одной из них трекер, чтобы журналисты смогли отследить дальнейший маршрут издания. Проделав длинный путь через всю страну, книга в итоге оказалась на складе Amazon в Лас-Вегасе. […] Это косвенно подтверждает предположение продавцов о том, что компании, разрабатывающие ИИ, целенаправленно и систематически собирают печатные книги, стремясь охватить как можно больший массив текстов, — особенно тех, что до сих пор не оцифрованы и отсутствуют в интернете. […] Издания, выпущенные до 2022 года — то есть до бума генеративного ИИ, — помогают избежать так называемого «коллапса модели»: ситуации, когда система обучается на всё большем объеме текстов, изначально созданных другими ИИ, что постепенно ухудшает качество ее работы. […]",REJECT,,RQ-db80964a4ece,SILVER,,,2026-08-19T22:19:37+00:00,,,REVIEWED,Хартия-97,"СМИ: Amazon скупает тысячи старинных книг для обучения ИИ, а затем уничтожает их",https://charter97.org/ru/news/2026/8/20/695374,EVT-3fe6cff33326,1,1,NO,YES,train
HIGH,,,,SILVER,Очевидно нерелевантный жанр или событие вне предмета S-monitor.,"Количество медперсонала в глобальном исчислении с 1990 года выросло втрое – с 40,9 до 122,1 миллиона медицинских работников. Миру не хватает 34,4 миллиона врачей, медсестер, акушерок, стоматологов и фармацевтов, чтобы обеспечить хотя бы умеренный уровень всеобщего охвата медицинскими услугами, свидетельствуют данные исследования, опубликованного в научном рецензируемом журнале Lancet Public Health. Работа основана на оценках Global Burden of Disease 2023 (глобального исследования бремени болезней). […] Среди работников сферы здравоохранения 68,9% – женщины. ""Несмотря на рост, миру не хватает 34,4 миллиона медработников, чтобы достичь оценки в 80 баллов из 100 по индексу эффективного охвата всеобщим здравоохранением GBD – ориентиру умеренного уровня охвата"", – говорится в исследовании. В частности, мировому здравоохранению остро недостает почти 25 миллионов медсестер и акушерок, более семи миллионов врачей, 1,8 миллиона стоматологов и 1,6 миллиона фармацевтов. Особенно остро стоит вопрос с обеспеченностью квалифицированными медицинским кадрами в Южной Азии и странах Африки – региону нужно еще 2,6 миллиона врачей и 10 миллионов медсестер и акушерок. […]",REJECT,,RQ-74af306d1397,SILVER,,,2026-08-19T19:22:55+00:00,,,REVIEWED,Виртуальный Брест,Мировое здравоохранение испытывает нехватку почти 35 миллионов медиков,https://virtualbrest.ru/news189730.php,EVT-3b3d23bef7fb,1,1,NO,YES,train
HIGH,,,,SILVER,"Редакционный второй проход: подтверждена конкретная белорусская проблема, жалоба или нарушение.","КДК канфіскаваў 40 кг “небяспечнай прадукцыі” ў крамах Брэсцкага і Жабінкаўскага раёнаў Камітэтам дзяржкантролю устаноўленыя факты рэалізацыі пратэрмінванай харчовай прадукцыі, невыканання ўмоў і рэжымаў захоўвання, адсутнасці абавязковай інфармацыі аб таварах. Удакладняецца, што малочныя і мясныя прадукты захоўваліся з парушэннем тэмпературнага рэжыму. […]",KEEP,,RQ-b33dcac793bc,SILVER,,,2026-08-19T17:50:53+00:00,,,REVIEWED,Позірк,КДК канфіскаваў 40 кг “небяспечнай прадукцыі” ў крамах Брэсцкага і Жабінкаўскага раёнаў,https://pozirk.online/be/news/200540,EVT-a4ed3af2e0fc,4,1,NO,NO,train
HIGH,,,,SILVER,Очевидно нерелевантный жанр или событие вне предмета S-monitor.,"[…] Человеку, у которого нет проблем со здоровьем, нет необходимости снимать кожуру с яблок, считает врач-гастроэнтеролог АО ""Медицина"" (клиника академика Ройтберга), кандидат медицинских наук Евгений Белоусов. По словам эксперта, в кожуре плодов содержится клетчатка и растительные соединения, полезные для здоровья, поэтому снимать шкурку нет необходимости. Однако, если у человека есть проблемы со здоровьем, в частности, болезни органов пищеварения, яблоки лучше чистить. ""При обострении гастрита, воспалительных заболеваниях кишечника, диарее или плохой переносимости грубой пищи очищенный плод может оказаться комфортнее"", – рассказал врач в беседе с Life ru. Специалист также отметил, если съесть неочищенные яблоки, могут возникнуть проблемы с пищеварением. Но они будут связаны не столько с кожурой, сколько с быстрым поеданием яблока и большим объемом клетчатки за один раз. […]",REJECT,,RQ-b65e7ee26345,SILVER,,,2026-08-19T17:42:03+00:00,,,REVIEWED,БрестСИТИ,Кому не стоит есть яблоки с кожурой - врач рассказал,https://brestcity.com/blog/yabloki-s-kozhuroj,EVT-e1793841e404,1,1,NO,YES,train
HIGH,,,,SILVER,Редакционный второй проход: нет подтвержденной проблемы в предметной области S-monitor.,"[…] Для расчетов в Беларуси важно проверить охват платежной системы и способы бесконтактной оплаты. Для поездок дополнительно оцениваются география приема, валюта счета и конвертация. Валютная карта может быть удобна, если доходы или регулярные расходы выражены в соответствующей валюте, но сама по себе она не гарантирует отсутствие обмена при каждой покупке. Если карта нужна для зарубежного сервиса, заранее убедитесь, что платежи в нем поддерживаются. Условия могут зависеть не только от банка, но и от ограничений площадки. […] Бесплатное обслуживание иногда зависит от оборота, остатка или пакета услуг. Снятие без комиссии может иметь месячный предел, а другой банкомат — собственные правила. […]",REJECT,,RQ-5f34c2419f21,SILVER,,,2026-08-19T17:32:24+00:00,,,REVIEWED,MASHEKA,Банковские карты: как подобрать и оформить карту онлайн,https://masheka.by/poleznaja-informacija/23928-kak-vybrat-bankovskuju-kartu-pod-svoi-zadachi.html,EVT-fd1be51e958c,1,1,NO,YES,train
HIGH,,,,SILVER,"Редакционный второй проход: подтверждена конкретная белорусская проблема, жалоба или нарушение.","19 августа, Позірк . Об изъятии более 40 кг “опасной продукции” в магазинах Брестского и Жабинского районов (Брестская область) сообщает Комитет госконтроля (КГК). Отмечается, что “в ходе контрольных мероприятий” в магазинах “выявлен ряд нарушений правил торговли и санитарных норм”. КГК установлены факты реализации пищевой продукции с истекшими сроками годности; несоблюдения условий и режимов хранения пищевой продукции; несоблюдения обязательного перечня товаров; отсутствия обязательной информации о товарах для потребителей. Уточняется, что молочные и мясные продукты хранились с нарушением температурного режима. “Например, вареное сгущенное молоко хранилось при +21 С вместо установленных производителем от 0 до +10 С”, — говорится в сообщении. […]",KEEP,,RQ-566f090a56c3,SILVER,,,2026-08-19T17:23:50+00:00,,,REVIEWED,Позірк,КГК изъял 40 кг “опасной продукции” в магазинах Брестского и Жабинковского районов | Pozirk,https://pozirk.online/ru/news/200539,EVT-a4ed3af2e0fc,4,1,NO,YES,train
HIGH,,,,SILVER,Очевидно нерелевантный жанр или событие вне предмета S-monitor.,[…] 📍 Почему гомельчанки идут на аборт? 📍 В Мозыре Припять шокирующе обмелела – «Сильные Новости» побывали на месте; 📍 В Борисове двое парней издевались над ежиком – теперь они извиняются. Об этом и не только смотрите в нашем Вечернем выпуске. […],REJECT,,RQ-30d175302c53,SILVER,,,2026-08-19T15:56:05+00:00,,,REVIEWED,Gomel Today,Что сегодня по новостям?,https://t.me/gomeltoday/161781,EVT-bfe617702b3d,1,1,NO,YES,train
HIGH,,,,SILVER,"Заголовок прямо фиксирует конкретную жалобу, нарушение или социально-экономическую проблему.","[…] У отдельных хлебобулочных изделий, молочных и мясных продуктов срок годности закончился от 19 часов до семи суток назад. Кроме того, в продаже обнаружили колбасу, сало и мясные полуфабрикаты без документов, подтверждающих их качество и безопасность. В некоторых магазинах также не соблюдался обязательный ассортимент и отсутствовала необходимая информация о товарах. Часть нарушений владельцы торговых точек устранили во время проверки. […]",KEEP,,RQ-2be15fd428c9,SILVER,,,2026-08-19T15:24:43+00:00,,,REVIEWED,Onlíner,Просроченные мясо и молочка. Из магазинов изъяли более 40 кг продуктов - Кошелек Onlíner,https://money.onliner.by/2026/08/19/prosrochennye-myaso,EVT-a4ed3af2e0fc,4,1,NO,NO,train
HIGH,,,,SILVER,"Заголовок прямо фиксирует конкретную жалобу, нарушение или социально-экономическую проблему.","Нашли и просроченные хлебобулочные изделия, молочную и мясную продукцию.",KEEP,,RQ-630629d78344,SILVER,,,2026-08-19T15:10:00+00:00,,,REVIEWED,Zerkalo.io,«Вареную сгущенку хранили при +21°С». КГК проверил магазины Брестской области и снял с продажи более 40 кг опасных продуктов,https://news.zerkalo.io/life/134624.html,EVT-a4ed3af2e0fc,4,1,NO,NO,train
HIGH,,,,SILVER,"Заголовок прямо фиксирует конкретную жалобу, нарушение или социально-экономическую проблему.",Как обмелела Припять под Мозырем,KEEP,,RQ-a167e0af0a12,SILVER,,,2026-08-19T15:00:41+00:00,,,REVIEWED,Беларусь за МКАДом,Как обмелела Припять под Мозырем,https://t.me/zamkadomby/67286,EVT-1496634b4aec,7,2,YES,NO,train
HIGH,,,,SILVER,Редакционный второй проход: нет подтвержденной проблемы в предметной области S-monitor.,"Комитет государственного контроля проведет 20 августа горячую линию для жителей Минска. Специалисты будут принимать сообщения о просроченной задолженности по заработной плате. На горячую линию можно обратиться, если работодатель не выплачивает зарплату вовремя или вовсе задерживает ее. Это касается организаций любой формы собственности, а также индивидуальных предпринимателей. […]",REJECT,,RQ-fbd8e88dffd4,SILVER,,,2026-08-19T14:20:00+00:00,,,REVIEWED,Минская правда,"Зарплату задерживают? Минчанам рассказали, куда пожаловаться 20 августа - 19.08.2026",https://mlyn.by/19082026/zarplatu-zaderzhivayut-minchanam-rasskazali-kuda-pozhalovatsya-20-avgusta,EVT-8f555aa0680c,1,1,NO,YES,train
HIGH,,,,SILVER,"Заголовок прямо фиксирует конкретную жалобу, нарушение или социально-экономическую проблему.","В интернете уже не первый день обсуждают ажиотаж у автолавки Столбцовского мясокомбината в Узде. Одна местных жительниц поделилась видео, где узденцы с раннего утра стоят в очереди за «продуктами высокого качества по адекватным ценам» из Столбцов. Вот такая обстановка каждый четверг, — пишет автор видео. — Люди занимают очередь с 6:00 утра, машина приезжает к 10.30. Но проблема в том, что продукции на всех не хватает. […] У многих комментаторов под видео такой ажиотаж у автолавки удивления не вызвал: они не сомневаются в качестве товара. Пользователи пишут: «Это продукция очень качественная и вкусная» «Столбцовская продукция идет на «ура» «Столбцовская продукция очень хорошая» Но нашлись и те, кто с трудом поверил в такое количество покупателей. […]",KEEP,,RQ-0ed0b5dd3d91,SILVER,,,2026-08-19T14:07:09+00:00,,,REVIEWED,Минская правда,В Узде люди занимают очередь в автолавку с 6 утра – в чем дело? - 19.08.2026,https://mlyn.by/19082026/v-uzde-lyudi-zanimayut-ochered-v-avtolavku-s-6-utra-v-chem-delo,EVT-975a202b67ab,2,1,NO,NO,train
HIGH,,,,SILVER,"Заголовок прямо фиксирует конкретную жалобу, нарушение или социально-экономическую проблему.","[…] «Сезон начался 🔥 Как вам такая утилизация мусора на участке?» — подписала видео редакция. […] Возможно, хозяин сжигал мусор, а возможно — растительные остатки после работ в огороде. Поэтому утверждать, что речь именно о бытовом мусоре, было бы неправильно. […] «У меня соседи бутылки пластиковые жгут — вонь химическая ужас, подходила, говорила — результат нулевой. Палки, ветки, траву, листья жгите, но не химию…» , — пожаловалась одна из участниц обсуждения. Другие предположили, что на видео вообще не мусор, а остатки растений после уборки огорода. То есть само видео породило больше вопросов, чем ответов: что именно горело, были ли соблюдены правила и мешал ли дым людям на дороге и соседям. […]",KEEP,,RQ-2278539c0e6c,SILVER,,,2026-08-19T13:58:41+00:00,,,REVIEWED,BGmedia,Смог на дороге и химическая вонь: почему выжигание ботвы и мусора в Дзержинске вызвало гнев в сети? — BGmedia,https://bgmedia.site/society/v-dzerzhinske-sporyat-o-kostre-na-chastnom-podvore,EVT-14b7f2c1b856,1,1,NO,YES,train
HIGH,,,,SILVER,"Заголовок прямо фиксирует конкретную жалобу, нарушение или социально-экономическую проблему.","Минчане прекрасно знают: если у тебя нет льгот, то своей очереди на строительство жилья с господдержкой можно ждать очень долго. Иногда продвижению в общем списке способствуют не только приятные факторы, как, например, пополнение в семействе, но и проблемы со здоровьем. Так и произошло в случае с минчанином, живущим в Октябрьском районе. […] Женщина рассказала, что ее сын два года лечился от туберкулеза. Поскольку эта болезнь входит в список заболеваний, при которых опасно проживать в одной комнате с другими людьми, сына перевели в очередь для льготников. Да и как по-другому, если в однушке живут сразу пять человек. Правомерно ли это, и хотела уточнить женщина. […]",KEEP,,RQ-7a0a7517d667,SILVER,,,2026-08-19T13:52:27+00:00,,,REVIEWED,Onlíner,Парень вылечился от серьезной болезни и потерял льготную очередь на жилье. Все честно? - Недвижимость Onlíner,https://realt.onliner.by/2026/08/19/vylechilsya-ot-sereznoj-bolezni,EVT-ed002b6131d2,2,1,NO,NO,train
HIGH,,,,SILVER,"Редакционный второй проход: подтверждена конкретная белорусская проблема, жалоба или нарушение.","[…] — Вы бдите, чтобы трава на участках граждан была не выше 15 сантиметров. […] У себя надоело ждать милости, деревенское кладбище сам чищу, но, уважаемые «слуги народа», не пора ли и вам покинуть кабинеты да совершить выезды на поля? Заодно и покосите, а?» Пользователи соцсети идею поддержали, но высказали сомнения, что она будет реализована. Сайт Charter97.org приводит некоторые комментарии: — Местные власти, даже если прочтут это, сделают вид, что не читали. […] К зиме приедут. — Недавно раздается звонок, и неприятный голос с не менее неприятной интонацией вещает, что мне необходимо очистить свой участок от борщевика и золотарника, иначе штраф. Сходила специально посмотрела, может за ночь выросло? […]",KEEP,,RQ-a07f15feaee0,SILVER,,,2026-08-19T13:36:06+00:00,,,REVIEWED,Хартия-97,«Не пора ли вам покинуть кабинеты?»,https://charter97.org/ru/news/2026/8/19/695325,EVT-8c9028057cfa,1,1,NO,YES,train
HIGH,,,,SILVER,Редакционный второй проход: нет подтвержденной проблемы в предметной области S-monitor.,"[…] BGmedia проверило актуальные прайсы нескольких клиник Стамбула и сравнило их с брестскими. Пересадку волос в Брестской областной больнице начали проводить методом FUE — Follicular Unit Extraction. Это малоинвазивная технология, при которой отдельные волосяные фолликулы, или графты, по одному извлекают из донорской зоны и переносят туда, где волосы отсутствуют или заметно поредели. В качестве донорской зоны обычно используют затылок и боковые части головы. Больших разрезов и швов при таком способе нет. […] По его словам, один обходится примерно в два-три рубля, поэтому типичная стоимость процедуры составляет около шести-девяти тысяч рублей. Врач при этом обращает внимание на отсутствие дополнительных платежей: пациент заранее знает итоговую сумму, а отдельно платить за анестезию, расходные материалы или перевязки не приходится. […]",REJECT,,RQ-6a666591a7e8,SILVER,,,2026-08-19T12:58:01+00:00,,,REVIEWED,BGmedia,Пересадка волос в Бресте: сравнили цены с клиниками Турции — BGmedia,https://bgmedia.site/society/peresadka-volos-brest-ceny-sravnenie-turciya,EVT-f0bb7dfa76cb,3,1,NO,YES,train
HIGH,,,,SILVER,"Заголовок прямо фиксирует конкретную жалобу, нарушение или социально-экономическую проблему.","[…] Одна из участниц обсуждения утверждает, что три дня подряд пыталась дозвониться. Каждый раз, когда очередь доходила до нее, талоны уже заканчивались. «На четвертый день поехала в поликлинику, приехала к 7 и уже в очереди была 22-я» , — рассказала она. По ее мнению, в такой ситуации проще сразу ехать в поликлинику, чем тратить часы на телефонные попытки. Другие пользователи советовали попробовать записаться после 12 часов или проверить наличие талонов через «Талон.by». […] Там работу стоматологического отделения местной ЦРБ также обсуждали жители города, жаловавшиеся на регистратуру и нестабильную электронную запись. […] Но тогда родителю приходится занимать очередь с самого утра и тратить на это время. […]",KEEP,,RQ-648b9d1286c6,SILVER,,,2026-08-19T11:59:22+00:00,,,REVIEWED,BGmedia,320 автовызовов и очередь с 6 утра: как детская стоматология в Бресте оставляет детей без медицинской помощи — BGmedia,https://bgmedia.site/society/pochemu-talon-k-detskomu-stomatologu-v-breste-prevrashhaetsya-v-kvest,EVT-d42a97516c9f,1,1,NO,YES,train
HIGH,,,,SILVER,"Редакционный второй проход: подтверждена конкретная белорусская проблема, жалоба или нарушение.","[…] Пасажыры скардзіліся на непразрыстыя вітражы: каб сачыць за транспартам, даводзіцца выходзіць з прыпынку. […] Сярод асноўных тэм свята ўлады назвалі год беларускай жанчыны, 85-годдзе пачатку Вялікай Айчыннай вайны, юбілеі класікаў беларускай літаратуры і пяцігодку якасці. […] Напрыклад, ён ухваляў пазбаўленне ліцэнзіі выдавецтва «Логвінаў». Пры гэтым яго ўласная творчасць неаднаразова станавілася прадметам кпінаў і скандалаў праз якасць тэкстаў і вельмі спецыфічныя сцэны ў раманах. У 2022 годзе Лукашэнка прысвоіў яму званне народнага пісьменніка Беларусі — рашэнне таксама выклікала нямала пытанняў у незалежным літаратурным асяроддзі. Таму называць Чаргінца «народным» можна перш за ўсё ў сэнсе афіцыйнага звання, атрыманага ад дзяржавы. […]",KEEP,,RQ-907e436e0d9f,SILVER,,,2026-08-19T11:25:17+00:00,,,REVIEWED,BGmedia,У Касцюковічах з’явіліся прыпынкі з беларускімі пісьменнікамі. Але Дзень пісьменства не пройдзе без ідэалогіі — BGmedia,https://bgmedia.site/society/u-kasczyukovichah-zyavilisya-prypynki-z-belaruskimi-pismennikami,EVT-72f193ea3e56,1,1,NO,YES,train
HIGH,,,,SILVER,Очевидно нерелевантный жанр или событие вне предмета S-monitor.,"[…] Жильцы отреагировали тревожно. Коммунальщики, как сообщается, перекрыли доступ к козырьку. Но при этом предупредили: полностью исключить такие случаи сложно. […] И действительно, если подросток решил проводить время на крыше или козырьке, речь уже не только о нарушении правил поведения. Вопрос в том, чем может закончиться один неудачный шаг. Однако далеко не все пользователи увидели в истории серьезную проблему. […] В ответ другой участник обсуждения иронично заметил, что рулоны линолеума, мол, каждый день из окон не летают. […]",REJECT,,RQ-b090c19a189d,SILVER,,,2026-08-19T11:07:19+00:00,,,REVIEWED,BGmedia,В Борисове подростки устроили пивную вечеринку на козырьке: как отреагировало общество? — BGmedia,https://bgmedia.site/society/podrostki-na-kozyrke-doma-v-borisove-vyzvali-spor-v-seti,EVT-f17db6cd9ef8,1,1,NO,YES,train
HIGH,,,,SILVER,Очевидно нерелевантный жанр или событие вне предмета S-monitor.,"[…] – В садах и школах детям обычно заранее к месяцу рождения выдают «бегунок» – направление с перечнем врачей, которых нужно пройти по возрасту, – пояснила заведующая. […] Педиатр проводит комплексную оценку состояния здоровья, дает рекомендации по режиму, питанию, определяет группу для занятий физкультурой и выписывает справку. […] – Или распланировать все визиты на два дня. Дети до 3 лет приходят на диспансеризацию в кабинет №10 детской консультации по живой очереди Важное новшество, которое облегчает жизнь родителям: при проведении диспансеризации учитываются результаты осмотров, выполненных в течение 12 месяцев, предшествующих месяцу обследования. Что это значит на практике? […] – Ситуация: ребенок родился в марте, прошел диспансеризацию по возрасту в месяц рождения, а в сентябре идет в школу. […] Единственное предостережение: если родители сомневались, идти ли в школу, и прошли только минимальный перечень по возрасту в марте, а потом летом решили, что пойдут, тогда придется дополнительно пройти недостающих специалистов. […]",REJECT,,RQ-9cf746792656,SILVER,,,2026-08-19T10:30:00+00:00,,,REVIEWED,Дзяржынская праўда,Можно ли получить медсправку в школу и сад без очередей и нервов: как родителям избежать ошибок при диспансеризации - 19.08.2026,https://dzr.by/19082026/mozhno-li-poluchit-medspravku-v-shkolu-i-sad-bez-ocheredej-i-nervov-kak-roditelyam-izbezhat-oshibok-pri-dispanserizaczii,EVT-47985f86cd88,1,1,NO,YES,train
HIGH,,,,SILVER,"Заголовок прямо фиксирует конкретную жалобу, нарушение или социально-экономическую проблему.","В соцсетях беларусы активно обсуждают стоимость автобусных билетов из Минска в Вильнюс. Пользователи обращают внимание, что поездка на относительно небольшое расстояние иногда обходится заметно дороже, чем дорога до Варшавы. Многие недовольны. Сколько сейчас стоят билеты в Вильнюс? […] Расстояние между городами – около 190 км, а дорога занимает в среднем 3-4 часа. Для сравнения: самый дорогой билет из Минска в Варшаву на ближайшие недели стоит около 170 рублей, хотя расстояние между городами почти в три раза больше – примерно 550 км. В соцсетях беларусы активно жалуются на высокие цены О ценах на автобусы из Минска в Вильнюс сейчас много говорят в Threads. […]",KEEP,,RQ-450bb6d5ad53,SILVER,,,2026-08-19T09:39:14+00:00,,,REVIEWED,CityDog,Беларусы жалуются на дорогие автобусные билеты из Минска в Вильнюс. Сколько они стоят?,https://citydog.io/post/cena-bilet,EVT-15c4e27cc27f,1,1,NO,YES,train
HIGH,,,,SILVER,Очевидно нерелевантный жанр или событие вне предмета S-monitor.,"[…] Само направление агроэкотуризма официально существует минимум лет 20, но сейчас мы наблюдаем работу новой структуры – Национального агентства по туризму, которое создано по инициативе нынешнего правительства. На отрасль обратили пристальное внимание, потому что в стране вырос как внутренний спрос на агроусадьбы, так и увеличились поездки туристов из России. Практически все традиционные для СНГ направления (ЕС, Крым, Турция, Египет) сейчас либо подорожали, либо испытывают проблемы с визами, логистикой, безопасностью и стоимостью авиационного топлива. Поэтому по соотношению цена–качество белорусское предложение достаточно выгодное. Вместе с тем, цены в сезон все равно крайне высокие, потому что спрос на комфортные домики сильно превышает предложение. […] Многие организации ведут стройку своими силами, то есть кредитные деньги, по сути, частично идут работникам организации либо, что тоже хорошо, остаются в том же населенном пункте. […]",REJECT,,RQ-b1f70742f361,SILVER,,,2026-08-19T09:32:00+00:00,,,REVIEWED,Минская правда,Льготный кредит 5% до 10 лет без лимита – разбираем новый указ об агроэкотуризме - 19.08.2026,https://mlyn.by/19082026/lgotnyj-kredit-5-do-10-let-bez-limita-razbiraem-novyj-ukaz-ob-agroekoturizme,EVT-5f12031887f2,1,1,NO,YES,train
HIGH,,,,SILVER,Исправлено при полном редакционном аудите заголовка и извлеченного текста.,[…] Работать без такого включения в Беларуси запрещено. Проверка также выявила проблемы с организацией медицинской помощи и санитарными требованиями. В лагере не было медработника и договора на медицинское обслуживание. […],KEEP,,RQ-f2dee9b37a02,SILVER,,,2026-08-19T08:29:42+00:00,,,REVIEWED,Onlíner,Трое взрослых обучали детей каратэ в агроусадьбе: в Минской области нашли нелегальный лагерь - Люди Onlíner,https://people.onliner.by/2026/08/19/nelegalnyj-lager,EVT-d77ce87639c6,1,1,NO,YES,train
HIGH,,,,SILVER,"Заголовок прямо фиксирует конкретную жалобу, нарушение или социально-экономическую проблему.","История с затопленными подвалами дома №22Б на улице Мовчанского в Молодечно получила продолжение. После многочисленных жалоб жильцов коммунальщики наконец активизировались: начали ежедневно проверять подвалы и засыпали их опилками. Правда, полностью проблему решили только в одном подъезде. Во втором канализационная вода и неприятный запах остались. Как ранее писало BGmedia, жители пятиэтажки рассказывали, что проблемы с канализацией продолжаются около пяти лет. Подвалы регулярно затапливает, запах распространяется по подъездам и квартирам, а один из жильцов Владимир утверждал, что за эти годы около 30 раз самостоятельно прочищал канализацию проволокой, оставленной сантехниками. После очередной жалобы ситуация неожиданно сдвинулась с места. […]",KEEP,,RQ-58f1fdb9d96b,SILVER,,,2026-08-19T08:23:26+00:00,,,REVIEWED,BGmedia,Подвал дома на Мовчанского в Молодечно продолжает затапливать водой с фекалиями — BGmedia,https://bgmedia.site/news/v-molodechno-posle-zhalob-zasypali-podvaly-opilkami,EVT-8ea81f538bd6,2,1,NO,NO,train
HIGH,,,,SILVER,"Редакционный второй проход: подтверждена конкретная белорусская проблема, жалоба или нарушение.","В связи с широким обсуждением в социальных сетях вопросов, связанных со сбросом дождевых и талых вод от усадебной (жилой) застройки, Министерство природных ресурсов и охраны окружающей среды Республики Беларусь сообщает следующее. Новой редакцией Водного кодекса Республики Беларусь (в редакции Закона Республики Беларусь от 1 июня 2026 г. № 148-З) не меняются действующие подходы к сбросу дождевых или талых вод гражданами. Как в новой, так и в действующей редакции Водного кодекса определено, что воды, образующиеся при выпадении жидких атмосферных осадков, таянии снега, которые поступают в водосточные желоба, трубы, кровельные сливы и другие подобные конструкции, установленные на зданиях, и которые далее отводятся с территории частного домовладения на рельеф местности, не являются сточными водами . Сброс таких вод на рельеф местности не является нарушением требований законодательства в области охраны и использования вод и основанием для применения мер административной ответственности к физическим лицам.",KEEP,,RQ-0c4cff8c760a,SILVER,,,2026-08-19T08:05:00+00:00,,,REVIEWED,Смолевичи-24,Будут ли наказывать за неправильную утилизацию дождевой воды - 19.08.2026,https://smolevichi-24.by/19082026/budut-li-nakazyvat-za-nepravilnuyu-utilizacziyu-dozhdevoj-vody,EVT-ce4763356a9c,4,1,NO,NO,train
HIGH,,,,SILVER,Очевидно нерелевантный жанр или событие вне предмета S-monitor.,"[…] Кроме садовых деревьев и кустарников, есть грядка помидор, огурцов, картошки немного, только для того, чтобы, когда летом собираемся, можно было накопать и наварить своей, свеженькой. Есть банька, газон, прекрасный дворик просторный. […] Соток девять занимает огород, соток пять отвели под сад, посадили молодые деревья. А дед мой засевал не только эти 24 сотки – у него еще был участок напротив, через улицу. […] Нет, это не для меня – сидеть 11-12 часов в самолете, это не отдых. Вот когда был свободный проезд в Украину, я любил на своей машине ездить в Крым, мы наверное, больше десяти раз там были. Это мне нравилось. […]",REJECT,,RQ-943348d1d843,SILVER,,,2026-08-19T07:46:52+00:00,,,REVIEWED,МогилёвОнлайн,"Станислав Бородавко, бывший председатель Могилевского горисполкома: «Считаю, что правильный путь выбрал»",https://magilev.by/news/2026/08/19/stanislav-borodavko-byvshij-predsedatel-mogilevskogo-gorispolkoma-schitayu-chto-pravilnyj-put-vybral,EVT-b5ba35b610f1,1,1,NO,YES,train
HIGH,,,,SILVER,Редакционный второй проход: нет подтвержденной проблемы в предметной области S-monitor.,"Мы попросили нейросеть проанализировать, как обмелела Припять, и показать, как выглядели бы другие водоемы, если бы потеряли такой же процент воды.",REJECT,,RQ-7b8d8813404a,SILVER,,,2026-08-19T07:33:00+00:00,,,REVIEWED,Zerkalo.io,"Фотографии Припяти пугают. А что, если бы вдруг так обмелели и другие водоемы Беларуси - представили, как бы это могло быть",https://news.zerkalo.io/life/134521.html,EVT-1496634b4aec,7,2,YES,YES,train
HIGH,,,,SILVER,"Редакционный второй проход: подтверждена конкретная белорусская проблема, жалоба или нарушение.","Жительница Дзержинска возмутилась тем, что сотрудники магазина «Ами Мебель» закрыли двери в 18:56, хотя согласно вывеске торговый объект работает до 19:00. Посетительница успела снять видео, где показывает актуальное время, и выложить пост в Threads, рассчитывая на поддержку. Однако аудитория интерпретировала ситуацию с точностью до наоборот — и вчерашняя покупательница оказалась в меньшинстве. […] Сама работала в торговле, но теперь понятно, почему там всегда нет покупателей, — эмоционально написала женщина, приложив кадры с наручных часов, где четко видно циферблат. Однако комментаторы, вместо того чтобы негодовать вместе с автором, почти единодушно встали на сторону работников магазина. […] Общественное мнение оказалось жестким: покупательница, по мнению большинства, нарушила неписаный этикет, а ее претензия показалась неуместной. […] Все покупатели, уже находившиеся в помещении, должны быть обслужены, а касса продолжает работу до расчета с последним из них. […]",KEEP,,RQ-9006c0b5b0e5,SILVER,,,2026-08-19T06:29:02+00:00,,,REVIEWED,Дзяржынская праўда,Могут ли не пустить в магазин за 5 минут до закрытия? Разбираем закон и инцидент в «Ами Мебель» в Дзержинске - 19.08.2026,https://dzr.by/19082026/mogut-li-ne-pustit-v-magazin-za-5-minut-do-zakrytiya-razbiraem-zakon-i-inczident-v-ami-mebel-dzerzhinsk,EVT-3ac251f72556,1,1,NO,YES,train
HIGH,,,,SILVER,Редакционный второй проход: нет подтвержденной проблемы в предметной области S-monitor.,"[…] На «Куфаре» на даты фестиваля осталось всего несколько вариантов, а стоимость ночи варьируется от 800 до 2000 рублей. В Threads белорусы спорят о таких ценах: одни возмущаются, другие считают, что владельцы квартир просто пользуются высоким спросом и имеют право на нем заработать, пишет Hrodna.life . Одна из пользовательниц Threads показала вариант квартиры в Лиде стоимостью в 2000 рублей и пошутила, что за такие деньги готова сама отвезти гостей из Лиды в Гродно, где жилье обойдется дешевле. […] Цены в найденных предложениях — от 800 до 2000 рублей за одну ночь. […]",REJECT,,RQ-4e56bf128739,SILVER,,,2026-08-18T18:10:21+00:00,,,REVIEWED,Хартия-97,«Дайте людям скосить денег»,https://charter97.org/ru/news/2026/8/18/695228,EVT-d4d5312b6ae1,1,1,NO,YES,train
HIGH,,,,SILVER,Исправлено при полном редакционном аудите заголовка и извлеченного текста.,"Масштабная проверка МАРТ показала , что лампы отечественного производства практически отсутствуют на полках магазинов, за исключением единичных случаев. Специалисты ведомства совместно с инспекторами Госстандарта посетили более 20 торговых объектов в областных центрах и Слуцке, продающих электрические лампы. Нарушения выявили практически в каждом магазине. Главной проблемой стало отсутствие на полках магазинов белорусской продукции. Так, в Могилеве отечественные лампы общего назначения обнаружили лишь в одном из шести проверенных объектов. В то же время один из магазинов Гродно предлагал более 60 наименований белорусских ламп. Это, по оценке министерства, говорит о том, что соблюдать требования обязательного ассортиментного перечня в принципе возможно. […]",KEEP,,RQ-40cc7c326247,SILVER,,,2026-08-18T07:42:09+00:00,,,REVIEWED,Виртуальный Брест,"Где белорусские лампы? МАРТ обнаружил, что товар в магазинах почти не найти",https://virtualbrest.ru/news189585.php,EVT-b38a04f4b629,1,1,NO,YES,train
HIGH,,,,SILVER,"Заголовок прямо фиксирует конкретную жалобу, нарушение или социально-экономическую проблему.","В данном случае заказчиком и ответственным лицом по выполнению социального стандарта по уличному освещению выступает местный орган власти (сельский совет, сельский исполнительный комитет, районный исполнительный комитет). Филиалы электрических сетей РУП «Гродноэнерго», выполняя письменные заявки местных органов власти, являются лишь техническими исполнителями в части эксплуатации уличного освещения. В случае возникновения каких-либо нареканий или вопросов по работе уличного освещения граждане должны обращаться в местный орган власти, на территории которого находится сельский населенный пункт. Телефоны для обращений можно посмотреть по ссылке на сайте . Заявки в местном сельском совете регистрируются, обрабатываются и направляются в соответствующий район электрических сетей для восстановления работоспособности уличного освещения.",KEEP,,RQ-3387900fbf1c,SILVER,,,2026-08-18T07:05:59+00:00,,,REVIEWED,ВГР,"Куда обращаться, если не работает уличное освещение в деревне — Вечерний Гродно",https://vgr.by/2026/08/18/kuda-obrashhatsya-esli-ne-rabotaet-ulichnoe-osveshhenie-v-derevne,EVT-27568a7f329e,1,1,NO,YES,train
HIGH,,,,SILVER,"Редакционный второй проход: подтверждена конкретная белорусская проблема, жалоба или нарушение.","Это касается полуфабриката рубленого из свинины мясного формованного (колбаса «Аппетитная» замороженного) и колбасы «Свиная» замороженная. Оба продукта производят Каменецкий цех по приготовлению мясных полуфабрикатов Брестской межрайонной торговой базы. В полуфабрикатах были обнаружены бактерии группы кишечной палочки в количестве 0,0001 г, что недопустимо, сообщается в реестре опасной продукции Госстандарта. В связи с этим, действует полный запрет на ввоз и обращение этих товаров. В полуфабрикатах были обнаружены бактерии группы кишечной палочки в количестве 0,0001 г, что недопустимо, сообщается в реестре опасной продукции Госстандарта. В связи с этим, действует полный запрет на ввоз и обращение этих товаров. […]",KEEP,,RQ-43a3a6f6e1fc,SILVER,,,2026-08-18T06:50:45+00:00,,,REVIEWED,МогилёвОнлайн,В белорусской колбасе нашли кишечную палочку,https://magilev.by/news/2026/08/18/v-belorusskoj-kolbase-nashli-kishechnuyu-palochku,EVT-48a4236a3e31,1,1,NO,YES,train
HIGH,,,,SILVER,Редакционный второй проход: нет подтвержденной проблемы в предметной области S-monitor.,"Прокуратурой Борисовского района проведена проверка соблюдения законодательства, направленного на трудоустройство родителей, обязанных возмещать расходы, затраченные государством на содержание детей, находящихся на государственном обеспечении. […] Вместе с тем констатируется, что на территории района не в полном объеме налажена система работа по исполнению требований действующего законодательства по работе с обязанными лицами. Так, не всегда принимаются надлежащие меры по трудоустройству и установлению местонахождения обязанных лиц, оказанию содействия в прохождении ими медицинского осмотра, не обеспечивается контроль за деятельностью нанимателей, которыми не всегда направляется информация об отсутствии обязанного лица на рабочем месте, не принимаются меры по установлению причин и условий совершению последними прогулов, доставке к месту работы. По результатам проверки прокуратурой района внесено представление в Борисовский райисполком, в котором потребовала устранить выявленные нарушения, а также причины и условия, которые им способствовали. […]",REJECT,,RQ-3eafeb709269,SILVER,,,2026-08-18T06:44:23+00:00,,,REVIEWED,Белновости,"Неполный охват трудоустройством, отсутствие контроля за прогулами — прокуратура потребовала исправить",https://www.belnovosti.by/obshchestvo/nepolnyy-ohvat-trudoustroystvom-otsutstvie-kontrolya-za-progulami-prokuratura,EVT-e135cb565683,1,1,NO,YES,train
HIGH,,,,SILVER,"Редакционный второй проход: подтверждена конкретная белорусская проблема, жалоба или нарушение.","В Беларуси за слив дождевой воды с крыш будут штрафовать? В Минприроды объяснили Сейчас в соцсетях активно обсуждают сброс дождевых и талых вод с частных домов. Якобы владельцев скоро будут наказывать. В Минприроды вышли с официальным комментарием. «Новой редакцией Водного кодекса Республики Беларусь не меняются действующие подходы к сбросу дождевых или талых вод гражданами», — объяснили в ведомстве. Там также отметили, что это не сточные воды, а естественные осадки, которые попадают в желоба, трубы и кровельные сливы, а затем стекают на землю. Поэтому их сброс не является нарушением закона и основанием для привлечения к ответственности собственников.",KEEP,,RQ-0cc97610e272,SILVER,,,2026-08-18T05:35:57+00:00,,,REVIEWED,Могилёв Online,В Беларуси за слив дождевой воды с крыш будут штрафовать?,https://t.me/mogilevonline/122898,EVT-ce4763356a9c,4,1,NO,NO,train
HIGH,,,,SILVER,Редакционный второй проход: нет подтвержденной проблемы в предметной области S-monitor.,"[…] Пост вызвал бурную реакцию. Многие стали возмущаться, что идет перевод продуктов. Некоторые не понимали, зачем столько закатывать. […] Зачем?"" ""Я несу к магазину алкашам на закуску"" ""А вовремя раздать не пробовали, или лучше выбросить?"" ""Нет, у меня не так! […] Переводить продукты очень дорогое удовольствие"" ""Зачем вы так делаете... […]",REJECT,,RQ-677ef2dd6936,SILVER,,,2026-08-18T05:05:58+00:00,,,REVIEWED,Виртуальный Брест,«У меня инфаркт»: белоруска уничтожила огромное количество закаток – шок контент,https://virtualbrest.ru/news189563.php,EVT-66f8ab6ca687,1,1,NO,YES,train
HIGH,,,,SILVER,Очевидно нерелевантный жанр или событие вне предмета S-monitor.,"[…] Однако для многих это желание не реализуется из-за ""различных препятствий"", что также показывают недавние исследования, опубликованные в Reproductive BioMedicine Online. На это влияют неопределенность с доходами и дефицит жилья. ""Люди, живущие в арендном жилье, а также жители более дорогих регионов заводят меньше детей"", - отмечает Танья Трааг, главный социолог статистического ведомства CBS. […] В сфере здравоохранения это приводит к росту спроса на работников, в то время как количество работающих людей сокращается. […] Например, молодым родителям предоставляется финансовая поддержка, а также планируется эксперимент с более гибким рабочим графиком. […] Необходимы амбициозные меры, которые помогли бы родителям реализовать свои планы относительно семьи, считают исследователи.",REJECT,,RQ-74b42f848542,SILVER,,,2026-08-18T04:49:50+00:00,,,REVIEWED,Виртуальный Брест,В Нидерландах значительно снизилась рождаемость,https://virtualbrest.ru/news189557.php,EVT-ac08e8812805,1,1,NO,YES,train
HIGH,,,,SILVER,Редакционный второй проход: нет подтвержденной проблемы в предметной области S-monitor.,"[…] Заместитель главного врача по организационно-методической работе Республиканского клинического стоматологического центра - Университетской клиники Владимир Близнюк рассказал БЕЛТА, как уберечь зубы ребенка, если он любит сладкое. […] Хотя бы два глотка. Врачи бьют тревогу. Мамы добавляют сахар в смесь, чтобы ребёнок лучше ел. […] Заместитель главного врача центра Владимир Близнюк приводит простой расчёт. […] Контролируемая чистка: врач показывает на модели, потом ребёнок чистит под таймер. […] Спросите врача про герметизацию фиссур — это запечатывание жевательных ямок. […]",REJECT,,RQ-bea81ad3c512,SILVER,,,2026-08-18T04:22:46+00:00,,,REVIEWED,Белновости,Как ребенку-сладкоежке уберечь зубы. Рекомендации стоматолога для родителей,https://www.belnovosti.by/deti/kak-rebenku-sladkoezhke-uberech-zuby-rekomendacii-stomatologa-dlya-roditeley,EVT-64049f43349f,1,1,NO,YES,train
HIGH,,,,SILVER,Очевидно нерелевантный жанр или событие вне предмета S-monitor.,"[…] Пока не узнал, что аскорбиновая кислота не выдерживает даже минуты в кипящей воде. […] Он легко окисляется, реагирует с кислородом, светом, металлами и высокой температурой. В воде он растворяется, но при нагревании молекула разрушается, превращаясь в дегидроаскорбиновую кислоту, которая уже не работает как витамин. Кипяток — 100 °C. […] Даже при 70 °C, если держать смородину в воде 15–20 минут, витамин С почти полностью окислится. […] Заваривайте их так же — не кипятком, а горячей водой 70–80 °C. […] Единственный способ — снизить температуру воды. […]",REJECT,,RQ-10447fc0e480,SILVER,,,2026-08-18T03:03:00+00:00,,,REVIEWED,Белновости,Почему чёрную смородину нельзя заливать кипятком: как сохранить витамин С при заваривании чая,https://www.belnovosti.by/krasota-i-zdorove/pochemu-chyornuyu-smorodinu-nelzya-zalivat-kipyatkom-kak-sohranit-vitamin-s-pri,EVT-a32628b678b8,1,1,NO,YES,train
HIGH,,,,SILVER,Массовое закрытие счетов граждан Беларуси зарубежным брокером.,"Клиенты инвестиционного сервиса Scalable Capital жалуются на массовое закрытие счетов лишь на основании гражданства: России или Беларуси. Они считают такую практику неправомерной, а сам случай - общественно значимым.",KEEP,,RQ-5395faec4ba7,SILVER,,,2026-08-17T17:56:00+00:00,,,REVIEWED,Zerkalo.io,Почему немецкий брокер отказывается от граждан Беларуси и России?,https://news.zerkalo.io/economics/134463.html,EVT-2e236bb7b5a4,1,1,NO,YES,train
HIGH,,,,SILVER,Очевидно нерелевантный жанр или событие вне предмета S-monitor.,"Экстремальное маловодье в Эльбе привело к опасной находке. Уровень воды в реке в районе Дрездена упал всего до 45 сантиметров, в результате чего из реки показалась 250-килограммовая авиабомба времён Второй мировой войны. Об этом сообщила газета Bild со ссылкой на местную полицию. Неразорвавшийся снаряд обнаружен на берегу Эльбы в пригороде Дрездена — Хайденау. […] Для обеспечения безопасности специалистов и жителей были эвакуированы прилегающие районы городов Хайденау и Пирна. […]",REJECT,,RQ-8066ff36d083,SILVER,,,2026-08-17T17:30:42+00:00,,,REVIEWED,БрестСИТИ,На обмелевшей Эльбе нашли советскую авиабомбу времён Второй мировой,https://brestcity.com/blog/na-obmelevshej-elbe,EVT-52ead799458f,1,1,NO,YES,train
HIGH,,,,SILVER,Очевидно нерелевантный жанр или событие вне предмета S-monitor.,"[…] В утиль или глубоко под землю отправляются плоды с явными следами гнили, парши и глубокими повреждениями вредителями. Наставлять из них заготовки нельзя, а оставлять под деревьями опасно — они станут источником инфекций для всего сада. В дело идут яблоки, сбитые ветром или опавшие от перезревания. […] В противном случае у питомцев возможны проблемы с пищеварением. […] Никогда не оставляйте гниющие яблоки ковром лежать под деревьями! […]",REJECT,,RQ-5026b0e85986,SILVER,,,2026-08-17T17:15:00+00:00,,,REVIEWED,Смолевичи-24,Шесть способов использовать опавшие яблоки с пользой - 17.08.2026,https://smolevichi-24.by/17082026/shest-sposobov-ispolzovat-opavshie-yabloki-s-polzoj,EVT-316d756a3fc3,1,1,NO,YES,train
HIGH,,,,SILVER,"Редакционный второй проход: подтверждена конкретная белорусская проблема, жалоба или нарушение.","«Коней от боли не двинула, но они проскакали где-то рядом», — так беларуска в Х описала процедуру, через которую ей пришлось пройти в больнице. Речь идет о кюретаже матки, а проще говоря — выскабливании, во время которого врач удаляет слой слизистой оболочки органа специальным инструментом. Случай не единичный: в Threads женщины тоже жалуются , как через такое проходили или они сами, или их соседки по палате. Но разве так должно быть? […] Это гинекологическая операция, название которой происходит от инструмента — кюретки, которая используется для ее выполнения. […] Поэтому якобы врачи решают обойтись без обезболивания — чтобы не вводить в кровоток пациентки лишние вещества. […] Так что, если все действительно было так, как описывает пациентка, это уже основание как минимум для официальной жалобы главному врачу медучреждения. […]",KEEP,,RQ-56aa0bc9a6e7,SILVER,,,2026-08-17T17:00:00+00:00,,,REVIEWED,Zerkalo.io,Что такое выскабливание матки и почему беларуски массово жалуются в соцсетях на эту процедуру? Собрали отзывы и спросили мнение врача,https://news.zerkalo.io/life/134421.html,EVT-ce282db48514,1,1,NO,YES,train
HIGH,,,,SILVER,Редакционный второй проход: нет подтвержденной проблемы в предметной области S-monitor.,"[…] В России стали покупать намного меньше топлива из Беларуси. […] При этом Мозырский и Новополцкий НПЗ суммарно производят около 3,5 млн т топлива, из которых более 2 млн т приходится на экспорт. […] т топлива. […] По его словам, это приведет к сокращению доступности топлива для трейдеров и независимых АЗС, поскольку у завода нет своих сетей на территории РФ и значительная часть его бензина реализовывалась через трейдеров. Эксперты считают, что снижение объемов топлива из Беларуси может быть компенсировано морскими поставками из Индии. Источники издания сходятся во мнении, что проблемы с топливом в России продолжатся и осенью. Развитие событий будет определять в том числе стабильность работы белорусских НПЗ.",REJECT,,RQ-a082b6008b15,SILVER,,,2026-08-17T16:37:07+00:00,,,REVIEWED,Виртуальный Брест,Крупнейший завод в Беларуси уйдет на ремонт – пострадать может Россия,https://virtualbrest.ru/news189548.php,EVT-7bbfa765cfcf,1,1,NO,YES,train
HIGH,,,,SILVER,"Редакционный второй проход: подтверждена конкретная белорусская проблема, жалоба или нарушение.","[…] Своей неудачной историей беларуска поделилась в Threads. Оказалось, проблемы с бронированием жилья на сутки вовсе не редкие — нашли еще не один такой случай и рассказываем, как советуют поступать в подобной ситуации сами сервисы. Выходные 15 и 16 августа Татьяна с мужем и двумя детьми решили провести в Могилеве. […] Какие последствия были для владельца жилья, женщина не уточнила, но рассказала, что представители портала предложили ей еще один вариант квартиры. Семье он не подошел, но претензий к сервису не было. На улице беларусы тоже не остались : «Загуглили просто „снять квартиру в Могилеве“. И нам выдало номера телефонов. […]",KEEP,,RQ-2e8a0d09481e,SILVER,,,2026-08-17T16:30:00+00:00,,,REVIEWED,Zerkalo.io,«Нас так же киданули в день нашей свадьбы». В Threads жалуются на посуточную аренду — и скучают по Booking,https://news.zerkalo.io/life/134434.html,EVT-4d53d9095335,1,1,NO,YES,train
HIGH,,,,SILVER,Редакционный второй проход: нет подтвержденной проблемы в предметной области S-monitor.,"[…] Страна, как ни удивительно, подошла бразильскому темпераменту, поэтому молодые люди приняли решение жить здесь. В Беларуси Энди удивляют банальные вещи — например, пунктуальность общественного транспорта или отсутствие мусора на асфальте. А еще его поразила советская архитектура. […]",REJECT,,RQ-0b20b4a623b5,SILVER,,,2026-08-17T15:39:00+00:00,,,REVIEWED,Минская правда,"Бразилец рассказал, чем его удивила наша страна - 17.08.2026",https://mlyn.by/17082026/brazilecz-rasskazal-chem-ego-udivila-nasha-strana,EVT-530146c069e4,1,1,NO,YES,train
HIGH,,,,SILVER,Редакционный второй проход: нет подтвержденной проблемы в предметной области S-monitor.,"[…] Типичное утро биохакера: просыпается в 05:30, принимает ванну со льдом, потом сидит в ИК-сауне, чтобы увеличить стрессоустойчивость и поднять тестостерон. На завтрак закидывает горсть ноотропов и БАДов, чтобы не тупить и восполнить все дефициты. Он точно знает, сколько часов спал в каждые сутки на прошлой неделе, каковы уровни глюкозы и кислорода в его крови, а также средний пульс за день. […] Чаще термин «биохакинг» воспринимают как попытку продлить жизнь и улучшить здоровье за счёт новых технологий. Бизнесмен Дейв Аспрей, который называет себя «отцом биохакинга», на своём сайте рассказывает, как он преодолел проблемы со здоровьем, похудел и увеличил IQ с помощью разных методов. Аспрей чего только не продаёт: очки, которые блокируют «мусорный» свет и якобы помогают наладить сон; особый кофе, который что-то восстанавливает и убирает токсины; пятидневную программу, которая заменяет 40 лет медитации. Также он проводит конференции по биохакингу, где спикеры рассказывают про разные новинки сферы. […]",REJECT,,RQ-c448dd3d1896,SILVER,,,2026-08-17T15:02:05+00:00,,,REVIEWED,Медиа-Полесье,Можно ли взломать организм по науке — Media-Polesyе,https://media-polesye.com/news/mozhno-li-vzlomat-organizm-po-nauke,EVT-e71af034eb02,1,1,NO,YES,train
HIGH,,,,SILVER,Редакционный второй проход: нет подтвержденной проблемы в предметной области S-monitor.,"[…] Девушка переехала в другой район Гомеля, стала на учёт в поликлинике по месту жительства. […] «Я вошла в кабинет и растерялась: врачом оказался молодой мужчина. […] К слову, девушка уже решила этот вопрос с администрацией медучреждения – её прикрепили к другому участку. «Белка» попросила прокомментировать ситуацию главного врача Гомельской городской поликлиники №2 Наталью Дмитриеву. По словам руководителя, нет никакой проблемы сменить врача: «В Законе о здравоохранении есть статья 41, где прописаны права пациентов. Согласно документу, пациент имеет право на выбор лечащего врача и организации здравоохранения. Достаточно написать заявление на имя руководителя медучреждения. […]",REJECT,,RQ-16f2f6f641c8,SILVER,,,2026-08-17T14:58:03+00:00,,,REVIEWED,Белка,"«Меня смутило, что терапевт – мужчина». Можно ли сменить врача в поликлинике?",https://belkagomel.by/2026/08/17/menya-smutilo-chto-terapevt-muzhchina-mozhno-li-smenit-vracha-v-poliklinike,EVT-63211b598eed,1,1,NO,YES,train
HIGH,,,,SILVER,"Редакционный второй проход: подтверждена конкретная белорусская проблема, жалоба или нарушение.","В соцсетях активно обсуждают новые правила сброса дождевых и талых вод для владельцев частных домов. Министерство природных ресурсов и охраны окружающей среды Беларуси поспешило успокоить граждан: никаких изменений в действующих подходах нет . Новая редакция Водного кодекса (Закон № 148-З от 1 июня 2026 года) сохраняет прежние нормы: • Вода, которая стекает во время дождя или таяния снега в желоба, трубы и кровельные сливы, а затем уходит с участка на землю (рельеф местности), не считается сточными водами . • Слив такой воды на рельеф местности — это абсолютно законно . Никаких штрафов или мер административной ответственности для физлиц за это не предусмотрено.",KEEP,,RQ-64633c649a64,SILVER,,,2026-08-17T14:50:14+00:00,,,REVIEWED,Виртуальный Брест,Минприроды разъяснило: штрафовать за слив дождевой воды с крыш частных домов не будут,https://virtualbrest.ru/news189540.php,EVT-ce4763356a9c,4,1,NO,NO,train
HIGH,,,,SILVER,"Заголовок прямо фиксирует конкретную жалобу, нарушение или социально-экономическую проблему.","<p>Мать подростка с инвалидностью пожаловалась в соцсетях, что школа потребовала сведения о том, куда ребенок делся после получения аттестата. Чиновники говорят, что они вынуждены собирать информацию о дальнейшей судьбе выпускников для общей базы, но уверяют: родители могут отказаться предоставлять эти сведения.</p>",KEEP,,RQ-f783a22824d3,SILVER,,,2026-08-17T14:24:00+00:00,,,REVIEWED,Белсат,«Чтобы было в общей базе». Беларуску возмутил сбор школой сведений о выпускниках,https://ru.belsat.eu/94895254/belarusku-vozmutil-sbor-shkoloj-svedenij-o-vypusknikah,EVT-407588c7cc6f,1,1,NO,YES,train
HIGH,,,,SILVER,"Редакционный второй проход: подтверждена конкретная белорусская проблема, жалоба или нарушение.","В Threads снова бурления — на этот раз кипят страсти вокруг состояния асфальта на улице Козлова в Солигорске, где природа пытается отвоевать себе пространство у городской инфраструктуры. — Солигорчане, вам не надоела эта дорога вдоль леса на Козлова? Так называемая «лыжероллерная дорога» — от этого названия ничего не осталось. […] На прикрепленных фото видно, что на некоторых участках дороги асфальтовое покрытие вздыблено из-за проходящих под ними корней деревьев. Если придерживаться точных ориентиров и корректных названий, то речь в посте все же не о специализированной лыжероллерной трассе (она находится рядом), а о пешеходной дорожке вдоль лесопарковой зоны по улице Козлова . […] — Планируемый срок выполнения работ по устранению неровностей на пешеходной дорожке вдоль лесополосы — до конца 2026 года, — прокомментировали в ЖКХ «Комплекс».",KEEP,,RQ-9e44c14e0582,SILVER,,,2026-08-17T13:58:00+00:00,,,REVIEWED,Минская правда,В Солигорске жалуются на состояние «лыжероллерной дороги». Будет ли решаться проблема? - 17.08.2026,https://mlyn.by/17082026/v-soligorske-zhaluyutsya-na-sostoyanie-lyzherollernoj-dorogi-budet-li-reshatsya-problema,EVT-644121616bbe,1,1,NO,YES,train
HIGH,,,,SILVER,"Заголовок прямо фиксирует конкретную жалобу, нарушение или социально-экономическую проблему.","[…] Так, под Брестом уже высохло целое озеро. А любимая многими Припять заметно обмелела. Фотограф Onlíner побывал в национальном парке «Припятский», чтобы показать, что сейчас происходит там, где мы привыкли видеть «бурные воды». Уровень воды в Припяти измеряют сразу в нескольких точках: специализированные гидропосты находятся в Наровле, Мозыре, Петрикове, Черничах, Качановичах и Пинске. Наш фоторепортаж из окрестностей Чернич — живописной деревни в Житковичском районе, которая расположена примерно в 500 метрах от одного из припятских пляжей. Жителей Чернич Припять обычно держит «в тонусе»: по весне, когда идет таяние снега и льда, воды так и норовят подобраться поближе к подворьям, затопить участки и постройки. В последние годы людям и природе как-то удавалось «договариваться», обходилось без беды. […]",KEEP,,RQ-0933c940979f,SILVER,,,2026-08-17T13:32:22+00:00,,,REVIEWED,Onlíner,Вы не узнаете Припять. Главная река Полесья серьезно обмелела - Недвижимость Onlíner,https://realt.onliner.by/2026/08/17/vy-ne-uznaete-pripyat-glavnaya-reka-polesya-serezno-obmelela,EVT-1496634b4aec,7,2,YES,NO,train
HIGH,,,,SILVER,Исправлено при полном редакционном аудите заголовка и извлеченного текста.,"[…] Установлено, что указанные аттракционы не соответствует требованиям безопасности. Выявлены нарушения целостности батутов: в материале игровой поверхности имеются отверстия, разрывы шва по периметру, через которые выходит воздух, отсутствует ударопоглащающее покрытие, что может привести к травмированию детей. […] Более того на батуте отсутствует маркировка с указанием типа и размера компрессора, максимального роста и числа пользователей, заводской номер, наименование и адрес поставщика. В аттракционном комплексе «БАТУТНАЯ АРЕНА» отсутствуют удерживающие металлические пружины по 1 штуке на каждой. В ходе проверки детского игрового комплекса «ЛАБИРИНТ» выявлены зазоры между горкой и ограждением горки, а также между платформой и стартовым участком горки, что может привести к риску застревания частей тела и одежды детей. Имеется трещина в боковой стенке комплекса, отмечено раскалывание древесины, из поверхности выступают резьбовые соединения, ослаблено крепление элемента напольного покрытия. […]",KEEP,,RQ-f745dce16827,SILVER,,,2026-08-17T12:54:15+00:00,,,REVIEWED,Kraj.by,"Прокуратура проверила детские аттракционы в крупном торговом центре - что обнаружила, 17.08.2026",https://news.kraj.by/20260817/prokuratura-proverila-attrakcziony-v-krupnom-torgovom-czentre-chto-obnaruzhila,EVT-71176b660185,1,1,NO,YES,train
HIGH,,,,SILVER,Очевидно нерелевантный жанр или событие вне предмета S-monitor.,"[…] Обследования назначает педиатр при необходимости. Чтобы оформить справку, нужно следующее: уточнить у тренера точное название вида спорта и требования к формулировке. записаться на прием к врачу-педиатру на основании полученных результатов осмотра и диагностики педиатр, при отсутствии противопоказаний, выдаст справку. Получить справку можно в поликлинике (для любительских секций) или в ГУ «РНПЦ спорта» (для профессионального спорта). Обследования назначает педиатр при необходимости. Чтобы оформить справку, нужно следующее: уточнить у тренера точное название вида спорта и требования к формулировке. записаться на прием к врачу-педиатру на основании полученных результатов осмотра и диагностики педиатр, при отсутствии противопоказаний, выдаст справку. […]",REJECT,,RQ-f657533e338b,SILVER,,,2026-08-17T12:31:10+00:00,,,REVIEWED,МогилёвОнлайн,Как правильно оформить медсправку для ребенка в спортивную секцию? Рассказываем,https://magilev.by/news/2026/08/17/kak-pravilno-oformit-medspravku-dlya-rebenka-v-sportivnuyu-sekciyu-rasskazyvaem,EVT-ef2fb630507d,1,1,NO,YES,train
HIGH,,,,SILVER,"Редакционный второй проход: подтверждена конкретная белорусская проблема, жалоба или нарушение.","[…] Жыхары звярнуліся да ўладаў для таго, каб знайсці прычыну назапашвання вады і ліквідаваць праблему, каб пасля кожнага дажджу лужа не ўзнікала нанова. Пасля звароту двор абследавалі спецыялісты Аршанскага райвыканкама. У адказе на зварот жыхароў тлумачыцца, што праблема звязаная не толькі з самім станам дарогі каля дома. Як высветлілася, каля дома ўвогуле няма ліўневай каналізацыі. Вада з даху сцякае на адмостку, а затым трапляе на дваровы праезд. Далей праз асаблівасці забудовы і рэльефу яна збіраецца з боку першага пад’езда. […] Гэта важна, бо менавіта пасля дажджу стане вядома, ці далі прынятыя меры чаканы вынік. […]",KEEP,,RQ-b4af5c8c1575,SILVER,,,2026-08-17T12:26:22+00:00,,,REVIEWED,BGmedia,Чаму праблему лужы каля пад’езда ў Барані вырашаюць толькі цяпер? — BGmedia,https://bgmedia.site/news/u-barani-ne-moguc-vyrashyc-prablemu-z-luzhaj,EVT-13ec00b6ffef,1,1,NO,YES,train
HIGH,,,,SILVER,"Редакционный второй проход: подтверждена конкретная белорусская проблема, жалоба или нарушение.","[…] Тоже обратите внимание». Другие с ним не согласились: по их мнению, отсутствие урны рядом не дает права бросать стаканчики и упаковки на землю. Мнения разделились и по поводу самого видео. Одни поблагодарили авторов за уборку и считают, что подобные случаи нужно показывать: «Людей надо воспитывать», «Правильно, что сняли и подняли эту тему», «Надеюсь, тем, кто бросал мусор, будет стыдно». Другие предложили установить камеры и штрафовать нарушителей. Нашлись и те, кто не поверил, что мусор могли оставить беларусы. […] Один из жителей заметил, что представление о беларусах как исключительно чистоплотных людях сильно преувеличено: если бы улицы и подъезды регулярно не убирали коммунальщики, мусора было бы значительно больше. […]",KEEP,,RQ-7feca81bba8e,SILVER,,,2026-08-17T12:02:16+00:00,,,REVIEWED,BGmedia,В Могилеве мусорят возле зарядки для электроавтомобилей возле ТЦ «Магнит»: кто? — BGmedia,https://bgmedia.site/news/v-mogileve-bloger-ubral-musor-u-zaryadki-dlya-elektromobilej,EVT-c14b8a3dc612,1,1,NO,YES,train
HIGH,,,,SILVER,Редакционный второй проход: нет подтвержденной проблемы в предметной области S-monitor.,"У Брэсцкай абласной бальніцы пачалі праводзіць перасадку валасоў. Як паведамляецца на сайце медыцынскай установы, гэта першая такая працэдура ў абласной бальніцы Беларусі. […] Паводле інфармацыі бальніцы, прыжывальнасць перасаджаных фалікулаў можа складаць 95–98%. […] Кошт працы з адным графтам складае прыкладна 2–3 рублі. Такім чынам, сярэдні кошт працэдуры складае 6–9 тысяч рублёў. Пры гэтым у бальніцы сцвярджаюць, што дадатковых плацяжоў за анестэзію, перавязачныя матэрыялы і іншыя расходнікі няма. «Чалавек прыходзіць і канкрэтна ведае, якую суму заплаціць — ні кроку ўправа, ні кроку ўлева», — адзначыў лекар. […]",REJECT,,RQ-9b3c56b03ce0,SILVER,,,2026-08-17T10:46:26+00:00,,,REVIEWED,BGmedia,Колькі каштуе перасадка валасоў у Брэсце і як праходзіць аперацыя? — BGmedia,https://bgmedia.site/news/u-bresckaj-balniczy-pachali-perasadzhvac-valasy,EVT-f0bb7dfa76cb,3,1,NO,NO,train
HIGH,,,,SILVER,"Редакционный второй проход: подтверждена конкретная белорусская проблема, жалоба или нарушение.","[…] Теперь, по его словам, колхоз начал запахивать землю под самый забор, перепахивая и подъездную дорогу. […] Дорога, о которой говорит мужчина, проходит вдоль поля и, судя по кадрам, остаётся проходимой, хотя трактор действительно приближается к ней вплотную. […] Чиновница пояснила, что дорога общего пользования не перепахивалась . […] В райисполкоме напомнили: аграрии обязаны соблюдать технологию обработки почвы, но вместе с тем несут ответственность за сохранность дорожного полотна при проведении сельхозработ. В данном случае претензий к состоянию дороги нет — она пригодна для проезда легкового транспорта. Вероника Пилецкая также отметила, что в Клецком районе ведётся постоянный диалог с жителями сельских населённых пунктов по вопросам землепользования. Если у граждан возникают сомнения относительно границ или порядка проведения полевых работ, они могут обратиться в местные органы власти для получения разъяснений. […]",KEEP,,RQ-de95b336010c,SILVER,,,2026-08-17T10:43:00+00:00,,,REVIEWED,Минская правда,В Клецком районе мужчина пожаловался на работу трактора – что ответили власти - 17.08.2026,https://mlyn.by/17082026/v-kleczkom-rajone-muzhchina-pozhalovalsya-na-rabotu-traktora-chto-otvetili-vlasti,EVT-35f6352279f4,1,1,NO,YES,train
HIGH,,,,SILVER,"Заголовок прямо фиксирует конкретную жалобу, нарушение или социально-экономическую проблему.","[…] По его словам, жители вынуждены выяснять, кто пришел раньше и у кого какой талон. «А всего-то нужно сделать электронную очередь, как везде практикуется в современном мире. Но нет, в Бобруйске надо пройти семь кругов ада, чтобы попасть к врачу». Особенно много претензий касается записи к терапевтам и узким специалистам. Жалуются и родители. При этом нашлись и те, кто не считает ситуацию катастрофической. Один из пользователей написал, что поликлиника «нормальная», а часть проблем, по его мнению, создают сами посетители, которые приходят заранее и затем конфликтуют из-за очереди. […]",KEEP,,RQ-9905e3b8bf4e,SILVER,,,2026-08-17T10:07:10+00:00,,,REVIEWED,BGmedia,Штурм регистратуры и очереди до вечера: почему в бобруйской поликлинике №7 пациенты ждут приема по 5 часов — BGmedia,https://bgmedia.site/society/bobrujchanka-pozhalovalas-na-7-yu-polikliniku,EVT-005fb6359b82,1,1,NO,YES,train
HIGH,,,,SILVER,Очевидно нерелевантный жанр или событие вне предмета S-monitor.,"Доля беларусов среди всех официально трудоустроенных иностранцев составляла 0,21%, в дефицитных сферах - 0,20%.",REJECT,,RQ-c3a51734cbd1,SILVER,,,2026-08-17T09:38:00+00:00,,,REVIEWED,Zerkalo.io,Каждый пятый - по дефицитной специальности. В Германии посчитали официально работающих беларусов,https://news.zerkalo.io/economics/134426.html,EVT-7d243fe46a88,1,1,NO,YES,train
HIGH,,,,SILVER,"Заголовок прямо фиксирует конкретную жалобу, нарушение или социально-экономическую проблему.","Житель Солигорска обратил внимание на состояние дороги вдоль леса на улице Козлова. […] Один из жителей рассказал, что его заявка по этой дороге находится в работе уже около двух месяцев. […] «Надоела! Очень тяжело по этой зубодробилке ехать» , — пожаловался один из жителей. К обсуждению подключились и те, кто считает, что отдельные неровности появились из-за корней деревьев. Однако автор публикации возразил: проблема, по его мнению, гораздо глубже. […] Поэтому вопрос выглядит вполне простым: если это действительно тротуар и важный маршрут для жителей, почему его состояние годами остается источником жалоб? […]",KEEP,,RQ-74e11fab5664,SILVER,,,2026-08-17T09:31:55+00:00,,,REVIEWED,BGmedia,Заявки висят месяцами: как солигорские коммунальщики игнорируют разбитый тротуар на улице Козлова — BGmedia,https://bgmedia.site/society/soligorchane-pozhalovalis-na-trotuar-vdol-lesa,EVT-7303c11d153a,1,1,NO,YES,train
HIGH,,,,SILVER,Редакционный второй проход: нет подтвержденной проблемы в предметной области S-monitor.,"[…] «Не знаю, к какой погоде готовились организаторы, но очень интересно получалось, что все волонтеры на точках стояли в тени, а ты должен “выстрадать” на солнцепеке с детьми. Принципиально обходили стороной такие “профессии”, хоть и были интересные», – пожаловалась Катя. «Сама идея классная, но да, первое – очереди. Мы просто уже не готовы были стоять. […] Чтобы купить хоть что-то минимальное, по ощущению, надо было весь день в очередях стоять на их заработок. Было мороженое, которое стоило более-менее по букидсам, и там, конечно, была просто огромная очередь, снова», – высказалась Дарья. «Фестиваль интересен для детей, но, на мой взгляд, это чистой воды рекламное мероприятие. […]",REJECT,,RQ-a624f3cca569,SILVER,,,2026-08-17T09:01:47+00:00,,,REVIEWED,CityDog,«Чистой воды рекламное мероприятие» или «гулять можно бесконечно»? Минчане поспорили о фестивале «Букидс»,https://citydog.io/post/bukids,EVT-8cb75de7b678,1,1,NO,YES,train
HIGH,,,,SILVER,"Редакционный второй проход: подтверждена конкретная белорусская проблема, жалоба или нарушение.","В Могилеве после вмешательства прокуратуры работникам пяти частных организаций выплатили около 55 тыс. рублей задолженности, сообщает пресс-служба прокуратура Могилевской области. Во время надзорных мероприятий прокуратура Могилева выявила факты невыплаты в установленный срок зарплаты работникам. Руководители пяти частных компаний не исполнили требования законодательства, в связи с чем перед 31 работником образовалась задолженность на общую сумму более 54,5 тыс. […] Вопросы своевременности и полноты выплаты заработной платы остаются на контроле прокурорских органов. Во время надзорных мероприятий прокуратура Могилева выявила факты невыплаты в установленный срок зарплаты работникам. Руководители пяти частных компаний не исполнили требования законодательства, в связи с чем перед 31 работником образовалась задолженность на общую сумму более 54,5 тыс. […]",KEEP,,RQ-e4dab4bf12dc,SILVER,,,2026-08-17T08:54:28+00:00,,,REVIEWED,МогилёвОнлайн,Вмешалась прокуратура: около 55 тысяч рублей задолженности вернули работникам пяти частных организаций в Могилеве,https://magilev.by/news/2026/08/17/vmeshalas-prokuratura-okolo-55-tysyach-rublej-zadolzhennosti-vernuli-rabotnikam-pyati-chastnyh-organizacij-v-mogileve,EVT-205aea8c8a56,1,1,NO,YES,train
HIGH,,,,SILVER,Редакционный второй проход: нет подтвержденной проблемы в предметной области S-monitor.,"С 1 сентября 2026 года более чем в 20 школах Беларуси стартует эксперимент. […] Учебная нагрузка по математике достигнет семи часов в неделю, для предметов разработают отдельные программы, а учителей обеспечат методической поддержкой. […] Сейчас в 8-9-х классах можно увеличивать часы на повышенный уровень, но по той же программе, что и для базового. Новый проект меняет подход: углубленное изучение предполагает два дополнительных часа на каждый из четырех предметов и собственную программу. При этом два часа, заложенные в учебный план для допрофильной подготовки, директора школ смогут распределять гибко — направить все на один предмет, поделить между двумя или даже разбить по полчаса. Министр образования подчеркнул: это не ноу-хау, а осмысленное обращение к советскому опыту профильного обучения, который хорошо зарекомендовал себя и сейчас активно применяется в России. […] В течение учебного года за экспериментом будут следить методисты Академии образования и Белорусского государственного педагогического университета. […]",REJECT,,RQ-7e591dfee379,SILVER,,,2026-08-17T08:46:29+00:00,,,REVIEWED,Белновости,Министерство образования Беларуси запускает эксперимент. Коснется 8-классников,https://www.belnovosti.by/obshchestvo/ministerstvo-obrazovaniya-belarusi-zapuskaet-eksperiment-kosnetsya-8-klassnikov,EVT-d325393dd154,1,1,NO,YES,train
HIGH,,,,SILVER,Очевидно нерелевантный жанр или событие вне предмета S-monitor.,"[…] Ну как так можно загорать во дворе 25-этажного ЖК? […] Это вообще законно?» — спрашивает молодой человек, прикладывая фото знойной красотки, которая расположилась на шезлонге посреди двора. Дело происходило в ЖК «Парк Челюскинцев», в обособленной его части: один «выгнутый» дом стоит параллельно проспекту Независимости. Так выглядит тот самый двор, где и загорала девушка. […] Обычно на стационарных лежаках местные жители читают, сидят в телефоне или пьют кофе. […] Тема, которую поднял минчанин, оказывается, обсуждается местными жителями уже давно. «Это вид из моего окна, и большинство жителей не против. […]",REJECT,,RQ-6ffccce59bc0,SILVER,,,2026-08-17T08:08:54+00:00,,,REVIEWED,Onlíner,«Как можно загорать во дворе 25-этажного ЖК?» Минчанина смутила соседка в бикини - Недвижимость Onlíner,https://realt.onliner.by/2026/08/17/smutila-sosedka-v-bikini,EVT-11679742e885,1,1,NO,YES,train
HIGH,,,,SILVER,"Редакционный второй проход: подтверждена конкретная белорусская проблема, жалоба или нарушение.","Свежие фото обмелевшей Припяти в Мозыре, которые выложил местный блогер Леша Астапенко, шокировали пользователей. Как заметил Флагшток на снимках от 16 августа, на некоторых участках вместо воды в русле реки — голый песок, по которому ходят пешком. Не осталось даже недавно появившихся островов — еще несколько дней назад жители Мозыря катались по ним на велосипедах. […] О чем говорит резкое обмеление Припяти Эксперт ответил на вопрос, можно ли что-то с этим делать. […] В последние дни падение уровня замедлилось. Однако в комментариях к актуальным снимкам местные жители отмечают, что такого обмеления реки в Мозыре не наблюдали даже в рекордном 2015 году.",KEEP,,RQ-97e3a6b814d6,SILVER,,,2026-08-17T08:05:00+00:00,,,REVIEWED,Флагшток,По Припяти в Мозыре ходят пешком. Но это еще не рекорд падения уровня воды в реке,https://flagshtok.info/ru/naviny/po-pripjati-v-mozyre-hodjat-peshkom-no-eto-esce-ne-rekord-padenija-urovnja-vody-v-reke.html,EVT-1496634b4aec,7,2,YES,NO,train
HIGH,,,,SILVER,Очевидно нерелевантный жанр или событие вне предмета S-monitor.,"18-летний минчанин создал на дороге аварийную ситуацию, чтобы «проучить» девушку-водителя Для обоих все закончилось печально 👇 18-летняя девушка ехала по улице Притыцкого и хотела перестроиться. Она не убедилась в безопасности маневра и создала аварийную ситуацию для «Мазды», за рулем которой был 18-летний парень. Тот решил ее «проучить» – обогнал, а потом резко затормозил, чем создал аварийную обстановку, а потом вышел из авто и что-то стал доказывать девушке. […]",REJECT,,RQ-72c18ee8bf97,SILVER,,,2026-08-17T07:02:23+00:00,,,REVIEWED,Gomel Today,"18-летний минчанин создал на дороге аварийную ситуацию, чтобы «проучить» девушку-водителя",https://t.me/gomeltoday/161626,EVT-10e28a5a0c49,1,1,NO,YES,train
HIGH,,,,SILVER,Очевидно нерелевантный жанр или событие вне предмета S-monitor.,"⚡️ Агрогородок Бабиничи готовится к «Дажынкам-2026»: баскетбольная площадка, Дом культуры и мурал Столица районного фестиваля-ярмарки тружеников села «Дажынкi» погружена в подготовку к празднику. Новый жилой дом, магазин, дороги, обновленная братская могила — в 2026-м пришла очередь преображения агрогородка Бабиничи, где осенью встретятся хлеборобы Витебского района. Ведь у «Дажынак», помимо чествования аграриев за вклад в общий каравай, есть и другая миссия: сделать краше место, где проходит праздник. […]",REJECT,,RQ-070fa241e3dd,SILVER,,,2026-08-17T05:58:29+00:00,,,REVIEWED,Витебские вести,"Агрогородок Бабиничи готовится к «Дажынкам-2026»: баскетбольная площадка, Дом культуры и мурал",https://t.me/vitvestiby/87959,EVT-bc6aec25f798,1,1,NO,YES,train
HIGH,,,,SILVER,Редакционный второй проход: нет подтвержденной проблемы в предметной области S-monitor.,"Пока айтишники жалуются на сокращения и немыслимую конкуренцию, на другом конце «рабочей Вселенной» все ровно наоборот. Строители с прямыми руками не только прилично зашибают, но еще и перебирают заказы: малый объем — не поеду, «уставшая» вторичка — не хочу. […] Чтобы процесс преображения «квадратов» шел проще и веселее, минчанин обратился за помощью к дизайнеру. […] Чтобы процесс преображения «квадратов» шел проще и веселее, минчанин обратился за помощью к дизайнеру. […] Чтобы процесс преображения «квадратов» шел проще и веселее, минчанин обратился за помощью к дизайнеру. […] Чтобы процесс преображения «квадратов» шел проще и веселее, минчанин обратился за помощью к дизайнеру. […] Чтобы процесс преображения «квадратов» шел проще и веселее, минчанин обратился за помощью к дизайнеру. […]",REJECT,,RQ-ff84f986ebad,SILVER,,,2026-08-17T05:00:28+00:00,,,REVIEWED,Onlíner,«Смотрю на прайс — глаза навыкате». Минчане о расценках на ремонт в 2026 году - Недвижимость Onlíner,https://realt.onliner.by/2026/08/17/smotryu-na-prajs-glaza-na-vykate,EVT-4fdf37725518,1,1,NO,YES,train
HIGH,,,,SILVER,Очевидно нерелевантный жанр или событие вне предмета S-monitor.,"[…] Однако остается значительная группа студентов, которые либо снимают жилье для себя с помощью родителей, либо арендуют квартиру вскладчину, либо предпочитают жить отдельно от общежития — особенно те, кто приезжает из других стран. […] Главное — быть готовым к быстрому решению и иметь все документы при себе. Если говорить о самом горячем сегменте, то быстро исчезают не самые дешевые, а те, у которых лучшее соотношение цены и качества. Есть четкий портрет «дефицитной квартиры»: Именно такие квартиры становятся объектом настоящей конкуренции. Причем Юлия бы обратила внимание на один важный нюанс: квартира за $380 с аккуратным ремонтом и пятью минутами пешком до метро может уйти быстрее, чем квартира за $320 с устаревшей мебелью и неудобным расположением. Решающий фактор — не абсолютная цена, а ощущение выгодной сделки. […]",REJECT,,RQ-3060086ee6ea,SILVER,,,2026-08-17T04:40:47+00:00,,,REVIEWED,Kraj.by,"Какие квартиры в Минске моментально забирают в аренду? Узнали стоимость и как снять жильё студенту, 17.08.2026",https://news.kraj.by/20260817/kakie-kvartiry-v-minske-momentalno-zabirayut-v-arendu-uznali-stoimost-i-kak-popast-v-chisle,EVT-039473d89ce7,1,1,NO,YES,train
HIGH,,,,SILVER,"Редакционный второй проход: подтверждена конкретная белорусская проблема, жалоба или нарушение.","[…] Но, добавил Бесараб, «главная технологическая уязвимость для БелАЭС скрывается именно в этом обратном сбросе, так как градирни выпаривают чистую воду и накапливают в системе, в своих чашах довольно высококонцентрированный химическо-минеральный рассол, который станция вынуждена непрерывно сливать в Вилию». «Длительный сброс таких концентрированных отходов в обмелевшую из-за жары и перегретую реку невозможен, так как вскоре приведет к необратимой экологической катастрофе и даст последствия для всего региона», – говорит радиационный химик. Эксперт согласился, что таким образом падение воды в Вилии напрямую не влияет на БелАЭС, но при этом БелАЭС может повлиять на реку. А для самой станции намного более опасным фактором является высокая температура воздуха и особенно ее сочетание с высокою влажностью, так называемый влажный термометр, как в сауне. […] «Как бы это цинично ни звучало, в условиях отсутствия независимого экологического контроля реку, скорее всего, власти Беларуси будут душить до последнего. […] Прекращать работать, добавил эксперт, только если не по экологическим или этическим причинам невозможно будет работать на обмелевшей Вилии, а просто физически: «Но это несколько месяцев такой тепловой волны. […] – Поэтому это заметят не только работники станции или экологи, а все беларусы». […]",KEEP,,RQ-e17beb3a42ae,SILVER,,,2026-08-17T03:07:00+00:00,,,REVIEWED,Белсат,Остановится ли БелАЭС от жары и засухи?,https://ru.belsat.eu/94878494/ostanovitsya-li-belaes-ot-zhary-i-zasuhi,EVT-20de554e74d6,1,1,NO,YES,train
HIGH,,,,SILVER,"Заголовок прямо фиксирует конкретную жалобу, нарушение или социально-экономическую проблему.","[…] По словам мамы, в учреждении «дичайшая текучка» — за это время в группе сменилось пять воспитателей. […] По словам мамы, мальчик пока ходит в группу адаптации. […] — Пять воспитателей сменилось у нас в группе адаптации в течение года. […] А по итогу хорошо хотя бы, что он знаком с группой, с детьми, с помещением, но не с воспитателем. […] — Меня сейчас еще пытаются убедить, цитирую: «Ваши дети должны привыкнуть к любой тете, которая может прийти к ним утром в группу», — говорит она и тут же высказывает возражение на эти слова. […] Сейчас дошло до того, что мы в принципе без постоянных воспитателей. […] В видео женщина рассуждает о том, что может быть причиной того, что педагоги уходят из учреждения. […]",KEEP,,RQ-4bff598bcbd8,SILVER,,,2026-08-16T18:42:00+00:00,,,REVIEWED,Zerkalo.io,Минчанка пожаловалась на «дичайшую текучку» воспитателей в саду — и столкнулась с неожиданной реакцией,https://news.zerkalo.io/life/134378.html,EVT-f41b7a547ca8,2,1,NO,YES,train
HIGH,,,,SILVER,Редакционный второй проход: нет подтвержденной проблемы в предметной области S-monitor.,"[…] Предполагается, что речь идет о гражданах Беларуси, пропавших после восхождения по Северному гребню. […] Сразу после того, как связь с группой прервалась, федерации альпинизма двух стран развернули совместный штаб и начали прочёсывать склон с воздуха. […] Как рассказал председатель Белорусской федерации альпинизма и скалолазания Александр Годлевский, сейчас говорить о точных причинах преждевременно. Обстановка на склоне остаётся опасной: лёд, камни, сложный микрорельеф — спуститься к месту обнаружения пока не может ни одна группа. Именно поэтому опознание отложено. […]",REJECT,,RQ-0a9fc9047bd1,SILVER,,,2026-08-16T18:10:00+00:00,,,REVIEWED,Белновости,"В горах Кыргызстана обнаружили тела, предположительно, пропавших белорусов",https://www.belnovosti.by/proisshestviya/v-gorah-kyrgyzstana-obnaruzhili-tela-predpolozhitelno-propavshih-belorusov,EVT-7c31f973e79c,3,1,NO,YES,train
HIGH,,,,SILVER,Редакционный второй проход: нет подтвержденной проблемы в предметной области S-monitor.,"В преддверии начала нового учебного года родителям беларусских школьников напомнили , что не всем нужно приносить медицинскую справку о состоянии здоровья к 1 сентября. Это сделано для того, чтобы избежать очередей в поликлиниках. Однако есть исключения — это первоклассники. […] Родителям советуют не откладывать обследование на последние дни августа, а оформить ее заранее. […] Для этого надо сходить к педиатру и сдать анализы, после чего — снова к врачу за результатами и документом, который будет действовать год. […] Родителям стоит заранее уточнить у тренера требования к документу, а затем обратиться к врачу. […]",REJECT,,RQ-834515a965ab,SILVER,,,2026-08-16T17:18:00+00:00,,,REVIEWED,Zerkalo.io,Не спешите в поликлинику: кому из детей не нужна медсправка к 1 сентября,https://news.zerkalo.io/life/134390.html,EVT-45a62cc1a661,1,1,NO,YES,train
HIGH,,,,SILVER,Очевидно нерелевантный жанр или событие вне предмета S-monitor.,"[…] И этот показатель остается стабильным. Несмотря на то, что лишь один вуз может похвастаться кампусом уровня «Студенческой деревни», остальные корпуса проходят плановые ремонты и поддерживаются в чистоте. Заселение первокурсников начнется с 20 августа, при этом для льготных категорий действует внеочередной порядок, а стоимость проживания варьируется от 20 до 50 рублей. По словам начальника управления по делам молодежи Минобразования Татьяны Симановской, жилищный фонд учебных заведений неоднороден, – пишет издание 1prof.by. Единственный в стране кампус высокого класса — Студенческая деревня — заметно выделяется на общем фоне, однако остальные общежития, даже если им уже много лет, поддерживаются в порядке: проведены ремонты, обеспечена чистота и базовые удобства. Не везде есть блочная система, но санитарное состояние и аккуратность сохраняются на должном уровне. В этом году приемные комиссии и администрации вузов сделали акцент не только на бытовых условиях, но и на психологической адаптации новичков. […]",REJECT,,RQ-63c2723d074e,SILVER,,,2026-08-16T17:10:00+00:00,,,REVIEWED,Белновости,"В Минобразования рассказали, как в Беларуси расселяют студентов",https://www.belnovosti.by/obshchestvo/v-minobrazovaniya-rasskazali-kak-v-belarusi-rasselyayut-studentov,EVT-ca9af0541682,1,1,NO,YES,train
HIGH,,,,SILVER,"Редакционный второй проход: подтверждена конкретная белорусская проблема, жалоба или нарушение.","[…] Идея постройки Северного моста существует относительно давно. Реализация мероприятий по строительству Северного моста предусмотрена за расчётный срок (после 2035 г.). 😕 Некоторые горожане возмущаются, что для строительства этого моста будет уничтожен парк. 🌿 – Но волноваться не стоит, – подчёркивает собеседник. […]",KEEP,,RQ-8c9aa4409b7b,SILVER,,,2026-08-16T13:34:53+00:00,,,REVIEWED,Витебские вести,Когда,https://t.me/vitvestiby/87954,EVT-716dca08a78f,1,1,NO,YES,train
HIGH,,,,SILVER,"Заголовок прямо фиксирует конкретную жалобу, нарушение или социально-экономическую проблему.","«Как вам такие заезды?» – гомельчанка пожаловалась на ночной шум от покатушек на... лошади ❗️ Смотреть со звуком Обычно гомельчане жалуются на ночной шум от мотоциклов или заведений поблизости, но здесь – эксклюзивный случай. Зацените, под какие звуки сегодня засыпала жительница улицы Крестьянской. По ее словам, на часах было 2:30 ночи. […]",KEEP,,RQ-008abf8ed3a4,SILVER,,,2026-08-16T13:20:54+00:00,,,REVIEWED,Gomel Today,«Как вам такие заезды?» – гомельчанка пожаловалась на ночной шум от покатушек на...,https://t.me/gomeltoday/161612,EVT-c9df49ab75af,1,1,NO,YES,train
HIGH,,,,SILVER,Редакционный второй проход: нет подтвержденной проблемы в предметной области S-monitor.,"Подземный пешеходный переход на пересечении улиц Якубовского, Космонавтов и проспекта Мира откроют 31 августа. Напомним, что за новую подземку взялись минувшей осенью, когда перенесли остановки и закрыли часть дороги со стороны Базы лучников. Пришлось даже снести часть старых построек. […]",REJECT,,RQ-cfc08b68d64e,SILVER,,,2026-08-16T10:38:38+00:00,,,REVIEWED,MASHEKA,"Стала известна точная дата открытия подземного перехода на проспекте Мира в Могилеве » MASHEKA - информационный портал Могилёва. Новости Могилева, интервью с могилевчанами",https://masheka.by/novosti-mogileva/23884-stala-izvestna-tochnaja-data-otkrytija-podzemnogo-perehoda-na-prospekte-mira-v-mogileve.html,EVT-0895b49c59b8,1,1,NO,YES,train
HIGH,,,,SILVER,Редакционный второй проход: нет подтвержденной проблемы в предметной области S-monitor.,"[…] Как подчеркнула Марина Ильина, качественный учебный процесс невозможен без соблюдения строгих норм безопасности и современной технической базы. […] Это ответ на запрос родителей и педагогов: дети должны учиться в безопасных, светлых и технологичных пространствах. И судя по тому, что финансирование растет год от года, Минск намерен закрепить этот тренд. Основные работы развернуты уже сейчас, чтобы к 1 сентября все объекты приняли учеников и воспитанников без нареканий. Город не экономит на главном — на будущем своих школьников.",REJECT,,RQ-40bb40c05799,SILVER,,,2026-08-16T09:40:00+00:00,,,REVIEWED,Белновости,"Стало известно, сколько денег выделено на подготовку минских школ к новому учебному году",https://www.belnovosti.by/minsk/stalo-izvestno-skolko-deneg-vydeleno-na-podgotovku-minskih-shkol-k-novomu-uchebnomu-godu,EVT-2e7d35ea47a3,1,1,NO,YES,train
HIGH,,,,SILVER,Очевидно нерелевантный жанр или событие вне предмета S-monitor.,"[…] Шашлычная пока вроде держится бодро, по крайней мере перед нами на заказ даже выстроилась небольшая очередь. […] А в среднем — вот, для понимания масштабов. Лично мы на размеры шашлыка жаловаться не собираемся, но тут уж кому как. Единственное, что любые попытки пилить мясо выданным вместе с ним пластиковым ножом будут казаться издевательством над продуктом, самим собой и вообще всем мирозданием. Ничего не поделаешь, придется жадно откусывать, брызгая соком во все стороны. […] И невозможно еще раз не отметить локацию самого заведения: можно взять мясо, прошагать вглубь лесопарка — и вот уже считайте закрыли гештальт с шашлычным отдыхом на природе. […] — Но это однозначно лучше того, что обычно продают на днях города: пережаренное непонятно что по завышенной цене, на такой тонкой пластиковой тарелочке, которая прогибается. […]",REJECT,,RQ-eb710ad1fd87,SILVER,,,2026-08-16T05:00:27+00:00,,,REVIEWED,Onlíner,Где в Минске поесть мяса с мангала на свежем воздухе: проверили две классические шашлычные - Люди Onlíner,https://people.onliner.by/2026/08/16/shashlychnye,EVT-4e623b4bb6db,1,1,NO,YES,train
HIGH,,,,SILVER,"Редакционный второй проход: подтверждена конкретная белорусская проблема, жалоба или нарушение.","Пользователь Threads по имени Игорь рассказал , как оказался пациентом кардиологического отделения 5-й городской клинической больницы в Минске. Мужчина пожаловался на грязное постельное белье, скудное питание и общий туалет на 12 палат без возможности закрыться. Участники обсуждения указали, что такие «японские двери» имеют свой смысл. […] Отзыв мужчины не ограничился недостаточно приватными туалетами. По его словам, в палатах «месяцами» не меняли рваные и грязные простыни. «На вопрос, когда будут менять белье, ответ простой — нет белья, менять не на что — не привезли из стирки… А должны менять раз в неделю», — пишет он. […]",KEEP,,RQ-ef8f822c70c6,SILVER,,,2026-08-15T14:54:00+00:00,,,REVIEWED,Zerkalo.io,"Пациент показал туалет минской больницы с «отучающими от стыда» дверями. Похоже, у них есть важный смысл",https://news.zerkalo.io/life/134347.html,EVT-e1bd873f823e,1,1,NO,YES,train
HIGH,,,,SILVER,Индивидуальный конфликт пассажирки с водителем такси.,"Жительница Минска рассказала в Threads о конфликте с водителем такси «Яндекс Go». По ее словам, тот остановился на МКАД и потребовал, чтобы она вместе с 11-летним ребенком вышла из машины. В комментариях мнения пользователей разделились: некоторые поддержали пассажирку, другие — водителя. По словам минчанки, инцидент произошел, когда водитель сначала подъехал не к той точке. […] Водитель настаивает, что лишь «попросил» ее выйти. Женщина утверждает, что тот «проблем себе делает еще больше», и напоминает, что в Минске «есть закон». Пост вызвал полярные реакции в комментариях. […]",REJECT,,RQ-b2e31fcd8a6b,SILVER,,,2026-08-15T13:44:00+00:00,,,REVIEWED,Zerkalo.io,Минчанка пожаловалась на водителя «Яндекс Go». Мнения пользователей разделились,https://news.zerkalo.io/life/134343.html,EVT-a82867f3ab6a,1,1,NO,YES,train
HIGH,,,,SILVER,Редакционный второй проход: нет подтвержденной проблемы в предметной области S-monitor.,"[…] С 18 по 30 августа в части города будут проходить проверки и испытания тепловых сетей, из-за чего в ряде домов временно отключат горячее водоснабжение. С 00:00 18 августа до 20 августа специалисты проведут обследование тепловых сетей для выявления возможных дефектов трубопроводов. В этот период горячая вода будет частично отсутствовать в домах, расположенных на следующих улицах и в прилегающих микрорайонах: После завершения первого этапа с 00:00 21 августа по 30 августа начнутся гидравлические испытания тепловых сетей. На это время горячее водоснабжение также будет отсутствовать по тем же адресам: Одновременно с 21 по 30 августа горячее водоснабжение будет отключено и у потребителей, подключенных к Пинской ТЭЦ . Здесь специалисты будут подключать новую тепловую магистраль по улице Завальной к действующей сети на улице Первомайской. Временные ограничения затронут дома на следующих улицах: Таким образом, с 21 по 30 августа масштабные работы одновременно затронут сразу две крупные зоны города — районы, которые обслуживаются Западной мини-ТЭЦ и Пинской ТЭЦ. Во время проведения испытаний жителей просят быть внимательными. […]",REJECT,,RQ-4ddbef9e02b6,SILVER,,,2026-08-15T10:28:29+00:00,,,REVIEWED,Медиа-Полесье,С 18 августа в Пинске временно отключат горячую воду в нескольких микрорайонах — Media-Polesyе,https://media-polesye.com/news/s-18-avgusta-v-pinske-vremenno-otklyuchat-goryachuyu-vodu-v-neskolkih-mikrorajonah,EVT-4810d1572836,1,1,NO,YES,train
HIGH,,,,SILVER,"Редакционный второй проход: подтверждена конкретная белорусская проблема, жалоба или нарушение.","[…] Апроч таго, пашырана кола атрымальнікаў бюджэтнай падтрымкі: раней прыбаўку да зарплаты мелі выпускнікі па спецыяльнасцях «Ветэрынарная медыцына» і «Заатэхнія», то з 1 верасня 2026 года вызначана такіх спецыяльнасцяў будзе 11, у тым ліку «Аграномія», «Аграхімія і глебазнаўства», «Тэхнічны сэрвіс у аграпрамысловым комплексе». […] Так, ААТ “Агравідзы” (Браслаўскі раён) прапануе працу ветурачу з вышэйшай адукацыяй за 1200 -2000 руб. (“бруднымі”), а ў ААТ “Рубежніца” (Лёзненскі раён) спецыялісту з сярэдняй ветэрынарнай адукацыяй абяцаюць заробак 1300-1500 руб. (“бруднымі”). Да таго ж на нарадзе ў пракуратуры было адзначана, што кіраўнікі не паўсюль выплочвалі маладым спецыялістам нават па 1 тысячы грашовай “стымуляцыйнай” дапамогі, ад маладых людзей былі зафіксаваны нараканні на нездавальняючыя ўмовы працы і быту, празмерную нагрузку і адсутнасць выхадных – з вясны па восень працаваць даводзілася штодзень па 10-12 гадзін.Раман Кур&#039;янаў",KEEP,,RQ-b372a647fb32,SILVER,,,2026-08-15T06:20:26+00:00,,,REVIEWED,Витебская Весна,На Віцебшчыне хочуць “затрымаць моладзь на сяле” за дадатковыя 600 рублёў - Віцебская вясна,https://vitebskspring.org/news/dzjarzhava/item/7859-na-vitsebshchyne-khochuts-zatrymats-moladz-na-syale-za-dadatkovyya-600-rubljou,EVT-fde23672a406,1,1,NO,YES,train
HIGH,,,,SILVER,Редакционный второй проход: нет подтвержденной проблемы в предметной области S-monitor.,"Пока сообщается, что улица будет закрыти на один день. В связи с производством работ по улице Блока в Лунинце и затруднением для городского общественного транспорта 15 августа движение автобусов будет осуществляться по улицам Мелиоративной и Баженовой, сообщает Лунинецкий автопарк. […]",REJECT,,RQ-6bf39704e800,SILVER,,,2026-08-15T05:44:05+00:00,,,REVIEWED,Медиа-Полесье,Улицу Блока в Лунинце закрыли для движения транспорта — Media-Polesyе,https://media-polesye.com/news/ulitsu-bloka-v-lunintse-zakryli-dlya-dvizheniya-transporta,EVT-ffdada516d8e,1,1,NO,YES,train
HIGH,,,,SILVER,Редакционный второй проход: нет подтвержденной проблемы в предметной области S-monitor.,"[…] – Экологическая культура и личная ответственность каждого из нас – это не просто слова, а важнейшее условие сохранения нашей природы для будущих поколений, – подытожил сенатор. В ходе рабочей поездки Игорь Брилевич также провел в Негорельском сельисполкоме личный прием граждан, на который приехали жители и из других регионов страны. Так, многодетная мать из Молодечно обратилась с проблемой получения льготного кредита на жилье, а владельцы частного продовольственного магазина из Столинского района, работающего уже более 20 лет, пожаловались на угрозу расторжения договора аренды земли. В центре внимания оказались и вопросы жителей пос. Энергетиков. К примеру, одна из заявителей пожаловалась на работу Дзержинского ЖКХ и рассказала о борьбе за порядок в собственном доме. Здание, построенное 60 лет назад, оказалось брошенным на произвол судьбы. […]",REJECT,,RQ-2e9b5a3888b0,SILVER,,,2026-08-14T14:03:12+00:00,,,REVIEWED,Дзяржынская праўда,Встреча с коллективом КХП и прием граждан: заместитель Председателя Совета Республики Игорь Брилевич сегодня работал в Негорельском сельсовете - 14.08.2026,https://dzr.by/14082026/vstrecha-s-kollektivom-khp-i-priem-grazhdan-zamestitel-predsedatelya-soveta-respubliki-igor-brilevich-segodnya-rabotal-v-negorelskom-selsovete,EVT-52acd65d8d94,1,1,NO,YES,train
HIGH,,,,SILVER,"Редакционный второй проход: подтверждена конкретная белорусская проблема, жалоба или нарушение.","Пазапланавае адключэнне другога энергаблока Беларускай АЭС ад сеткі ў канцы ліпеня 2026 года магло быць выклікана аварыйнай сітуацыяй — працечкай вады ў корпусе турбагенератара. Пра гэта са спасылкай на крыніцу на станцыі піша “Люстэрка”. […] Гэта адбылося з-за разгерметызацыі сістэмы падводу вады і яе працякання ў корпус аднаго з асноўных элементаў функцыянавання АЭС”, — расказала крыніца. […] Спецыяліст аддзела энергетычнай бяспекі iSANS Яўген Макарчук адзначыў, што падобная няспраўнасць не магла прывесці да сур’ёзных наступстваў з пункту гледжання ядзернай бяспекі, паколькі паломкі на генератарах, як правіла, не прыводзяць да аварый з выхадам радыяцыі.",KEEP,,RQ-cc41deb85d06,SILVER,,,2026-08-14T13:04:21+00:00,,,REVIEWED,Гродненская правозащита,Адключэнне энергаблока Астравецкай АЭС магло быць звязана з аварыяй,https://hpravy.org/2026/08/14/%d0%b0%d0%b4%d0%ba%d0%bb%d1%8e%d1%87%d1%8d%d0%bd%d0%bd%d0%b5-%d1%8d%d0%bd%d0%b5%d1%80%d0%b3%d0%b0%d0%b1%d0%bb%d0%be%d0%ba%d0%b0-%d0%b0%d1%81%d1%82%d1%80%d0%b0%d0%b2%d0%b5%d1%86%d0%ba%d0%b0%d0%b9,EVT-7d6b718c6dc8,2,1,NO,YES,train
HIGH,,,,SILVER,Редакционный второй проход: нет подтвержденной проблемы в предметной области S-monitor.,"[…] Презентация прошла в ходе первого республиканского форума-фестиваля, который собрал более 650 женщин-работниц предприятий ЖКХ из всех областей Беларуси и Минска. У Дворца культуры в Солигорске развернулась выставка современной коммунальной техники, а ключевыми темами встречи стали обмен опытом, обсуждение актуальных вопросов отрасли и признание вклада женщин в развитие инфраструктуры населенных пунктов страны. Среди героинь издания «Грация комфорта» – наша землячка Диана Беляева, заместитель директора по идеологической работе ГП «Водоканал Дзержинского района». Получив инженерное образование, она за годы практики убедилась в закономерности, не требующей доказательств: эффективность даже самых совершенных технологий всегда зависит от людей, их профессионализма, ответственности и искренней любви к избранному делу. После окончания Белорусского государственного колледжа промышленности и строительных материалов Диана устроилась лаборантом в Дзержинское райпо – выбор во многом был предопределен профессией мужа, который служил в Станьково. […] Первое задание удивило: проверить обеспеченность спецодеждой – задача понятная, но какое отношение к охране труда имеет, например, порядок на площадках сбора отходов? Именно тогда пришло осознание, насколько многогранна сфера ЖКХ – это десятки принципиально разных видов работ, особая специфика на участках, строгие требования к средствам индивидуальной защиты. […]",REJECT,,RQ-5f3af6a25bf0,SILVER,,,2026-08-14T12:54:53+00:00,,,REVIEWED,Дзяржынская праўда,Одной из героинь книги о женщинах ЖКХ Минщины стала Диана Беляева из Дзержинского района - 14.08.2026,https://dzr.by/14082026/odnoj-iz-geroin-knigi-o-zhenshhinah-zhkh-minshhiny-stala-diana-belyaeva-iz-dzerzhinskogo-rajona,EVT-6e8a47872972,1,1,NO,YES,train
HIGH,,,,SILVER,Очевидно нерелевантный жанр или событие вне предмета S-monitor.,"[…] Кролики и должны стать главной изюминкой заведения. Именно это и вызвало большое возмущение в Threads. Многие пользователи начали переживать, что кролики будут находиться в тесных клетках, хотя им необходимо большое свободное пространство. […] Именно поэтому на самом открытии животных не будет: их оградят от шума и стресса. Прямо сейчас в кофейне дорабатывают зону их содержания, пересматриваются правила доступа, кормления и контроля. При малейших признаках стресса кроликов перевезут в уединенное место. […]",REJECT,,RQ-e0e40b9d2d50,SILVER,,,2026-08-14T12:16:32+00:00,,,REVIEWED,Хартия-97,В Бресте откроют кофейню с живыми кроликами,https://charter97.org/ru/news/2026/8/14/694760,EVT-114bef724d47,2,1,NO,YES,train
HIGH,,,,SILVER,Редакционный второй проход: нет подтвержденной проблемы в предметной области S-monitor.,"[…] Зато девушка нашла альтернативу — еще одно пианино стоит на железнодорожном вокзале. […] Правда, выяснилось, что и с вокзальным пианино не все так просто. В комментариях люди рассказали, что некоторым посетителям раньше запрещали играть и объясняли, что это якобы фотозона. «На вокзале, когда играли, жаловались, что это фотозона и здесь нельзя играть. Причем мы умеем играть», — рассказала одна из пользовательниц. […]",REJECT,,RQ-dd8c5079d585,SILVER,,,2026-08-14T12:15:13+00:00,,,REVIEWED,BGmedia,"Гомельчанка показала, где можно бесплатно сыграть на пианино в городе: видео — BGmedia",https://bgmedia.site/news/v-gomele-pianino-v-tcz-zakrutili-na-shurupy,EVT-9d5d28db6384,1,1,NO,YES,train
HIGH,,,,SILVER,"Заголовок прямо фиксирует конкретную жалобу, нарушение или социально-экономическую проблему.","[…] Но далеко не все считают открывшиеся виды красивыми. На одном из видео местный блогер показывает небольшие острова, которые появились посреди Припяти после падения уровня воды. «Виды становятся еще интереснее и интереснее: когда высыхает, получаются какие-то островки маленькие», — рассказывает он. В комментариях мнения разделились. Одни захотели сами прогуляться по открывшимся участкам, другие назвали происходящее тревожным: «Печальное зрелище», «Очень жаль. Теряем одну из самых красивых рек», «Какой ужас, так обмелела Припять». Некоторые мозыряне вспоминают, что река мелела и раньше. […]",KEEP,,RQ-1d64efc5063a,SILVER,,,2026-08-14T11:41:42+00:00,,,REVIEWED,BGmedia,"В Мозыре обмелела Припять, открылись новые острова прямо в реке, где можно гулять — BGmedia",https://bgmedia.site/news/pripyat-v-mozyre-obmelela-tam-ezdyat-na-velosipedah,EVT-1496634b4aec,7,2,YES,NO,train
HIGH,,,,SILVER,Очевидно нерелевантный жанр или событие вне предмета S-monitor.,"🐰 В Бресте открывают кофейню с живыми кроликами, но горожане уже бьют тревогу Здание кофейни называется «Кофе, зай?» и находится по адресу улица Грушевая, 27. Владельцы обещают вкусные напитки, детскую зону, а также контакт с живыми кроликами, которые будут жить в кофейне. […] Именно это и вызвало большое возмущение в Threads. […]",REJECT,,RQ-eff791a5bbc0,SILVER,,,2026-08-14T10:42:03+00:00,,,REVIEWED,Blizko.by,"В Бресте открывают кофейню с живыми кроликами, но горожане уже бьют тревогу",https://t.me/blizkoby/24862,EVT-114bef724d47,2,1,NO,NO,train
HIGH,,,,SILVER,Очевидно нерелевантный жанр или событие вне предмета S-monitor.,"[…] Местные врачи призывают к разработке плана действий в чрезвычайных ситуациях, удвоению штата медицинских работников и созданию полевого госпиталя в связи с ожидаемыми вспышками инфекционных заболеваний в течение ближайших 15-30 дней. Отмечается, что миграционный кризис в Сеуте переходит к потенциальному кризису в сфере общественного здравоохранения. Коллегия врачей Сеуты предупредила, что перенаселенность, отсутствие гигиены и совместное проживание тысяч людей во временных поселениях или таких местах, как склады и площади, представляют собой крайне опасную ситуацию в сфере здравоохранения, поэтому нужно принять немедленные профилактические меры. По данным коллегии врачей, в городе до сих пор находятся около 10 тыс. мигрантов. Президент Коллегии врачей Сеуты Хосе Энрике Ровиральта указал, что цель состоит не в том, чтобы вызвать панику в городе, а чтобы принять профилактические меры до того, как произойдут крупномасштабные вспышки заболеваний. Вся нагрузка на систему здравоохранения сейчас ложится на Университетскую больницу Сеуты. […]",REJECT,,RQ-e2bc8302d0ba,SILVER,,,2026-08-14T10:30:11+00:00,,,REVIEWED,Виртуальный Брест,Врачи бьют тревогу: в испанской Сеуте обнаружили туберкулез и чесотку из-за наплыва мигрантов,https://virtualbrest.ru/news189299.php,EVT-6d8e517c264c,1,1,NO,YES,train
HIGH,,,,SILVER,"Редакционный второй проход: подтверждена конкретная белорусская проблема, жалоба или нарушение.","Даўгі прадпрыемстваў за год выраслі на 9,4% — даныя Белстата У студзені — чэрвені 2026 года рэнтабельнасць рэалізаванай прадпрыемствамі прадукцыі склала 7,9% (год таму — 8,3%), рэнтабельнасць продажаў — 6,5% (6,8%), паведамляе Нацыянальны статыстычны камітэт. Дэбіторская запазычанасць (запазычанасці прадпрыемствам) на 1 ліпеня вырасла да 106,8 млрд рублёў (+12,1%), у тым ліку пратэрмінаваная — 12,7 млрд (+19,8%). Крэдыторская запазычанасць (запазычанасці прадпрыемстваў) — 126,1 млрд (+9,4%), у тым ліку пратэрмінаваная — 13,8 млрд (+10,4%). ✅ Падрабязнасці 🗝 Без VPN 📷 Ілюстрацыйнае фота: Aaron Lefler / unsplash.com",KEEP,,RQ-5fb1e0c0b87b,SILVER,,,2026-08-14T09:50:21+00:00,,,REVIEWED,Позірк,"Даўгі прадпрыемстваў за год выраслі на 9,4% — даныя Белстата",https://pozirk.online/be/news/199978,EVT-fc3de877b688,2,1,NO,YES,train
HIGH,,,,SILVER,Редакционный второй проход: нет подтвержденной проблемы в предметной области S-monitor.,"[…] Однако высокотехнологичное оборудование требует беспрецедентных мер безопасности, ведь каждый такой аппарат является источником потенциально опасного ионизирующего излучения. […] Все расчеты выполняются строго по актуальным СанПиН. Это гарантирует, что за пределами кабинета радиационная нагрузка будет полностью отсутствовать. Медицинским центрам доступны два формата сотрудничества. […]",REJECT,,RQ-e3aa1d879b9b,SILVER,,,2026-08-14T09:27:25+00:00,,,REVIEWED,MASHEKA,"Радиация под контролем: как современные клиники обеспечивают безопасность пациентов » MASHEKA - информационный портал Могилёва. Новости Могилева, интервью с могилевчанами",https://masheka.by/poleznaja-informacija/krasota-i-zdorove/23877-radiacija-pod-kontrolem-kak-sovremennye-kliniki-obespechivajut-bezopasnost-pacientov.html,EVT-4e0d5ba917ea,1,1,NO,YES,train
HIGH,,,,SILVER,"Редакционный второй проход: подтверждена конкретная белорусская проблема, жалоба или нарушение.","В 2️⃣ 0️⃣ 2️⃣ 6️⃣ году нарушения ценового законодательства выявлены в 24 торговых объектах Городокскго, Лиозненского, Полоцкого, Оршанского, Сенненского, Чашникского районов и Витебска 🏪 Например, в июле в двух торговых объектах областного центра завышение до 20 процентных пунктов установлено на 10 наименований товаров (питьевая и минеральная вода, яблоки, кофе, томаты, кондитерские изделия в ассортименте); в июне в магазине в аг. Крынки Лиозненского района – до 30,6 п. […] По требованию Комитета госконтроля приняты меры по приведению цен в соответствие с законодательством. […]",KEEP,,RQ-a822e85deac6,SILVER,,,2026-08-14T09:10:01+00:00,,,REVIEWED,Витебские вести,В,https://t.me/vitvestiby/87815,EVT-4e68e2aae3e7,1,1,NO,YES,train
HIGH,,,,SILVER,"Заголовок прямо фиксирует конкретную жалобу, нарушение или социально-экономическую проблему.","[…] В январе — июне 2026 года рентабельность реализованной предприятиями продукции составила 7,9% (год назад — 8,3%), рентабельность продаж — 6,5% (6,8%), сообщает Национальный статистический комитет. Дебиторская задолженность (долги предприятиям) на 1 июля выросла до 106,8 млрд рублей (95,3 млрд; +12,1%), в том числе просроченная — 12,7 млрд (10,6 млрд; +19,8%). Кредиторская задолженность (долги предприятий) — 126,1 млрд (115,3 млрд; +9,4%), в том числе просроченная — 13,8 млрд (12,5 млрд; +10,4%). Другие подробности доступны подписчикам “Позірк+“",KEEP,,RQ-8e607020bdee,SILVER,,,2026-08-14T08:54:06+00:00,,,REVIEWED,Позірк,"Долги предприятий за год выросли на 9,4% — данные Белстата | Pozirk",https://pozirk.online/ru/news/199977,EVT-fc3de877b688,2,1,NO,NO,train
HIGH,,,,SILVER,"Заголовок прямо фиксирует конкретную жалобу, нарушение или социально-экономическую проблему.","[…] Подробности рассказал ""СБ. Беларусь сегодня"" начальник цеха водопровода государственного предприятия «Брестводоканал» Виктор Логвинович: — Качество воды может временно ухудшаться после проведения на старых сетях ремонтных и аварийно‑восстановительных работ, связанных с отключением водоснабжения. То есть причиной вторичного загрязнения становятся старые трубы. Вода может менять цвет, запах и привкус, даже если на выходе с водозабора она чистая. Такие явления устраняются промывкой водопроводных сетей. […] Влиять на состояние воды, по словам Виктора Логвиновича, могут и сезонные факторы, а также условия эксплуатации внутренних сетей самими потребителями: — В многоэтажных домах, заселенных не полностью, при малом водоразборе во внутренней водопроводной сети формируются застойные зоны, что приводит к ухудшению органолептических свойств питьевой воды. При повышенном водоразборе, например в предпраздничные дни или жаркую погоду, в трубопроводах возрастает скорость движения воды, что также может отражаться на ее качестве. […]",KEEP,,RQ-2948926d6c68,SILVER,,,2026-08-14T08:47:46+00:00,,,REVIEWED,БрестСИТИ,Почему в Бресте иногда может ухудшаться качество питьевой воды,https://brestcity.com/blog/kachestvo-pitevoj-vody,EVT-54f9400c453f,1,1,NO,YES,train
HIGH,,,,SILVER,"Редакционный второй проход: подтверждена конкретная белорусская проблема, жалоба или нарушение.","[…] Но уже тогда красивый отчет госТВ разошелся с мнением жителей. Мозыряне жаловались на разбитые дворы, ямы, заросли, плохую уборку подъездов, состояние лестниц и формальные ответы коммунальщиков. «Всегда отговорки про нехватку людей», — писали под сюжетом в соцсетях. Прошло две недели — и под новым сюжетом появились практически те же жалобы. Жители пишут о грязных подъездах, неработающих фонарях, мусоре, ямах и отсутствии дворников. Причем претензии есть не только к ЖЭУ-4. «Почему только ЖЭУ-4? […]",KEEP,,RQ-cd93325e697b,SILVER,,,2026-08-14T08:08:40+00:00,,,REVIEWED,BGmedia,ЖЭУ-4 в Мозыре проверили чиновники и остались недовольны: у жителей претензий больше — BGmedia,https://bgmedia.site/news/v-mozyre-chinovniki-proverili-rabotu-zheu-4,EVT-bcf81cddb6d4,1,1,NO,YES,train
HIGH,,,,SILVER,Очевидно нерелевантный жанр или событие вне предмета S-monitor.,"[…] Органическая масса смешивается, выделяет тепло и спустя год-два превращается в готовый субстрат. Качественно приготовленный компост способен восполнить дефицит микроэлементов в почве, улучшить ее структуру, повысить влагоемкость и разрыхлить грунт. Вместе с компостом в почву попадает микрофлора, которая продолжает работать на благо растений, преобразуя органику в доступные для корневой системы соединения. Главное требование к компосту – отсутствие патогенов, грибков, плесени и личинок вредителей. Именно поэтому закладывать в него можно только здоровую ботву, стебли, тонкие ветки, сорняки без семян и определенные пищевые отходы. […] Мало кто выбирает третий вариант – он слишком затратен и не гарантирует результата. […] Опытные огородники утверждают: получить качественный компост из больных растений возможно. […]",REJECT,,RQ-475ab1cde6c1,SILVER,,,2026-08-14T08:05:00+00:00,,,REVIEWED,Смолевичи-24,Компостирование больных растений. Развенчиваем мифы и ищем компромиссы - 14.08.2026,https://smolevichi-24.by/14082026/kompostirovanie-bolnyh-rastenij-razvenchivaem-mify-i-ishhem-kompromissy,EVT-00dab032902c,2,1,NO,YES,train
HIGH,,,,SILVER,"Редакционный второй проход: подтверждена конкретная белорусская проблема, жалоба или нарушение.","Вчера на номер 112 поступил взволнованный звонок от жительницы деревни Верхмень. Женщина сообщила, что ее собака провалилась в открытую канализационную яму. Глубина «ловушки» оказалась внушительной — около четырех метров, поэтому самостоятельно достать испуганного питомца хозяйка физически не смогла и обратилась за помощью к профессионалам. Прибывшие на место работники МЧС действовали быстро и слаженно. Вооружившись лестницей, один из спасателей спустился на дно ямы. […] Работники МЧС получили порцию искренней благодарности и отправились дальше нести службу.",KEEP,,RQ-faac50437456,SILVER,,,2026-08-14T07:55:00+00:00,,,REVIEWED,Газета «Сильные Новости»,Добрые новости из Смолевичского района: спасатели МЧС вызволили собаку из глубокой ямы - GS.BY,https://www.gs.by/2026/08/14/dobrye-novosti-iz-smolevichskogo-rayona-spasateli-mchs-vyzvolili-sobaku-iz-glubokoy-yamy,EVT-c581428adfed,1,1,NO,YES,train
HIGH,,,,SILVER,Редакционный второй проход: нет подтвержденной проблемы в предметной области S-monitor.,"В Могилёвской области активно работает государственная программа «Сбалансированный рынок труда» В этом году 8 семей с детьми приняли решение переехать из городов в сельскую местность Могилёвщины ради гарантированного трудоустройства. […] Помимо денег, ключевым стимулом для городских семей становится предоставление жилья на новом месте работы. Программа создана для того, чтобы привлечь квалифицированные кадры в районы и закрыть дефицит специалистов в сельском хозяйстве. В деревнях и агрогородках Могилёвской области наибольший спрос наблюдается на специалистов агропромышленного комплекса (АПК), а также на кадры для социальной инфраструктуры. […]",REJECT,,RQ-d210cd7c4476,SILVER,,,2026-08-14T07:49:06+00:00,,,REVIEWED,MASHEKA,"Из города в деревню: 8 семей на Могилёвщине переехали в село ради работы » MASHEKA - информационный портал Могилёва. Новости Могилева, интервью с могилевчанами",https://masheka.by/novosti-mogileva/23871-iz-goroda-v-derevnju-8-semej-na-mogilevschine-pereehali-v-selo-radi-raboty.html,EVT-2fbf9233238c,1,1,NO,YES,train
HIGH,,,,SILVER,"Редакционный второй проход: подтверждена конкретная белорусская проблема, жалоба или нарушение.","[…] 12.08.2026. Интернациональная улица. Благоустройство территории вокруг озера Шаманка Но последние годы (да что годы – десятилетия!) Шаманка никак не соответствовала представлениям об эстетике и умиротворении: заросшие берега в обрамлении мусора, разбитые дорожки, асоциальный контингент. Кажется, даже плакучие ивы на берегах озер, созерцая такую картину, плакали еще сильнее. Пора утирать слезки. […] Благоустройство территории вокруг озера Шаманка Но последние годы (да что годы – десятилетия!) Шаманка никак не соответствовала представлениям об эстетике и умиротворении: заросшие берега в обрамлении мусора, разбитые дорожки, асоциальный контингент. […] Благоустройство территории вокруг озера Шаманка Но последние годы (да что годы – десятилетия!) Шаманка никак не соответствовала представлениям об эстетике и умиротворении: заросшие берега в обрамлении мусора, разбитые дорожки, асоциальный контингент. […]",KEEP,,RQ-a90d3f4f7846,SILVER,,,2026-08-14T07:27:47+00:00,,,REVIEWED,МогилёвОнлайн,«Еще бы озера почистить». Завершается благоустройство бобруйской Шаманки,https://magilev.by/news/2026/08/14/eshe-by-ozera-pochistit-zavershaetsya-blagoustrojstvo-bobrujskoj-shamanki,EVT-b345fbb89b69,2,1,NO,YES,train
HIGH,,,,SILVER,Редакционный второй проход: нет подтвержденной проблемы в предметной области S-monitor.,"Как стало известно Следственному комитету, пенсионер возвращался домой пешком из соседней деревни и переходил железнодорожные пути. Трагедия усугубляется тем, что мужчина, судя по всему, осознавал опасность. По словам очевидцев, он и видел, и слышал приближающийся поезд, однако решил не останавливаться и продолжил движение. Избежать наезда не удалось — от полученных травм пенсионер скончался на месте. […] Следователям предстоит восстановить полную картину произошедшего, а главное — установить точные причины и условия, которые привели к роковой развязке. Следственный комитет и сотрудники железной дороги в очередной раз напоминают: переходить пути можно только в специально оборудованных местах. При приближении поезда важно остановиться, пропустить состав и обязательно убедиться в отсутствии встречных или попутных поездов на соседних путях.",REJECT,,RQ-7c7c78c0695d,SILVER,,,2026-08-14T07:22:08+00:00,,,REVIEWED,Газета «Сильные Новости»,"Видел поезд, но не остановился: в Брестском районе под колесами состава погиб пенсионер - GS.BY",https://www.gs.by/2026/08/14/videl-poezd-no-ne-ostanovilsya-v-brestskom-rayone-pod-kolesami-sostava-pogib-74-letniy-pensioner,EVT-64d9a467961d,1,1,NO,YES,train
HIGH,,,,SILVER,Очевидно нерелевантный жанр или событие вне предмета S-monitor.,"[…] В зависимости от условий оплата составляет от 20 до 50 рублей в месяц . Специалист подчеркнула, что предоставление мест в общежитии — это форма государственной поддержки. Так, например, вне очереди их могут получить студенты из числа сирот, инвалиды с детства, ребята, включенные в банки одаренной и талантливой молодежи. Кроме того, каждый вуз определяет иные категории, которым места предоставляются в первоочередном порядке. […]",REJECT,,RQ-d39464be3bad,SILVER,,,2026-08-14T07:14:17+00:00,,,REVIEWED,Смолевичи-24,"Узнали, когда заселяют в общежитие первокурсников и сколько будет это стоить - 14.08.2026",https://smolevichi-24.by/14082026/uznali-kogda-zaselyayut-v-obshhezhitie-pervokursnikov-i-skolko-budet,EVT-5709d1e4b57c,1,1,NO,YES,train
HIGH,,,,SILVER,Редакционный второй проход: нет подтвержденной проблемы в предметной области S-monitor.,"[…] Кубок Минска — предсезонный турнир, который проходит с 13 по 17 августа в столице. В этом году участвуют шесть команд, разбитых на две группы. В одной с «Динамо» играют «Металлург» и «Шанхай Дрэгонс», во второй — «Адмирал», «Сочи» и «Сибирь». В группах каждый проводит по одному матчу, а 17 августа пройдут финал, игра за третье и пятое места. […]",REJECT,,RQ-0db1320af38f,SILVER,,,2026-08-14T06:51:31+00:00,,,REVIEWED,Onlíner,Минское «Динамо» с победы начало предсезонную подготовку - Спорт Onlíner,https://sport.onliner.by/2026/08/14/minskoe-dinamo-s-pobedy-nachalo-predsezonnuyu-podgotovku,EVT-d5d91de7ed7a,1,1,NO,YES,train
HIGH,,,,SILVER,"Заголовок прямо фиксирует конкретную жалобу, нарушение или социально-экономическую проблему.","[…] В этом случае помогло заявление через «обращение.бел»: в следующем месяце коммунальные пересчитали. […] Об этом мы подробно писали здесь . Действуют льготы для многих категорий граждан, а вот налог на владение кошками, хорьками, декоративными грызунами, птицами, рептилиями, аквариумными рыбками и прочими питомцами не предусмотрен. Если в жировке все равно появилась такая строчка, в большинстве случаев это техническая ошибка или отсутствие актуальных сведений в базе данных жилищно-коммунальной службы. В такой ситуации лучше как можно скорее обратиться в свой ЖЭС, расчетно-справочный центр (РСЦ) или организацию, которая осуществляет эксплуатацию жилищного фонда по месту жительства. […] Если по какой-то причине в ЖЭСе отказывают в перерасчете или затягивают процесс, вы имеете право обратиться с письменной жалобой в вышестоящую организацию (управление ЖКХ района или города) либо напрямую в налоговый орган по месту жительства. […]",KEEP,,RQ-176b2d05afd8,SILVER,,,2026-08-14T06:47:01+00:00,,,REVIEWED,Onlíner,"«Это котопес?» Хозяйка кошки получила жировку, а там налог на собаку - Кошелек Onlíner",https://money.onliner.by/2026/08/14/koshka-opasnoj-porody-minchanke-prishel-nalog-na-sobaku-xotya-doma-kot,EVT-3466e17588ff,1,1,NO,YES,train
HIGH,,,,SILVER,Очевидно нерелевантный жанр или событие вне предмета S-monitor.,"[…] Органическая масса смешивается, выделяет тепло и спустя год-два превращается в готовый субстрат. Качественно приготовленный компост способен восполнить дефицит микроэлементов в почве, улучшить ее структуру, повысить влагоемкость и разрыхлить грунт. Вместе с компостом в почву попадает микрофлора, которая продолжает работать на благо растений, преобразуя органику в доступные для корневой системы соединения. Главное требование к компосту – отсутствие патогенов, грибков, плесени и личинок вредителей. Именно поэтому закладывать в него можно только здоровую ботву, стебли, тонкие ветки, сорняки без семян и определенные пищевые отходы. […] Мало кто выбирает третий вариант – он слишком затратен и не гарантирует результата. […] Опытные огородники утверждают: получить качественный компост из больных растений возможно. […]",REJECT,,RQ-bc32e34426c5,SILVER,,,2026-08-14T06:12:00+00:00,,,REVIEWED,Минская правда,Компостирование больных растений. Развенчиваем мифы и ищем компромиссы - 14.08.2026,https://mlyn.by/14082026/kompostirovanie-bolnyh-rastenij-razvenchivaem-mify-i-ishhem-kompromissy,EVT-00dab032902c,2,1,NO,NO,train
HIGH,,,,SILVER,"Редакционный второй проход: подтверждена конкретная белорусская проблема, жалоба или нарушение.","Мінскі медык пайшоў ваяваць за Расію, праз месяц атрымаў цяжкае раненне, а цяпер выбівае выплаты, седзячы ў інвалідным вазку 26‑гадовы супрацоўнік мінскай бальніцы хуткай дапамогі Ціхан Бадыраў паехаў наймітам на вайну супраць Украіны, быў прызначаны камандзірам эвакуацыі і праз месяц цяжка паранены. Ён вярнуўся ў Беларусь і цяпер высвятляе ў расійскіх чатах, дзе ягоныя баявыя — аклад яму спачатку зменшылі да $120, а пасля звольнілі. […]",KEEP,,RQ-6d3a9f64d147,SILVER,,,2026-08-14T06:08:01+00:00,,,REVIEWED,Наша Ніва,"Мінскі медык пайшоў ваяваць за Расію, праз месяц атрымаў цяжкае раненне, а цяпер выбівае выплаты, седзячы ў інвалідным вазку",https://t.me/nashaniva/120208,EVT-e1818ca53e97,1,1,NO,YES,train
HIGH,,,,SILVER,"Редакционный второй проход: подтверждена конкретная белорусская проблема, жалоба или нарушение.","В белорусской национальной доменной зоне заметили сайт, который предлагает гражданам Беларуси подписать контракт с российской армией и отправиться на войну в Украину. Издание «Зеркало» рассказывает, как устроена эта схема, сколько стоит коммерческая вербовка и почему компания-«синдикат» не выглядит слишком надежной. […] Уголовный кодекс предусматривает до пяти лет лишения свободы за участие без разрешения белорусского государства в вооруженном формировании одной из сторон или военных действиях, за вербовку — от пяти до десяти лет, если не было признаков наемничества. Для тех, кто едет воевать ради денег, наказания более строгие: от трех до семи лет — самим наемникам, от семи до пятнадцати лет — вербовщикам. Контакты сайта, который зовет белорусов воевать за Россию, ведут к вербовщику, подписанному как Александр. […] В апреле 2026 года вербовщик перестал заваливать чаты рекламой, а вскоре появился сайт защитник.бел, где указан телеграм-аккаунт Александра. […] Самому Даниилу Родионову, под именем которого действует «синдикат» вербовщиков, 32 года. […]",KEEP,,RQ-9ada3fed3626,SILVER,,,2026-08-14T05:06:50+00:00,,,REVIEWED,Медиа-Полесье,"Стало известно, что за «синдикат» стоит за сайтом, который вербует белорусов воевать за Россию — Media-Polesyе",https://media-polesye.com/news/stalo-izvestno-chto-za-sindikat-stoit-za-sajtom-kotoryj-verbuet-belorusov-voevat-za-rossiyu,EVT-1d5a0dc214ef,1,1,NO,YES,train
HIGH,,,,SILVER,Редакционный второй проход: нет подтвержденной проблемы в предметной области S-monitor.,"[…] При этом Руслан отмечает: попасть в эту сферу случайно практически невозможно, да и стоимость аэростатов — сотни тысяч рублей. — Просто так с улицы — «О, шары летают, хочу тоже зарабатывать» — это не работает. Здесь очень много специфики. […] Если ехать недалеко или организаторы говорят: «Ребята, приезжайте, мы в любом случае компенсируем дорогу», — тогда риски меньше. […] Для привязных подъемов, которые обычно делают на фестивалях, нужна свободная территория примерно 50 на 50 метров — без деревьев, проводов и других препятствий. […] — Чего сейчас не хватает белорусским фестивалям? […] А иногда не хватает рекламы предстоящего маркета ремесленников — люди не знают и просто проходят мимо. […]",REJECT,,RQ-9e6c3b0c7ac0,SILVER,,,2026-08-14T05:00:19+00:00,,,REVIEWED,Onlíner,"«Встаем в четыре утра». Истории бизнесов, которые зарабатывают на фестивалях - Кошелек Onlíner",https://money.onliner.by/2026/08/14/biznes-na-festivalyax,EVT-e79cf407bb27,1,1,NO,YES,train
HIGH,,,,SILVER,Редакционный второй проход: нет подтвержденной проблемы в предметной области S-monitor.,"Перед началом учебного года белорусские вузы завершают подготовку общежитий к приему студентов. […] Жилой фонд общежитий белорусских вузов насчитывает около 91 тыс. […] По словам заместителя начальника главного управления идеологической, воспитательной работы и молодежной политики – начальника управления по делам молодежи Министерства образования Татьяны Симановской, в вузах работают специальные комиссии, а студенческие отряды помогают с текущим ремонтом и благоустройством территорий. […] Кроме того, жилищно-бытовые комиссии университетов вместе со студенческими организациями могут принимать решения о первоочередном или внеочередном предоставлении мест. Если собственных общежитий вузу не хватает, он может договариваться с другими университетами или предприятиями об использовании свободных мест. Для новых студентов в вузах предусмотрены адаптационные программы. […] В Минобразования также просят первокурсников и их родителей ориентироваться на графики заселения, которые составляют университеты, чтобы не создавать очередей в наиболее загруженные дни.",REJECT,,RQ-f095e4af5c47,SILVER,,,2026-08-13T17:17:16+00:00,,,REVIEWED,Smartpress.by,Во сколько обойдется место в общежитии вуза и когда старт заселения? В Минобразования Беларуси рассказали,https://smartpress.by/news/vo-skolko-oboydetsya-mesto-v-obshchezhitii-vuza-i-kogda-start-zaseleniya-v-minobrazovaniya-belarusi-,EVT-6860c5a25bad,1,1,NO,YES,train
HIGH,,,,SILVER,"Редакционный второй проход: подтверждена конкретная белорусская проблема, жалоба или нарушение.",«Разгерметизация системы подвода воды и ее протекания в корпус одного из основных элементов функционирования АЭС».,KEEP,,RQ-e7000106e7bd,SILVER,,,2026-08-13T17:00:00+00:00,,,REVIEWED,Zerkalo.io,"«Сразу понял, что это не плановая остановка». Причиной отключения второго энергоблока АЭС, похоже, стала аварийная ситуация - рассказываем",https://news.zerkalo.io/economics/134177.html,EVT-7d6b718c6dc8,2,1,NO,NO,train
HIGH,,,,SILVER,"Редакционный второй проход: подтверждена конкретная белорусская проблема, жалоба или нарушение.","Обсуждение возможных изменений в системе выплаты пособий по уходу за ребенком в Беларуси неожиданно стало одной из самых горячих тем в социальных сетях. После того как власти объявили, что рассматривают возможность привязать размер пособия к официальному заработку женщины до выхода в декрет, социальные сети буквально разделились на два лагеря. Одно из видео, в котором автор рассуждает о будущем законопроекте, менее чем за сутки собрало более 200 тысяч просмотров и более 500 комментариев. Обсуждение получилось настолько эмоциональным, что многие признаются: давно не видели такой поляризации мнений вокруг социальной инициативы. Напомним, ранее Министерство труда сообщило, что минимальный размер пособия сохранится, однако для женщин с более высоким официальным доходом выплаты могут стать больше. […] Одна женщина призналась, что после выхода в декрет была вынуждена вернуться на работу уже через несколько месяцев, потому что пособия не хватало даже на привычные семейные расходы. Другая написала, что если закон действительно примут, она всерьез задумается о втором ребенке. […]",KEEP,,RQ-0539887d2c84,SILVER,,,2026-08-13T16:56:16+00:00,,,REVIEWED,Медиа-Полесье,"«Одни заслужили, другие тоже мамы». Предлагаемое нововведение о декретных выплатах вызвало жаркие споры — Media-Polesyе",https://media-polesye.com/news/odni-zasluzhili-drugie-tozhe-mamy-predlagaemoe-novovvedenie-o-dekretnyh-vyplatah-vyzval-zharkie-spory,EVT-81bc6e74aded,1,1,NO,YES,train
HIGH,,,,SILVER,Очевидно нерелевантный жанр или событие вне предмета S-monitor.,"[…] Рейн также используется Германией в качестве транспортного маршрута для нефти, бензина и дизельного топлива. Низкий уровень воды в реке вынуждает суда перевозить более легкие грузы. Обмеление Рейна приводит к росту цен на автомобильное топливо в Германии.",REJECT,,RQ-57af76d39cca,SILVER,,,2026-08-13T16:51:13+00:00,,,REVIEWED,Виртуальный Брест,Судоходство на Рейне в районе Кельна почти остановлено из-за рекордно низкого уровня воды,https://virtualbrest.ru/news189257.php,EVT-f627078c1aa0,1,1,NO,YES,train
HIGH,,,,SILVER,"Редакционный второй проход: подтверждена конкретная белорусская проблема, жалоба или нарушение.","[…] По информации пресс-службы правительства, предусматривается введение в одностороннем порядке сроком на шесть месяцев лицензирования ввоза отдельных видов товаров из древесины, аналогичных производимым в стране. Предполагается, что мера “будет способствовать увеличению объемов производства, расширению ассортимента выпускаемой отечественной импортозамещающей продукции и ее реализации на внутреннем рынке”. Лицензирование вывоза из отходов стекла и макулатуры введено “с целью поддержки белорусских производителей, создания благоприятных условий для развития новых производств, увеличения выпуска импортозамещающей продукции, уменьшения вывоза сырьевого ресурса из страны и ликвидации сырьевого дефицита”. В мае 2025 года Совет министров в очередной раз ввел требование получать лицензию на импорт отдельных товаров из древесины. […] Лицензирование импорта отдельных видов товаров из древесины было введено 9 сентября 2022 года, с тех пор неоднократно продлевалось. […]",KEEP,,RQ-f55521ddb681,SILVER,,,2026-08-13T15:48:52+00:00,,,REVIEWED,Позірк,"Совмин вновь ввел лицензирование вывоза отходов стекла, макулатуры, ввоза товаров из древесины | Pozirk",https://pozirk.online/ru/news/199871,EVT-39efc0940484,3,1,NO,YES,train
HIGH,,,,SILVER,Очевидно нерелевантный жанр или событие вне предмета S-monitor.,"[…] Оттенки дерева, перекликающиеся с ламинатом, паркетом или шкафом, создают ощущение цельности и порядка. […] Выбирая цвет, вы выбираете, сколько времени будете тратить на уборку. Самые практичные варианты: Графит и тёмно-серый — почти идеальный выбор. На них не видно пыли, грязи, мелких царапин и отпечатков пальцев. При этом они выглядят строго и стильно, сочетаются с кирпичом, штукатуркой и деревом. […] На них не видно пыли, грязи, мелких царапин и следов рук. […] Но серый и графит практичнее, потому что на них меньше видна грязь. […]",REJECT,,RQ-185a23ffe3f2,SILVER,,,2026-08-13T15:43:00+00:00,,,REVIEWED,Белновости,"Как выбрать цвет входной двери, чтобы она не спорила с интерьером и не собирала все отпечатки",https://www.belnovosti.by/dizayn-i-interer/kak-vybrat-cvet-vhodnoy-dveri-chtoby-ona-ne-sporila-s-intererom-i-ne-sobirala-vse,EVT-1ae2faf7b5c4,1,1,NO,YES,train
HIGH,,,,SILVER,Редакционный второй проход: нет подтвержденной проблемы в предметной области S-monitor.,"[…] Но и для ежевики перебор конкретный"", – заметил один из них. […] Отсюда и цена такая у фермеров – на выжившую"", – написал участник обсуждения. […] У нас таких цен нет"" ""Да, вкусная, но не на 55 руб."" Источник информации: Tochka.by. […]",REJECT,,RQ-924058e7bf61,SILVER,,,2026-08-13T15:04:36+00:00,,,REVIEWED,БрестСИТИ,"""Перебор"": белорус возмутился ценой на популярную ягоду",https://brestcity.com/blog/cenoj-na-yagodu,EVT-0055c958aec3,1,1,NO,YES,train
HIGH,,,,SILVER,Редакционный второй проход: нет подтвержденной проблемы в предметной области S-monitor.,"<p>В России снова усиливается дефицит топлива после новой серии украинских ударов по нефтеперерабатывающим заводам. В регионах возвращают ограничения на продажу бензина, водителей заправляют по четным и нечетным дням, на АЗС образуются очереди. Одновременно Россия рекордными темпами завозит бензин и дизель из Беларуси и впервые начала получать бензин морем из Индии. Российский кризис затронул и страны, которые годами зависели от дешевого топлива из РФ: Кыргызстан ищет поставщиков в Беларуси и Китае, а Абхазия дошла до закупки бензина с подконтрольной Тбилиси территории Грузии.</p>",REJECT,,RQ-1c36fea35531,SILVER,,,2026-08-13T14:31:00+00:00,,,REVIEWED,Белсат,"«Страна-бензоколонка» ищет, где «заправиться». Топливо везут из Беларуси, Индии и даже Марокко",https://ru.belsat.eu/94838953/strana-benzokolonka-ishchet-gde-zapravitsya,EVT-fa2246a6862e,1,1,NO,YES,train
HIGH,,,,SILVER,"Заголовок прямо фиксирует конкретную жалобу, нарушение или социально-экономическую проблему.","[…] Примечательно, что сигналы тревоги прозвучали не только от жителей Минщины — на связь вышли и сельчане из Гомельской области. Особую активность проявили жители Смолевичского района. Абсолютное большинство нареканий касалось работы автолавок. Сигнал о перебоях с торговлей поступил из деревни Слободка . Аналогичные жалобы на скудный ассортимент и сбои в графике озвучивали покупатели и из других населенных пунктов области. Сельчане едины во мнении: автолавки часто опаздывают, а привычные маршруты давно требуют пересмотра. […] Таким образом, работа выездной торговли взята на особый контроль , а главным приоритетом остаётся доступность и качество товаров для каждого сельского покупателя.",KEEP,,RQ-5948688e349b,SILVER,,,2026-08-13T13:59:07+00:00,,,REVIEWED,Смолевичи-24,"Товара мало, приезжают не вовремя: жители Смолевичского района и других регионов пожаловались в КГК на работу автолавок - 13.08.2026",https://smolevichi-24.by/13082026/tovara-malo-priezzhayut-ne-vovremya-zhiteli-smolevichskogo-rajona-i-drugih-regionov-pozhalovalis-v-kgk-na-rabotu-avtolavok,EVT-673c99d72861,1,1,NO,YES,train
HIGH,,,,SILVER,"Редакционный второй проход: подтверждена конкретная белорусская проблема, жалоба или нарушение.",Мера принята для поддержки отечественных производителей и создания благоприятных условий для развития новых производств.,KEEP,,RQ-03638b1c1369,SILVER,,,2026-08-13T13:34:00+00:00,,,REVIEWED,Zerkalo.io,"Беларусь ввела лицензирование на вывоз двух товаров, чтобы ликвидировать «сырьевой дефицит»",https://news.zerkalo.io/economics/134201.html,EVT-39efc0940484,3,1,NO,NO,train
HIGH,,,,SILVER,"Редакционный второй проход: подтверждена конкретная белорусская проблема, жалоба или нарушение.","[…] Мужчина рассказал, что недавно в их населенном пункте на улице Колхозной, после работы гусеничной техники, было приведено в негодность дорожное покрытие, которое, по мнению представителей Логойского комхоза, в норме. В сообщении сельский житель рассказал, что на улице Колхозной в Малых Нестановичах сносили сарай. […] — После работы гусеничной техники на повороте улицы Колхозной, в связи со сносом сарая возле той же улицы, превратили въезд в неизвестно что. […] Также житель Малых Нестановичей сообщил, что две недели назад коммунальные службы подсыпали асфальтогранулятом соседнюю улицу Озерную, а вот про улицу Колхозную они забыли. […] Критического дефекта дорожного покрытия там не обнаружено. — Организациям, выполняющим работы по сносу аварийных зданий вблизи данной улицы, выдано замечание по устранению загрязнений дорожного полотна. Асфальтобетонное покрытие улицы имеет удовлетворительное состояние, проезжаемость обеспечена, — резюмировали в Логойском комхозе.",KEEP,,RQ-361e6494b4f7,SILVER,,,2026-08-13T13:33:00+00:00,,,REVIEWED,Минская правда,Житель Логойского района против выводов комхоза по дороге на улице Колхозной - 13.08.2026,https://mlyn.by/13082026/zhitel-logojskogo-rajona-protiv-vyvodov-komhoza-po-doroge-na-ulicze-kolhoznoj,EVT-25b45990864a,1,1,NO,YES,train
HIGH,,,,SILVER,"Редакционный второй проход: подтверждена конкретная белорусская проблема, жалоба или нарушение.","[…] Соответствующее постановление подписал председатель Совета Министров Александр Турчин. Мера направлена на поддержку отечественных производителей, замещение импорта и предотвращение сырьевого дефицита внутри страны. Подробности обнародованы в телеграм-канале правительства республики. Правительство объясняет нововведения тремя ключевыми задачами. Первая — ликвидировать дефицит вторичного сырья, который мешает загрузить мощности перерабатывающих предприятий. Вторая — стимулировать появление новых импортозамещающих линий, особенно в сегменте товаров из дерева. […] По замыслу авторов документа, это даст отечественным производителям фору на полгода: они смогут нарастить объёмы, расширить ассортимент и закрепиться на внутреннем рынке без ценового давления со стороны импорта. […]",KEEP,,RQ-8ee431deaaea,SILVER,,,2026-08-13T13:23:35+00:00,,,REVIEWED,Белновости,"Беларусь вводит лицензирование на стекло, макулатуру и древесину",https://www.belnovosti.by/ekonomika/belarus-vvodit-licenzirovanie-na-steklo-makulaturu-i-drevesinu,EVT-39efc0940484,3,1,NO,NO,train
HIGH,,,,SILVER,"Редакционный второй проход: подтверждена конкретная белорусская проблема, жалоба или нарушение.","В Threads разгорелось обсуждение цен на анализы в лабораториях Могилева. […] Отмечали бюджетные цены и на другие исследования, например, на щитовидную железу. […] Кто-то отметил, что после сдачи анализов в этом месте их часто просят пересдавать. Автор поста парировала, заметив, что после любой лаборатории могут отправить на пересдачу: К слову, некоторые упомянули и центральную поликлинику, где отметили и хорошие цены, и отсутствие нареканий.",KEEP,,RQ-1463d1b42f5d,SILVER,,,2026-08-13T12:09:39+00:00,,,REVIEWED,MASHEKA,"Могилевчанка в Threads подсказала, где дешево сдать анализы: комментаторы поспорили » MASHEKA - информационный портал Могилёва. Новости Могилева, интервью с могилевчанами",https://masheka.by/novosti-mogileva/23864-mogilevchanka-v-threads-podskazala-gde-deshevo-sdat-analizy-kommentatory-posporili.html,EVT-5ee7fce0fc12,1,1,NO,YES,train
HIGH,,,,SILVER,Очевидно нерелевантный жанр или событие вне предмета S-monitor.,"Как сообщил специалист Александр Козорез, участие неравнодушных граждан в кормлении животных оказалось медвежьей услугой. Он пояснил, что предложение хлеба, фруктов, сладостей и чипсов не только нарушает пищеварение тарпанов, но и провоцирует у них закрепление неправильных поведенческих реакций, сообщает БЕЛТА. Попробовав человеческую еду несколько раз, лошади начинают регулярно возвращаться на место кормежки, что и привело к их появлению у остановки — тем самым они создавали опасность и для себя, и для пассажиров, и для транспорта на соседней трассе. Александр Козорез также подчеркнул, что выход животных за пределы естественной среды обитания и контакты с людьми чреваты заражением вирусами и инфекциями. […]",REJECT,,RQ-5afefd2f98a8,SILVER,,,2026-08-13T12:06:32+00:00,,,REVIEWED,Kraj.by,"Диких лошадей, которые стали знаменитыми посетителями остановки возле трассы в Воложинском районе, увезли на карантин, 13.08.2026",https://news.kraj.by/20260813/dikih-loshadej-kotorye-stali-znamenitymi-posetitelyami-ostanovki-v-volozhinskom-rajone-uvezli-na-karantin,EVT-b839370f374c,1,1,NO,YES,train
HIGH,,,,SILVER,Очевидно нерелевантный жанр или событие вне предмета S-monitor.,"[…] От удара 33-летний мотоциклист погиб на месте происшествия. ГАИ Гродно напоминает, что перекресток является местом повышенной опасности. Именно здесь необходимо быть крайне внимательными и бдительными. […]",REJECT,,RQ-2a186b0165e6,SILVER,,,2026-08-13T11:34:34+00:00,,,REVIEWED,ВГР,В Лидском районе погиб мотоциклист — Вечерний Гродно,https://vgr.by/2026/08/13/v-lidskom-rajone-pogib-motocziklist,EVT-23379950b850,1,1,NO,YES,train
HIGH,,,,SILVER,Исправлено при полном редакционном аудите заголовка и извлеченного текста.,"[…] Однако жители обновление почти единодушно раскритиковали: по их мнению, самолет сделали только хуже. […] Там должны были восстановить корпус и полностью обновить покраску. Сейчас конструкцию вернули, хотя работы еще не закончены: пока нет пропеллера и некоторых элементов кабины. Главное изменение — цвет. […] Изначально он был желто-синим и именно таким запомнился многим жителям. […] На это также обратили внимание жители, заметил «Флагшток». Получается, за несколько лет один из узнаваемых символов Старого Аэродрома успел пройти сразу несколько превращений: от привычного желто-синего самолета до красно-зеленого «патриотического», а теперь — до нейтрального бело-серого. […]",REJECT,,RQ-9c8a5c6d3dd4,SILVER,,,2026-08-13T10:27:46+00:00,,,REVIEWED,BGmedia,Самолет Ан-2 вернули в Старый Аэродром Гомеля: почему жители недовольны цветом? — BGmedia,https://bgmedia.site/news/v-gomele-vernuli-samolet-na-staryj-aerodrom,EVT-e1d66d337239,1,1,NO,YES,train
HIGH,,,,SILVER,"Заголовок прямо фиксирует конкретную жалобу, нарушение или социально-экономическую проблему.","[…] В сюжете заверили, что темные улицы уже давно остались в прошлом, а коммунальщики быстро реагируют на заявки жителей. […] На улице Абрамова освещения, как утверждают жители, нет уже неделю. На старом Пхове люди регулярно отправляют заявки с фотографиями, но проблема остается. Жалуются и на улицу Малинина, где фонари вечером могут отключить еще до 23.00. В итоге получился довольно показательный контраст. […] А жители Мозыря отвечают: после часа ночи город погружается в темноту, некоторые фонари не работают неделями, а многочисленные обращения в 115 далеко не всегда заканчиваются ремонтом. […] А вот жителям некоторых улиц пока приходится добиваться хотя бы обычного света. […]",KEEP,,RQ-fdb55e2c779d,SILVER,,,2026-08-13T10:06:13+00:00,,,REVIEWED,BGmedia,Ночное освещение Мозыря раскритиковали жители после сюжета на госТВ: почему? — BGmedia,https://bgmedia.site/society/zhiteli-mozyrya-pojmali-gostv-na-lzhi-pro-osveshhenie,EVT-ec03cde4b075,1,1,NO,YES,train
HIGH,,,,SILVER,"Редакционный второй проход: подтверждена конкретная белорусская проблема, жалоба или нарушение.","[…] В итоге жители Привокзального и Черемушек останутся без горячей воды с 3 по 15 сентября. […] А на сайте 12 августа вышел отдельный большой материал о том, насколько важна подготовка теплосетей к зиме. В нем двухнедельное отсутствие горячей воды назвали всего лишь «будничным неудобством», за которым якобы скрывается «колоссальный объем работы многих служб». Оршанцы к очередному «будничному неудобству» отнеслись куда менее спокойно. […] И удобство участников турнира в итоге оказалось важнее удобства тысяч жителей нескольких микрорайонов. Некоторые оршанцы при этом жалуются, что и без нового графика регулярно остаются без горячей воды из-за других работ и ремонтов. Поэтому новость о сентябрьском отключении вызвала еще больше раздражения. […]",KEEP,,RQ-934f2cbce195,SILVER,,,2026-08-13T09:12:45+00:00,,,REVIEWED,BGmedia,Отключение горячей воды в Орше перенесли с августа на сентябрь: люди недовольны — BGmedia,https://bgmedia.site/news/v-orshe-perenesli-otklyuchenie-vody-na-sentyabr,EVT-9757c7843a77,1,1,NO,YES,train
HIGH,,,,SILVER,Очевидно нерелевантный жанр или событие вне предмета S-monitor.,"Министерство здравоохранения Республики Беларусь обнародовало оперативные данные о дорожно-транспортном происшествии с участием белорусских граждан в регионе Гурия (Грузия). […] Еще пятнадцать пассажиров, включая шестерых несовершеннолетних, доставлены в местные клиники с травмами различной степени тяжести. Медицинская помощь пострадавшим организована в трех учреждениях здравоохранения Грузии: Четверо госпитализированы в больницы городов Озургети и Чохатаури; одиннадцать человек размещены в Республиканской больнице Батуми. Двое из них находятся в реанимационном отделении, однако, по заключению врачей, угроза их жизням на данный момент отсутствует. На межведомственном уровне вопрос курируется лично: министр здравоохранения Беларуси находится в постоянном прямом контакте с грузинским коллегой. Все решения по дальнейшей тактике лечения и возможной эвакуации пациентов принимаются оперативно и совместно.",REJECT,,RQ-516643c27aef,SILVER,,,2026-08-13T08:05:07+00:00,,,REVIEWED,NewGrodno,Трагедия в Грузии: Минздрав Беларуси сообщил подробности о пострадавших и погибших,https://newgrodno.by/auto/tragediya-v-gruzii-minzdrav-belarusi-soobshhil-podrobnosti,EVT-38d78f8c1dad,1,1,NO,YES,train
HIGH,,,,SILVER,Редакционный второй проход: нет подтвержденной проблемы в предметной области S-monitor.,"Это сейчас Пина обмелела и судоходство в Пинске практически замерло. Но эта река, которая протекает через столицу Полесья помнит и другие времена. […]",REJECT,,RQ-eab0761025b9,SILVER,,,2026-08-13T07:52:52+00:00,,,REVIEWED,Медиа-Полесье,Нескончаемое число пароходов и судов тянулось через Пинск... Когда такое было — Media-Polesyе,https://media-polesye.com/news/neskonchaemoe-chislo-parohodov-i-sudov-tyanulos-cherez-pinsk-kogda-takoe-bylo,EVT-f79d9e416467,1,1,NO,YES,train
HIGH,,,,SILVER,"Редакционный второй проход: подтверждена конкретная белорусская проблема, жалоба или нарушение.","Более 2,5 тысячи автомобилей скопились на границе Беларуси с Евросоюзом утром 13 августа 2026 года, при этом самые длинные очереди из легкового и грузового транспорта традиционно фиксируются на польском направлении, а на участке с Латвией заторов нет. Утром в пятницу на всех пунктах пропуска со странами ЕС насчитывалось 2573 транспортных средства, включая легковые и грузовые автомобили, а также пассажирские автобусы, сообщили в Государственном пограничном комитете Беларуси. Ситуация на границе Беларуси с Евросоюзом остаётся напряжённой: по данным Госпогранкомитета, на утро 13 августа 2026 года на всех пунктах пропуска в направлении Польши, Литвы и Латвии скопилось 2573 транспортных средства. […] В пункте пропуска «Брест» оформления ожидают 960 легковых автомобилей, а в пункте «Брузги» — ещё 170 машин. Кроме того, на выезд в Польшу стоят три пассажирских автобуса. На литовском участке границы очереди из легковушек зафиксированы только в одном пункте — «Каменный Лог», где въезда на территорию Литвы дожидаются 100 автомобилей. На границе с Латвией очередей из легкового транспорта не наблюдается. […]",KEEP,,RQ-72bbb196f346,SILVER,,,2026-08-13T07:39:00+00:00,,,REVIEWED,Белновости,"Очередь на границе Беларуси с ЕС выросла до почти 2,6 тыс. транспортных средств",https://www.belnovosti.by/obshchestvo/ochered-na-granice-belarusi-s-es-vyrosla-do-pochti-26-tys-transportnyh-sredstv,EVT-148813833eb1,2,1,NO,YES,train
HIGH,,,,SILVER,"Редакционный второй проход: подтверждена конкретная белорусская проблема, жалоба или нарушение.","[…] Экономист BEROC отмечает, что такое изменение по пособиям, когда его примут, приблизит беларусскую систему поддержки молодых родителей к ряду других стран. […] И это нормально во многих странах, что такая выплата привязана к прошлому доходу ее получателя, — подчеркивает аналитик. К тому же, продолжает эксперт, выплаты идут из Фонда соцзащиты населения, куда люди платят проценты от своей зарплаты: «Поэтому правильно, чтобы эти выплаты были тоже привязаны к доходам». В социальных сетях можно встретить возмущения пользователей, которые решили, что изменение приведет к снижению размера пособий для менее обеспеченных семей. Другие же считают , что после нововведения «социальный разрыв» будет закладываться «уже с пеленок». Экономист подчеркивает, что решение как раз не ударит по родителям с невысокими зарплатами, если власти, как пообещали, оставят минимальный порог на нынешнем уровне. […] Но только среди жителей сельской местности, « зависимость которых от пособий намного выше» в силу ряда факторов. […]",KEEP,,RQ-1693d44efab7,SILVER,,,2026-08-13T04:30:00+00:00,,,REVIEWED,Zerkalo.io,Новые пособия на детей могут отличаться от прежних в разы. Экономист видит в изменении плюсы — вот какие,https://news.zerkalo.io/economics/134083.html,EVT-604b1810f502,1,1,NO,YES,train
HIGH,,,,SILVER,"Заголовок прямо фиксирует конкретную жалобу, нарушение или социально-экономическую проблему.","[…] Однако соседки выступили категорически против, и конфликт, длящийся с 2010 года, был передан на рассмотрение суда. Позиция Михайловых: «Мы ничего не можем сделать без их согласия» Елена Михайлова утверждает, что дом находился в аварийном состоянии. Крыша и стены нуждались в срочной замене. Семья провела реконструкцию: увеличила площадь помещений, построила пристройку, мансарду, балкон и гардероб. […] — Мы не можем даже сделать фасад, потому что не имеем права заходить на территорию соседок. Они не дают согласия, — жалуется Елена Михайлова. Претензии соседок: «Нам перерезали провода и оставили без воды» Зинаида Васильевна и Тамара Ивановна заявляют, что из-за действий семьи Михайловых их квартиры пришли в негодность. […]",KEEP,,RQ-71c3da76844b,SILVER,,,2026-08-13T02:08:06+00:00,,,REVIEWED,NewGrodno,Стройка без согласия: как спор соседей дошел до суда и кто оказался прав,https://newgrodno.by/society/strojka-bez-soglasiya,EVT-b4f293f9accf,1,1,NO,YES,train
HIGH,,,,SILVER,Редакционный второй проход: нет подтвержденной проблемы в предметной области S-monitor.,"[…] На сегодняшний день в Беларуси уже оцифровано более 40% из 26 миллионов записей актов гражданского состояния, а для обработки бумажных архивов с 1944 по 2013 годы привлекаются технологии искусственного интеллекта. […] Ранее, чтобы найти запись о рождении или браке старше 2013 года, сотрудникам приходилось поднимать архивные книги — теперь эта информация станет доступна за секунды. Помимо удобства для граждан (подача заявлений онлайн через Единый портал, сокращение бюрократических процедур), система сулит серьезные преимущества для государства. […] Как подчеркнул начальник главного управления юстиции Мингорисполкома Андрей Мальцев, система будет генерировать документы самостоятельно, что даст «существенный выигрыш по времени и эффективности». Итогом работы станет бесшовная цифровая экосистема, в которой рождение ребенка или вступление в брак автоматически запускают цепочку необходимых государственных сервисов без очередей и бумажных справок.",REJECT,,RQ-32f6fbf00c60,SILVER,,,2026-08-13T01:30:00+00:00,,,REVIEWED,Белновости,В Минске разрабатывают автоматизированную информационную систему ЗАГС. Что известно об этом,https://www.belnovosti.by/minsk/v-minske-razrabatyvayut-avtomatizirovannuyu-informacionnuyu-sistemu-zags-chto-izvestno-ob,EVT-58251f066dc3,1,1,NO,YES,train
HIGH,,,,SILVER,Редакционный второй проход: нет подтвержденной проблемы в предметной области S-monitor.,"[…] Оплатить можно обучение любого члена семьи — родителей, детей или супругов, причём как на первое, так и на последующее образование, независимо от формы получения образования. […] Это касается как самого ребёнка, на которого был назначен капитал, так и других членов семьи — родителей, братьев, сестёр или супругов. […] Для того чтобы воспользоваться этой возможностью, необходимо подготовить пакет документов. В него входят паспорт заявителя и обучающегося (при отсутствии — свидетельство о рождении), решение о назначении семейного капитала (или его копия), договор с учебным заведением, справка, подтверждающая статус студента или учащегося, свидетельство о браке, а также документы о занятости супруга в полной семье или родителя в неполной семье. Затем следует подать заявление в службу «Одно окно» местного исполнительного комитета. […] В Минтруда подчеркнули, что такая мера поддержки позволяет семьям более гибко планировать образовательные траектории своих детей и самих родителей, не дожидаясь наступления совершеннолетия ребёнка, на которого был открыт семейный капитал.",REJECT,,RQ-21eb20e44b7c,SILVER,,,2026-08-12T23:30:00+00:00,,,REVIEWED,Белновости,"Белорусам рассказали, можно ли использовать семейный капитал для оплаты за обучение в вузе или колледже",https://www.belnovosti.by/obshchestvo/belorusam-rasskazali-mozhno-li-ispolzovat-semeynyy-kapital-dlya-oplaty-za-obuchenie-v,EVT-39d64c62aa43,3,1,NO,YES,train
HIGH,,,,SILVER,"Редакционный второй проход: подтверждена конкретная белорусская проблема, жалоба или нарушение.","[…] На помощь ребенку оперативно пришли спасатели, – информирует в своем ТГ-канале пресс-служба МЧС Беларуси. Мальчика извлекли из ловушки и передали врачам скорой помощи, после чего он был госпитализирован. В Бресте спасатели провели операцию по спасению ребенка, оказавшегося в опасной ситуации. Сообщение на линию 112 поступило от очевидцев, ставших свидетелями происшествия на улице Московской. Когда сотрудники МЧС прибыли на место, они обнаружили, что мальчик находится в глубоком котловане, оставшемся после раскопки теплотрассы. […] Профессиональные действия работников МЧС позволили быстро и безопасно извлечь пострадавшего на поверхность. […]",KEEP,,RQ-6315f0b1f5b9,SILVER,,,2026-08-12T20:22:05+00:00,,,REVIEWED,Белновости,В Бресте мальчик упал в котлован глубиной 3 м,https://www.belnovosti.by/proisshestviya/v-breste-malchik-upal-v-kotlovan-glubinoy-3-m,EVT-03ad7a734e6d,1,1,NO,YES,train
HIGH,,,,SILVER,Редакционный второй проход: нет подтвержденной проблемы в предметной области S-monitor.,"[…] Главный архитектор проекта УП «Белниипградостроительства» Евгений Радионов представил жителям стратегию комплексного освоения территорий, рассчитанную на ближайшие полтора десятилетия. […] Предлагается сформировать это на месте бывшей фермы с организацией заезда по обходу и на парковку». […] Анализируя общественную застройку, детские площадки, которые будут скрывать озеленением, беседки, формируется путь будущих туристов к археологическому комплексу». В ходе обсуждений жители подняли вопрос велодорожек. Застройщик подтвердил их включение в новые улицы, однако детали (маршрут и длина) на данном этапе отсутствуют. Спорной темой стало строительство автодороги, которая свяжет Городище с деревней Строчицы и обеспечит выезд на трассу Р-1 (Минск — Дзержинск). Часть присутствующих высказалась против этого проекта. […]",REJECT,,RQ-bbe828dee934,SILVER,,,2026-08-12T18:46:10+00:00,,,REVIEWED,Прысталічча,Будущее древней земли: какими станут Городище и Новая Веска к 2040 году - 12.08.2026,https://pristalica.by/12082026/budushhee-drevnej-zemli-kakimi-stanut-gorodishhe-i-novaya-veska-k-2040-godu,EVT-d6b2dd7973b7,1,1,NO,YES,train
HIGH,,,,SILVER,Редакционный второй проход: нет подтвержденной проблемы в предметной области S-monitor.,[…] Беларускія ўлады спыняюць грузавікі: што шукаюць? Даносчыца просіць дапамогі ў Лукашэнкі: адказу няма. Усе падрабязнасці глядзіце ў новым відэа «Нашай Нівы». […],REJECT,,RQ-b49f25fdfcef,SILVER,,,2026-08-12T16:47:29+00:00,,,REVIEWED,Наша Ніва,ВІДЭАНАВІНЫ: Драма ў мінскай бальніцы скончылася вялікім скандалам: падрабязнасці / Лукашэнку просяць разабрацца,https://t.me/nashaniva/120144,EVT-24147a4d6124,3,2,YES,YES,train
HIGH,,,,SILVER,"Заголовок прямо фиксирует конкретную жалобу, нарушение или социально-экономическую проблему.","[…] Покупатель приобрёл комплект летних шин за 330 рублей, но в процессе эксплуатации выявил дефект. […] По словам владельца, внешне заметить проблему было сложно. С претензией Николай обратился в магазин. Там первоначально предложили отправить шины производителю в Китай для экспертизы, которая могла занять около трех месяцев. […] Однако уже спустя две недели покупателю сообщили, что деньги возвращать не будут. […] Но даже после этого магазин отказался удовлетворить требования покупателя, сославшись на заключение своего специалиста. […] Магазин обязали вернуть 330 рублей, уплаченных за шины. […]",KEEP,,RQ-6d97949598fd,SILVER,,,2026-08-12T15:18:56+00:00,,,REVIEWED,NewGrodno,Магазин не вернул 330 рублей за брак - и заплатил 9000: история одного покупателя шин,https://newgrodno.by/auto/magazin-ne-vernul-330-rublej-za-brak-i-zaplatil-9000,EVT-b7d64c03056a,4,1,NO,NO,train
HIGH,,,,SILVER,Очевидно нерелевантный жанр или событие вне предмета S-monitor.,"[…] Дорога дальняя – 1 200 км. […] Очень впечатлила природа – красиво, горная местность, дух захватывает. Съездили в Рускеала – это горный парк на месте заброшенного мраморного карьера. При Екатерине II здесь добывали камень для строительства Санкт-Петербурга, мрамор использовали для отделки Исаакиевского собора, Казанского собора и других известных зданий. Очень интересно. […] Съездили в Рускеала – это горный парк на месте заброшенного мраморного карьера. […] Съездили в Рускеала – это горный парк на месте заброшенного мраморного карьера. […]",REJECT,,RQ-d67c2ef0ef5b,SILVER,,,2026-08-12T15:00:00+00:00,,,REVIEWED,МогилёвОнлайн,"«Я и терапевт души, и нумеролог, работаю парикмахером». Жизнь глазами бобруйчан",https://magilev.by/news/2026/08/12/ya-i-terapevt-dushi-i-numerolog-rabotayu-parikmaherom-zhizn-glazami-bobrujchan,EVT-4612f423f672,1,1,NO,YES,train
HIGH,,,,SILVER,"Редакционный второй проход: подтверждена конкретная белорусская проблема, жалоба или нарушение.","[…] Дорожная тема стала одной из главных на приеме. Так, житель Дзержинска пожаловался на движение грузового транспорта, который ухудшает состояние полотна на повороте улицы Гастелло. — Поставили на улице знаки. И теперь едут со стороны подъема на горку. […] Жительница Дзержинска рассказала, что территорию затапливает из-за изменения рельефа и отсутствия ливневой канализации со стороны ул. […] Урожай гибнет, деревья страдают, — пожаловалась заявительница. […] Жительница Дзержинска с улицы Лесной пожаловалась на лужу между домами № 22 и № 24 после асфальтирования, которое прошло в 2024 году. […]",KEEP,,RQ-62c4d16f1b21,SILVER,,,2026-08-12T14:52:22+00:00,,,REVIEWED,Дзяржынская праўда,Сигналы услышаны. С какими проблемами жители Дзержинского района обратились к председателю райисполкома на личном приеме - 12.08.2026,https://dzr.by/12082026/signaly-uslyshany-s-kakimi-problemami-zhiteli-dzerzhinskogo-rajona-obratilis-k-predsedatelyu-rajispolkoma-na-lichnom-prieme,EVT-9f4f21896c6b,1,1,NO,YES,train
HIGH,,,,SILVER,"Заголовок прямо фиксирует конкретную жалобу, нарушение или социально-экономическую проблему.","[…] Единственное, хозяин снял обшивку. Приезжал сотрудник МЧС, все проверил: никаких претензий и вопросов не возникло. Хотя на участке и баня есть. […] А она стоит больше 1000 рублей: откуда у меня такие деньги? — возмущается Ольга. В ходе приема Кушнаренко заявил, что при использовании материнского капитала жилье должно соответствовать установленным требованиям безопасности, а оценивать его состояние должны специалисты. В итоге семье пообещали письменно предложить другие варианты жилья в районе. […]",KEEP,,RQ-71fc45ac4f8b,SILVER,,,2026-08-12T14:45:00+00:00,,,REVIEWED,Zerkalo.io,"«Откуда у меня такие деньги?» Многодетная семья пытается выбраться из двухкомнатной квартиры, но ей отказывают в покупке дома",https://news.zerkalo.io/life/134122.html,EVT-94f110a6c2c6,1,1,NO,YES,train
HIGH,,,,SILVER,Редакционный второй проход: нет подтвержденной проблемы в предметной области S-monitor.,"[…] Посмотреть эту публикацию в Instagram Публикация от Могилев (@vidosy_mogilev) Если человеку были прописаны очки, выбирать особо не приходилось. Хорошие, легкие, тонкие оправы были дефицитом. В основном носили тяжелые и громоздкие, которые в народе иронично сравнивали с продукцией Министерства тяжелой промышленности. […] Хорошие, легкие, тонкие оправы были дефицитом. […] Хорошие, легкие, тонкие оправы были дефицитом. […] Хорошие, легкие, тонкие оправы были дефицитом. […]",REJECT,,RQ-9f6e86d288a8,SILVER,,,2026-08-12T14:20:00+00:00,,,REVIEWED,МогилёвОнлайн,Однажды в Могилеве. Очки под Леннона и немного мужских слез. Видео,https://magilev.by/news/2026/08/12/odnazhdy-v-mogileve-ochki-pod-lennona-i-nemnogo-muzhskih-slez,EVT-5d191abd1ce9,1,1,NO,YES,train
HIGH,,,,SILVER,"Редакционный второй проход: подтверждена конкретная белорусская проблема, жалоба или нарушение.","Предприятию «Бобруйскагромаш» остро не хватает работников, а число незакрытых вакансий растет. […] BELPOL опубликовал непубличное письмо в Министерство промышленности, в котором руководство «Бобруйскагромаша» указывает на нехватку работников, необходимую для выполнения «стратегической задачи» — поставок сельскохозяйственной техники в страны «дальней дуги». В нем первого замминистра промышленности просят помочь подобрать персонал по договорам аутстаффинга на предприятиях системы Минпрома. То есть фактически временно привлечь работников с других предприятий. […]",KEEP,,RQ-91339328dd9a,SILVER,,,2026-08-12T13:28:00+00:00,,,REVIEWED,Zerkalo.io,BELPOL: «Бобруйскагромаш» из-за дефицита кадров просит помощи Минпрома,https://news.zerkalo.io/economics/134114.html,EVT-1d007b2fdae0,1,1,NO,YES,train
HIGH,,,,SILVER,"Редакционный второй проход: подтверждена конкретная белорусская проблема, жалоба или нарушение.","Работники деревообрабатывающего участка предприятия «Коммунальник» в Молодечно возле пятиэтажного дома №5 на улице Михаила Забейды-Сумицкого в понедельник, 10 августа, привели в порядок две скамейки, на которые давно жаловались жители дома, пишет Kraj.by. В пятиэтажке единственный подъезд. Со слов самих жителей, сейчас большинство из них находится в возрастной категории «60 плюс», поэтому лавочки очень актуальны и востребованы. На прошлой неделе житель дома Владимир рассказал и показал журналисту обе скамейки. На одну из них садиться было уже опасно. Начался процесс разрушения и второй лавочки. Владимир утверждал, что не менее шести обращений жильцов дома в единую диспетчерскую коммунальную службу «115» не принесли никаких результатов. […]",KEEP,,RQ-8de97647327a,SILVER,,,2026-08-12T13:21:47+00:00,,,REVIEWED,Минская правда,"Главное, что ножками можно поболтать – в Молодечно решили проблему с лавочками у пятиэтажки - 12.08.2026",https://mlyn.by/12082026/glavnoe-chto-nozhkami-mozhno-poboltat-v-molodechno-reshili-problemu-s-lavochkami-u-pyatietazhki,EVT-f589e32fa882,5,1,NO,NO,train
HIGH,,,,SILVER,Редакционный второй проход: нет подтвержденной проблемы в предметной области S-monitor.,"[…] Минчанка обратилась с вопросом о несогласии с очередным отказом в разрешении на отчуждение земельного участка в деревне Сосновая. Как пояснила заявительница, продажа стала вынужденной мерой из-за существенного ухудшения здоровья отца, что помешало реализации планов по строительству дома. Специалисты разъяснили, что на земельном участке отсутствуют зарегистрированные капитальные строения . Заявление было дважды рассмотрено на заседаниях Смолевичского райисполкома в июне 2026 года, и оба раза принято решение об отказе. Основаниями стали отсутствие благоустроенного подъезда к участку и нарушение требований Кодекса Республики Беларусь о земле, которая обязывает соблюдать установленные сроки занятия участков и строительства на них. Решения об отказе уже обжаловались в Минском областном исполнительном комитете, но после повторного рассмотрения были оставлены в силе. […] Однако согласно функциональному зонированию генерального плана города-спутника Смолевичи, данная территория расположена в жилой зоне, где предусмотрена жилая застройка. […]",REJECT,,RQ-2f776ba4e92a,SILVER,,,2026-08-12T12:47:29+00:00,,,REVIEWED,Смолевичи-24,"Выморочная доля, вентиляция и генплан: Николай Парамонов провел личный прием граждан - 12.08.2026",https://smolevichi-24.by/12082026/vymorochnaya-dolya-ventilyacziya-i-genplan-nikolaj-paramonov-provel-lichnyj-priem-grazhdan,EVT-978d54deb9ad,1,1,NO,YES,train
HIGH,,,,SILVER,"Редакционный второй проход: подтверждена конкретная белорусская проблема, жалоба или нарушение.","[…] Победил «Бетонный улей», который сможет построить здесь новый жилой комплекс. Брестчане тем временем обсуждают совсем другое: исчезновение мини-рынка, уничтожение зеленой зоны, дефицит парковок, нагрузку на школы и транспорт и очередное уплотнение района. Аукцион состоялся 11 августа. […] Поэтому идея снести его понравилась далеко не всем: Есть и противоположное мнение. Некоторые считают нынешний рынок устаревшим и уверены, что его территория давно требует преобразований: Но рынок — далеко не единственная претензия. Жители снова говорят об уплотнении Бреста и сокращении свободных пространств: Особенно жителей Вульки беспокоит соседняя зеленая территория, которую используют в том числе для прогулок и выгула собак: Другой большой вопрос — парковки и транспорт. В районе уже много многоэтажных домов, а новая застройка означает сотни дополнительных автомобилей: Не забывают люди и о социальной инфраструктуре — классической проблеме Бреста: Отдельно брестчане обсуждают будущую стоимость квартир. […]",KEEP,,RQ-b7b77635b5db,SILVER,,,2026-08-12T12:44:24+00:00,,,REVIEWED,BGmedia,"В Бресте землю на Вульке продали за 3,8 млн долларов: что говорят жители — BGmedia",https://bgmedia.site/society/brest-uchastok-syabrovskaya-aukcion-betonnyj-ulej-11-millionov,EVT-fba4a5d99034,1,1,NO,YES,train
HIGH,,,,SILVER,Редакционный второй проход: нет подтвержденной проблемы в предметной области S-monitor.,"Жителей Заводского района Минска предупредили о повышенном уровне шума 15 и 16 августа 2026 года. […] Эти процедуры — обязательное условие для того, чтобы «врезать» новый паропровод в действующую систему и гарантировать его герметичность под высоким давлением. Хотя подобные манипуляции требуют значительных временных затрат и привлечения тяжелой техники, их проведение именно сейчас — залог того, что батареи в домах жителей района прогреются вовремя и без сбоев. Модернизация сетей напрямую влияет на качество услуг: снижается риск аварийных отключений и потерь тепла в магистралях. Конечно, присутствие строительных машин и спецтехники на площадке неизбежно создаст акустический фон, превышающий обычный городской шум. Энергоснабжающая организация приносит извинения за вынужденные неудобства и рассчитывает на понимание со стороны местных жителей. […]",REJECT,,RQ-2942d66f6d23,SILVER,,,2026-08-12T12:29:57+00:00,,,REVIEWED,Белновости,Жителей Заводского района Минска предупредили о повышенном уровне шума 15 и 16 августа 2026 года,https://www.belnovosti.by/minsk/zhiteley-zavodskogo-rayona-minska-predupredili-o-povyshennom-urovne-shuma-15-i-16-avgusta,EVT-b1959898d87f,1,1,NO,YES,train
HIGH,,,,SILVER,Редакционный второй проход: нет подтвержденной проблемы в предметной области S-monitor.,"[…] Совсем тревожный вариант – запах заметно усиливается после дождя или автомойки. Тогда стоит искать протечку. Во время работы кондиционера воздух проходит через холодный испаритель. […] Если вы не помните, когда его меняли, это уже достаточно веская причина туда заглянуть. Пыльный – бывает. Очень грязный – тоже. Но если фильтр заметно влажный или мокрый, особенно после дождя, нужно искать, откуда туда попадает вода. […]",REJECT,,RQ-d7662b52fc81,SILVER,,,2026-08-12T12:14:29+00:00,,,REVIEWED,Smartpress.by,В машине пахнет сыростью: виноват кондиционер или где-то стоит вода?,https://smartpress.by/idea/avto/v-mashine-pakhnet-syrostyu-iz-za-konditsionera-ili-vody-kak-nayti-prichinu-za-10-minut,EVT-8ebc3efa3d17,1,1,NO,YES,train
HIGH,,,,SILVER,"Редакционный второй проход: подтверждена конкретная белорусская проблема, жалоба или нарушение.","[…] Для жителей частного сектора в квартале Пищевик это долгожданное событие. Состояние дороги здесь давно вызывало нарекания у местных жителей. Покрытие было отсыпано ПГС, со временем на улице появилось немало ям и неровностей. Автомобилистам приходилось буквально &amp;laquo;прыгать&amp;raquo; по ним. Проезд по улице был далеко не самым комфортным. 12 августа на улице появилась дорожная техника, а рабочие приступили к проведению работ. […] Как рассказывает одна из жительниц улицы Марии Бобровой, люди даже вышли из домов посмотреть, что происходит. […]",KEEP,,RQ-08e5d52970ca,SILVER,,,2026-08-12T12:14:16+00:00,,,REVIEWED,Вечерний Бобруйск,На улице Марии Бобровой в Бобруйске начали ремонтировать дорогу,https://bobr.by/news/city/198420,EVT-1de3342faef9,1,1,NO,YES,train
HIGH,,,,SILVER,"Редакционный второй проход: подтверждена конкретная белорусская проблема, жалоба или нарушение.","[…] Ответ: “Ну это не к нам вопросы! Мы не смотрим и не отвечаем, что там в садах!”» Именно здесь обсуждение в комментариях стало особенно жестким. Одна из участниц утверждает, что за место в саду на Вульке якобы просят $1 500, а за сад в Южном — $1 000. […] При этом встречаются случаи, когда попасть в нужный сад все-таки удавалось. Одна мама объяснила это тем, что знала свой номер в очереди и понимала, на какой сад может рассчитывать. Получается довольно странная картина: одни родители годами ждут место рядом с домом, другие рассказывают о практически пустых группах, а третьи говорят о возможности попасть в нужный сад только через знакомых или деньги. Проблема распределения детей по детским садам в Бресте обсуждалась и весной 2026 года. […]",KEEP,,RQ-051a6201ef10,SILVER,,,2026-08-12T12:13:17+00:00,,,REVIEWED,BGmedia,Скандал вокруг детсадов на Вульке в Бресте: «Вставать в очередь еще в утробе?» — BGmedia,https://bgmedia.site/society/brestchanka-rasskazala-o-razgovore-v-administraczii-moskovskogo-rajona,EVT-625dbe191190,1,1,NO,YES,train
HIGH,,,,SILVER,Исправлено при полном редакционном аудите заголовка и извлеченного текста.,"Жителей многоэтажек Узды ждет временное отключение горячей воды — ее не будет с 17 по 30 августа (13 дней), пишет zorkanews.by . В Узденском ЖКХ объяснили: перерыв нужен, чтобы провести профилактику и подготовить системы к осенне‑зимнему сезону. Так получится избежать серьёзных аварий позже. — Мы понимаем, что отсутствие горячей воды создает неудобства. Просим отнестись к ситуации с пониманием. Плановые отключения — обычная мера: она помогает сделать подачу услуги надёжнее и качественнее в будущем , — обратился к жителям города директор ЖКХ Константин Козич .",REJECT,,RQ-bac3ae74edd1,SILVER,,,2026-08-12T12:06:09+00:00,,,REVIEWED,Минская правда,Жителям Узды придется достать тазики – горячую воду отключат на 13 дней - 12.08.2026,https://mlyn.by/12082026/zhitelyam-uzdy-pridetsya-dostat-taziki-goryachuyu-vodu-otklyuchat-na-13-dnej,EVT-20c72ecb3c9f,1,1,NO,YES,train
HIGH,,,,SILVER,"Редакционный второй проход: подтверждена конкретная белорусская проблема, жалоба или нарушение.","В Пинске местный житель бьёт тревогу из-за мотоциклистов на эндуро, которые облюбовали лесопарковую зону в районе проспекта Жолтовского. […] В последнее время уже по вечерам катаются на заднем колесе по проспекту Жолтовского и Солнечной улице. […] Также он написал несколько электронных обращений в различные инстанции. — В них я пишу, что возле пешеходов ездят с высокой скоростью, что лес находится в черте города и считается зоной отдыха, так как там установлены скамейки и беседки. Основная претензия, что им там в принципе нельзя ездить. Езда в лесопарковой зоне, по правилам, запрещена. Спортинвентарь можно использовать только на специально оборудованных площадках, частных территориях. […]",KEEP,,RQ-8c400050c9d0,SILVER,,,2026-08-12T11:56:41+00:00,,,REVIEWED,NewGrodno,В Пинске эндуристы облюбовали лесопарковую зону — местный житель бьёт тревогу,https://newgrodno.by/society/v-pinske-enduristy-oblyubovali-lesoparkovuyu-zonu,EVT-d01b0d11f9d9,2,1,NO,NO,train
HIGH,,,,SILVER,Редакционный второй проход: нет подтвержденной проблемы в предметной области S-monitor.,"[…] Воспользоваться им можно для оплаты среднего специального или высшего образования в государственных учреждениях, а также в учебных заведениях потребительской кооперации и Федерации профсоюзов Беларуси. Министерство обращает внимание на некоторые факты: Для оформления необходимо п одготовить пакет документов: паспорт заявителя и обучающегося (при отсутствии – свидетельство о рождении), решение (копия решения) о назначении семейного капитала, договор с учебным заведением, справку о том, что ребёнок или родитель является студентом (учащимся), свидетельство о браке, документы о занятости супруга в полной семье, родителя в неполной семье. Собрав все справки и документы, подайте заявление в службу «Одно окно». После принятия решения о досрочном распоряжении, обратитесь в Беларусбанк для перечисления средств на счёт учебного заведения. […]",REJECT,,RQ-2d76948f708e,SILVER,,,2026-08-12T11:56:28+00:00,,,REVIEWED,Kraj.by,"Как использовать семейный капитал для оплаты обучения в вузе или колледже, 12.08.2026",https://news.kraj.by/20260812/mnogodetnye-semi-mogut-ispolzovat-dlya-oplaty-obucheniya-v-vuze-ili-kolledzhe-semejnyj-kapital,EVT-39d64c62aa43,3,1,NO,NO,train
HIGH,,,,SILVER,"Редакционный второй проход: подтверждена конкретная белорусская проблема, жалоба или нарушение.","[…] В некоторых случаях дополнительно вводят антирабический иммуноглобулин. Чем раньше человек обратится к врачу после опасного контакта, тем выше эффективность профилактики. В комментарии для Smartpress.by эпидемиологи напомнили, что ежи, белки и летучие мыши – дикие животные и могут быть опасны, даже если выглядят безобидно и позволяют приблизиться. […]",KEEP,,RQ-d79bc098980a,SILVER,,,2026-08-12T11:24:00+00:00,,,REVIEWED,Smartpress.by,Минчан всё чаще “обижают” белки и ежи – люди бегут за прививками,https://smartpress.by/news/minchan-vsye-chashche-obizhayut-ezhi-i-belki-lyudi-begut-za-privivkami,EVT-e0ed232a3ad3,1,1,NO,YES,train
HIGH,,,,SILVER,"Редакционный второй проход: подтверждена конкретная белорусская проблема, жалоба или нарушение.","Какие вопросы брачно-семейных отношений требуют корректировки законодательства, рассказал председатель Палаты представителей Игорь Сергеенко во время семинара ""Совершенствование законодательства в области брачно-семейных отношений"" в историко-культурном комплексе ""Лошицкий"" в Минске, передает корреспондент БЕЛТА . В Беларуси назрела необходимость комплексного совершенствования Кодекса о браке и семье - Сергеенко Палатой представителей регулярно проводятся семинары по различным направлениям совершенствования законодательства, на которых анализируется практика применения действующих законов, а также обсуждаются конкретные законопроекты на этапах подготовки и рассмотрения в первом и втором чтениях. ""Сегодня в стране формируется план законопроектной деятельности на 2027 год, который будет утвержден в конце этого года, и мы активно участвуем в этом процессе. Тема сегодняшнего семинара - ""Совершенствование брачно-семейных отношений"" - выбрана неслучайно, поскольку уже поступают предложения от Верховного Суда, основанные на практике рассмотрения гражданских дел, от Министерства юстиции по вопросам дальнейшего совершенствования работы органов ЗАГС, а также от Минского горисполкома. Поэтому не исключено, что мы вернемся к рассмотрению изменений в Кодекс о браке и семье. Хотя несколько лет назад в него уже вносились точечные правки, жизнь не стоит на месте, и в век цифровизации необходимо совершенствовать работу и в этом направлении"", - отметил Игорь Сергеенко. […] ""Внедрение экстерриториального принципа существенно ускорит подготовку ответов и обработку обращений. […]",KEEP,,RQ-23baab43cf1f,SILVER,,,2026-08-12T11:07:37+00:00,,,REVIEWED,БрестСИТИ,"Какие вопросы брачно-семейных отношений требуют изменений законодательства, рассказали в Палате представителей",https://brestcity.com/blog/kakie-voprosy-brachno-semejnyx-otnoshenij-trebuyut-izmenenij,EVT-b61b17e3d115,1,1,NO,YES,train
HIGH,,,,SILVER,Исправлено при полном редакционном аудите заголовка и извлеченного текста.,"В Бобруйске снова рассказали о благоустройстве городского парка культуры и отдыха. […] После проверки аттракцион смогут посещать взрослые и дети ростом от 120 сантиметров, а билет будет стоить 7 рублей. Проблема в том, что жители Бобруйска уже давно говорят совсем не об отсутствии еще одной карусели. Как ранее писало BGmedia, июне и июле в соцсетях появилось сразу несколько видео о состоянии всего парка. Бобруйчане показывали разбитые дорожки, грязные фонтаны, мусор и старые аттракционы, на которых некоторые уже боятся кататься. Сам парк жители называли «позором города» и сравнивали с Чернобыльской зоной. Особенно много вопросов возникло к фонтанам. […]",KEEP,,RQ-f7501e5c9cf9,SILVER,,,2026-08-12T10:40:50+00:00,,,REVIEWED,BGmedia,В городском парке Бобруйска устанавливают аттракцион «Микс»: почему этого мало? — BGmedia,https://bgmedia.site/news/v-bobrujske-pohvastalis-novym-attrakczionom-v-parke,EVT-11f1eaf781c0,2,2,YES,YES,train
HIGH,,,,SILVER,"Редакционный второй проход: подтверждена конкретная белорусская проблема, жалоба или нарушение.","В августе Воложин уже начинает подготовку к школьной жизни: разговоры в очередях, ценники в витринах, родители с пакетами и списками. Задалась вопросом: сколько стоит собрать мальчика в 5-й класс, если покупать всё с нуля? Для чистоты эксперимента сделала одинаковый список и прошлась по двум местным магазинам — «Чадо» и «Восток», а затем собрала отдельную корзину на Wildberries. […] Как правило, мальчишки в 11 лет падают на переменах, пачкаются в столовой, а в школьной форме гоняют после уроков мяч. Также добавила бельё на каждый день, футболки, спортивный костюм, халат на труды, жилетку, тёплую кофту на замке и свитер, галстук на школьные мероприятия, сумку для сменки. […] Собирать будущего пятиклассника помогла продавец: всё показала и рассказала, что покупают родители и какой ассортимент для школьника есть в наличии. […] Если смотреть на варианты сбора школьника в целом, то получается, что на Wildberries корзина у меня вышла примерно на 1880 рублей, через магазин «Чадо» с докупкой недостающего — около 1500 рублей, через «Восток» с докупкой — примерно 1400–1500 рублей, в зависимости от того, где брать канцелярию и часть вещей. […]",KEEP,,RQ-d7d9a130ef2e,SILVER,,,2026-08-12T10:18:54+00:00,,,REVIEWED,Kraj.by,"Посчитали, можно ли за 1 тысячу рублей собрать пятиклассника в школу в Воложине, 12.08.2026",https://news.kraj.by/20260812/poschitali-mozhno-li-za-1-tysyachu,EVT-068313324029,1,1,NO,YES,train
HIGH,,,,SILVER,"Редакционный второй проход: подтверждена конкретная белорусская проблема, жалоба или нарушение.","<p>Кредит на жилье под 1% годовых, который «Беларусбанк» начал выдавать 10 августа, еще до запуска вызвал ажиотаж. Покупатели занимали очереди возле офисов продаж, застройщики сообщали о резком росте обращений, а возле офиса «Северного берега» спор за место в очереди закончился дракой. Но 1% действует только два года. […]",KEEP,,RQ-fcd38ec31ad3,SILVER,,,2026-08-12T10:01:00+00:00,,,REVIEWED,Белсат,Взял 300 000 рублей – вернул 862 000. Что не так с ипотекой под 1%,https://ru.belsat.eu/94819138/chto-ne-tak-s-ipotekoj-pod-1,EVT-14c6f61a3654,4,1,NO,YES,train
HIGH,,,,SILVER,Редакционный второй проход: нет подтвержденной проблемы в предметной области S-monitor.,"Использовать средства можно досрочно, не дожидаясь 18 лет ребенка Оплатить можно обучение членов семьи (родителей, детей, супругов). […] Любая форма получения образования: очная, заочная, дистанционная. Подготовьте документы: паспорт заявителя и обучающегося (при отсутствии – свидетельство о рождении), решение (копия решения) о назначении семейного капитала, договор с учебным заведением, справку о том, что ребенок или родитель является студентом (учащимся), свидетельство о браке, а также документы о занятости супруга в полной семье, родителя в неполной семье. Затем нужно подать заявление в службу «Одно окно». […]",REJECT,,RQ-5dc4b9ac3267,SILVER,,,2026-08-12T09:01:50+00:00,,,REVIEWED,ВГР,"В Минтруда Беларуси напомнили, как многодетные семьи могут оплатить обучение в вузе или колледже с помощью семейного капитала — Вечерний Гродно",https://vgr.by/2026/08/12/v-mintruda-belarusi-napomnili-kak-mnogodetnye-semi-mogut-oplatit-obuchenie-v-vuze-ili-kolledzhe-s-pomoshhyu-semejnogo-kapitala,EVT-39d64c62aa43,3,1,NO,NO,train
HIGH,,,,SILVER,"Редакционный второй проход: подтверждена конкретная белорусская проблема, жалоба или нарушение.","[…] Как мне объяснили в райисполкоме, сегодня в городе ничего не строится для многодетных, – рассказала Ольга Алексеевна. […] – МЧС не дало добро, потому что там печка стоит. […] Единственное, хозяин снял обшивку. Приезжал сотрудник МЧС, все проверил: никаких претензий и вопросов не возникло. Хотя на участке и баня есть, – поясняет заявительница. […] – возмущается Ольга Алексеевна. […] Готовы потратить 30 тысяч, но при этом основание дома разрушается… […]",KEEP,,RQ-8bc3f4fd4ea2,SILVER,,,2026-08-12T08:48:00+00:00,,,REVIEWED,Минская правда,Почему многодетным из Старых Дорог не разрешают потратить материнский капитал? - 12.08.2026,https://mlyn.by/12082026/pochemu-mnogodetnym-iz-staryh-dorog-ne-razreshayut-potratit-materinskij-kapital,EVT-b13db4faa052,1,1,NO,YES,train
HIGH,,,,SILVER,Исправлено при полном редакционном аудите заголовка и извлеченного текста.,"⚡️ В Беларуси расширят просеки возле ЛЭП — аварийных отключений станет меньше Вдоль воздушных линий электропередачи 35 кВ и выше будут расширять просеки, чтобы снизить риск падения деревьев и аварий. Часть затрат на удаление растительности компенсируют энергоснабжающие организации. […]",REJECT,,RQ-c4e5f4d97842,SILVER,,,2026-08-12T08:36:00+00:00,,,REVIEWED,Blizko.by,В Беларуси расширят просеки возле ЛЭП — аварийных отключений станет меньше,https://t.me/blizkoby/24831,EVT-2b19682c47ba,3,1,NO,NO,train
HIGH,,,,SILVER,"Редакционный второй проход: подтверждена конкретная белорусская проблема, жалоба или нарушение.","[…] В похожей ситуации, по ее словам, оказалась жительница деревни Прусы Стародорожского района Галина Васильевна. […] Несколько лет назад в колодце произошел прорыв – на место выехали работники Слуцкого водоканала. […] А потом его просто принесли и отдали. Показали разницу в показаниях воды – и сказали погашать эту разницу! – возмущена заявительница. – Ещё предупредили, что буду платить штраф: якобы я сама подключилась к центральной канализации. Заявительница обратила внимание: на данный момент задолженность за услуги водоснабжения составляет 2111 рублей, из которых 1273 рубля – пеня. […]",KEEP,,RQ-3dff5ba03d37,SILVER,,,2026-08-12T08:30:00+00:00,,,REVIEWED,Минская правда,Пенсионерка из Стародорожского района требует отменить долг за воду - 12.08.2026,https://mlyn.by/12082026/pensionerka-iz-staryh-dorog-trebuet-otmenit-dolg-za-vodu,EVT-e07dfb9c5a3a,1,1,NO,YES,train
HIGH,,,,SILVER,Очевидно нерелевантный жанр или событие вне предмета S-monitor.,"[…] По предварительным данным, 71-летний житель Минска, управляя автомобилем Renault Megane, совершил наезд на женщину, переходившую проезжую часть. Пешеход неожиданно для водителя выбежала на дорогу слева направо из-за металлического ограждения, разделяющего встречные потоки. […] Обстоятельства произошедшего уточняются сотрудниками правоохранительных органов. ГАИ напоминает: пешеходы обязаны двигаться по тротуарам или пешеходным дорожкам, а при их отсутствии — по обочинам, лишь в отсутствии указанных элементов дороги или невозможности движения по ним — по краю проезжей части дороги навстречу транспорту.",REJECT,,RQ-cf4f0bb7f00a,SILVER,,,2026-08-12T08:23:48+00:00,,,REVIEWED,Прысталічча,На МКАД-2 женщина решила перебежать дорогу - ее сбил пенсионер - 12.08.2026,https://pristalica.by/12082026/na-mkad-2-zhenshhina-reshila-perebezhat-dorogu-ee-sbil-pensioner,EVT-50becf17cd3b,1,1,NO,YES,train
HIGH,,,,SILVER,"Редакционный второй проход: подтверждена конкретная белорусская проблема, жалоба или нарушение.","В городском чате снова просят о помощи: жительница многоквартирного дома по улице Жодинской пожаловалась на постоянное «свинство» в подъезде, пишут smolevichi-24.by . В подтверждение своих слов девушка выложила фото детского самоката, в корзинке которого кто-то устроил туалет. […] А заодно лично заглянули в подъезд многоэтажки. Зайти в дом действительно не составило труда — устройство не работает. Однако, как пояснил специалист, коммунальная служба к домофону отношения не имеет. Данная услуга является дополнительной и не входит в основной пакет ЖКХ. […] — Если услуга не оказывается, а деньги продолжают брать, жильцы вправе требовать перерасчет или даже обращаться в суд. […]",KEEP,,RQ-b9104f7cc201,SILVER,,,2026-08-12T08:23:00+00:00,,,REVIEWED,Минская правда,Туалет в детском самокате и открытый подъезд превратили жизнь жильцов Смолевичей в кошмар - 12.08.2026,https://mlyn.by/12082026/tualet-v-detskom-samokate-i-otkrytyj-podezd-prevratili-zhizn-zhilczov-smolevichej-v-koshmar,EVT-915ab206a4ac,2,1,NO,YES,train
HIGH,,,,SILVER,"Заголовок прямо фиксирует конкретную жалобу, нарушение или социально-экономическую проблему.","[…] По их словам, два подвала пятиэтажки регулярно затапливает фекальными водами, неприятный запах доходит до подъездов и квартир, а многочисленные обращения в коммунальные службы ситуацию принципиально не меняют. Дом на два подъезда был заселен еще в 1993 году и сейчас находится на обслуживании ЖЭУ-3 предприятия «Коммунальник». Жильцы утверждают, что серьезные проблемы с канализацией начались около пяти лет назад — после утепления дома, ремонта системы отопления и замены сантехники. Связаны ли эти работы с подтоплениями, неизвестно, пишет kraj.by. Владимир рассказывает, что трубы регулярно забиваются, после чего канализационные воды вместо городской системы начинают поступать в подвал. За эти годы мужчина, по его словам, уже около 30 раз самостоятельно прочищал канализацию проволокой, которую ему оставили сантехники. […] Обращения в службу 115 тоже не помогли решить проблему. […]",KEEP,,RQ-caed87cd7af0,SILVER,,,2026-08-12T08:02:10+00:00,,,REVIEWED,BGmedia,Дом №22Б на улице Мовчанского в Молодечно затапливает фекалиями: почему? — BGmedia,https://bgmedia.site/society/v-molodechno-pyatietazhku-godami-zataplivaet-fekaliyami,EVT-8ea81f538bd6,2,1,NO,YES,train
HIGH,,,,SILVER,"Редакционный второй проход: подтверждена конкретная белорусская проблема, жалоба или нарушение.","Белорусы возмущены поборам в школах. Белоруска написала в Тредсе, на какие нужды класса собирает деньги. Пост собрал свыше 663 тысяч просмотров и под тысячу комментариев, заметила «Салiдарнасць» . «Я та самая мама из родительского комитета, которая скоро напишет в чат Вайбера: «Дорогие родители, собираем по 50 рублей на нужды класса»», — говорится в посте, к которому прилагается список расходов. Вода, салфетки, полотенца, одноразовые стаканчики, туалетная бумага, подарочные сертификаты учителю на праздники, а еще подписка на издания, плинтусы, краска для класса, средства на ремонт и хознужды — все это прописано в документе автора. […] Учительница, прокомментировавшая пост, объяснила, что покупают для детей за счет бюджета. […] Этот же пользователь предлагает маме открыть собственную частную школу, чтобы родители каждый месяц заносили туда деньги. […]",KEEP,,RQ-f4d83a8e957b,SILVER,,,2026-08-12T07:35:46+00:00,,,REVIEWED,Хартия-97,«Такое позорище»,https://charter97.org/ru/news/2026/8/12/694473,EVT-db330bcbe398,1,1,NO,YES,train
HIGH,,,,SILVER,Редакционный второй проход: нет подтвержденной проблемы в предметной области S-monitor.,"В ночь на пятницу, 14 августа, у белорусов могут возникнуть проблемы с оплатой банковскими картами и снятием наличных. О возможных перебоях предупредил Банковский процессинговый центр. […] Сбои могут затронуть оплату товаров и услуг, снятие наличных, а также операции в устройствах самообслуживания. Кроме того, возможны перебои в работе банкоматов банков, подключенных к программно-техническому комплексу Банковского процессингового центра. Отдельные услуги контакт-центра также могут быть временно недоступны. […]",REJECT,,RQ-faadcd97c501,SILVER,,,2026-08-12T07:26:29+00:00,,,REVIEWED,Хартия-97,У белорусов могут возникнуть проблемы с банковскими картами,https://charter97.org/ru/news/2026/8/12/694495,EVT-51b3ddd4d240,2,1,NO,NO,train
HIGH,,,,SILVER,"Заголовок прямо фиксирует конкретную жалобу, нарушение или социально-экономическую проблему.","<p>За последние пять лет беларусская промышленность значительно уменьшила ориентированность на внешнюю торговлю. Дефицит экспорта за это время стал в пять раз выше, <a href=""https://thinktanks.pro/publication/2026/08/12/defitsit-vneshney-torgovli-promyshlennoy-produktsiey-belarusi-vyros-pochti-v-pyat-raz-za-5-let.html"" rel=""noopener noreferrer"" target=""_blank"">пишет</a> ресурс Thinktanks.pro.</p>",KEEP,,RQ-513c937aa3ae,SILVER,,,2026-08-12T06:55:00+00:00,,,REVIEWED,Белсат,В Беларуси почти в пять раз вырос дефицит внешней торговли промышленной продукции,https://ru.belsat.eu/94817191/vyros-deficit-vneshnej-torgovli-promyshlennosti,EVT-4dbe69067427,3,1,NO,NO,train
HIGH,,,,SILVER,Редакционный второй проход: нет подтвержденной проблемы в предметной области S-monitor.,"В ночь на пятницу, 14 августа, у белорусов могут возникнуть проблемы с оплатой банковскими картами и снятием наличных. О возможных перебоях предупредил Банковский процессинговый центр. […] Сбои могут затронуть оплату товаров и услуг, снятие наличных, а также операции в устройствах самообслуживания. Кроме того, возможны перебои в работе банкоматов банков, подключенных к программно-техническому комплексу Банковского процессингового центра. Отдельные услуги контакт-центра также могут быть временно недоступны. […]",REJECT,,RQ-93a240eac024,SILVER,,,2026-08-12T06:49:02+00:00,,,REVIEWED,Onlíner,В пятницу у белорусов могут возникнуть проблемы с банковскими картами - Кошелек Onlíner,https://money.onliner.by/2026/08/12/v-pyatnicu-u-belorusov-mogut,EVT-51b3ddd4d240,2,1,NO,YES,train
HIGH,,,,SILVER,"Редакционный второй проход: подтверждена конкретная белорусская проблема, жалоба или нарушение.","[…] Едва откачали, — поделилась специалист, вспоминая самые резонансные подростковые истории этого лета. Еще один опасный инцидент произошел в Жлобинском районе, где двое подростков оказались в больнице с отравлением неизвестной жидкостью, найденной на заброшенной стройке. — Отпили «для смеха» — и оба в больнице. Это не просто глупость, здесь очевидный сигнал: ребенок не чувствует дома опоры. Ему не с кем посоветоваться, не у кого спросить. Он ищет «взрослости» на улице, в интернете, в плохой компании. Отметим, что это далеко не первый случай, когда у белорусских школьников возникают серьезные проблемы со здоровьем из-за увлечения вейпами. […]",KEEP,,RQ-250b039249b3,SILVER,,,2026-08-12T06:47:50+00:00,,,REVIEWED,Onlíner,«Едва откачали». В Гомеле 13-летний школьник попал в реанимацию после курения вейпа - Люди Onlíner,https://people.onliner.by/2026/08/12/edva-otkachali-v-gomele-13-letnij-shkolnik-popal-v-reanimaciyu-posle-kureniya-vejpa,EVT-81580ea97bc2,1,1,NO,YES,train
HIGH,,,,SILVER,Редакционный второй проход: нет подтвержденной проблемы в предметной области S-monitor.,"Совет Министров Беларуси принял постановление, утверждающее порядок возмещения затрат на удаление древесно-кустарниковой растительности вдоль воздушных линий электропередачи напряжением 35 кВ и выше, а также правила комиссионного списания вырубленных деревьев, что позволит расширить просеки и повысить надёжность электроснабжения, снизив количество аварийных отключений в среднем в девять раз. Документ, подписанный премьер-министром Александром Турчиным, принят в рамках реализации распоряжения Президента от 17 июня 2026 года №84рп «О повышении надежности электроснабжения» и устанавливает порядок предоставления земельных участков под расширение просек для предотвращения чрезвычайных ситуаций из-за падения деревьев, сообщили БЕЛТА в пресс-службе правительства. Как сообщили в пресс-службе правительства, принятое постановление конкретизирует механизмы реализации президентского распоряжения, направленного на повышение надёжности электроснабжения страны. […] Источником финансирования таких мероприятий является стоимость самой удалённой растительности. Однако в отдельных случаях часть затрат не будет компенсирована в полном объёме из-за низкого качества растительности или при отсутствии возможности её вывоза для последующего использования. В таких ситуациях часть затрат, не компенсируемая стоимостью удалённой древесно-кустарниковой растительности, возмещается РУП-облэнерго юридическим лицам, ведущим лесное хозяйство. Комиссионное списание удалённой растительности допускается при отсутствии подъездных путей для лесозаготовительной техники либо при наличии иных обстоятельств, препятствующих её вывозке. […]",REJECT,,RQ-221d6f650e99,SILVER,,,2026-08-12T06:41:00+00:00,,,REVIEWED,Белновости,Как в Беларуси планируют повысить надёжность электроснабжения: озвучены дополнительные меры,https://www.belnovosti.by/ekonomika/kak-v-belarusi-planiruyut-povysit-nadyozhnost-elektrosnabzheniya-ozvucheny-dopolnitelnye,EVT-2b19682c47ba,3,1,NO,YES,train
HIGH,,,,SILVER,"Заголовок прямо фиксирует конкретную жалобу, нарушение или социально-экономическую проблему.","Дефицит внешней торговли промышленной продукцией Беларуси вырос почти в пять раз за 5 лет. https://zerkalo-10jun.xyz/news/economics/134072.html?tg=6 👉 Не работает ссылка? Попробуйте эту , из Беларуси — с VPN. […]",KEEP,,RQ-fc836822090a,SILVER,,,2026-08-12T06:21:01+00:00,,,REVIEWED,Zerkalo.io,Дефицит внешней торговли промышленной продукцией Беларуси вырос почти в пять раз за 5 лет.,https://news.zerkalo.io/economics/134072.html?tg=6,EVT-4dbe69067427,3,1,NO,NO,train
HIGH,,,,SILVER,"Заголовок прямо фиксирует конкретную жалобу, нарушение или социально-экономическую проблему.","[…] В 2021—2025 годах экспорт увеличился с 36,9 млрд долларов до 37,9 млрд долларов (+2,6%), тогда как импорт — с 38,5 млрд долларов до 45,3 млрд долларов (+17,8%). Из-за этого дефицит торговли промышленной продукцией увеличился почти в пять раз — с 1,5 млрд долларов в 2021 году до 7,4 млрд долларов в 2025 году. Объем промышленного производства в 2025 году сократился впервые после 2022 года — на 1,8% в сопоставимых ценах к предыдущему году. При этом заработные платы в отрасли росли значительно быстрее производительности труда. Реальная зарплата в 2025 году оказалась на 49,3% выше уровня 2020 года, тогда как производительность труда за тот же период увеличилась лишь на 13,4%. Численность работников в промышленности за пять лет практически не изменилась и составила 843,9 тыс. […]",KEEP,,RQ-9935a1a1989d,SILVER,,,2026-08-12T06:17:00+00:00,,,REVIEWED,Zerkalo.io,Дефицит торговли промтоварами в Беларуси вырос почти в пять раз,https://news.zerkalo.io/economics/134072.html,EVT-4dbe69067427,3,1,NO,YES,train
HIGH,,,,SILVER,Редакционный второй проход: нет подтвержденной проблемы в предметной области S-monitor.,"[…] Источником финансирования мероприятий по удалению древесно-кустарниковой растительности является стоимость такой удаленной растительности. В отдельных случаях часть затрат не будет компенсирована в полном объеме стоимостью удаленной растительности из-за низкого качества такой растительности и при отсутствии возможности ее вывоза для последующего использования. Часть затрат, не компенсируемая стоимостью удаленной древесно-кустарниковой растительности, возмещается РУП-облэнерго юридическим лицам, ведущим лесное хозяйство. Возможность комиссионного списания устанавливается при отсутствии подъездных путей для лесозаготовительной техники либо наличии иных обстоятельств, препятствующих вывозке удаленной растительности. Принятые меры позволят интенсифицировать работу по расширению просек воздушных линий электропередачи и повысить надежность электроснабжения. На воздушных линиях электропередачи с расширенными просеками количество аварийных отключений в среднем в девять раз ниже, чем с нерасширенными просеками.",REJECT,,RQ-96c7c63ff766,SILVER,,,2026-08-12T06:01:36+00:00,,,REVIEWED,Виртуальный Брест,В Беларуси принимаются дополнительные меры по повышению надежности электроснабжения,https://virtualbrest.ru/news189081.php,EVT-2b19682c47ba,3,1,NO,NO,train
HIGH,,,,SILVER,Исправлено при полном редакционном аудите заголовка и извлеченного текста.,"Министерство иностранных дел Беларуси выпустило разъяснение по нескольким вопросам, которые касаются паспортного режима и гражданства. […] Согласно закону «О гражданстве Республики Беларусь», ребенок, у которого хотя бы один из родителей является белорусским гражданином, автоматически получает гражданство республики при рождении. […] При этом белорусское законодательство не признает за своими гражданами принадлежности к иностранному гражданству. […] Даже если у вас есть заграничный паспорт другого государства, пользоваться им на границе республики нельзя. Как сообщает БЕЛТА, в ведомстве также подробно рассказали, как быть тем, кто находится за рубежом и столкнулся с проблемой испорченного, утерянного или просроченного паспорта. Единственный выход — обратиться в ближайшее белорусское посольство или консульство. […]",REJECT,,RQ-17dec6940c9b,SILVER,,,2026-08-12T05:38:40+00:00,,,REVIEWED,NewGrodno,Как белорусу вернуться в страну с просроченным паспортом: разъяснение МИД,https://newgrodno.by/novosti-belarusi/kak-belorusu-vernutsya-v-stranu,EVT-300907547b5d,1,1,NO,YES,train
HIGH,,,,SILVER,Редакционный второй проход: нет подтвержденной проблемы в предметной области S-monitor.,"Столичный Комбинат школьного питания внедряет вендинговые аппараты как решение проблемы очередей в буфетах. Первый такой автомат заработал в сентябре 2025 года в средней школе №52 Минска. Затем они появились в гимназиях №16 и №29, а также в средней школе №19. […] В начале нового учебного года планируется установить еще пять таких аппаратов, – информирует «Белта». По словам директора Комбината школьного питания Людмилы Крупской, проблема с покупкой буфетной продукции в школах возникает регулярно — перемены короткие, а желающих много. Открывать дополнительную кассу с новым сотрудником мешает кадровый дефицит. Выход нашли в автоматизации: вендинговый аппарат работает без продавца, не создает очередей и доступен для детей в любое время. […]",REJECT,,RQ-26ed8ea97f1c,SILVER,,,2026-08-12T01:30:00+00:00,,,REVIEWED,Белновости,"Стало известно, что белорусские школьники смогут покупать в вендинговых аппаратах",https://www.belnovosti.by/obshchestvo/stalo-izvestno-chto-belorusskie-shkolniki-smogut-pokupat-v-vendingovyh-apparatah,EVT-051215db83ad,1,1,NO,YES,train
HIGH,,,,SILVER,Редакционный второй проход: нет подтвержденной проблемы в предметной области S-monitor.,"Спрос на пустующие дома в сельской местности Беларуси продолжает расти не только из-за символической цены в одну базовую величину, но и благодаря сочетанию низкого входного порога, стремления к тишине и природе, а также возможности сохранить семейную память, при этом за первое полугодие 2026 года уже продано 885 таких объектов, а база пустующих домов насчитывает около 50 тысяч. […] Основные расходы, как правило, связаны с ремонтом, подведением коммуникаций, обустройством подъездных путей и последующим содержанием участка. Для многих белорусов деревенский дом — это способ снизить зависимость от городской среды: шума, плотной застройки, высоких арендных ставок и дефицита личного пространства. Особенно востребованы объекты, расположенные на приемлемом расстоянии от Минска и районных центров, которые можно использовать не для постоянного переезда, а как место для отдыха на выходных, летом или во время удалённой работы. […] В отдельных населённых пунктах дом может продаваться напрямую либо выставляться на аукцион со стартовой ценой в 1 БВ. Символическая цена снижает психологический барьер: покупатель готов рассматривать даже сложный объект, понимая, что не тратит сразу крупную сумму на само строение. […] Первый — прямая продажа без аукциона, когда исполком самостоятельно устанавливает цену в 1 базовую величину (с 1 января 2026 года — 45 рублей). […]",REJECT,,RQ-09f635c8f578,SILVER,,,2026-08-11T21:30:00+00:00,,,REVIEWED,Белновости,"В Госкомимуществе объяснили, почему белорусы скупают недвижимость в глубинке",https://www.belnovosti.by/ekonomika/v-goskomimushchestve-obyasnili-pochemu-belorusy-skupayut-nedvizhimost-v-glubinke,EVT-365f4cc4e216,1,1,NO,YES,train
HIGH,,,,SILVER,Исправлено при полном редакционном аудите заголовка и извлеченного текста.,"Министерство иностранных дел разъяснило порядок въезда и выезда из Беларуси для граждан страны, в том числе имеющих иностранное гражданство. […] В МИД напомнили, что согласно Закону Республики Беларусь «О гражданстве Республики Беларусь» от 1 августа 2002 года, если на момент рождения ребенка хотя бы один из его родителей является гражданином Беларуси, ребенок приобретает гражданство Республики Беларусь по рождению независимо от места рождения. При этом за гражданином Беларуси не признается принадлежность к гражданству иностранного государства. […] Гражданин Беларуси должен въезжать в страну и выезжать из нее по документу гражданина Беларуси. […]",REJECT,,RQ-057649354626,SILVER,,,2026-08-11T20:45:00+00:00,,,REVIEWED,Минская правда,"Белорусам объяснили, как попасть домой с просроченным паспортом - 11.08.2026",https://mlyn.by/11082026/belorusam-obyasnili-kak-popast-domoj-s-prosrochennym-pasportom,EVT-7e7a12a87d96,1,1,NO,YES,train
HIGH,,,,SILVER,"Заголовок прямо фиксирует конкретную жалобу, нарушение или социально-экономическую проблему.","Необычной историей спора покупателя с крупным автомагазином поделилось агентство «Минск-Новости». […] По словам владельца, внешне заметить проблему было сложно. С претензией Николай обратился в магазин. Там первоначально предложили отправить шины производителю в Китай для экспертизы, которая могла занять около трех месяцев. […] Однако уже спустя две недели покупателю сообщили, что деньги возвращать не будут. […] Но даже после этого магазин отказался удовлетворить требования покупателя, сославшись на заключение своего специалиста. […] Магазин обязали вернуть 330 рублей, уплаченных за шины. […]",KEEP,,RQ-3e289a27e249,SILVER,,,2026-08-11T19:57:54+00:00,,,REVIEWED,Виртуальный Брест,Магазин отказался возвращать 330 рублей за бракованные шины. В итоге минчанин отсудил более 9000,https://virtualbrest.ru/news189070.php,EVT-b7d64c03056a,4,1,NO,NO,train
HIGH,,,,SILVER,"Редакционный второй проход: подтверждена конкретная белорусская проблема, жалоба или нарушение.","Работники деревообрабатывающего участка предприятия «Коммунальник» в Молодечно возле пятиэтажного дома №5 на улице Михаила Забейды-Сумицкого в понедельник, 10 августа, привели в порядок две скамейки, на которые давно жаловались жители дома. В пятиэтажке единственный подъезд. Со слов самих жителей, сейчас большинство из них находится в возрастной категории «60 плюс», поэтому лавочки очень актуальны и востребованы. На прошлой неделе житель дома Владимир рассказал и показал журналисту Kraj.by обе скамейки. На одну из них садиться было уже опасно. Начался процесс разрушения и второй лавочки. Владимир утверждал, что не менее шести обращений жильцов дома в единую диспетчерскую коммунальную службу «115» не принесли никаких результатов. […]",KEEP,,RQ-5e6dc0959562,SILVER,,,2026-08-11T19:37:56+00:00,,,REVIEWED,Kraj.by,"Главное, что ножками можно поболтать – в Молодечно решили проблему с лавочками у пятиэтажки, 11.08.2026",https://news.kraj.by/20260811/glavnoe-chto-nozhkami-mozhno-poboltat-v-molodechno-reshili-problemu-s-lavochkami-u-pyatietazhki,EVT-f589e32fa882,5,1,NO,NO,train
HIGH,,,,SILVER,"Заголовок прямо фиксирует конкретную жалобу, нарушение или социально-экономическую проблему.","[…] В частности, на прилавке находилась мясная продукция с истекшим сроком годности — общий объем такой продукции превысил 50 кг . Один из полуфабрикатов просрочен еще в мае. При этом его хранили при температуре +2,9 °C , хотя производитель установил для него температуру хранения –10 °C . Кроме просрочки, проверяющие обнаружили мясные полуфабрикаты и субпродукты, на которые отсутствовали документы, подтверждающие их качество и безопасность. Также в торговом объекте использовалось загрязненное оборудование, а на часть товаров не были выставлены ценники. По итогам проверки деятельность торгового объекта приостановлена до полного устранения выявленных нарушений . […]",KEEP,,RQ-490cdb715b53,SILVER,,,2026-08-11T19:05:00+00:00,,,REVIEWED,Минская правда,В Березино закрыли магазин после проверки КГК – нашли более 50 кг просрочки - 11.08.2026,https://mlyn.by/11082026/magazin-v-berezino-vremenno-zakryli-vse-iz-za-bolee-50-kg-prosrochki-i-problem-s-dokumentami,EVT-d1335e69be5c,1,1,NO,YES,train
HIGH,,,,SILVER,Редакционный второй проход: нет подтвержденной проблемы в предметной области S-monitor.,"[…] Скандал усугубился тем, что главным назначенным экспертом технической комиссии стал мужчина – спортивный чиновник UCI. Каждую гонщицу из топ-30 генеральной классификации заставили пройти процедуру –проверяющий должен был лично убедиться в отсутствии силиконовых имплантов. Сами спортсменки назвали процедуру «унизительной» и «нарушающей все этические нормы». […] Шокирующие подробности вскрылись в ходе масштабной государственной проверки и полицейских рейдов, запущенных после провального выступления национальной сборной на прошедшем ЧМ-2026. […] Инсайдеры из экс-руководства KFA признались, что инициатива часто исходила от самих судей, жаловавшихся на затекшее тело после перелета. […] Размытые формулировки в правилах начали приводить к скрытым конфликтам внутри раздевалок и судебным искам от консервативных спонсоров. […]",REJECT,,RQ-24feb4cd146f,SILVER,,,2026-08-11T17:49:00+00:00,,,REVIEWED,Минская правда,От интимного допинга до гендерного тупика – главные скандалы мирового спорта - 11.08.2026,https://mlyn.by/11082026/ot-intimnogo-dopinga-do-gendernogo-tupika-glavnye-skandaly-mirovogo-sporta,EVT-59c5c6baf6c9,1,1,NO,YES,train
HIGH,,,,SILVER,Редакционный второй проход: нет подтвержденной проблемы в предметной области S-monitor.,"[…] Специалисты напоминают: попытка самостоятельно снять гнездо шершней или ос — это огромный риск . Укусы этих насекомых болезненны, а для людей с аллергией могут представлять смертельную опасность. Шершни, в отличие от пчел, могут жалить многократно, а их укус оставляет сильный отек и боль. […]",REJECT,,RQ-b9caddf927df,SILVER,,,2026-08-11T17:36:00+00:00,,,REVIEWED,Смолевичи-24,"Шершни атаковали, с начала года спасатели ликвидировали почти 60 гнезд - 11.08.2026",https://smolevichi-24.by/11082026/shershni-atakovali-s-nachala-goda-spasateli-likvidirovali-pochti-60-gnezd,EVT-dd085e58838d,1,1,NO,YES,train
HIGH,,,,SILVER,Редакционный второй проход: нет подтвержденной проблемы в предметной области S-monitor.,"Распределение, новый город, первая работа и… протекающий кран в общежитии или задержка зарплаты. Знакомо? Молодые специалисты часто оказываются в уязвимом положении: жаловаться руководству страшно, а терпеть бытовые неурядицы — сил нет. […]",REJECT,,RQ-a82e55bab236,SILVER,,,2026-08-11T17:17:00+00:00,,,REVIEWED,Смолевичи-24,Молодые специалисты Минской области смогут сообщать о проблемах онлайн – куда обращаться - 11.08.2026,https://smolevichi-24.by/11082026/molodye-speczialisty-minskoj-oblasti-smogut-soobshhat-o-problemah-onlajn-kuda-obrashhatsya,EVT-febe33114c60,1,1,NO,YES,train
HIGH,,,,SILVER,"Заголовок прямо фиксирует конкретную жалобу, нарушение или социально-экономическую проблему.","Необычной историей спора покупателя с крупным автомагазином поделилось агентство «Минск-Новости». […] По словам владельца, внешне заметить проблему было сложно. С претензией Николай обратился в магазин. Там первоначально предложили отправить шины производителю в Китай для экспертизы, которая могла занять около трех месяцев. […] Однако уже спустя две недели покупателю сообщили, что деньги возвращать не будут. […] Но даже после этого магазин отказался удовлетворить требования покупателя, сославшись на заключение своего специалиста. […] Магазин обязали вернуть 330 рублей, уплаченных за шины. […]",KEEP,,RQ-1588e070b37f,SILVER,,,2026-08-11T17:16:26+00:00,,,REVIEWED,Onlíner,Магазин отказался возвращать 330 рублей за бракованные шины. В итоге минчанин отсудил более 9000 - Авто Onlíner,https://auto.onliner.by/2026/08/11/magazin-otkazalsya,EVT-b7d64c03056a,4,1,NO,NO,train
HIGH,,,,SILVER,Редакционный второй проход: нет подтвержденной проблемы в предметной области S-monitor.,"[…] Как пояснила главный специалист отдела торговли и услуг Мингорисполкома Юлия Заяц, при поступлении товара производитель устанавливает отпускную цену. Магазин не может превышать размер торговой надбавки, утвержденный постановлением Совмина №713. Специалисты сверяют цифры и анализируют, нет ли необоснованного завышения. В «Детском мире» нарушений не нашли — представлены товары в разных ценовых категориях, так что каждый покупатель может выбрать вариант по бюджету. […] В этом сезоне производители начали дополнительно маркировать товары этикетками «В школу» — это не обязательное требование, а инициатива производителей, чтобы родителям было проще ориентироваться. По таким изделиям можно понять, что они разработаны с учетом рекомендаций учреждений образования и подходят под школьный дресс-код. Заведующая отделением гигиены детей и подростков Минского городского центра гигиены и эпидемиологии Татьяна Островская подчеркнула: санитарная служба участвует во всех надзорных мероприятиях, чтобы не допустить продажи некачественных товаров. […]",REJECT,,RQ-18b261b4189f,SILVER,,,2026-08-11T16:38:45+00:00,,,REVIEWED,Белновости,В Минске проходит массовая проверка товаров для школьников. Что известно на данный момент,https://www.belnovosti.by/minsk/v-minske-prohodit-massovaya-proverka-tovarov-dlya-shkolnikov-chto-izvestno-na-dannyy-moment,EVT-ad185afbb744,1,1,NO,YES,train
HIGH,,,,SILVER,"Редакционный второй проход: подтверждена конкретная белорусская проблема, жалоба или нарушение.","Минчанин отсудил у крупной сети шинных центров более 9 тысяч рублей после спора из-за двух бракованных шин, которые стоили 330 рублей. Магазин отказался возвращать деньги, заявив, что повреждения возникли из-за недостаточно накачанных колес, однако доказать это в суде не смог, пишет госагентство «Минск-Новости». Николай (имя изменено) купил комплект летних шин в конце 2024 года. […] Однако Николай усомнился и в самом заключении, и в квалификации специалиста, который осматривал колеса. «Больше всего меня смутило свидетельство того самого „эксперта“. Человек прошел всего лишь пятидневные курсы еще 20 лет назад, дающие право проводить оценку качества. К тому же за все последующие годы у него не значилось ни одного прохождения повышения квалификации», — говорит мужчина. […]",KEEP,,RQ-092fc031e0be,SILVER,,,2026-08-11T14:54:00+00:00,,,REVIEWED,Zerkalo.io,«Одно из колес могло лопнуть на скорости в любой момент». Минчанин чудом не попал в аварию из-за дефекта шин и пошел в суд,https://news.zerkalo.io/life/134039.html,EVT-b7d64c03056a,4,1,NO,YES,train
HIGH,,,,SILVER,"Редакционный второй проход: подтверждена конкретная белорусская проблема, жалоба или нарушение.","В двух медучреждениях Беларуси работники рисковали потерять право на досрочную пенсию из-за неточностей в кадровых документах и спорного учета условий труда. В одной из районных больниц Гомельской области работник обратился за помощью в профсоюз. Юристы Белорусского профсоюза работников здравоохранения проверили кадровые приказы начиная с 1993 года и обнаружили неточности в записях за 2008–2010 годы. […] Это позволило работнику получить право на досрочную пенсию за выслугу лет. […] В результате особые условия труда были официально подтверждены, и работник получил право на льготную пенсию по Списку №2. […]",KEEP,,RQ-3c32902910ad,SILVER,,,2026-08-11T14:52:27+00:00,,,REVIEWED,БрестСИТИ,Ошибки в документах могли лишить белорусов льготной пенсии,https://brestcity.com/blog/oshibki-v-dokumentax,EVT-aedd67194900,2,1,NO,YES,train
HIGH,,,,SILVER,"Редакционный второй проход: подтверждена конкретная белорусская проблема, жалоба или нарушение.","[…] Мужчина уточнил, что все произошло 3 августа 2026 года около 14 часов. « На выезде из аэропорта, где р азмещены шлагбаумы и пост оплаты , проводились работы по укладке асфальтового покрытия. При этом какие-либо предупреждающие зн аки, ограждени я и ли сигнальные ленты, препятствующие проходу пассажиров, полностью отсутствов али, также не было уложено каких-либо настилов, чтобы граждане и гости столицы могли беспрепятственно оплатить ус луги , не испачкав обув ь», — написал он в претензии на имя генерального директора РУП «Национальный аэропорт Минск». — В результате, чтобы оплатить за парковку, мне пришлось преодолеть две полосы (где установлены шлагбаумы), где был разлит битум (смола), асфальт еще не был уложен, и третью полосу, где также ездила техника и где был уложен асфальт. Температура в тот день была выше 30°С. […] Очистить обувь от битум ных пятен без поврежд ени я материала невозможно». — Там, где стояла машина, на парковке Р2, паркоматы закрыты и написано, что оплата при выезде. […]",KEEP,,RQ-7b4401a8c033,SILVER,,,2026-08-11T14:51:14+00:00,,,REVIEWED,Onlíner,Вышел оплатить парковку. Неприятный случай в аэропорту - Авто Onlíner,https://auto.onliner.by/2026/08/11/vyshel-oplatit-parkovku,EVT-4487dffe9905,1,1,NO,YES,train
HIGH,,,,SILVER,"Редакционный второй проход: подтверждена конкретная белорусская проблема, жалоба или нарушение.","В двух медучреждениях Беларуси работники рисковали потерять право на досрочную пенсию из-за неточностей в кадровых документах и спорного учета условий труда. В одной из районных больниц Гомельской области работник обратился за помощью в профсоюз. Юристы Белорусского профсоюза работников здравоохранения проверили кадровые приказы начиная с 1993 года и обнаружили неточности в записях за 2008–2010 годы. […] Это позволило работнику получить право на досрочную пенсию за выслугу лет. […] В результате особые условия труда были официально подтверждены, и работник получил право на льготную пенсию по Списку №2.",KEEP,,RQ-f1aeace38e9d,SILVER,,,2026-08-11T14:41:34+00:00,,,REVIEWED,Виртуальный Брест,Ошибки в документах могли лишить белорусов льготной пенсии,https://virtualbrest.ru/news189059.php,EVT-aedd67194900,2,1,NO,NO,train
HIGH,,,,SILVER,"Редакционный второй проход: подтверждена конкретная белорусская проблема, жалоба или нарушение.","В городском чате снова просят о помощи: жительница многоквартирного дома по улице Жодинской пожаловалась на постоянное «свинство» в подъезде. В подтверждение своих слов девушка выложила фото детского самоката, в корзинке которого кто-то устроил туалет. […] А заодно лично заглянули в подъезд многоэтажки. Зайти в дом действительно не составило труда — устройство не работает. Однако, как пояснил специалист, коммунальная служба к домофону отношения не имеет. Данная услуга является дополнительной и не входит в основной пакет ЖКХ. […] — Если услуга не оказывается, а деньги продолжают брать, жильцы вправе требовать перерасчет или даже обращаться в суд. […]",KEEP,,RQ-90f7842835fb,SILVER,,,2026-08-11T14:35:00+00:00,,,REVIEWED,Смолевичи-24,Туалет в самокате и неработающий домофон. Жильцы смолевичской пятиэтажки жалуются на свинство в подъезде - 11.08.2026,https://smolevichi-24.by/11082026/tualet-v-samokate-i-nerabotayushhij-domofon-zhilczy-smolevichskoj-mnogoetazhki-zhaluyutsya-na-svinstvo-v-podezde,EVT-915ab206a4ac,2,1,NO,NO,train
HIGH,,,,SILVER,"Редакционный второй проход: подтверждена конкретная белорусская проблема, жалоба или нарушение.","И назвала это «издевательством». Минчанка anyway4ever опубликовала фото очереди в поликлинике, в которой она провела четыре с половиной часа. «Это просто издевательство! С 15.00 до 19.35 в очереди к травматологу! Единственный врач на огромный участок», — написала она. Другие пользователи соцсети утверждают, что очереди к врачам стали обычным явлением в Беларуси из-за сокращения количества специалистов. Сайт Charter97.org приводит некоторые комментарии: — Работал в поликлинике травматологом ортопедом. […]",KEEP,,RQ-6ea93c475f70,SILVER,,,2026-08-11T14:21:02+00:00,,,REVIEWED,Хартия-97,Минчанка провела в очереди к травматологу четыре с половиной часа,https://charter97.org/ru/news/2026/8/11/694430,EVT-d4b0f0db8228,1,1,NO,YES,train
HIGH,,,,SILVER,Очевидно нерелевантный жанр или событие вне предмета S-monitor.,"В Румынии готовятся полностью остановить единственную в стране атомную электростанцию из-за засухи, которая привела к обмелению Дуная. Об этом сообщает Bloomberg. […] По его словам, второй энергоблок не будет работать на протяжении всего августа. Проведенные на Дунае гидротехнические работы не принесли результата из-за чрезвычайно низкого уровня воды в реке. В начале августа власти Румынии предприняли ряд мер для поддержания работы единственного в стране действующего реактора, включая подрыв скального образования в русле реки, дноуглубительные работы и затопление четырех груженых барж в Дунае. Сильная засуха привела к снижению уровня воды в Дунае до минимального за несколько десятилетий показателя. Правительство Румынии ранее объявило режим повышенной готовности в энергетике из-за снижения производства электроэнергии по причине засухи и обмеления реки, вода которой используется для работы Чернаводской АЭС. […]",REJECT,,RQ-3ee3951ecbf4,SILVER,,,2026-08-11T14:16:50+00:00,,,REVIEWED,Виртуальный Брест,Румыния полностью остановит единственную в стране АЭС из-за обмеления Дуная,https://virtualbrest.ru/news189055.php,EVT-1ecf0986f3ce,1,1,NO,YES,train
HIGH,,,,SILVER,Редакционный второй проход: нет подтвержденной проблемы в предметной области S-monitor.,"[…] Рад несказанно. Уверен, что при такой поддержке закончим уборку раньше намеченного. А механизаторы хозяйства будут задействованы на других видах работ: и солому убрать нужно, и пахоту начинать. […] – И без раздумий согласился ехать сюда. На предложение помочь откликнулись с радостью. В прошлом году здесь все понравилось: руководство хорошее, условия проживания замечательные, люди хорошие. […]",REJECT,,RQ-74f82b274247,SILVER,,,2026-08-11T13:45:00+00:00,,,REVIEWED,Смолевичи-24,Комбайнеры из Старых Дорог пришли на помощь хлеборобам «Петровичей» - 11.08.2026,https://smolevichi-24.by/11082026/tovarishheskij-lokot-v-agroprome-kombajnery-iz-staryh-dorog-prishli-na-pomoshh-hleborobam-petrovichej,EVT-d68d941e653f,1,1,NO,YES,train
HIGH,,,,SILVER,"Редакционный второй проход: подтверждена конкретная белорусская проблема, жалоба или нарушение.","Жительница агрогородка Лесной пожаловалась на бесконечный лай соседской собаки. По ее словам, шум разносится по всему двору на улице Александрова. Женщина спросила в Threads, куда обращаться, чтобы решить проблему. […]",KEEP,,RQ-6fe91ad71c3a,SILVER,,,2026-08-11T13:45:00+00:00,,,REVIEWED,Минская правда,"Соседская собака лает ночами и не дает спать – белорусам рассказали, куда жаловаться - 11.08.2026",https://mlyn.by/11082026/sosedskaya-sobaka-laet-nochami-i-ne-daet-spat-belorusam-rasskazali-kuda-zhalovatsya,EVT-b3fb4f723805,1,1,NO,YES,train
HIGH,,,,SILVER,"Редакционный второй проход: подтверждена конкретная белорусская проблема, жалоба или нарушение.","[…] В местном чате пациенты жалуются на работу регистратуры и нестабильную электронную запись. […] В некоторых случаях единственный вариант — лично прийти в поликлинику. […] Сюда также направляют пациентов из врачебных амбулаторий района, где нет собственных стоматологов. […] Второй вариант — позвонить в регистратуру по многоканальному номеру 51-1-52. Звонок при этом поступает в очередь ожидания ответа регистратора. Третий способ — прийти в регистратуру поликлиники лично. На бумаге все выглядит достаточно просто. […]",KEEP,,RQ-cc3705fd4ec7,SILVER,,,2026-08-11T13:30:20+00:00,,,REVIEWED,BGmedia,"Талоны есть, но на осень: в Смолевичской ЦРБ коллапс со стоматологией — BGmedia",https://bgmedia.site/society/chto-pokazala-proverka-zapisi-v-smolevichskoj-czrb,EVT-283f3c219f36,2,1,NO,NO,train
HIGH,,,,SILVER,"Заголовок прямо фиксирует конкретную жалобу, нарушение или социально-экономическую проблему.","Житель Пинска рассказал о том, как пытается бороться с водителями эндуро, которые облюбовали для своих поездок лесопарковую зону в районе проспекта Жолтовского. […] В последнее время уже по вечерам катаются на заднем колесе по проспекту Жолтовского и Солнечной улице. […] Также он написал несколько электронных обращений в различные инстанции. — В них я пишу, что возле пешеходов ездят с высокой скоростью, что лес находится в черте города и считается зоной отдыха, так как там установлены скамейки и беседки. Основная претензия, что им там в принципе нельзя ездить. Езда в лесопарковой зоне, по правилам, запрещена. Спортинвентарь можно использовать только на специально оборудованных площадках, частных территориях. […]",KEEP,,RQ-f14c44c91bac,SILVER,,,2026-08-11T13:14:14+00:00,,,REVIEWED,Виртуальный Брест,Эндуристы облюбовали лесопарковую зону. Местный житель пытается с ними бороться,https://virtualbrest.ru/news189053.php,EVT-d01b0d11f9d9,2,1,NO,YES,train
HIGH,,,,SILVER,"Редакционный второй проход: подтверждена конкретная белорусская проблема, жалоба или нарушение.",В Беларуси предлагают изменить порядок расчета пособия по уходу за ребенком до трех лет. Вместо привязки к средней зарплате по стране его размер хотят рассчитывать с учетом фактических доходов получателя. […],KEEP,,RQ-30a3fd507fb2,SILVER,,,2026-08-11T12:50:00+00:00,,,REVIEWED,CityDog,В Беларуси хотят изменить правила выплаты пособия на детей до трех лет. От чего будет зависеть сумма?,https://citydog.io/post/zaden-detskiye-posobiya,EVT-7daa9cbb1910,1,1,NO,YES,train
HIGH,,,,SILVER,"Заголовок прямо фиксирует конкретную жалобу, нарушение или социально-экономическую проблему.",[…] Фактические розничные цены многократно превысили предельно допустимые значения. […] Юридическое лицо оштрафовано на сумму более 30 тысяч рублей . […],KEEP,,RQ-16dd9417e183,SILVER,,,2026-08-11T12:26:21+00:00,,,REVIEWED,Прысталічча,"Продавца с рынка ""Валерьяново"" оштрафовали за завышенные цены - 11.08.2026",https://pristalica.by/11082026/prodavcza-s-rynka-valeryanovo-oshtrafovali-za-zavyshennye-czeny,EVT-efe33742f16b,5,1,NO,NO,train
HIGH,,,,SILVER,"Редакционный второй проход: подтверждена конкретная белорусская проблема, жалоба или нарушение.","[…] В комментариях под постом многие родители поделились похожими историями, а одна из учительниц школы в Новой Боровой объяснила, в чем может быть причина текучки кадров. […] Что случилось? «Кажется, столько сил тратится на образование ребенка (кружки, школа английского, творческий лагерь на каникулах), а школа обеспечить базовым не может. Зато здание красивое и очередь желающих попасть», – написала беларуска. В опубликованном видео женщина рассказала, что сейчас ее дочь Алиса готовится к четвертому классу, но семья до сих пор не знает, кто станет новым классным руководителем. По словам женщины, она ожидала, что подобное может случиться, потому что слышала похожие истории от соседей. […] Ну я размышляю как простой родитель. […]",KEEP,,RQ-9be7c4b3da9a,SILVER,,,2026-08-11T12:11:05+00:00,,,REVIEWED,CityDog,"«За четыре класса – третий учитель». Беларуска пожаловалась на текучку кадров в школе Новой Боровой, а учительница объяснила, почему так происходит",https://citydog.io/post/tekuchka-kadrov,EVT-cf9fbfa79a78,1,1,NO,YES,train
HIGH,,,,SILVER,"Редакционный второй проход: подтверждена конкретная белорусская проблема, жалоба или нарушение.","[…] При этом похожая ситуация наблюдается не только в Пинске. Экологи подтверждают, что уровень воды снизился практически на всех крупных реках Полесья, включая Припять и Ясельду. Одно из видео с Пины быстро разошлось по соцсетям. […] Есть и те, кто считает, что вода начала уходить еще несколько недель назад. «Она ушла уже больше месяца назад.» Другие уверены, что подобное уже случалось, но нынешнее обмеление выглядит значительно сильнее. «Такое бывает почти каждый год, но в этот раз заметно сильнее.» О снижении уровня воды сообщают жители разных районов Полесья. Особенно часто в комментариях упоминают Припять и Ясельду. […]",KEEP,,RQ-ee0449e4e356,SILVER,,,2026-08-11T10:42:35+00:00,,,REVIEWED,Медиа-Полесье,Обмеление Пины тревожит пинчан. Что происходит с реками Полесья — Media-Polesyе,https://media-polesye.com/news/obmelenie-piny-trevozhit-pinchan-chto-proishodit-s-rekami-polesya,EVT-ebdd08d20af1,1,1,NO,YES,train
HIGH,,,,SILVER,"Редакционный второй проход: подтверждена конкретная белорусская проблема, жалоба или нарушение.","[…] Местные госСМИ уже показали результат: вокруг двух водоемов появились новые пешеходные дорожки и лавочки, а вдоль берегов установили ограждение. […] Люди отмечают, что раньше территория выглядела запущенной, а вечером здесь было неуютно и страшно ходить. Но стоило показать обновленную Шаманку, как жители сразу заметили то, чего на красивых кадрах не хватает. […] И это неудивительно. Состояние городского парка бобруйчане уже неоднократно критиковали: старые и неработающие аттракционы, запущенная территория и отсутствие нормального обновления давно вызывают вопросы у жителей. Поэтому благоустройство Шаманки люди в целом встретили с радостью, но теперь ждут продолжения: сначала почистить сами озера, а затем наконец вспомнить и про городской парк. Будь на связи и в безопасности: подключи BGlobal VPN Наш канал в Telegram . […]",KEEP,,RQ-9f92f973b497,SILVER,,,2026-08-11T10:26:21+00:00,,,REVIEWED,BGmedia,"Шаманка в Бобруйске порадовала людей благоустройством, но вопросы к нему остались — BGmedia",https://bgmedia.site/news/v-bobrujske-nakonecz-vzyalis-za-shamanku,EVT-b345fbb89b69,2,1,NO,NO,train
HIGH,,,,SILVER,Очевидно нерелевантный жанр или событие вне предмета S-monitor.,"[…] Переход на трёхгрупповую систему деления школьников по классам &amp;mdash; это грамотное, физиологически обоснованное решение. Потребности пятиклассника и выпускника школы кардинально различаются, и уравнивать их рационы было не совсем корректно с точки зрения гигиены питания детей и подростков. Новая градация поможет избежать дефицита калорий у старших ребят и предотвратит переедание у младших. Введение единого стандарта &amp;laquo;салат &amp;mdash; горячее &amp;mdash; напиток&amp;raquo; гарантирует, что ребёнок получит полноценный, биологически ценный приём пищи вместо хаотичных перекусов сухомяткой. Что касается расширения меню за счёт полуфабрикатов и снятия ограничений на паштеты или хлебобулочные изделия &amp;mdash; родителям не стоит волноваться. Вся продукция, поступающая на школьный пищеблок, проходит строжайшую гигиеническую экспертизу. В ней жёстко контролируется содержание соли, сахара и полное отсутствие искусственных усилителей вкуса или опасных трансжиров. […]",REJECT,,RQ-440e4ad5b498,SILVER,,,2026-08-11T10:06:31+00:00,,,REVIEWED,Вечерний Бобруйск,Врач-гигиенист из Бобруйска рассказала о новых правилах питания в школах с 1 сентября,https://bobr.by/news/health/198404,EVT-2f7eb00f742a,1,1,NO,YES,train
HIGH,,,,SILVER,Редакционный второй проход: нет подтвержденной проблемы в предметной области S-monitor.,"[…] Отдельно оценивается безопасность детских товаров. Для этого к проверкам привлечены санитарные службы. Если на школьном базаре отсутствуют важные позиции, профсоюзы совместно с местными органами власти стараются оперативно решить проблему. Советник главного управления социального партнерства и трудовых отношений ФПБ Любовь Гончарова отметила, что при необходимости специалисты связываются с отечественными производителями и подключают их к обеспечению нужного ассортимента. Проверки проходят по всей республике. […] О результатах проверок в Могилеве рассказали в телеэфире. После рейдов на школьных базарах областного центра из продажи изъяли почти 30 импортных товаров. […]",REJECT,,RQ-9e5bc12352a9,SILVER,,,2026-08-11T09:45:00+00:00,,,REVIEWED,Минская правда,"Школьные базары по всей Беларуси проверяют на цены, качество и документы - 11.08.2026",https://mlyn.by/11082026/shkolnye-bazary-po-vsej-belarusi-proveryayut-na-czeny-kachestvo-i-dokumenty,EVT-2c8f12e17b13,2,1,NO,NO,train
HIGH,,,,SILVER,"Редакционный второй проход: подтверждена конкретная белорусская проблема, жалоба или нарушение.","[…] Как утверждает одна из пациенток, на ее глазах у соседки по палате начались схватки на сроке в 22 недели — и персонал сказал той рожать прямо в своей кровати. […] По словам Марии, ее подруга побежала «звать хоть кого-нибудь», когда у пациентки отошли воды, начались схватки и «начал вылазить малыш». […] После родов, как пересказывает Мария со слов подруги, мертворожденного ребенка забрали, а пациентке сказали ждать чистку. В палате при этом было грязно: кровь и воды остались, судя по рассказу, прямо у кровати. Но убирать никто не спешил — пациентке сказали сделать это самостоятельно, якобы из-за отсутствия санитарок. «В смысле? […] До сих пор внутри чувство, что нужно было куда-то обращаться. […]",KEEP,,RQ-31e00247161f,SILVER,,,2026-08-11T08:52:42+00:00,,,REVIEWED,Хартия-97,«Это настоящий ад для женщины»,https://charter97.org/ru/news/2026/8/11/694378,EVT-24147a4d6124,3,2,YES,YES,train
HIGH,,,,SILVER,Редакционный второй проход: нет подтвержденной проблемы в предметной области S-monitor.,"[…] Для местных жителей такие места становятся частью истории населенного пункта, поэтому за ними ухаживают. […] – Посмотрели на старый крест и решили, что пора его менять. Люди поддержали идею, начали собирать деньги – каждый давал столько, сколько мог, – рассказывает Марьян. На собранные средства приобрели два высоких креста из лиственницы. […] – Для нас это место – часть деревни, ее душа. Когда все закончили, самому стало очень приятно. Жители тоже подходят, смотрят – им нравится. […]",REJECT,,RQ-52963bf47169,SILVER,,,2026-08-11T08:06:03+00:00,,,REVIEWED,Прысталічча,Жители Михановичей своими силами обновили памятное место - 11.08.2026,https://pristalica.by/11082026/zhiteli-mihanovichej-svoimi-silami-obnovili-pamyatnoe-mesto,EVT-b51d517c213c,1,1,NO,YES,train
HIGH,,,,SILVER,Редакционный второй проход: нет подтвержденной проблемы в предметной области S-monitor.,"[…] Пакупніку прапануюць не толькі назву і рэстаранны бізнес. […] Напрыклад, дыска-бар на вуліцы Замкавай плошчай 226,3 квадратнага метра прадаюць за 1 037 190 рублёў. […] Яшчэ адзін гатовы бар — Lunatic Bar — прадаюць на вуліцы Урыцкага, 5. […] За бізнес просяць 389 тысяч рублёў. Яшчэ адзін гатовы рэстаранны бізнес прапануюць купіць у Гродне — «гастрабар прэміяльнага ўзроўню» — «Брудершафт», які размешчаны на вуліцы Горкага, 64. У ўстанове зала на 40 месцаў, ёсць таксама летняя тэраса на 20 гасцей. У аб’яве адзначаюць зручную паркоўку, дызайнерскі рамонт, цалкам абсталяваныя кухню і бар, мэблю і прафесійную тэхніку. […]",REJECT,,RQ-fe111529c246,SILVER,,,2026-08-11T07:51:00+00:00,,,REVIEWED,Hrodna.life,У цэнтры Гродна прадаюць рэстаран «Барашка» з высокім рэйтынгам. Уладальнік назваў прычыну,https://hrodna.life/2026/08/11/barashka-prodaz,EVT-fcef77a7df96,1,1,NO,YES,train
HIGH,,,,SILVER,"Редакционный второй проход: подтверждена конкретная белорусская проблема, жалоба или нарушение.","[…] Атракцыёны не працуюць, частка канструкцый стаіць у напаўразабраным стане, тэрыторыя выглядае закінутай. Добра, што хоць працягваюць працаваць прыватныя батуты і іншыя платныя забавы — без іх, як адзначае аўтарка відэа, дзецям у парку практычна няма чым заняцца. «Нагадвае кадры з Прыпяці. […] А 18 ліпеня чарговы суботнік зладзілі ўжо работнікі райвыканкама, дэпутаты, камунальнікі і арандатары. Першы намеснік старшыні райвыканкама Ягор Джандараў тады фактычна прызнаў, што глабальных работ гэтым летам не будзе: сезон ужо пачаўся, таму абмяжуюцца кропкавым добраўпарадкаваннем — у тым ліку фарбаваннем лавак. У каментарах аршанцы пад відэа ў TikTok абураюцца, што дзеля звычайных дзіцячых забаваў сем’і вымушаныя ездзіць у іншыя гарады: «Хоць адзін чалавек праўду пра дзіцячы парк зняў. Каб дзяцей пакатаць, сказалі: едзьце ў іншыя гарады. […]",KEEP,,RQ-69a4026b3946,SILVER,,,2026-08-11T07:37:13+00:00,,,REVIEWED,BGmedia,"«Нагадвае кадры з Прыпяці». Жыхарка Оршы паказала стан дзіцячага парку, рэканструкцыя якога так і не пачалася — BGmedia",https://bgmedia.site/society/zhyharka-orshy-pakazala-stan-dziczyachaga-parku,EVT-012c6feca42d,1,1,NO,YES,train
HIGH,,,,SILVER,"Заголовок прямо фиксирует конкретную жалобу, нарушение или социально-экономическую проблему.","Проверка, проведенная Министерством антимонопольного регулирования и торговли на столичном рынке «Валерьяново», выявила : местный продавец превратил обычные апельсины и мандарины в настоящий «золотой» товар, накрутив цены в разы выше законодательно установленного лимита. […] Вместо разрешенных законом 33–34% (с учетом оптовой надбавки и надбавки импортера), предприниматели установили наценку, которая шокировала даже опытных проверяющих — от 274% на апельсины до ошеломляющих 424% на мандарины . Согласно материалам проверки, цены на прилавках оказались космическими: Такая ценовая политика не осталась безнаказанной. Экономический суд Минской области уже вынес вердикт: ООО «Валерком» оштрафовано на сумму более 30 тысяч рублей . Кроме того, ответственность понесет и конкретное должностное лицо, допустившее столь грубое нарушение. […]",KEEP,,RQ-256033a6fdeb,SILVER,,,2026-08-11T06:47:02+00:00,,,REVIEWED,Kraj.by,"Проверка МАРТ на столичном рынке «Валерьяново» выявила наценку в более 400%, 11.08.2026",https://news.kraj.by/20260811/proverka-mart-na-stolichnom-rynke-valeryanovo-vyyavila-vopiyushhie-narusheniya,EVT-efe33742f16b,5,1,NO,YES,train
HIGH,,,,SILVER,Редакционный второй проход: нет подтвержденной проблемы в предметной области S-monitor.,"[…] Водитель должен учитывать не только дорожные знаки и требования ПДД, но и погоду, видимость, состояние дороги, интенсивность движения и техническое состояние автомобиля. В темное время суток или при плохой видимости скорость должна быть такой, чтобы водитель успел остановиться в пределах видимого участка дороги. Если впереди появилась опасность или препятствие, нужно сразу снижать скорость, вплоть до полной остановки. В населенных пунктах максимальная разрешенная скорость обычно составляет 60 км/ч. […]",REJECT,,RQ-6c00c8fcebe7,SILVER,,,2026-08-11T06:10:24+00:00,,,REVIEWED,Smartpress.by,ГАИ лишила минчанина статуса водителя после работы спецкомплекса “Бинар”,https://smartpress.by/news/gai-lishila-minchanina-statusa-voditelya-posle-raboty-spetskompleksa-binar,EVT-267b6522ab2c,1,1,NO,YES,train
HIGH,,,,SILVER,Очевидно нерелевантный жанр или событие вне предмета S-monitor.,"Цифровой меню-борд — это экран или группа экранов в зоне заказа, которые показывают позиции, цены, комбо и акции заведения. […] Экран, на который принесли файл с флешки, показывает готовое изображение — чтобы поменять цену, кто-то должен приехать на точку. Управляемое меню-табло хранит позиции, цены и статусы отдельными полями, а внешний вид задаёт шаблон. […] В небольшом зале обычно хватает 32–43 дюймов, в крупной зоне заказа фудкорта или QSR ставят 55 дюймов и больше. Ориентир простой: с самой дальней точки очереди гость должен прочитать цену, не подходя ближе. Вертикальная ориентация вмещает длинный список позиций, горизонтальная лучше показывает фото блюд и комбо-наборы. […] Для одной точки с ассортиментом, который не меняется месяцами, вариант рабочий и почти бесплатный. […]",REJECT,,RQ-ca5c195a6920,SILVER,,,2026-08-11T06:10:03+00:00,,,REVIEWED,ВГР,Меню на экране в общепите — как устроены цифровые меню-борды — Вечерний Гродно,https://vgr.by/2026/08/11/menyu-na-ekrane-v-obshhepite-kak-ustroeny-czifrovye-menyu-bordy,EVT-49890b7c46ef,1,1,NO,YES,train
HIGH,,,,SILVER,Очевидно нерелевантный жанр или событие вне предмета S-monitor.,"[…] Заведующий Минским планетарием Минского государственного дворца детей и молодежи Александр Микулич подробно объяснил, где лучше всего смотреть на эти явления и как организовать наблюдение за Солнцем без риска для зрения. […] Особенность предстоящего явления 12 августа в том, что полную его фазу смогут увидеть жители Западной Европы. […] Жители смогут зафиксировать лишь первое касанием – момент, когда Луна начнет заходить на диск Солнца . […] Категорически запрещено наводить на Солнце любую увеличительную оптику (телескопы, бинокли, фотообъективы) без защитных фильтров: оптика действует как выжигательная линза. Обычные солнцезащитные очки не обеспечивают нужной защиты, особенно если пытаться снимать приближение на смартфон – это опасно для глаз и не даст качественных кадров. Для визуальных наблюдений и съемки рекомендуется применять специальную пленку Baader AstroSolar: из нее можно изготовить очки либо апертурный фильтр для оптики и телескопов. […] В Минске в крайнем случае подойдут крупные парки, но там будут заметны только самые яркие метеоры. […]",REJECT,,RQ-96dceacb5fb4,SILVER,,,2026-08-11T06:07:26+00:00,,,REVIEWED,Смолевичи-24,"Космическое ""шоу"" с 12 на 13 августа: почему в этот день стоит посмотреть в небо? - 11.08.2026",https://smolevichi-24.by/11082026/kosmicheskoe-shou-s-12-na-13-avgusta-pochemu-v-etot-den-stoit-posmotret-v-nebo,EVT-711aa3ca73ab,1,1,NO,YES,train
HIGH,,,,SILVER,Редакционный второй проход: нет подтвержденной проблемы в предметной области S-monitor.,"[…] Специалисты рекомендуют выбирать площадки как можно дальше от городской засветки. Лучше всего подойдут открытые поля, возвышенности, берега водоемов или загородные территории, где отсутствуют яркие источники искусственного освещения. Наблюдать парад желательно на восточном или юго-восточном горизонте, поскольку именно там будут появляться большинство планет. […]",REJECT,,RQ-a54150835c26,SILVER,,,2026-08-11T06:05:25+00:00,,,REVIEWED,ВГР,Большой парад планет — в ночь с 11 на 12 августа состоится главное астрономическое событие года — Вечерний Гродно,https://vgr.by/2026/08/11/bolshoj-parad-planet-v-noch-s-11-na-12-avgusta-sostoitsya-glavnoe-astronomicheskoe-sobytie-goda,EVT-c4c9948752dd,1,1,NO,YES,train
HIGH,,,,SILVER,Исправлено при полном редакционном аудите заголовка и извлеченного текста.,"[…] Пробуем просчитать несколько вариантов. Первый — оптимистичный, когда до квартиры мечты не хватает совсем чуть-чуть, а текущие долговые и коммунальные платежи совсем незначительные. Что же видим? […]",KEEP,,RQ-ba737e0abe36,SILVER,,,2026-08-11T05:20:19+00:00,,,REVIEWED,Виртуальный Брест,"И так на протяжении 18 лет? Считаем, сколько придется платить по кредиту под 1%",https://virtualbrest.ru/news188989.php,EVT-14c6f61a3654,4,1,NO,NO,train
HIGH,,,,SILVER,"Редакционный второй проход: подтверждена конкретная белорусская проблема, жалоба или нарушение.","Свободный доступ на участки, открытые колодцы и густой бурьян — такие нарушения выявили прокуроры при проверке заброшенных домов и недостроенных зданий. Как сообщает телеканал Гродно Плюс, строения, оставленные без присмотра, могут представлять реальную опасность для жизни и здоровья граждан. Как в городе следят за такими объектами и какие меры принимаются для обеспечения безопасности? […] В дальнейшем будет проводиться та же работа по еженедельному обследованию объекта на предмет закрытия и на предмет незахламлённости посторонними предметами. Ещё хуже, если оставленные владельцами дома захламлены мусором и множеством старых вещей. В таком случае фактор опасности возрастает. Стоит заглянуть глубже – и обнаруживаются находки, которые свидетельствуют о том, что место пытались обжить. […]",KEEP,,RQ-27ab0b31bdef,SILVER,,,2026-08-11T04:18:49+00:00,,,REVIEWED,NewGrodno,"Бурьян, колодцы и забытые стройки: прокуроры нашли опасности в заброшенных зданиях Гродно",https://newgrodno.by/society/prokurory-nashli-opasnosti-v-zabroshennyh-zdaniyah-grodno,EVT-38630e0f3e1f,1,1,NO,YES,train
HIGH,,,,SILVER,"Редакционный второй проход: подтверждена конкретная белорусская проблема, жалоба или нарушение.","[…] Тогда жители города задавались похожим вопросом: почему элементы моста приходится ремонтировать снова и снова. Особенно показательно, что нынешнее обсуждение возникло вскоре после того, как городские службы уже проводили ремонт деформационных швов на этом мосту. В марте в телеграм-канале «Любимый Брест» сообщалось, что специалисты Брестского ДЭП выполняют плановый ремонт деформационных швов на мосту через Мухавец по улице 28 Июля. […] Разбитый стык означает удар по автомобилю, а для мотоциклистов и велосипедистов может представлять дополнительную опасность. […] Но сама по себе ссылка на жаркое лето не отвечает на вопрос о долговечности ремонта. Если один и тот же участок приходится регулярно приводить в порядок, у жителей закономерно возникают вопросы к качеству работ, материалам и контролю за их выполнением. Пока водителям остается только надеяться, что шов не превратится в очередную «ловушку» для колес. […]",KEEP,,RQ-abc80853e0de,SILVER,,,2026-08-11T04:07:01+00:00,,,REVIEWED,BGmedia,На мосту через Мухавец в Бресте снова развалились стыки: как реагируют брестчане? — BGmedia,https://bgmedia.site/society/brestchane-snova-zhaluyutsya-na-shvy-na-mostu-cherez-muhavecz,EVT-d9254aa4ed3d,1,1,NO,YES,train
HIGH,,,,SILVER,"Редакционный второй проход: подтверждена конкретная белорусская проблема, жалоба или нарушение.","❤️ Доброе утро! 🌿 «Река превратилась в болото»: жительница Гомеля показала, как выглядит Сож возле набережной Река сильно обмелела, а прибрежная зона заплыла густой растительностью и тиной. Горожане вспоминают, что раньше по Сожу ходили земснаряды и катера, а фарватер регулярно чистили. Впрочем, специалисты напоминают, что кувшинки и водная флора сами по себе — лишь следствие мелководья, а не обязательно показатель загрязнения. […]",KEEP,,RQ-c2b59d8d3853,SILVER,,,2026-08-11T04:04:00+00:00,,,REVIEWED,Беларусь за МКАДом,Доброе утро!,https://t.me/zamkadomby/67146,EVT-e6c6abdb566e,1,1,NO,YES,train
HIGH,,,,SILVER,Редакционный второй проход: нет подтвержденной проблемы в предметной области S-monitor.,"[…] Выбор стоял между бюджетным вариантом с последующей доработкой и более дорогой моделью, на которой пришлось бы ездить без доработок. Финансовые приоритеты и отсутствие детей склонили чашу весов в пользу компактного BELGEE X50, который тогда только начинал свое шествие по дорогам страны. Интересно, что покупатель изначально присматривался к Geely Coolray, но в итоге ему достался один из первых экземпляров X50 прямо с конвейера. […] Он считает, что все доработки для следующего покупателя станут лишь бонусом, а не окупаемыми вложениями. […]",REJECT,,RQ-12782b645438,SILVER,,,2026-08-11T02:48:35+00:00,,,REVIEWED,NewGrodno,Бамблби по-белорусски: история яркого BELGEE X50 с пробегом за 100 000 км,https://newgrodno.by/auto/istoriya-yarkogo-belgee-x50,EVT-cef772273b59,1,1,NO,YES,train
HIGH,,,,SILVER,Исправлено при полном редакционном аудите заголовка и извлеченного текста.,"[…] Пробуем просчитать несколько вариантов. Первый — оптимистичный, когда до квартиры мечты не хватает совсем чуть-чуть, а текущие долговые и коммунальные платежи совсем незначительные. Что же видим? […]",KEEP,,RQ-fd15cc285a1b,SILVER,,,2026-08-10T19:01:29+00:00,,,REVIEWED,БрестСИТИ,Кредит под 1% от Беларусбанка. Калькулятор. Сколько придется платить,https://brestcity.com/blog/skolko-pridetsya-platit,EVT-14c6f61a3654,4,1,NO,NO,train
HIGH,,,,SILVER,"Редакционный второй проход: подтверждена конкретная белорусская проблема, жалоба или нарушение.","Беларусы, которые имеют гражданство другой страны, должны въезжать в Беларусь и выезжать из нее по беларусскому паспорту. […] Если действующего беларусского документа нет, вернуться в страну можно по специальному свидетельству, однако выехать по нему обратно за границу уже не получится, рассказала начальница управления по вопросам гражданства и выезда за границу главного консульского управления МИД Светлана Борисенко. Чиновница напомнила, что по беларусскому законодательству за гражданином Беларуси не признается принадлежность к гражданству другого государства. «Это означает, что гражданин Беларуси, несмотря на наличие у него гражданства другого государства, должен въезжать в нашу страну и выезжать с ее территории по паспорту гражданина Республики Беларусь», — пояснила Борисенко. Если беларус живет за границей и у него нет действующего паспорта (например, документ просрочен, потерян или стал непригодным для использования) необходимо обратиться в беларусское посольство или консульство за свидетельством на возвращение. Оно дает право один раз въехать в Беларусь. […] Если на момент рождения ребенка хотя бы один из родителей был гражданином Беларуси, ребенок автоматически приобретает беларусское гражданство независимо от места рождения. […]",KEEP,,RQ-279ef0087993,SILVER,,,2026-08-10T19:01:00+00:00,,,REVIEWED,Zerkalo.io,Действует только на въезд. После истории с иностранными паспортами детей МИД объяснил нюанс еще с одним важным документом,https://news.zerkalo.io/life/133970.html,EVT-810edf467af2,1,1,NO,YES,train
HIGH,,,,SILVER,"Редакционный второй проход: подтверждена конкретная белорусская проблема, жалоба или нарушение.","МАРТ выявил на рынке под Минском цитрусовые в несколько раз дороже допустимой цены Товары со значительным завышением цен выявило Министерство антимонопольного регулирования и торговли во время “контрольно-аналитических мероприятий на рынке “Валерьяново“. Как сообщает МАРТ, фактические розничные цены составили на апельсины свежие — 25 рублей при максимально разрешенной 8,89 рубля; на мандарины свежие — от 19,90 до 35 рублей (5,44–8,89). Вместо допустимых 33-34% (с учетом оптовой надбавки и надбавки импортера) были установлены надбавки в размере от 274,7 % на апельсины до 424,58 % на мандарины, делает вывод ведомство. […]",KEEP,,RQ-e4aaa93df088,SILVER,,,2026-08-10T18:28:48+00:00,,,REVIEWED,Позірк,МАРТ выявил на рынке под Минском цитрусовые по цене в несколько раз выше разрешенной,https://pozirk.online/ru/news/199452,EVT-efe33742f16b,5,1,NO,NO,train
HIGH,,,,SILVER,"Редакционный второй проход: подтверждена конкретная белорусская проблема, жалоба или нарушение.","Министерство антимонопольного регулирования и торговли обнаружило серьезное завышение цен на цитрусовые на рынке «Валерьяново». У компании «Валерком» торговые надбавки на отдельные позиции превышали допустимые в несколько раз. Так, свежие апельсины продавали по 25 рублей за килограмм, хотя рассчитанная с учетом установленных ограничений цена составляла 8,89 рубля. Еще заметнее разница оказалась у мандаринов: покупателям их предлагали по цене от 19,90 до 35 рублей при расчетной стоимости от 5,44 до 8,89 рубля. […]",KEEP,,RQ-cfd58efe2a13,SILVER,,,2026-08-10T17:39:27+00:00,,,REVIEWED,Виртуальный Брест,На рынке «Валерьяново» нашли мандарины по 35 рублей. Продавца серьезно наказали,https://virtualbrest.ru/news188977.php,EVT-efe33742f16b,5,1,NO,NO,train
HIGH,,,,SILVER,Очевидно нерелевантный жанр или событие вне предмета S-monitor.,"[…] А это, как утверждают зоозащитники, угрожает существованию редкой шипогрудой лягушки Пеуэнче. […] «10 августа правительство Чили может одобрить катастрофический план по уничтожению центра их единственного известного ареала обитания», — говорится в посте актера. По его словам, проект строительства линии электропередачи между Чили и Аргентиной угрожает среде обитания этого земноводного. ДиКаприо заявил, что защитники природы хотят изменить маршрут линии, чтобы избежать дальнейшего риска для вида. Проект соединит электроэнергетические системы Чили и Аргентины линией электропередачи напряжением 500 киловольт, проходящей через Анды. […]",REJECT,,RQ-d62ad4db37b1,SILVER,,,2026-08-10T17:20:00+00:00,,,REVIEWED,Zerkalo.io,Леонардо Ди Каприо вмешался в чилийский энергетический проект из-за редкой лягушки,https://news.zerkalo.io/cellar/133962.html,EVT-0559a1aebfe8,1,1,NO,YES,train
HIGH,,,,SILVER,"Редакционный второй проход: подтверждена конкретная белорусская проблема, жалоба или нарушение.","[…] Поэтому новость о том, что в школьном питании сняли ограничения на использование хлебобулочных изделий, удивляет. Чтобы понять, что значит это нововведение и как оно отразится на меню учеников, журналистка «Зеркала» как обеспокоенная гражданка обратилась в технологический отдел Комбината школьного питания Минска. Там заверили, что с нового учебного года хлеба в рационе школьников больше не станет. […] Маргарин нельзя было в детском питании [использовать], в детской диететике. Сейчас вроде как сняли запрет, потому что дети все равно едят на маргарине дома, — рассказали в организации. Там пояснили: в тортах и булочках, которые мы покупаем в магазинах, а потом дома даем детям, есть маргарин. […] Я понимаю как родитель. […]",KEEP,,RQ-25b58af049c5,SILVER,,,2026-08-10T17:00:00+00:00,,,REVIEWED,Zerkalo.io,"«Не для того, чтобы заменить котлету, нет». В школьном меню сняли запрет на некоторые хлебобулочные изделия — узнали подробности",https://news.zerkalo.io/life/133930.html,EVT-cd5751c56ec1,1,1,NO,YES,train
HIGH,,,,SILVER,Очевидно нерелевантный жанр или событие вне предмета S-monitor.,"[…] Комментаторы возмущались, что это не «проблема жизни и смерти», поэтому взрослые люди должны решать такие вопросы самостоятельно. […] Прямо сегодня на платформе присутствуют просьбы о помощи на абсолютно разные нужды. Кроме случаев, когда сгорел дом или не хватает денег на автобус для детской футбольной команды, есть сборы на обучение в Кембридже или на ремонт комнаты. Не первой необходимости, правда? […] Абсолютно без претензий, без «вы мне должны» я попросила помощи на своей личной странице. […] На мой взгляд, опасность в том, что благотворительность превращается в своеобразный краудфандинг личной жизни: кто хочет — тот собирает, кто сочувствует — тот платит. […] Граждане также могут помогать и взаимодействовать. […]",REJECT,,RQ-079c83863ef7,SILVER,,,2026-08-10T16:30:00+00:00,,,REVIEWED,Zerkalo.io,"«Благотворительность или рынок человеческих потребностей?» Нормально ли объявлять сборы на ремонт, путешествия или другие «хотелки» — два противоположных мнения",https://news.zerkalo.io/economics/133771.html,EVT-e5199e26053f,1,1,NO,YES,train
HIGH,,,,SILVER,"Заголовок прямо фиксирует конкретную жалобу, нарушение или социально-экономическую проблему.","Интернет от А1 в России для белорусов станет дороже. Вот, какие расценки будут у мобильных операторов Как выяснили журналисты Оnliner , С 17 августа корректируется система: чем больше вы используете трафика, тем дешевле гигабайт. […] У МТС похожая схема: услуга «Открытый интернет в России» предлагает те же расценки: 9, 7, 5, 4 рубля за первые четыре гигабайта соответственно. Life обновляет стоимость с 11 августа . При отсутствии пакетов цена за мегабайт снижается с каждым ГБ: первый – 0,0069 руб./Мб (6,9 руб. за Гб), второй – 0,0059 (5,9), третий – 0,0049 (4,9), четвёртый – 0,0039 (3,9), пятый — 0,0029 (2,9), а далее – 0,9 руб. […]",KEEP,,RQ-2520ec043819,SILVER,,,2026-08-10T16:28:01+00:00,,,REVIEWED,Могилёв Online,Интернет от А1 в России для белорусов станет дороже.,https://t.me/mogilevonline/122615,EVT-d8861615ed32,1,1,NO,YES,train
HIGH,,,,SILVER,Очевидно нерелевантный жанр или событие вне предмета S-monitor.,"[…] После работники подтвердили свои опасения – кабели действительно были повреждены. […] Тарпаны с трассы под Воложином поменяли ""прописку"", писала Tochka.by. Животные покинули остановочный пункт под контролем ГАИ. Табун на остановке общественного транспорта создавал серьезную опасность для участников дорожного движения и самих лошадей, сообщили в райисполкоме. Многие водители съезжали на обочину, чтобы погладить, сфотографироваться и угостить лошадей хлебом или яблоками. […]",REJECT,,RQ-b0833e47fd0f,SILVER,,,2026-08-10T16:16:36+00:00,,,REVIEWED,Виртуальный Брест,Слоны устроили погром на зарядной станции и выжили. Так мама мстила за детеныша,https://virtualbrest.ru/news188969.php,EVT-41267e34ee1d,1,1,NO,YES,train
HIGH,,,,SILVER,"Редакционный второй проход: подтверждена конкретная белорусская проблема, жалоба или нарушение.","Министерство антимонопольного регулирования и торговли обнаружило серьезное завышение цен на цитрусовые на рынке «Валерьяново». У компании «Валерком» торговые надбавки на отдельные позиции превышали допустимые в несколько раз. Так, свежие апельсины продавали по 25 рублей за килограмм, хотя рассчитанная с учетом установленных ограничений цена составляла 8,89 рубля. Еще заметнее разница оказалась у мандаринов: покупателям их предлагали по цене от 19,90 до 35 рублей при расчетной стоимости от 5,44 до 8,89 рубля. […]",KEEP,,RQ-1100f9ced648,SILVER,,,2026-08-10T16:11:59+00:00,,,REVIEWED,Onlíner,На рынке «Валерьяново» нашли мандарины по 35 рублей. Продавца серьезно наказали - Кошелек Onlíner,https://money.onliner.by/2026/08/10/na-valeryanovo-prodaval,EVT-efe33742f16b,5,1,NO,NO,train
HIGH,,,,SILVER,"Редакционный второй проход: подтверждена конкретная белорусская проблема, жалоба или нарушение.","Беларуска рассказала в Threads, что нашла личинок в шоколадных конфетах Impresso от фабрики «Спартак». Она опубликовала фотографии и видео испорченного продукта. Судя по маркировке на упаковке, срок годности конфет истекает только в феврале 2027 года. […] Что почитать по теме: Любимые беларуские конфеты: составили рейтинг самых вкусных и популярных сладостей Недавно CityDog.io рассказывал, что сразу несколько пользователей пожаловались на шоколад от «Коммунарки». […]",KEEP,,RQ-20ce8017af64,SILVER,,,2026-08-10T16:04:00+00:00,,,REVIEWED,CityDog,"«С интересной, еще живой начинкой». Беларуска показала личинок в конфетах от «Спартака»",https://citydog.io/post/zaden-konfety-lichinka,EVT-cd0f5b0bf819,1,1,NO,YES,train
HIGH,,,,SILVER,Очевидно нерелевантный жанр или событие вне предмета S-monitor.,"[…] Одну назвали «Урожай дружбы и трудолюбия 2026», другую — «Урожай мира и согласия 2026». Отдельно законсервировали и так называемый «космический урожай»: в прошлом году семена ивьевских помидоров побывали в космосе, а теперь дали первый урожай. Но самым зрелищным развлечением стала битва «Ивье-де-томатейро». […] Вот только далеко не всем беларусам такое развлечение понравилось. В комментариях в соцсетях главным вопросом стало то, зачем вообще уничтожать продукты ради шоу. «Лучше бы накормили того, кто нуждается», «Это продукты питания, так нельзя поступать», «Сколько томатного сока и соуса пропало», — возмущались пользователи. Некоторые вспоминали голод и войну, другие предлагали представить ситуацию, если в следующем году случится плохой урожай. […]",REJECT,,RQ-7728128750b4,SILVER,,,2026-08-10T12:55:17+00:00,,,REVIEWED,BGmedia,Фестиваль «Ивьевский помидор» раскритиковали беларусы из-за битвы помидорами — BGmedia,https://bgmedia.site/news/v-ive-ustroili-bolshuyu-bitvu-pomidorami,EVT-be36c71ce2ec,1,1,NO,YES,train
HIGH,,,,SILVER,"Заголовок прямо фиксирует конкретную жалобу, нарушение или социально-экономическую проблему.","[…] На строительные работы к фестивалю райисполком при этом получил 90 млн рублей, но вот денег на замену туалета у них нет. Тему с туалетом неожиданно поднял мозырский провластный блогер, который спросил жителей Калинковичей, чего им не хватает в городском парке. Среди самых популярных ответов оказались аттракционы и нормальный туалет. […] Причем о туалете жители говорят не впервые. Еще в мае тот же блогер показывал парк, и в комментариях люди сразу спрашивали, почему там до сих пор нет нормального туалета. Тогда же вспоминали, что раньше в парке было больше развлечений, жаловались на отсутствие каруселей, танцплощадки, турников и состояние набережной. Но у властей на парк свои планы. […]",KEEP,,RQ-8c209f030169,SILVER,,,2026-08-10T12:11:36+00:00,,,REVIEWED,BGmedia,Туалет в парке Калинковичей просят обновить жители: что в ответ сделали власти? — BGmedia,https://bgmedia.site/news/v-kalinkovichah-k-dozhinkam-podkrasili-tualet,EVT-a637d0cb7452,1,1,NO,YES,train
HIGH,,,,SILVER,"Редакционный второй проход: подтверждена конкретная белорусская проблема, жалоба или нарушение.","Работа стоматологического отделения Смолевичской ЦРБ снова обсуждают в городском чате. Пациенты жалуются на работу регистратуры и нестабильность онлайн-сервиса записи. Больше всего нареканий вызывает прием у стоматолога-хирурга. По словам пользователей, чтобы получить талон, приходится идти в поликлинику лично — ни через сайт, ни по телефону забронировать время не получается. Находятся и те, кто электронной записью вполне доволен и трудностей не испытывает. […] Через интернет — на официальном сайте Смолевичской ЦРБ, во вкладке «Заказать талон». По телефону — по многоканальному номеру регистратуры 51-1-52 (звонок поступает в очередь ожидания ответа регистратора). […]",KEEP,,RQ-fb83501a2cae,SILVER,,,2026-08-10T11:58:00+00:00,,,REVIEWED,Смолевичи-24,"График, талоны и живая очередь: разбираем ситуацию в стоматологии Смолевичской ЦРБ - 10.08.2026",https://smolevichi-24.by/10082026/kak-zapisatsya-k-stomatologu-v-smolevichah-vydacha-talonov-onlajn-zapis-i-grafik-priema,EVT-283f3c219f36,2,1,NO,YES,train
HIGH,,,,SILVER,"Редакционный второй проход: подтверждена конкретная белорусская проблема, жалоба или нарушение.","Жительница Минска под ником tatsiana1684 обратилась к Минсктрансу с жалобой на несоблюдение расписания движения общественного транспорта. […] Нормально, по—вашему, прождать троллейбус прочти 50 минут, чтобы проехать 15 минут от остановки «Ботаническая» до «Карастояновой». На остановке «Ботаническая» была в 20.31. […] Звонила на горячую линию «Минсктранса» — бесполезно. — Поддерживаю возмущение по поводу расписания транспорта в Минске, и так большие интервалы, много маршрутов поснимали в выходные дни, так, действительно, иногда не приходит транспорт совсем, горит на табло, что будет, но не приходит. — Я так не могла домой добраться с работы после 21.00 с пакетом в руках, не пришел по расписанию 101, а следующий через 30 минут. Те кто составляет расписание сами на общественном транспорте не ездят. […]",KEEP,,RQ-ac14c9bca412,SILVER,,,2026-08-10T11:55:18+00:00,,,REVIEWED,Хартия-97,Минчанка: Это нормально – ждать троллейбус 50 минут?,https://charter97.org/ru/news/2026/8/10/694284,EVT-0e61f256f5ee,1,1,NO,YES,train
HIGH,,,,SILVER,"Редакционный второй проход: подтверждена конкретная белорусская проблема, жалоба или нарушение.","Гомельский городской дорожный строительно-ремонтный трест начал поиск субподрядной организации для нанесения линий разметки на объектах улично-дорожной сети Гомеля. Утром 7 августа Флагшток опубликовал материал о том, что гомельчане жалуются на стертую дорожную разметку на улицах города. А вечером трест объявил тендер. […] В предыдущие годы в течение апреля — июня абсолютное большинство городских улиц были уже с обновленной разметкой.",KEEP,,RQ-517174e4720b,SILVER,,,2026-08-10T11:55:00+00:00,,,REVIEWED,Флагшток,В Гомеле обновят дорожную разметку. Накануне на проблему жаловались автомобилисты,https://flagshtok.info/ru/gorad/v-gomele-obnovjat-dorozhnuju-razmetku-nakanune-na-problemu-zhalovalis-avtomobilisty.html,EVT-5215d138d4c5,2,1,NO,NO,train
HIGH,,,,SILVER,"Заголовок прямо фиксирует конкретную жалобу, нарушение или социально-экономическую проблему.","[…] Две лавочки, которые стоят у нашего дома, в ужасном состоянии. Во всяком случае, я не видел в городе скамеек во дворах, которые были бы в более плачевном состоянии. Владимир с грустной иронией отмечает, что на одну из этих скамеек пенсионеру вообще опасно садиться, поскольку он рискует к своей пенсии по возрасту заработать еще и пенсию по инвалидности. Прямо посередине этой скамейки, сделанной из синих деревянных брусков, зияет огромная дыра. Бруски сгнили и разваливаются. […] Хуже разваливающейся лавочки у подъезда может быть только ее отсутствие. […] Начальник участка деревообработки сказал также, что отправит своих работников определить размеры скамейки, которую просят установить жильцы на улице Франтишка Скорины. […]",KEEP,,RQ-44fb88836938,SILVER,,,2026-08-10T11:52:00+00:00,,,REVIEWED,Минская правда,Лавочки в плачевном состоянии у пятиэтажек в Молодечно обещали заменить - 10.08.2026,https://mlyn.by/10082026/lavochki-v-plachevnom-sostoyanii-u-pyatietazhek-v-molodechno-obeshhali-zamenit,EVT-f589e32fa882,5,1,NO,NO,train
HIGH,,,,SILVER,Редакционный второй проход: нет подтвержденной проблемы в предметной области S-monitor.,"[…] 🔻 Водители утверждают, что уже третий день бензина нет до самой Москвы, а там на некоторых заправках цена на А-95 доходит до 165 росрублей за литр. При этом дизельное топливо продаётся без проблем. 🚗 Проблемы с топливом наблюдаются и на трассе Бобруйск-Москва. На её отрезке Кричев-Рославль топливо есть только у белорусской границы, а в самом Рославле и далее до города Малоярославец (граница Московской области) АЗС уже пусты. Отметим, что на дорогах ведущих в Санкт-Петербург ситуация нормализовалась и сняты ограничения на продажу топлива, включая Псковскую область.",REJECT,,RQ-5848f492062e,SILVER,,,2026-08-10T11:36:04+00:00,,,REVIEWED,MAYDAY TEAM,На трассе Минск-Москва со стороны РФ резко пропал бензин,https://t.me/MAYDAYMog/6023,EVT-41ce00187b45,1,1,NO,YES,train
HIGH,,,,SILVER,"Редакционный второй проход: подтверждена конкретная белорусская проблема, жалоба или нарушение.",""" Зранку не даедзеш у Мінск"". Жыхары Гомеля, Мазыра, Брэста і іншых гарадоў масава скардзяцца на хранічны недахоп месцаў у цягніках 🤷🏻‍♀️ Пасажыры сцвярджаюць, што сітуацыя паўтараецца з году ў год, а замест вялікіх саставаў ходзяць ""Штадлеры"", дзе проста не хапае месцаў... 📌 Падрабязнасці: Зранку не даедзеш у Мінск ❗️ Для абыходу блакіроўкі чытаць тут 🙏🏻 Падтрымаць нас можна праз патрэон 👉 Дапамагчы нам адзінаразовым плацяжом: buymeacoffee Штодзень",KEEP,,RQ-2882d2e7b2b1,SILVER,,,2026-08-10T11:16:32+00:00,,,REVIEWED,Штодзень Гомель,"Зранку не даедзеш у Мінск"".",https://t.me/shtodzien/3945,EVT-3b9c61981c98,1,1,NO,YES,train
HIGH,,,,SILVER,"Заголовок прямо фиксирует конкретную жалобу, нарушение или социально-экономическую проблему.","[…] Однако, по его словам, после обещаний поговорить ситуация существенно не изменилась. Отдельная претензия жителей — пыль. Речь идет о разгрузке песка, щебня и других сыпучих грузов. Местные жители говорят, что пыль разносится ветром по улице, попадает в дома и оседает на огородах. […] По словам людей, из-за пыли невозможно нормально открыть окна, сушить белье или спокойно заниматься огородом. […] Само по себе такое измерение телефоном нельзя считать полноценной официальной экспертизой, но оно дает представление о том, почему люди жалуются на громкие звуки. […] Пожалуй, именно здесь и находится главный вопрос истории на улице Гайдаенко: не кто из сторон «прав», а почему за столько лет так и не удалось найти решение, при котором и производство продолжает работать, и жители могут спокойно спать, открывать окна и дышать без пыли. […]",KEEP,,RQ-202d0c35862b,SILVER,,,2026-08-10T11:15:48+00:00,,,REVIEWED,BGmedia,Ночной грохот вместо сна: почему пинчане на улице Гайдаенко вынуждены задыхаться от пыли из-за разгрузки вагонов — BGmedia,https://bgmedia.site/society/chto-proishodit-na-ulicze-gajdaenko-v-pinske,EVT-b2ecc75524da,1,1,NO,YES,train
HIGH,,,,SILVER,"Редакционный второй проход: подтверждена конкретная белорусская проблема, жалоба или нарушение.","[…] При этом окончательную сумму компенсаций определят перед передачей земли инвестору. Застройщику также придется перенести подземные инженерные коммуникации. Именно компенсации стали одной из главных причин недовольства людей в комментариях. Гродненцы спорят прежде всего о том, сколько владельцы домов получат за свою недвижимость. […] Жители также жаловались на шум от транспортного кольца, загазованность и неприятный запах от расположенной неподалеку табачной фабрики. […] Их владельцам планировали предоставить в качестве компенсации 13 квартир. […]",KEEP,,RQ-b747c05c3379,SILVER,,,2026-08-10T10:33:54+00:00,,,REVIEWED,BGmedia,"Слезы вместо компенсации: гродненцы в шоке от цен, за которые власти хотят снести 10 домов у центра — BGmedia",https://bgmedia.site/society/v-grodno-snesut-chastnyj-sektor-na-ego-meste-postroyat-torgovyj-czentr,EVT-bf21f4a8653b,3,1,NO,NO,train
HIGH,,,,SILVER,"Редакционный второй проход: подтверждена конкретная белорусская проблема, жалоба или нарушение.","Пожилая бобруйчанка в своем блоге искренне переживает за порядок на улицах и возмущается, что люди бросают самокаты где попало. Ее видео разлетаются по сети и набирают тысячи просмотров. […] Если хорошенько пошерстить в интернете, можно понять, что тема электросамокатов №1 среди пользователей. Многие жалуются на нарушителей скорости, на то, что люди ездят не по своим дорожкам &amp;ndash; на то, что бросают самокаты где попало, в том числе. Проблема реальная: электросамокаты в Бобруйске работают &amp;ndash; сервисы &amp;laquo;BusyFly&amp;raquo; и &amp;laquo;YES.BLR&amp;raquo; уже который сезон сдают их в аренду. И бобруйчане, судя по отзывам, сталкиваются с тем, что самокаты бросают в неположенных местах, мешают прохожим и создают хаос на тротуарах. Что говорят правилаВ ПДД Беларуси для владельцев средств персональной мобильности (СПМ) прописано: нельзя оставлять самокаты в местах, где это создает препятствия для других участников движения. […]",KEEP,,RQ-716e7cb36a5f,SILVER,,,2026-08-10T09:44:26+00:00,,,REVIEWED,Вечерний Бобруйск,Пенсионерка взорвала TikTok. Где парковать самокаты в Бобруйске?,https://bobr.by/news/relevant/198390,EVT-71d4ce22ff7e,1,1,NO,YES,train
HIGH,,,,SILVER,Редакционный второй проход: нет подтвержденной проблемы в предметной области S-monitor.,"[…] Доллар США подорожал на 1,47% и достиг Br 2,9484. […] Такая ситуация могла сложиться во многом благодаря более благоприятной для нашей страны внешней конъюнктуры. Беларусь в последние месяцы активно наращивает поставки топлива в Россию на фоне возникшего дефицита, вызванного повреждением нефтяной инфраструктуры. Также в 2026 году Беларусь значительно увеличила в соседнюю страну поставки сахара, из-за роста спроса и цен на него в России. Высокое предложение иностранной валюты на внутреннем рынке совсем не означает, что беларусский рубль будет укрепляться ко всем валютам. […] Давление на российский рубль продолжает оказывать нестабильность цен на нефть. […] Наносимые разрушения не только усиливают нервозность бизнеса, но и создают нехватку отдельных товаров в ряде российских регионов, ограничивают экспорт и стимулируют импорт товаров, таких как топливо. […]",REJECT,,RQ-6bee92d1a414,SILVER,,,2026-08-10T09:44:00+00:00,,,REVIEWED,Белсат,Валютный рынок: российский рубль тянет вниз беларусский,https://ru.belsat.eu/94781830/valyutnyj-rynok-kurs-dollara,EVT-da5bf85aa812,1,1,NO,YES,train
HIGH,,,,SILVER,Исправлено при полном редакционном аудите заголовка и извлеченного текста.,"[…] Пробуем просчитать несколько вариантов. Первый — оптимистичный, когда до квартиры мечты не хватает совсем чуть-чуть, а текущие долговые и коммунальные платежи совсем незначительные. Что же видим? […]",KEEP,,RQ-38b08a97de41,SILVER,,,2026-08-10T09:36:05+00:00,,,REVIEWED,Onlíner,"Ого! И так на протяжении 18 лет? Считаем, сколько придется платить по кредиту под 1% - Недвижимость Onlíner",https://realt.onliner.by/2026/08/10/poyavilsya-krerditnyj-kalkulyator,EVT-14c6f61a3654,4,1,NO,NO,train
HIGH,,,,SILVER,"Редакционный второй проход: подтверждена конкретная белорусская проблема, жалоба или нарушение.","[…] Теперь его центр заметно меняется: появляются новые фасады, обновляются дороги, благоустраиваются общественные пространства. […] Но вместе с обновлением пришли строительная пыль, перекрытые дороги и вопросы к тому, насколько удобным стал Дзержинск для самих жителей. […] Большинство комментаторов сравнивали снимки явно не в пользу нынешнего варианта. Люди жаловались прежде всего на большое количество плитки и исчезновение привычной зелени. Отдельная тема в комментариях — изменение дороги и территории парка. У некоторых вопросы вызвала и новая организация общественного пространства. […] Ждем фонтан, скамейки, качели. […]",KEEP,,RQ-090276f7e4cc,SILVER,,,2026-08-10T09:30:15+00:00,,,REVIEWED,BGmedia,Дзержинцы в шоке от «благоустройства» центра города: «Вместо парка — плацдарм из плитки» — BGmedia,https://bgmedia.site/society/zhiteli-dzerzhinska-raskritikovali-preobrazhenie-goroda-na-foto-god-nazad-sejchas,EVT-6954826258c1,1,1,NO,YES,train
HIGH,,,,SILVER,Редакционный второй проход: нет подтвержденной проблемы в предметной области S-monitor.,"[…] О конфликте, который произошел перед офисом продаж жилого комплекса «Северный берег», рассказал минчанин Олег, сообщает Onlíner . Все случилось 6 августа — в день, когда застройщик открыл продажи очередного дома. Вообще, в «Северном береге» мало какой запуск обходится без очереди, а в этот раз в ней еще и произошла потасовка. — Продажа квартир началась в 9 часов утра 6 августа, — рассказывает минчанин. — Но за несколько дней до этого в офисе продаж появилась тетрадка со списком-очередью, в которую я записался под десятым номером. Как сказал менеджер «Северного берега», эта тетрадка никакого отношения к ним не имеет, мол, это «народная инициатива», на которую им все равно. А так любой человек может прийти, занять очередь и купить квартиру. […]",REJECT,,RQ-3836bdc29b4b,SILVER,,,2026-08-10T08:39:59+00:00,,,REVIEWED,Хартия-97,«Начал меня душить»: в Минске подрались в очереди за квартирой,https://charter97.org/ru/news/2026/8/10/694252,EVT-c7cb51c1f37a,2,1,NO,NO,train
HIGH,,,,SILVER,"Редакционный второй проход: подтверждена конкретная белорусская проблема, жалоба или нарушение.","[…] Также оказалось, что специалисты не могли обеспечить необходимую оценку состояния транспорта, так как попросту не владели отдельными знаниями. Например, неверно рассматривали работоспособность усилителя рулевого управления, степень затяжки его резьбовых соединений светопропускания стекол, уровень шума, выпуска отработавших газов двигателя, наличия и соответствия установленным требованиям знаков аварийной остановки, огнетушителей, аптечек первой помощи. В связи с этим работники прошли дополнительное обучение. […] По выявленным нарушениям восемь работников привлечены к дисциплинарной ответственности.",KEEP,,RQ-2154c6087abc,SILVER,,,2026-08-10T08:20:54+00:00,,,REVIEWED,MASHEKA,"На Могилевщине проверили станции техосмотра — потребовали отремонтировать оборудование и отправили специалистов учиться » MASHEKA - информационный портал Могилёва. Новости Могилева, интервью с могилевчанами",https://masheka.by/novosti-mogileva/23824-na-mogilevschine-proverili-stancii-tehosmotra-potrebovali-otremontirovat-oborudovanie-i-otpravili-specialistov-uchitsja.html,EVT-1747eb2e7e6c,1,1,NO,YES,train
HIGH,,,,SILVER,"Редакционный второй проход: подтверждена конкретная белорусская проблема, жалоба или нарушение.","[…] Людей было много &amp;mdash; кто-то гулял вдоль воды, кто-то фотографировался, кто-то расположился позагорать. […] В районе деревни Хотиново его разработкой занималось предприятие строительных материалов: добыча продолжалась около 20 лет, после чего карьеры постепенно затопило водой. […] Такой цвет связан с остатками мела и содержащимися в воде соединениями кальция. […] МЧС предупреждает, что для меловых карьеров характерны осыпание грунта, резкий перепад глубины, крутые спуски и низкая температура воды, которая способна спровоцировать судороги. […] Известно, что случаи гибели людей на меловых карьерах Беларуси происходили неоднократно, а спасатели регулярно предупреждают об опасности таких водоемов. […]",KEEP,,RQ-08beaf252d59,SILVER,,,2026-08-10T08:09:58+00:00,,,REVIEWED,Вечерний Бобруйск,Красиво и опасно. Что нужно учитывать перед поездкой на белорусские Мальдивы,https://bobr.by/news/culture/198387,EVT-c56ed19f99e7,1,1,NO,YES,train
HIGH,,,,SILVER,Очевидно нерелевантный жанр или событие вне предмета S-monitor.,"[…] Кто-то одобрил необычный челлендж белоруса. Некоторые обвинили его в создании дефицита мелочи и ускорении выведения этих монет из оборота. А издание myfin. […] Вместе с тем в запасе Национального банка находится достаточное количество банкнот и монет всех номиналов для обеспечения бесперебойного функционирования экономики», — ответили в Нацбанке.",REJECT,,RQ-fa44b9f396e9,SILVER,,,2026-08-10T07:32:44+00:00,,,REVIEWED,Могилёв Online,Белорус «для прикола» собирает 50 тысяч копеечных монет?,https://t.me/mogilevonline/122576,EVT-4b6d3eb3ffa2,6,1,NO,NO,train
HIGH,,,,SILVER,"Редакционный второй проход: подтверждена конкретная белорусская проблема, жалоба или нарушение.","Очереди из Беларуси в ЕС выросли в разы! Ситуация на выезде из Беларуси в начале августа резко осложнилась. В очередях застряли почти 3000 легковых авто и фур 😱 🚗 Легковой транспорт (1 665 авто): Основной удар пришёлся на 🇵🇱 Польшу : • Брест — 920 авто • Брузги — 445 авто • Берестовица — 180 авто На 🇱🇹 Литву ситуация спокойнее: Каменный Лог — 50, Бенякони — 70. На Латвию очередей нет. 🚛 Грузовики (1 280 фур): Число фур на польском направлении с конца июня выросло более чем в 2 раза ! • Козловичи — 670 фур • Бенякони — 240 фур • Каменный Лог — 200 фур • Берестовица — 170 фур Пик нагрузки выпал на 3–4 августа: на Польшу в очереди стояло свыше 1400 легковых машин. […]",KEEP,,RQ-a86b06fafc4e,SILVER,,,2026-08-10T07:23:02+00:00,,,REVIEWED,Беларусь за МКАДом,Очереди из Беларуси в ЕС выросли в разы!,https://t.me/zamkadomby/67136,EVT-148813833eb1,2,1,NO,NO,train
HIGH,,,,SILVER,"Редакционный второй проход: подтверждена конкретная белорусская проблема, жалоба или нарушение.","Прошло три месяца с момента последней публикации МогилевОнлайн о жителях бывшего поселка Горки. Тогда люди жаловались на бездорожье, отсутствие освещения и лесовозы, которые раскатали ухабы. Летом к удивлению жильцов на их улицы приехала техника и начались дорожные работы. Оказалось, «Горки» включили в план по благоустройству, и к концу июля в исполкоме отчитались о том, что все запланированные работы выполнены в полном объеме. […]",KEEP,,RQ-3bdc1ae08d85,SILVER,,,2026-08-10T07:18:03+00:00,,,REVIEWED,Могилёв Online,Прошло три месяца с момента последней публикации МогилевОнлайн о жителях бывшего поселка Горки.,https://t.me/mogilevonline/122568,EVT-719fb70d33f9,1,1,NO,YES,train
HIGH,,,,SILVER,Редакционный второй проход: нет подтвержденной проблемы в предметной области S-monitor.,"[…] В пользу дзержинцев говорил характер. Да, при известных кадровых проблемах упрекнуть «Арсенал» в отсутствии морально-волевых качеств невозможно. Подопечные Игоря Воронкова всегда предельно организованы в обороне, а наличие таких исполнительней как Антилевский и Горбачик, даже в отсутствие травмированного Мокина, всегда могут доставить массу неприятностей любой обороне. Плюс за пару дней до матча дзержинцы представили новичка команды, российского нападающего Дзамболата Цаллагова. […]",REJECT,,RQ-02ffbd4ebf4f,SILVER,,,2026-08-10T07:03:19+00:00,,,REVIEWED,Дзяржынская праўда,"""Результат говорит за себя"": дзержинский ""Арсенал"" продолжает терять игроков и крупно проигрывает ""Нафтану"" всего за полтайма - 10.08.2026",https://dzr.by/10082026/rezultat-govorit-za-sebya-dzerzhinskij-arsenal-prodolzhaet-teryat-igrokov-i-krupno-proigryvaet-naftanu-vsego-za-poltajma,EVT-3f8c951171a8,1,1,NO,YES,train
HIGH,,,,SILVER,Редакционный второй проход: нет подтвержденной проблемы в предметной области S-monitor.,"[…] О конфликте, который произошел перед офисом продаж жилого комплекса «Северный берег», рассказал минчанин Олег. Все случилось 6 августа — в день, когда застройщик открыл продажи очередного дома. Вообще, в «Северном береге» мало какой запуск обходится без очереди, а в этот раз в ней еще и произошла потасовка. — Продажа квартир началась в 9 часов утра 6 августа, — рассказывает минчанин. — Но за несколько дней до этого в офисе продаж появилась тетрадка со списком-очередью, в которую я записался под десятым номером. А так любой человек может прийти, занять очередь и купить квартиру. По этой тетрадке создали группу в телеграме, начали распределять дежурства за 5 дней до старта продаж — для того, чтобы люди там сидели и чего-то ждали. […]",REJECT,,RQ-5c5fb78a0cb7,SILVER,,,2026-08-10T07:00:36+00:00,,,REVIEWED,Onlíner,«Начал меня душить». Минчане подрались под офисом застройщика из-за очереди - Недвижимость Onlíner,https://realt.onliner.by/2026/08/10/proizoshla-potasovka,EVT-c7cb51c1f37a,2,1,NO,YES,train
HIGH,,,,SILVER,Очевидно нерелевантный жанр или событие вне предмета S-monitor.,"Диетологи составили список продуктов, богатых железом, и развеяли популярный миф о том, что печень является абсолютным чемпионом по содержанию этого микроэлемента. Оказалось, что в некоторых субпродуктах и даже в привычных растительных продуктах железа ничуть не меньше , а иногда и больше. […] Врачи напоминают: существует гемовое железо (из животных продуктов, усваивается легко) и негемовое (из растений, усваивается хуже, но при грамотном сочетании с витамином С эффективность повышается). […] Таким образом, если вы не любите паштеты, можете смело налегать на обычную говядину или мясные субпродукты — польза будет выше. Для вегетарианцев и тех, кто хочет разнообразить рацион, эксперты выделили 7 продуктов: Эксперты напоминают, что суточная потребность не универсальна: Приятный бонус: наш организм умен — он самостоятельно регулирует всасывание железа в кишечнике. При дефиците усвоение усиливается, а при избытке — снижается. Главное — обеспечить поступление правильных продуктов.",REJECT,,RQ-46b6a2ebc37e,SILVER,,,2026-08-10T05:30:00+00:00,,,REVIEWED,Смолевичи-24,Врачи назвали 12 продуктов для поднятия гемоглобина - 10.08.2026,https://smolevichi-24.by/10082026/vrachi-nazvali-12-produktov-dlya-podnyatiya-gemoglobina,EVT-8868b491aab3,1,1,NO,YES,train
HIGH,,,,SILVER,Редакционный второй проход: нет подтвержденной проблемы в предметной области S-monitor.,"У Беларусі КДБ затрымаў расійскага бізнэсмена, якога ў Расіі шукалі за пастаўкі няякаснай тушонкі для арміі Расійскага бізнэсоўца ў нашай краіне адсачылі па тэлефонных перамовах і вулічных відэакамерах. https://nashaniva.com/401966 Без VPN — https://storage.googleapis.com/nashaniva-by/read.html?page=/401966",REJECT,,RQ-7d3db84f5163,SILVER,,,2026-08-10T05:18:35+00:00,,,REVIEWED,Наша Ніва,"У Беларусі КДБ затрымаў расійскага бізнэсмена, якога ў Расіі шукалі за пастаўкі няякаснай тушонкі для арміі",https://t.me/nashaniva/120017,EVT-3875370c6e32,2,1,NO,YES,train
HIGH,,,,SILVER,Исправлено при полном редакционном аудите заголовка и извлеченного текста.,[…] https://zerkalo-10jun.xyz/news/cellar/133900.html?tg=3 👉 Не работает ссылка? […],REJECT,,RQ-424f4d7d3566,SILVER,,,2026-08-10T04:55:14+00:00,,,REVIEWED,Zerkalo.io,"В Беларуси задержали российского бизнесмена, которого обвинили в поставках некачественной тушенки на СВО.",https://news.zerkalo.io/cellar/133900.html?tg=3,EVT-3875370c6e32,2,1,NO,NO,train
HIGH,,,,SILVER,"Редакционный второй проход: подтверждена конкретная белорусская проблема, жалоба или нарушение.","[…] Белорусов начали отправлять в армию из-за уборочной Сейчас в Беларуси идет уборочная кампания, и за ее срыв могут отправить в армию. На селекторном совещании Лукашенко поднял вопрос трудовой дисциплины и указал, что при дефиците кадров наручники на плохих аграриев надевать не будут. На Гродненщине сформировали «взвод» из нарушителей уборочной Президент поручил министру обороны Виктору Хренину отправлять ""всех, кто не умеет работать, в армию и на южную границу, в лес"". […]",KEEP,,RQ-2e0a11682619,SILVER,,,2026-08-10T04:48:56+00:00,,,REVIEWED,NewGrodno,Воинский учет по-новому: какие изменения ждут белорусок,https://newgrodno.by/society/voinskij-uchet-po-novomu-kakie-izmeneniya-zhdut-belorusok,EVT-de5a18211711,1,1,NO,YES,train
HIGH,,,,SILVER,Очевидно нерелевантный жанр или событие вне предмета S-monitor.,"[…] Если вы ищете кеды Brunello Cucinelli в Москве, лучше сразу выбирать магазин, который работает с оригинальными товарами, дает понятное описание моделей и не заставляет покупателя гадать, что именно он заказывает. […] На рынке премиальной одежды и обуви достаточно предложений, которые выглядят заманчиво только на первый взгляд. Низкая цена, красивые фотографии, громкие обещания и отсутствие нормальной информации о происхождении товара — повод насторожиться. С брендами уровня Brunello Cucinelli такая экономия часто оборачивается разочарованием: материал быстро теряет форму, подошва выглядит грубо, швы выполнены неаккуратно, а сама обувь сидит совсем не так, как должна. […] В Москве есть несколько вариантов покупки брендовой обуви: офлайн-бутики, мультибрендовые магазины, маркетплейсы и интернет-магазины премиального сегмента. […] В бутике можно примерить пару сразу, но ассортимент часто ограничен конкретным сезоном и наличием размеров. […] Интернет-магазин премиальной брендовой одежды удобен тем, что можно спокойно посмотреть модели, сравнить цвета, изучить размеры и выбрать пару без спешки. […]",REJECT,,RQ-bdb0c7ad12f8,SILVER,,,2026-08-09T15:59:26+00:00,,,REVIEWED,MASHEKA,"Где купить оригинальные мужские кеды бренда Brunello Cucinelli в Москве? » MASHEKA - информационный портал Могилёва. Новости Могилева, интервью с могилевчанами",https://masheka.by/poleznaja-informacija/23820-gde-kupit-originalnye-muzhskie-kedy-brenda-brunello-cucinelli-v-moskve.html,EVT-f527c4edc0dc,1,1,NO,YES,train
HIGH,,,,SILVER,Редакционный второй проход: нет подтвержденной проблемы в предметной области S-monitor.,"Эксперты в области недвижимости в последнее время отмечают заметную тенденцию: часть покупателей начинает переключаться с городского жилья на загородные дома. […] Крыша утеплена, а её покрытие выполнено из мягкой черепицы. […] Отопление в доме осуществляется с помощью газового котла. […] Вся электропроводка скрыта в металлорукаве, что обеспечивает надёжность и безопасность. Установка качественных автоматов также гарантирует защиту от возможных перебоев в электричестве. Водоснабжение осуществляется за счёт собственной скважины глубиной 57 метров, а канализация представлена септиком с дренажным колодцем на пять колец. Участок, на котором расположен дом, составляет 15 соток и огорожен по периметру забором, выполненным на фундаменте из металлопрофиля. […]",REJECT,,RQ-9f8f52675ba2,SILVER,,,2026-08-09T14:17:00+00:00,,,REVIEWED,Минская правда,Под Минском продают два готовых дома дешевле многих квартир – можно заехать сразу после покупки - 09.08.2026,https://mlyn.by/09082026/pod-minskom-prodayut-dva-gotovyh-doma-deshevle-mnogih-kvartir-mozhno-zaehat-srazu-posle-pokupki,EVT-b67d5165ed78,1,1,NO,YES,train
HIGH,,,,SILVER,"Редакционный второй проход: подтверждена конкретная белорусская проблема, жалоба или нарушение.","В Минском районе благодаря вмешательству надзорного ведомства удалось закрыть частную фирму, которая годами висела «мертвым грузом» на жилой квартире. Новая собственница жилья была вынуждена оплачивать жилищно-коммунальные услуги по завышенным тарифам. Подробности рассказали в прокуратуре Минской области. Поводом для проверки стало обращение местной жительницы в прокуратуру Минского района. […] Выяснилось, что в приобретенном жилье до сих пор зарегистрировано частное предприятие прежних владельцев. […] Как только регистрация юрлица по данному адресу прекратилась, женщине оперативно пересчитали и уменьшили тариф за оплату жилищно-коммунальных услуг.",KEEP,,RQ-878b693d5159,SILVER,,,2026-08-09T10:08:48+00:00,,,REVIEWED,Прысталічча,"Прокуратура добилась ликвидации предприятия, чтобы белоруска перестала переплачивать за коммуналку - 09.08.2026",https://pristalica.by/09082026/prokuratura-dobilas-likvidaczii-predpriyatiya-chtoby-beloruska-perestala-pereplachivat-za-kommunalku,EVT-8f0e95712f3c,1,1,NO,YES,train
HIGH,,,,SILVER,Очевидно нерелевантный жанр или событие вне предмета S-monitor.,"Отказ от мяса — осознанный выбор миллионов людей по всему миру. Однако, исключая животные продукты из рациона, человек должен понимать, что вместе с ними он лишает себя гемового железа. По данным исследований, у людей на растительном питании риск развития анемии и дефицита железа выше, чем у тех, кто употребляет мясо. Но это не означает, что вегетарианство неизбежно ведет к нехватке железа. […] Именно поэтому вегетарианцам необходимо тщательнее планировать свое питание. Веганы потребляют большое количество железа с пищей, но из-за его низкой биодоступности риск дефицита у них выше. Почему усвоение растительного железа хуже? […]",REJECT,,RQ-a5543887b561,SILVER,,,2026-08-09T09:18:09+00:00,,,REVIEWED,NewGrodno,"Железо у вегетарианцев: риски, о которых стоит знать",https://newgrodno.by/zdorove/zhelezo-u-vegetariantsev-riski-o-kotoryh-stoit-znat,EVT-6b315d06eb30,1,1,NO,YES,train
HIGH,,,,SILVER,Очевидно нерелевантный жанр или событие вне предмета S-monitor.,"[…] «І навошта? У крамах рэшту ня могуць даць, бо заўсёды капеек не хапае, а тут цэлую кучу ў сябе трымаеце бяз сэнсу. Грошы павінны быць у абароце», – піша sutonnie. […]",REJECT,,RQ-f534a820a962,SILVER,,,2026-08-09T09:10:56+00:00,,,REVIEWED,CityDog,Беларус решил собрать 500 рублей монетами по одной копейке – вот как у него дела,https://citydog.io/post/zaden-500-rub,EVT-4b6d3eb3ffa2,6,1,NO,NO,train
HIGH,,,,SILVER,Редакционный второй проход: нет подтвержденной проблемы в предметной области S-monitor.,"[…] Часова спыніліся таксама іншыя квізы: “Мазгабойня”, “Туц-Туц”, “Угадай мелодию” і “Матрешка” . Гродзенцы ў Threads абураюцца рашэннем мясцовых уладаў. Яны пішуць, што ў іншых гарадах Беларусі такіх дазволаў не патрабуюць. […] Спачатку пракатныя самакаты. Цяпер квізы», – абураюцца ўдзельнікі абмеркавання. «Проста ў галаве не ўкладваецца — забараніць інтэлектуальныя гульні». «У РБ толькі забараняць і штрафаваць умеюць». […]",REJECT,,RQ-66c364959fb8,SILVER,,,2026-08-09T08:03:39+00:00,,,REVIEWED,Hrodna.life,У Гродне адмянілі ўсе квізы,https://hrodna.life/2026/08/09/quiz-admena,EVT-1645753ffaf7,1,1,NO,YES,train
HIGH,,,,SILVER,Очевидно нерелевантный жанр или событие вне предмета S-monitor.,"[…] Белорус рассказывает в Threads, как собирает 50 000 монет номиналом в 1 копейку. Некоторые пользователи в комментариях обвинили его в том, что из-за таких, как он, в магазинах не хватает монет для сдачи. Это действительно так? […] От 500 не обеднеет, а разменных монет в магазинах нет». […]",REJECT,,RQ-a36d48dd2c3d,SILVER,,,2026-08-09T05:59:07+00:00,,,REVIEWED,Хартия-97,«Собираю 50 000 монет для прикола»,https://charter97.org/ru/news/2026/8/9/694123,EVT-4b6d3eb3ffa2,6,1,NO,NO,train
HIGH,,,,SILVER,Редакционный второй проход: нет подтвержденной проблемы в предметной области S-monitor.,"Беларуска tantess рассказала в Threads о месте в бизнес-классе самолета Belavia. По словам девушки, места в бизнес-классе оказались сильно хуже, чем в эконом, но у аварийного выхода. По словам авторки поста, мужчина летел рейсом «Минск – Баку» на самолете беларуской авиакомпании. Изначально ему купили место у аварийного выхода, где «больше места для ног и дополнительного багажа», но потом поменяли билеты на бизнес-класс. «За пару дней до вылета сорвал спину и мы решили улучшить на бизнес-класс, где должно быть явно комфортнее. В итоге оплачиваем больше 500р за бизнес и получаем вот. […] «Скажите, у каких авиакомпаний на коротких рейсах бизнес-класс сильно лучше? […]",REJECT,,RQ-bda61500106c,SILVER,,,2026-08-08T21:05:00+00:00,,,REVIEWED,CityDog,Беларусы жалуются на бизнес-класс в Belavia. Что случилось?,https://citydog.io/post/zaden-business-belavia,EVT-2b6bdd912490,1,1,NO,YES,train
HIGH,,,,SILVER,Редакционный второй проход: нет подтвержденной проблемы в предметной области S-monitor.,"Белорусы не готовы платить за отдых в агроусадьбах. Хозяин базы отдыха на юго-западе Беларуси рассказал, что на это жалуются владельцы усадеб. Его пост в «Тредсе» собрал почти сто тысяч просмотров и более 400 комментариев, пишет «Салідарнасць» . «Владельцы усадеб хором жалуются, что белорус не готов платить за отдых в своей стране. У меня 300 за сутки в выходные, 250 в будни. […] Двести пятьдесят за сутки — это цена за то, что бремя содержания несёт кто-то другой». Жительница райцентра написала, что для минчан с зарплатой 4000 рублей, может, и нормально отдать 300 рублей за сутки в агроусадьбе, а в ее городе потолок по зарплате 1500 рублей в месяц, и для нее это дорого. […]",REJECT,,RQ-e9f711aa0fa3,SILVER,,,2026-08-08T18:43:32+00:00,,,REVIEWED,Хартия-97,«За такие деньги я у себя на даче устрою ванну с шампанским и фейерверк»,https://charter97.org/ru/news/2026/8/8/694111,EVT-cd1cea579bff,1,1,NO,YES,train
HIGH,,,,SILVER,Очевидно нерелевантный жанр или событие вне предмета S-monitor.,"[…] Этот рецепт — золотой стандарт для отбеливания затирки. Удалите пыль и сухую грязь с швов сухой щёткой или пылесосом. Затем слегка протрите швы влажной тряпкой, чтобы удалить оставшуюся пыль. Нанесите приготовленную пасту непосредственно на линии затирки с помощью старой зубной щётки или маленькой кисточки. […] После душа или мытья пола вытирайте плитку насухо, чтобы влага не застаивалась в швах. Раз в месяц обрабатывайте швы перекисью без соды (просто нанесите на 5 минут и смойте) для профилактики плесени. Используйте защитную пропитку для швов на водной основе — она создаёт невидимый барьер, который отталкивает грязь и влагу. […]",REJECT,,RQ-a510e1278a76,SILVER,,,2026-08-08T18:43:00+00:00,,,REVIEWED,Белновости,Чем отчистить затирку между плиткой добела: меламиновая губка и перекись водорода без утомительной щетки,https://www.belnovosti.by/poleznye-sovety/chem-otchistit-zatirku-mezhdu-plitkoy-dobela-melaminovaya-gubka-i-perekis-vodoroda,EVT-4ab71d9ceee7,1,1,NO,YES,train
HIGH,,,,SILVER,Редакционный второй проход: нет подтвержденной проблемы в предметной области S-monitor.,"В Кыргызстане ищут группу альпинистов, в составе которой - двое белорусов. Они перестали выходить на связь. […] В Кыргызстане группа альпинистов в составе трех человек, двое которых - граждане Беларуси, после восхождения на пик Курумды (Памиро-Алай и Заалайский (Чон-Алайский) хребет по Северному гребню) перестали выходить на связь. […]",REJECT,,RQ-dd1b4cc124d5,SILVER,,,2026-08-08T16:48:58+00:00,,,REVIEWED,Виртуальный Брест,"Группу альпинистов, в составе которой двое граждан Беларуси, ищут в Кыргызстане",https://virtualbrest.ru/news188854.php,EVT-7c31f973e79c,3,1,NO,NO,train
HIGH,,,,SILVER,Редакционный второй проход: нет подтвержденной проблемы в предметной области S-monitor.,"В Кыргызстане разыскивают группу альпинистов, среди участников которой двое беларусов, сообщает ОНТ. […] 4 августа группа сообщила своему оператору, что готова начать спуск к базовому лагерю. Однако в назначенное место и время альпинисты не появились. Маршрут восхождения был заранее согласован и зарегистрирован. Беларусская федерация альпинизма и скалолазания обратилась за помощью к коллегам из Кыргызстана с просьбой подключиться к поискам пропавшей группы.",REJECT,,RQ-04f3e52f116d,SILVER,,,2026-08-08T14:13:00+00:00,,,REVIEWED,Zerkalo.io,Двое альпинистов из Беларуси пропали в Кыргызстане,https://news.zerkalo.io/life/133828.html,EVT-7c31f973e79c,3,1,NO,NO,train
HIGH,,,,SILVER,"Редакционный второй проход: подтверждена конкретная белорусская проблема, жалоба или нарушение.","[…] рублей за незаконную минимизацию налоговых обязательств. Как сообщили в пресс-центре инспекции МНС Республики Беларусь по Могилевской области, организация минимизировала налоговые отчисления, использовав схемы: подмены трудовых отношений с работником, который был зарегистрирован в качестве индивидуального предпринимателя; заключения с ИП фиктивного договора аренды имущества с целью занижения выручки и завышения затрат; распределения выручки между ООО и ИП с целью обналичивания денежных средств. Сотрудники инспекции МНС по городу Бобруйску, установившие нарушения в ходе мероприятия камерального контроля, направили в адрес ООО уведомление с предложением в добровольном порядке исчислить и уплатить в бюджет причитающуюся сумму налога. […] рублей, в том числе подоходный налог с физических лиц – 102,6 тыс. Как сообщили в пресс-центре инспекции МНС Республики Беларусь по Могилевской области, организация минимизировала налоговые отчисления, использовав схемы: подмены трудовых отношений с работником, который был зарегистрирован в качестве индивидуального предпринимателя; заключения с ИП фиктивного договора аренды имущества с целью занижения выручки и завышения затрат; распределения выручки между ООО и ИП с целью обналичивания денежных средств. Сотрудники инспекции МНС по городу Бобруйску, установившие нарушения в ходе мероприятия камерального контроля, направили в адрес ООО уведомление с предложением в добровольном порядке исчислить и уплатить в бюджет причитающуюся сумму налога. […]",KEEP,,RQ-ab54a9091da1,SILVER,,,2026-08-08T13:10:00+00:00,,,REVIEWED,МогилёвОнлайн,Бобруйскому предприятию пришлось доплатить 651 тыс. рублей налогов. МНС выявило незаконные схемы,https://magilev.by/news/2026/08/08/bobrujskomu-predpriyatiyu-prishlos-doplatit-651-tys-rublej-nalogov-mns-vyyavilo-nezakonnye-shemy,EVT-03b2c66fee90,1,1,NO,YES,train
HIGH,,,,SILVER,Редакционный второй проход: нет подтвержденной проблемы в предметной области S-monitor.,"[…] Ситуацию объясняет издание aif.by . За временное отсутствие можно получить перерасчет платы за ряд ЖКУ, пояснили в МинЖКХ. Согласно постановлению Совета Министров от 27 августа № 465 «О расчетах в сфере жилищно-коммунального хозяйства», граждане, которые выезжают из места постоянной регистрации в сельский населенный пункт, садоводческое товарищество или дачный кооператив более чем на 10 дней подряд, могут оформить перерасчет платы за отдельные жилищно-коммунальные услуги. Перерасчет возможен за обращение с твердыми коммунальными отходами; холодное и горячее водоснабжение, водоотведение; газоснабжение - если отсутствуют индивидуальные приборы учета воды и газа; возмещение расходов на электроэнергию, потребляемую для работы лифта. Для оформления перерасчета необходимо предоставить организации, которая начисляет плату за ЖКУ, справку о временном проживании по другому адресу. Документ выдают сельский или поселковый исполком, садоводческое товарищество либо дачный кооператив.",REJECT,,RQ-54c9c4737dfe,SILVER,,,2026-08-08T11:59:35+00:00,,,REVIEWED,Хартия-97,"Стало известно, как белорусы летом могут сэкономить на «коммуналке»",https://charter97.org/ru/news/2026/8/8/694067,EVT-70b7f7a27129,2,1,NO,NO,train
HIGH,,,,SILVER,"Редакционный второй проход: подтверждена конкретная белорусская проблема, жалоба или нарушение.","[…] Другая сиделка заметила это лишь спустя неделю. Сын женщины также жаловался на антисанитарию, проблемы с питанием и лекарствами. Камеры зафиксировали, что сиделка принудительно кормила бабушку, когда той было плохо. […]",KEEP,,RQ-38abb27c24af,SILVER,,,2026-08-08T11:31:01+00:00,,,REVIEWED,Gomel Today,Соцработница,https://t.me/gomeltoday/161209,EVT-ff451aa35e3c,1,1,NO,YES,train
HIGH,,,,SILVER,Очевидно нерелевантный жанр или событие вне предмета S-monitor.,"Недавно мы рассказывали о белорусе Романе, который коллекционирует 50 000 монет достоинством 1 копейка. В комментариях некоторые читатели упрекнули его в том, что из-за подобных коллекционеров в магазинах возникает дефицит разменной мелочи. Действительно ли это так? […] От 500 не обеднеет, а разменных монет в магазинах нет». […]",REJECT,,RQ-64c36cf2bb1d,SILVER,,,2026-08-08T10:08:53+00:00,,,REVIEWED,NewGrodno,Коллекционер из Беларуси собирает 50 000 копеечных монет: что об этом думает Нацбанк?,https://newgrodno.by/society/kollektsioner-iz-belarusi-sobiraet-50-000-kopeechnyh-monet,EVT-4b6d3eb3ffa2,6,1,NO,YES,train
HIGH,,,,SILVER,Очевидно нерелевантный жанр или событие вне предмета S-monitor.,"Недавно мы писали про белоруса Романа, который собирает 50 000 монет номиналом в 1 копейку. Некоторые пользователи в комментариях обвинили Романа в том, что из-за таких, как он, в магазинах не хватает монет для сдачи. Это действительно так? […]",REJECT,,RQ-4c28f1513a4d,SILVER,,,2026-08-08T08:33:09+00:00,,,REVIEWED,Виртуальный Брест,«Собираю 50 000 монет для прикола». Как Нацбанк относится к таким коллекционерам?,https://virtualbrest.ru/news188829.php,EVT-4b6d3eb3ffa2,6,1,NO,NO,train
HIGH,,,,SILVER,Очевидно нерелевантный жанр или событие вне предмета S-monitor.,"Диких тарпанов, которые гуляли по трассе М6, увезли подальше от дороги Решение приняла спецкомиссия райисполкома после того, как дикие животные начали выходить к остановке «Довбени» в Воложинском районе и создавать потенциальную опасность для дорожного движения. Лошадок разместили во временном вольере на территории заказника «Налибокский», позже их планируют выпустить на свободный выгул, но уже в более безопасном месте. […] Животные подолгу находились у остановок общественного транспорта, а некоторые водители и пассажиры начали их подкармливать. […]",REJECT,,RQ-2796d601a138,SILVER,,,2026-08-08T07:20:32+00:00,,,REVIEWED,Gomel Today,"Диких тарпанов, которые гуляли по трассе М6, увезли подальше от дороги",https://t.me/gomeltoday/161200,EVT-226a362ff767,1,1,NO,YES,train
HIGH,,,,SILVER,Очевидно нерелевантный жанр или событие вне предмета S-monitor.,"Недавно мы писали про белоруса Романа, который собирает 50 000 монет номиналом в 1 копейку . Некоторые пользователи в комментариях обвинили Романа в том, что из-за таких, как он, в магазинах не хватает монет для сдачи. Это действительно так? […]",REJECT,,RQ-9bb8d751c9dd,SILVER,,,2026-08-08T06:41:57+00:00,,,REVIEWED,БрестСИТИ,«Собираю 50 000 монет для прикола». Как Нацбанк относится к таким коллекционерам?,https://brestcity.com/blog/sobirayu-50-000-monet,EVT-4b6d3eb3ffa2,6,1,NO,NO,train
HIGH,,,,SILVER,"Редакционный второй проход: подтверждена конкретная белорусская проблема, жалоба или нарушение.","Этим летом погода в Беларуси то и дело испытывает жителей на прочность: периоды относительной прохлады сменяются интенсивным зноем. […] С приходом высоких температур в больницах страны фиксируют тревожную тенденцию: количество пациентов с инсультами неуклонно растет. […] Медики констатируют: все чаще с острыми нарушениями кровообращения сталкиваются люди без серьезных хронических патологий. В группе риска также те, кто ведет нездоровый образ жизни, курит или злоупотребляет алкоголем — вредные привычки многократно усиливают опасность зноя. КТ в круглосуточном режиме: как работает главный центр страны В эпицентре борьбы за жизни пациентов оказался Центр неврологии и нейрохирургии, базирующийся в 5-й клинической больнице Минска. Сюда поступают люди со всей республики для диагностики и лечения проблем центральной нервной системы. […] «С повышением температуры пациентов стало значительно больше. […]",KEEP,,RQ-242ea9ab5316,SILVER,,,2026-08-08T05:38:08+00:00,,,REVIEWED,NewGrodno,В Беларуси увеличилось число пациентов с инсультами,https://newgrodno.by/zdorove/v-belarusi-uvelichilos-chislo-patsientov-s-insultami,EVT-c755c3b1e584,1,1,NO,YES,train
HIGH,,,,SILVER,Редакционный второй проход: нет подтвержденной проблемы в предметной области S-monitor.,"[…] Постановление будет применяться до 31 августа 2026 года. Из-за резкого снижения уровня вод в Дунае по причине засухи 28 июля был остановлен первый энергоблок единственной румынской АЭС в Чернаводэ, остановка угрожает и второму энергоблоку. Эта электростанция с двумя энергоблоками вырабатывает около 20% электроэнергии Румынии, поэтому в случае ее полной остановки стране угрожает энергетический кризис.",REJECT,,RQ-e5300ed1f27a,SILVER,,,2026-08-08T04:12:51+00:00,,,REVIEWED,Виртуальный Брест,Власти Румынии разрешили ограничивать экспорт и потребление электроэнергии,https://virtualbrest.ru/news188812.php,EVT-b682507498f5,1,1,NO,YES,train
HIGH,,,,SILVER,"Заголовок прямо фиксирует конкретную жалобу, нарушение или социально-экономическую проблему.","Возле дома №5 на улице Михаила Забейды-Сумицкого в Молодечно две дворовые лавочки пришли в аварийное состояние, пишет kraj.by. Одна из них уже представляет опасность: деревянные рейки сгнили, в сиденье образовалась большая дыра, наружу торчат гвозди и металлические крепления. Вторая пока еще держится, однако часть досок уже отсутствует, а конструкция постепенно разрушается. […] Кроме того, жители обращают внимание, что само крыльцо уже начинает трескаться и вскоре также может потребовать ремонта. Проблемы с дворовыми лавочками, по словам местных жителей, возникают не только на улице Михаила Забейды-Сумицкого. Возле дома №29 на улице Франтишка Скорины одну из двух скамеек коммунальные службы убрали около года назад, пообещав установить новую. Однако вместо нее до сих пор остались лишь металлические опоры. […]",KEEP,,RQ-54c099b849d3,SILVER,,,2026-08-08T04:11:00+00:00,,,REVIEWED,BGmedia,"«Полдюжины звонков в 115 — и тишина»: как ЖКХ Молодечно довело лавочки у дома до гнилья, дыр и торчащих гвоздей — BGmedia",https://bgmedia.site/society/vozle-pyatietazhki-v-molodechno-razvalivaetsya-lavochka-a-obrashheniya-v-zhkh-ne-pomogayut,EVT-f589e32fa882,5,1,NO,YES,train
HIGH,,,,SILVER,Редакционный второй проход: нет подтвержденной проблемы в предметной области S-monitor.,"Неожиданный скандал в сети: белорусы спорят, сколько должен стоить килограмм лисичек Жительница Гомеля Мария выставила грибы на продажу и столкнулась с волной критики: в соцсетях цену посчитали завышенной 🫠 Вместо бессмысленных споров девушка отправилась в обычный магазин и продемонстрировала средний ценник за килограмм лисичек – вышло 55 рублей и 50 копеек. Сама она просила всего 15. […] Отдельные пользователи заметили, что сравнивать ручной сбор с полкой в магазине некорректно – там совсем другая экономика 👆 Но большинство зрителей встали на сторону автора – все-таки грибы сами из леса не приходят: «Ну 15 рублей – это еще нормально Кому дорого, берите в магазине» «15 рублей за килограмм это неуважение к своему труду. […]",REJECT,,RQ-fab7eb89b0ee,SILVER,,,2026-08-07T17:40:26+00:00,,,REVIEWED,Могилёв Online,"Неожиданный скандал в сети: белорусы спорят, сколько должен стоить килограмм лисичек",https://t.me/mogilevonline/122523,EVT-2b0af096ae8b,4,1,NO,YES,train
HIGH,,,,SILVER,Редакционный второй проход: нет подтвержденной проблемы в предметной области S-monitor.,"[…] Зачем это выкладывать в сеть? Вопрос закономерный. В ответ слышно: «Имеем право отдыхать!» Имеете. […] Самое забавное: больше всех развлекаются те, кто нигде не работает. На вопросы «за чей счет банкет?» — огрызаются и называют простых беглых «гнилью» за то, что те возмущаются их «праздником». А недавно вскрылась схема: беглые лидеры получили 868 тысяч евро от доноров «на поддержку белорусов». […]",REJECT,,RQ-faf49b699827,SILVER,,,2026-08-07T17:02:00+00:00,,,REVIEWED,Минская правда,"Беларусь не разворовали, но европейские донаты освоили по полной - 07.08.2026",https://mlyn.by/07082026/belarus-ne-razvorovali-no-evropejskie-donaty-osvoili-po-polnoj,EVT-984fc94aeae2,1,1,NO,YES,train
HIGH,,,,SILVER,Редакционный второй проход: нет подтвержденной проблемы в предметной области S-monitor.,"[…] Постоянно появляются новые улицы, современные дома, школы, совершенствуется инфраструктура. […] То, что жители увидят через год или два, сегодня уже существует в виде чертежей, расчетов и инженерных решений. […] Светлое здание, продуманное благоустройство, комфортные зоны ожидания, информационные табло, современное освещение и безбарьерная среда — всё это создавалось с одной целью: чтобы людям было удобно. […] Вместе с её строительством преобразились прилегающие улицы, появились новые тротуары, велодорожки, парковочные зоны и элементы благоустройства. […] Сейчас внимание наших специалистов сосредоточено на новых объектах социальной сферы. Уже завершено строительство первой очереди средней школы № 3, а в ближайшей перспективе район ждёт ещё один важнейший проект — строительство диагностического корпуса Смолевичской центральной районной больницы. Кроме этого, сегодня в работе находится около 40 различных проектов — от новых жилых домов и инженерных сетей до объектов социальной инфраструктуры. […]",REJECT,,RQ-9c27c66fc9a0,SILVER,,,2026-08-07T16:30:12+00:00,,,REVIEWED,Смолевичи-24,В Смолевичском районе раскрыли планы самого масштабного строительства последних лет - 07.08.2026,https://smolevichi-24.by/07082026/v-smolevichskom-rajone-raskryli-plany-samogo-masshtabnogo-stroitelstva-poslednih-let,EVT-41dc866434e7,1,1,NO,YES,train
HIGH,,,,SILVER,Редакционный второй проход: нет подтвержденной проблемы в предметной области S-monitor.,"[…] О том, как в этот период оплачиваются жилищно-коммунальные услуги в городе, sb.by рассказали в Министерстве жилищно-коммунального хозяйства Беларуси. — В соответствии с постановлением Совета Министров от 27 августа 2025 г. № 465 «О расчетах в сфере жилищно-коммунального хозяйства», если гражданин выехал из места постоянной регистрации в сельский населенный пункт, садоводческое товарищество или дачный кооператив на срок более 10 суток подряд, он может воспользоваться правом на перерасчет платы за некоторые жилищно-коммунальные услуги. Среди этих услуг — обращение с твердыми коммунальными отходами, холодное и горячее водоснабжение, водоотведение (канализация), газоснабжение — при отсутствии у потребителей приборов индивидуального учета расхода воды и газа, а также возмещение расходов на электроэнергию, потребляемую на работу лифта. Для перерасчета ЖКУ гражданину необходимо предоставить в организацию, осуществляющую учет и расчет платы за данные услуги, справку из сельского, поселкового исполнительного комитета, садоводческого товарищества, дачного кооператива о подтверждении временного проживания по другому адресу.",REJECT,,RQ-56b6e75bbfba,SILVER,,,2026-08-07T15:36:00+00:00,,,REVIEWED,Смолевичи-24,"Узнали, какие жилищно-коммунальные услуги в квартире можно не оплачивать при временном проживании на даче - 07.08.2026",https://smolevichi-24.by/07082026/uznali-kakie-zhilishhno-kommunalnye-uslugi-v-kvartire-mozhno-ne-oplachivat-pri-vremennom-prozhivanii-na-dache,EVT-70b7f7a27129,2,1,NO,YES,train
HIGH,,,,SILVER,Очевидно нерелевантный жанр или событие вне предмета S-monitor.,"[…] ""Ну как-то так. Поэтому не обесценивайте, пожалуйста, чужой труд и не говорите, что 15 рублей за килограмм – это дорого"", – обратилась Мария к тем, кто считал ее цену завышенной. Впрочем, спор на этом не закончился. В комментариях снова нашлись те, кто не согласился с девушкой. Одни уверяли, что недавно брали лисички по 8 BYN за килограмм, другие писали, что в их регионе цена и вовсе опустилась до 6 рублей. А некоторые отметили, что сравнивать стоимость с магазином не совсем корректно, поскольку там действуют совсем другие правила ценообразования. Однако большинство пользователей неожиданно поддержали автора ролика. […]",REJECT,,RQ-7488e6df5917,SILVER,,,2026-08-07T15:30:34+00:00,,,REVIEWED,БрестСИТИ,Дорогие лисички! Белоруска показала цены и получила порцию хейта,https://brestcity.com/blog/zaxejtili-za-lisichki,EVT-2b0af096ae8b,4,1,NO,NO,train
HIGH,,,,SILVER,"Заголовок прямо фиксирует конкретную жалобу, нарушение или социально-экономическую проблему.","[…] Размовы пра знос дамоў у гэтым раёне вяліся некалькі дзесяцігоддзяў . Праз шматгадовае чаканне зносу раён знаходзіцца ў нявызначаным статусе: для жыхароў дзейнічае забарона на капітальнае будаўніцтва і рэканструкцыю, праз што ўласнікі не рамантавалі сваё жытло. Таксама жыхары рэгулярна скардзіліся на шум ад транспартнага кола, загазаванасць і смурод ад табачнай фабрыкі. Частка дамоў з часам прыйшла ў запусценне: цяпер некаторыя дамы стаяць з забітымі вокнамі. […] У 2019 годзе ў гарвыканкаме разглядаліся перспектывы забудовы тэрыторыі ў раёне прыватнага сектара, размешчанага ў трыкутніку вуліц Гарнавых–Перамогі–Арджанікідзэ. Тады казалася пра тое, што трэба зруйнаваць 8 жылых дамаўладанняў, а іх жыхарам у парадку кампенсацыі прадаставіць 13 кватэр.",KEEP,,RQ-da03f0323de9,SILVER,,,2026-08-07T15:14:55+00:00,,,REVIEWED,Гродненская правозащита,У Гародні зруйнуюць прыватны сектар каля філармоніі,https://hpravy.org/2026/08/07/%d1%83-%d0%b3%d0%b0%d1%80%d0%be%d0%b4%d0%bd%d1%96-%d0%b7%d1%80%d1%83%d0%b9%d0%bd%d1%83%d1%8e%d1%86%d1%8c-%d0%bf%d1%80%d1%8b%d0%b2%d0%b0%d1%82%d0%bd%d1%8b-%d1%81%d0%b5%d0%ba%d1%82%d0%b0%d1%80-%d0%ba,EVT-bf21f4a8653b,3,1,NO,NO,train
HIGH,,,,SILVER,Очевидно нерелевантный жанр или событие вне предмета S-monitor.,"Пользователи TikTok раскритиковали гомельчанку Марию, которая продавала лисички по 15 рублей за килограмм. Комментаторы посчитали такую цену завышенной. Тогда девушка сходила в магазин и показала, сколько там стоят грибы. — Кто говорил, что я лисички продавала дорого? […] Магазинные ценники убедили далеко не всех оппонентов Марии. […]",REJECT,,RQ-776ef9f076e5,SILVER,,,2026-08-07T14:55:00+00:00,,,REVIEWED,Zerkalo.io,"Беларуску раскритиковали за то, что она продавала слишком дорогие лисички. Она сходила в магазин и показала, сколько там стоят грибы",https://news.zerkalo.io/life/133778.html,EVT-2b0af096ae8b,4,1,NO,NO,train
HIGH,,,,SILVER,"Заголовок прямо фиксирует конкретную жалобу, нарушение или социально-экономическую проблему.","[…] Я уже молчу о состоянии транспорта в целом. Пассажиры платят за билет на маршрутку, а получают пять часов сауны. Минтранс, как регулируются нормы летних перевозок?» Многие пользователи в соцсетях также жаловались на то, что в общественном транспорте во многих городах страны не работает кондиционер. «В жару +30 в маршрутке не включать кондиционер это нормально? По—моему, эти маршрутки обнаглели в край», — пишет nasti_levchuk . «Вся эта история с отсутствием кондиционеров будет продолжаться ровно до первого трупа или инсульта. Сразу после этого в понедельник сами знаете куда дойдет», — пишет olka21181 .",KEEP,,RQ-9fe941960e21,SILVER,,,2026-08-07T14:37:03+00:00,,,REVIEWED,Хартия-97,«Заплатил за маршрутку – и получил пять часов сауны»,https://charter97.org/ru/news/2026/8/7/693975,EVT-d33bfbf5bcac,1,1,NO,YES,train
HIGH,,,,SILVER,"Редакционный второй проход: подтверждена конкретная белорусская проблема, жалоба или нарушение.","[…] В Мингорисполкоме подчеркнули: ремонт моста плановый. — По результатам обследований установлено, что несущая способность объекта не соответствует нормативам, — отметили там. Нравится читать Onlíner? […]",KEEP,,RQ-461255e82e38,SILVER,,,2026-08-07T14:32:04+00:00,,,REVIEWED,Onlíner,Ремонт моста на проспекте Независимости идет с опережением графика: что уже сделали - Авто Onlíner,https://auto.onliner.by/2026/08/07/remont-mosta-3,EVT-f84e52c35ebf,1,1,NO,YES,train
HIGH,,,,SILVER,"Редакционный второй проход: подтверждена конкретная белорусская проблема, жалоба или нарушение.","[…] В сюжете госТВ большинство ответов оказалось в поддержку решения властей. Но в комментариях под этим же видео картина совсем другая: велосипедисты и часть пешеходов раскритиковали полный запрет, напомнили об отсутствии нормальной велоинфраструктуры и потребовали сначала навести порядок на набережной, где сами пешеходы массово ходят по велодорожке. На пешеходной части улицы Ленина уже действует запрет на движение велосипедов, электросамокатов, мопедов и других средств персональной мобильности. ТРК «Пинск» решила проверить, соблюдают ли новые правила и как к ним относятся сами горожане. […] Но стоит почитать комментарии под этим же сюжетом, чтобы понять, что единодушия в Пинске нет и близко. Одна из самых частых претензий в комментариях вообще не касается улицы Ленина. Велосипедисты спрашивают, почему журналисты так активно ищут нарушителей на пешеходке, но не обращают внимания на пешеходов, которые постоянно занимают велосипедные дорожки: Особенно часто вспоминали набережную, которую власти как раз предлагают велосипедистам в качестве альтернативы улице Ленина: «По набережной езжу на велосипеде, где обозначено, но у нас люди всей семьей перегородили. […]",KEEP,,RQ-bca563b9205f,SILVER,,,2026-08-07T14:17:35+00:00,,,REVIEWED,BGmedia,Пинчане спорят из-за запрета велосипедов и самокатов на улице Ленина: почему? — BGmedia,https://bgmedia.site/society/pinchane-raskololis-na-dva-lagerya-iz-za-zapreta-na-lenina,EVT-422716084ca2,1,1,NO,YES,train
HIGH,,,,SILVER,Очевидно нерелевантный жанр или событие вне предмета S-monitor.,"[…] На нем видно, что упаковка весом 180 грамм стоит 9,99 BYN, а килограмм грибов – 55,50 BYN. Впрочем, спор на этом не закончился. В комментариях снова нашлись те, кто не согласился с девушкой. Одни уверяли, что недавно брали лисички по 8 BYN за килограмм, другие писали, что в их регионе цена и вовсе опустилась до 6 BYN. А некоторые отметили, что сравнивать стоимость с магазином не совсем корректно, поскольку там действуют совсем другие правила ценообразования. Однако большинство пользователей неожиданно поддержали автора ролика. Многие напомнили, что грибы сами в корзину не прыгают, а их сбор требует времени и сил. […]",REJECT,,RQ-357d2951ed9b,SILVER,,,2026-08-07T14:05:51+00:00,,,REVIEWED,Виртуальный Брест,Белоруску захейтили за дорогие лисички – она показала цены в магазине,https://virtualbrest.ru/news188779.php,EVT-2b0af096ae8b,4,1,NO,NO,train
HIGH,,,,SILVER,Редакционный второй проход: нет подтвержденной проблемы в предметной области S-monitor.,"[…] ""По поручению главы государства был восстановлен дворец в Коссово, который пользуется популярностью у туристов. […] Они моментально приняли все меры, чтобы людям здесь жилось комфортно"", - отметила председатель Совета Республики. Ответом на коллективное обращение местных жителей стала программа комплексного развития Коссово на 2025-2026 годы, чтобы решить вопросы по благоустройству, состоянию улично-дорожной сети и социальной инфраструктуре. Ситуация находится на контроле Натальи Кочановой. […] ""Разработана комплексная программа благоустройства и наведения порядка. Она включает и жилой фонд, и асфальтирование улиц, обновление инфраструктуры, очистных сооружений, торговых объектов. […] Особый акцент сделан на улицах и дорогах: проводится замена асфальтного покрытия, обустраиваются пешеходные и велосипедные дорожки, автобусные остановки, стоянки. […]",REJECT,,RQ-f3e1835d48f7,SILVER,,,2026-08-07T14:03:37+00:00,,,REVIEWED,Виртуальный Брест,Комфорт для жителей и туристов. Коссово преобразился по программе комплексного развития города,https://virtualbrest.ru/news188776.php,EVT-a2b5ecaf8197,1,1,NO,YES,train
HIGH,,,,SILVER,"Заголовок прямо фиксирует конкретную жалобу, нарушение или социально-экономическую проблему.","На ТРК «Гродно » вышел сюжет о проверке детских площадок, которую провела прокуратура города. Во время обследования выяснилось, что часть игрового оборудования представляла опасность для детей. Так, на одной из площадок во время проверки было обнаружено полностью поврежденное сиденье качелей и отсутствие деревянной доски. Через неделю, как сообщили в сюжете, нарушения устранили. Однако на улице Поповича ситуация оказалась куда серьезнее. Проверяющие обнаружили аварийное игровое оборудование, сгнившие деревянные элементы, торчащие гвозди, поврежденные качели, неисправные ограждения и сломанные скамейки. Представитель прокуратуры отметил, что во время обследований особое внимание уделяют безопасности оборудования. […]",KEEP,,RQ-cd41a4c90f63,SILVER,,,2026-08-07T13:50:01+00:00,,,REVIEWED,BGmedia,"Торчащие гвозди и «одноногие» качели: прокуратура нашла десятки опасных площадок, которые игнорировали ЖЭУ Гродно — BGmedia",https://bgmedia.site/society/v-grodno-nashli-opasnye-detskie-ploshhadki-s-torchashhimi-gvozdyami-i-avarijnymi-kachelyami,EVT-b560a8407dcc,1,1,NO,YES,train
HIGH,,,,SILVER,Исправлено при полном редакционном аудите заголовка и извлеченного текста.,"Белорусская железная дорога планирует установить автоматические камеры хранения на железнодорожных вокзалах по всей стране. Новые устройства появятся не только в Минске, но и на других станциях, где в этом есть необходимость. Поводом для изменений стало видео, опубликованное в TikTok, на котором пассажиры выстроились в длинную очередь к камерам хранения на станции «Минск-Пассажирский». Автор ролика рассказал, что на сдачу и получение багажа пришлось потратить в общей сложности около двух часов. В БЖД пояснили, что подобные очереди возникают не только из-за пассажиров поездов. По словам первого заместителя начальника пассажирской службы Константина Бояра, услугой нередко пользуются и гости столицы, которые по разным причинам не могут оставить вещи в гостиницах. Кроме того, железная дорога ежегодно сталкивается с сезонными колебаниями пассажиропотока, сообщает ОНТ . […]",KEEP,,RQ-c5b9b6fbe152,SILVER,,,2026-08-07T12:45:00+00:00,,,REVIEWED,Минская правда,"На вокзалах Беларуси появятся новые камеры хранения, но за удобство придется платить больше - 07.08.2026",https://mlyn.by/07082026/na-vokzalah-belarusi-poyavyatsya-novye-kamery-hraneniya-no-za-udobstvo-pridetsya-platit-bolshe,EVT-a504c1841dec,4,1,NO,YES,train
HIGH,,,,SILVER,"Редакционный второй проход: подтверждена конкретная белорусская проблема, жалоба или нарушение.","[…] Узнали, как семье удалось начать всё заново и чем сегодня встретит покупателей их новый магазин. Раньше в здании нынешнего магазина располагалась торговая точка райпо, но после ее закрытия помещение долго пустело. Двери закрылись, а потребность сельчан в элементарных продуктах осталась. После потери прошлого магазина Алеся решила, что возвращение к торговле именно будет именно здесь. – Открывать точку было тяжело, но надо. […] Общими усилиями магазин держится, – рассказывает Алеся Забаровская. […] Секрет популярности «Улыбки» прост: здесь всегда свежие продукты первого спроса и отличный ассортимент, за которым раньше пришлось бы ехать в район. […]",KEEP,,RQ-18f7a7c56dc3,SILVER,,,2026-08-07T12:21:42+00:00,,,REVIEWED,Прысталічча,Жители деревни Бродок открыли магазин после пожара - 07.08.2026,https://pristalica.by/07082026/zhiteli-derevni-brodok-zanovo-otkryli-magazin-posle-pozhara,EVT-3430e346c261,1,1,NO,YES,train
HIGH,,,,SILVER,"Заголовок прямо фиксирует конкретную жалобу, нарушение или социально-экономическую проблему.","Жительница агрогородка Раков, который находится примерно в 30 километрах от Минска, публично обратилась к «Евроопту» с просьбой открыть еще один магазин. По ее словам, существующей торговой инфраструктуры жителям уже не хватает, особенно пожилым людям, которым сложно добираться до единственного крупного магазина. Публикация быстро собрала десятки комментариев, а на обращение отреагировал и сам «Евроопт». […] Однако жители окраины вынуждены идти до него пешком около 20 минут. «В а/г Раков катастрофически не хватает вашего магазина. На улице Совхозной уже давно пустует небольшое помещение, пригодное для магазина. Прошу, откройте в нем магазин!» Она подчеркнула, что это ее личная инициатива, хотя, по ее мнению, «большая часть поселка» поддерживает такую идею. […]",KEEP,,RQ-1446744274e6,SILVER,,,2026-08-07T12:10:25+00:00,,,REVIEWED,BGmedia,Жители Ракова просят «Евроопт»: что ответил ритейлер? — BGmedia,https://bgmedia.site/society/zhitelnicza-rakova-poprosila-otkryt-evroopt-v-agrogorodke,EVT-c40dcf93e244,1,1,NO,YES,train
HIGH,,,,SILVER,"Редакционный второй проход: подтверждена конкретная белорусская проблема, жалоба или нарушение.","[…] Размовы пра знос дамоў у гэтым раёне вяліся некалькі дзесяцігоддзяў . Праз шматгадовае чаканне зносу раён знаходзіцца ў нявызначаным статусе: для жыхароў дзейнічае забарона на капітальнае будаўніцтва і рэканструкцыю, праз што ўласнікі не рамантавалі сваё жытло. Таксама жыхары рэгулярна скардзіліся на шум ад транспартнага кольца, загазаванасць і непрыемны папах ад табачнай фабрыкі. Частка дамоў з часам прыйшла ў запусценне: цяпер некаторыя дамы стаяць з заколочанымі вокнамі. […] У 2019 годзе ў гарвыканкаме разглядаліся перспектывы забудовы тэрыторыі ў раёне прыватнага сектара, размешчанага ў трыкутніку вуліц Гарнавых–Перамогі–Орджанікідзэ. Тады гаварылася пра тое, што трэба знесці 8 жылых дамаўладанняў, а іх жыхарам у парадку кампенсацыі прадаставіць 13 кватэр.",KEEP,,RQ-e5d6069e80e6,SILVER,,,2026-08-07T12:05:00+00:00,,,REVIEWED,Hrodna.life,У Гродне знясуць прыватны сектар каля філармоніі: на яго месцы пабудуюць грамадскі цэнтр,https://hrodna.life/2026/08/07/znos-damou-garnavyh,EVT-bf21f4a8653b,3,1,NO,YES,train
HIGH,,,,SILVER,Очевидно нерелевантный жанр или событие вне предмета S-monitor.,"[…] Бобруйск. Монтаж нового аттракциона в городском парке культуры и отдыха Новый аттракцион будет запущен в эксплуатацию после получения всех необходимых разрешений от Госпромнадзора и других контролирующих органов. Как сообщили в администрации парка, ожижается, что это произойдет уже в самое ближайшее время. А вот цена билета известна уже сейчас – 7 рублей. […] Монтаж нового аттракциона в городском парке культуры и отдыха Новый аттракцион будет запущен в эксплуатацию после получения всех необходимых разрешений от Госпромнадзора и других контролирующих органов. […] Монтаж нового аттракциона в городском парке культуры и отдыха Новый аттракцион будет запущен в эксплуатацию после получения всех необходимых разрешений от Госпромнадзора и других контролирующих органов. […] Монтаж нового аттракциона в городском парке культуры и отдыха Новый аттракцион будет запущен в эксплуатацию после получения всех необходимых разрешений от Госпромнадзора и других контролирующих органов. […]",REJECT,,RQ-142b22075849,SILVER,,,2026-08-07T11:00:00+00:00,,,REVIEWED,МогилёвОнлайн,В свободном полете. В главном парке Бобруйска скоро заработает новый аттракцион,https://magilev.by/news/2026/08/07/v-svobodnom-polete-v-glavnom-parke-bobrujska-skoro-zarabotaet-novyj-attrakcion,EVT-11f1eaf781c0,2,2,YES,YES,train
HIGH,,,,SILVER,Жалоба на плохие условия содержания группы животных в экопарке.,"Посетителя экопарка «Акварель» возмутило то, в каких условиях там содержатся волки. Белорус написал пост в Threads, где утверждает, что вольер для животных не соответствует даже минимальным требованиям их комфортного существования. Публикация собрала тысячи просмотров и множество комментариев, в которых люди критикуют загородный комплекс и сочувствуют волкам. К посту мужчина приложил ответ самого экопарка, где отметили: «Все вольеры соответствуют нормам, утвержденным постановлением Министерства природных ресурсов и охраны окружающей среды РБ №16, навесы для тени находятся в процессе изготовления и скоро будут установлены» Журналист Onlíner связалась с администрацией экопарка, чтобы получить более развернутый комментарий об этой ситуации. — У волков уже есть навес, это во-первых. […]",KEEP,,RQ-0042ccdaa690,SILVER,,,2026-08-07T10:52:47+00:00,,,REVIEWED,Onlíner,«Без единой травинки». В Threads обсуждают содержание волков в экопарке «Акварель» - Люди Onlíner,https://people.onliner.by/2026/08/07/u-nas-net-nikakix-narushenij-ekopark-akvarel-otvetil-na-kritiku-o-soderzhanii-volkov,EVT-e15edc5207a9,2,1,NO,YES,train
HIGH,,,,SILVER,"Редакционный второй проход: подтверждена конкретная белорусская проблема, жалоба или нарушение.","На горячую линию Министерства по налогам и сборам Республики Беларусь поступил сигнал от гражданина о том, что в одном из гаражных ангаров по улице Свинарчука в г. Бресте осуществляется ремонт и покраска автомобилей без государственной регистрации, а также с привлечением работников без оформления трудовых отношений. Инспекции МНС по Брестской области проведена тематическая оперативная проверка. В ходе осмотра помещения, оборудованного под автомастерскую, инспекторы обнаружили три легковых автомобиля со следами кузовного ремонта и разборки (с отсутствием двигателя и части элементов кузова), установлено, что гражданин в период с мая по июль 2026 года систематически оказывал платные услуги по техническому обслуживанию и ремонту автомобилей без регистрации в качестве индивидуального предпринимателя. Ответственность за предпринимательскую деятельность без государственной регистрации предусмотрена частью 2 статьи 13.3 КоАП и влечёт наложение штрафа в размере до 100 базовых величин (4 500 рублей) с конфискацией предмета административного правонарушения, орудий и средств его совершения, а также с конфискацией до 100% от суммы дохода, полученного в результате такой деятельности, или без конфискации. […] Информацию о несоблюдении требований налогового законодательства граждане вправе сообщить в контакт-центр МНС по телефонам +375 17 229 79 79 или 189.",KEEP,,RQ-e6725cb52d8e,SILVER,,,2026-08-07T10:18:38+00:00,,,REVIEWED,Виртуальный Брест,В Бресте пресечена нелегальная деятельность автомастерской,https://virtualbrest.ru/news188750.php,EVT-541e3b170b7f,1,1,NO,YES,train
HIGH,,,,SILVER,Подтверждающая публикация о плохих условиях содержания животных в экопарке.,"🐺 Белорус пожаловался на условия содержания волков в парке «Акварель» в Пуховичском районе По словам мужчины, двоим волкам необходимо от 100 до 300 квадратных километров лесистой территории, по которой они проходят 20 – 50 километров в день. Однако в парке животные содержатся в небольшом вольере без единой травинки и навеса от солнца. Волки пытаются спрятаться от солнца в крошечной тени от столбов ограждения, при этом их дыхание сильно учащено. […]",KEEP,,RQ-0512faca4d83,SILVER,,,2026-08-07T09:44:34+00:00,,,REVIEWED,Blizko.by,Белорус пожаловался на условия содержания волков в парке «Акварель» в Пуховичском районе,https://t.me/blizkoby/24771,EVT-e15edc5207a9,2,1,NO,NO,train
HIGH,,,,SILVER,Редакционный второй проход: нет подтвержденной проблемы в предметной области S-monitor.,"[…] Главная задача — проверить ассортимент, размерную сетку и ценники: одежда должна быть доступна каждому родителю. […] Но проверяющие следят, чтобы в наличии были и нестандартные варианты: например, бордовые или серые комплекты для тех гимназий, где установлены особые требования. Ольга Братухина, заместитель начальника центра Академии образования, отмечает, что дефицита быть не должно: ""К сентябрю в форме должны быть и первоклассник, и одиннадцатиклассник"". Мониторинг показывает, что найти форму можно на любой кошелек. […] Ориентировочные цены (нижний порог): – для девочек: блузка — от 26 руб., сарафан — от 30 руб., юбка — от 35 руб., жилет — от 39 руб.; – для мальчиков: сорочка и брюки — от 40 руб., пиджак — от 55 руб., костюм (двойка) — от 146 руб. […] Традиционно проходят ""Дни школьника"" со скидками до 30%, а многодетным семьям и родителям детей-инвалидов гарантированы дополнительные бонусы и социальные скидки. Белорусские производители обновили ассортимент на 60%. […]",REJECT,,RQ-3c6eb0600c19,SILVER,,,2026-08-07T09:02:30+00:00,,,REVIEWED,Белновости,"Товары, качество, цены. В Беларуси проверяют школьные базары",https://www.belnovosti.by/obshchestvo/tovary-kachestvo-ceny-v-belarusi-proveryayut-shkolnye-bazary,EVT-2c8f12e17b13,2,1,NO,YES,train
HIGH,,,,SILVER,Исправлено при полном редакционном аудите заголовка и извлеченного текста.,"В соцсетях пожаловались на работу камер хранения на Центральном железнодорожном вокзале Минска. Ветка в Threads собрала более 20 тысяч просмотров, и многие пользователи подтвердили, что регулярно сталкиваются с длинными очередями. В БелЖД отреагировали на ситуацию. «Каждые выходные происходит то, что на фото, люди не вмещаются в само помещение, очередь выходит в переход на вокзале. Оставить багаж в такой очереди займет (из личной практики) около часа. Нет ячеек, в которых не нужно участие работника. […] Также в БелЖД обратили внимание на то, что услугами камер хранения пользуются не только пассажиры железной дороги, но и туристы, которые, например, уже выселились из гостиницы, но еще не уехали из города. […]",KEEP,,RQ-29e7ea607250,SILVER,,,2026-08-07T09:01:09+00:00,,,REVIEWED,Onlíner,Почему в Минске на вокзале такие большие очереди в камеры хранения? Ответили в БелЖД - Люди Onlíner,https://people.onliner.by/2026/08/07/pochemu-v-minske-na-vokzale-takie-bolshie-ocheredi-v-kamery-xraneniya-otvetili-v-belzhd,EVT-a504c1841dec,4,1,NO,NO,train
HIGH,,,,SILVER,"Редакционный второй проход: подтверждена конкретная белорусская проблема, жалоба или нарушение.","Жительница Бреста смогла через суд добиться полного расчета после увольнения. Работодатель утверждал, что все положенные выплаты были перечислены, однако женщина заявила, что получила лишь часть денег. По информации БЕЛТА, ссылающейся на официального представителя управления Государственного комитета судебных экспертиз по Брестской области Татьяну Коток , после увольнения брестчанка решила не мириться с ситуацией и обратилась за помощью в правоохранительные органы. В организации ссылались на платежную ведомость, где якобы стояла подпись сотрудницы, подтверждающая получение всей суммы. […] Суд признал ее доводы обоснованными и обязал работодателя выплатить женщине всю сумму, которую она должна была получить при увольнении. […]",KEEP,,RQ-0c9410ba77ca,SILVER,,,2026-08-07T08:46:59+00:00,,,REVIEWED,BGmedia,Экспертиза против фальсификации: брестчанка доказала подделку подписи в ведомости и забрала свои деньги — BGmedia,https://bgmedia.site/news/brestchanka-cherez-sud-zastavila-rabotodatelya-vyplatit-vse-dengi-posle-uvolneniya,EVT-53d15116177a,1,1,NO,YES,train
HIGH,,,,SILVER,"Заголовок прямо фиксирует конкретную жалобу, нарушение или социально-экономическую проблему.","[…] Многие пишут, что в самом Слониме до сих пор остаются улицы без нормального асфальта, тогда как дорожное покрытие появляется на сельской дороге среди полей: «Я, конечно, все понимаю, но в каких-то е*енях хоть какой-то асфальт укладывают, в то время как частный сектор в Слониме без асфальта». Под публикацией жители начали массово перечислять улицы, которые, по их мнению, давно нуждаются в ремонте. Среди них называли Западную улицу, Студенческую, Волгоградскую, Мицкевича, Заречную и другие. Одни жалуются, что после дождя там невозможно ни пройти, ни проехать, другие напоминают о большом потоке грузовиков и отсутствии тротуаров. Еще одна тема обсуждения — качество самого ремонта. Некоторые комментаторы сомневаются, что такое покрытие прослужит долго, называя технологию «на грани фантастики». […] По их мнению, вместо того чтобы решать проблемы внутри города, силы направляют на другие объекты, из-за чего жители вынуждены годами ждать ремонта своих улиц. […]",KEEP,,RQ-b9edb0532c77,SILVER,,,2026-08-07T08:45:51+00:00,,,REVIEWED,BGmedia,Асфальтирование дорог в Слонимском районе раскритиковали местные жители: почему? — BGmedia,https://bgmedia.site/news/zhitelej-slonimskogo-rajona-udivil-remont-selskoj-dorogi,EVT-62262d314849,1,1,NO,YES,train
HIGH,,,,SILVER,"Заголовок прямо фиксирует конкретную жалобу, нарушение или социально-экономическую проблему.","На Припяти из-за низкого уровня воды обнажились широкие полосы песка — необычные кадры показали в Threads. Экологи объясняют обмеление рек в Брестской области дефицитом осадков, который продолжается уже третий год, — у этого явления есть свои риски. Пользователь Threads выложил несколько видео с Припяти, где видно, что вода заметно отступила от береговой линии, оставив обширные песчаные отмели. «Палескія медытатыўныя замалёўкі. […] Происходящее связано с природными факторами. «Обмеление является следствием дефицита осадков, который наблюдается третий год подряд. В отдельных районах обмелели не только реки и озера, но и колодцы. […]",KEEP,,RQ-95afb9e7c57f,SILVER,,,2026-08-07T08:34:00+00:00,,,REVIEWED,Zerkalo.io,"Припять превратилась в «пляж». Экологи объяснили, почему реки на Полесье так сильно обмелели и чем это грозит",https://news.zerkalo.io/life/133737.html,EVT-1496634b4aec,7,2,YES,NO,train
HIGH,,,,SILVER,"Заголовок прямо фиксирует конкретную жалобу, нарушение или социально-экономическую проблему.","[…] Журналист районной газеты вместе с представителем «Оршанской спецавтобазы» выехал на место и признал: проблема действительно существует. Высокая трава полностью скрыла детскую площадку, ограничивает обзор водителям на перекрестке, а осенью, по словам местных жителей, создает еще и пожароопасную ситуацию. «Я живу в этом районе пять лет. […] Впрочем, для жителей Орши подобная история уже стала привычной. Как ранее писало BGmedia, всего две недели назад та же «Аршанская газета» рассказывала о похожей проблеме на улице Станционной. Тогда люди также жаловались на заросшие пустыри, которые не косили второй год. Журналист подтвердил, что трава достигла максимальной высоты и создает антисанитарию, однако и тогда речь шла лишь о надежде жителей, что коммунальные службы наконец отреагируют. […]",KEEP,,RQ-5562ac0a1864,SILVER,,,2026-08-07T07:54:29+00:00,,,REVIEWED,BGmedia,Нескошенная трава на 2-м переулке Лепельского в Орше: что говорят коммунальщики? — BGmedia,https://bgmedia.site/news/v-orshe-nashli-uliczu-gde-buryan-ne-kosyat-godami,EVT-f81ae5a55436,1,1,NO,YES,train
HIGH,,,,SILVER,"Редакционный второй проход: подтверждена конкретная белорусская проблема, жалоба или нарушение.",[…] Но зато какая приятная цена. Завершить строительство по плану должны 28 декабря 2028 года. Однако УКС сразу предупреждает: «В связи с отсутствием финансирования в ходе строительства объекта застройщик по согласованию сторон изменяет срок исполнения своих обязательств. Срок ввода жилого дома может быть откорректирован с подписанием соответствующего дополнительного соглашения к договору». […] Заявления на заключение договоров создания объектов долевого строительства будут приниматься с 14 августа 2026 года. […],KEEP,,RQ-e58d932cb275,SILVER,,,2026-08-07T07:40:02+00:00,,,REVIEWED,Onlíner,"Возле ЖК «Мармелад» начинают строить новый дом. Цены очень сладкие, но только для очередников - Недвижимость Onlíner",https://realt.onliner.by/2026/08/07/vozle-zhk-marmelad-novyj-dom,EVT-5c2831c304c4,1,1,NO,YES,train
HIGH,,,,SILVER,Очевидно нерелевантный жанр или событие вне предмета S-monitor.,"Если работник во время командировки по Беларуси не смог предоставить проездные документы, это не означает, что расходы на дорогу не возместят. […] Об этом рассказали в Минтруда. Если проездные документы отсутствуют полностью, работнику возмещают расходы на проезд в размере 0,1 базовой величины в каждую сторону. Если во время командировки сотрудник ежедневно возвращается домой, а билеты также не представлены, компенсация составит 0,1 базовой величины в каждую сторону за каждый день командировки . Расходы на дорогу не возмещаются, если: В случае, когда билет на автомобильный транспорт регулярного сообщения не содержит всех обязательных реквизитов, но факт поездки подтвержден, расходы возмещаются по фактической стоимости, указанной в проездном документе. При отсутствии билетов в авансовом отчете необходимо сделать отметку, что проездные документы не представлены. В таком случае бухгалтерия произведет расчет компенсации исходя из установленной нормы — 0,1 базовой величины в каждую сторону либо 0,1 базовой величины × 2 × количество дней , если работник ежедневно возвращался к месту жительства.",REJECT,,RQ-7936bee73606,SILVER,,,2026-08-07T07:09:00+00:00,,,REVIEWED,Смолевичи-24,"Белорусам объяснили, сколько вернут за дорогу в командировке, если потерялись билеты - 07.08.2026",https://smolevichi-24.by/07082026/belorusam-obyasnili-skolko-vernut-za-dorogu-v-komandirovke-esli-poteryalis-bilety,EVT-ac6a5a9f99cc,4,1,NO,YES,train
HIGH,,,,SILVER,"Редакционный второй проход: подтверждена конкретная белорусская проблема, жалоба или нарушение.","В одном из минских магазинов после жалобы покупателя в соцсетях выявили нарушения условий хранения продукции и контроля температурного режима. […] Недавно покупатель опубликовал видео, на котором показал температуру в холодильной камере с суши. […] Берегите себя и своих детей! Неправильное хранение суши в магазине „Хит!“ на Рокоссовского, 49, Минск», — подписал он ролик. После этого магазин посетили специалисты Центра гигиены и эпидемиологии Ленинского района — проверка подтвердила нарушения. «Во время проведения оценки были выявлены нарушения условий хранения продукции, а также контроля температурного режима хранения продукции. В отношении ответственного должностного лица ООО „Евроторг“ начнут административный процесс», — сообщили специалисты.",KEEP,,RQ-2ad3985b3072,SILVER,,,2026-08-07T07:05:00+00:00,,,REVIEWED,Zerkalo.io,"«Минчане, осторожно!» Жалоба на суши в магазине закончилась проверкой",https://news.zerkalo.io/life/133728.html,EVT-6a5f410dd37c,1,1,NO,YES,train
HIGH,,,,SILVER,"Заголовок прямо фиксирует конкретную жалобу, нарушение или социально-экономическую проблему.","В социальных сетях и чатах жители Гомеля активно обсуждают проблему: в этом году дорожную разметку в городе обновили частично лишь на центральных улицах, пропустив второстепенные улицы и сложные перекрестки и развязки с большим объемом разнообразной дорожной разметки. […] К началу школьного учебного года СМЭП начали обновлять разметку перед учебными заведениями, но в целом удручающая ситуация по городу все равно видна жителям города невооруженным глазом. В предыдущие годы в течение апреля — июня абсолютное большинство городских улиц были уже с обновленной разметкой.",KEEP,,RQ-7e08ed7fb12c,SILVER,,,2026-08-07T06:55:00+00:00,,,REVIEWED,Флагшток,Гомельчане жалуются на стертую дорожную разметку на улицах города,https://flagshtok.info/ru/naviny/gomelchane-zhalujutsja-na-stertuju-dorozhnuju-razmetku-na-ulicah-goroda.html,EVT-5215d138d4c5,2,1,NO,YES,train
HIGH,,,,SILVER,"Редакционный второй проход: подтверждена конкретная белорусская проблема, жалоба или нарушение.","Представитель железной дороги попытался оправдаться в эфире ТВ. В Белорусской железной дороге признали проблему с очередями у камер хранения на Центральном вокзале в Минске, на которую жаловались в соцсетях. Ситуацию объяснили ростом пассажиропотока и тем, что багаж до сих пор принимают и выдают вручную, передает ОНТ. Недавно в соцсетях пожаловались на камеры хранения на железнодорожном вокзале в Минске. Как заметила одна пассажирка, чтобы сдать или забрать багаж, нужно отстоять большую очередь, плюс камеры не работают по ночам. « Каждый раз удивляюсь этому позору : камеры хранения главного вокзала столицы. Огромный пассажиропоток. […]",KEEP,,RQ-2f7fe0874f76,SILVER,,,2026-08-07T06:23:48+00:00,,,REVIEWED,Хартия-97,БелЖД попала в крупный скандал из-за очередей к камерам хранения в Минске,https://charter97.org/ru/news/2026/8/7/693898,EVT-a504c1841dec,4,1,NO,NO,train
HIGH,,,,SILVER,"Заголовок прямо фиксирует конкретную жалобу, нарушение или социально-экономическую проблему.","[…] Проверка через домашний Wi-Fi и мобильный интернет также не изменила ситуацию. Возник закономерный вопрос: речь идет о личной ошибке или о масштабном техническом сбое. Ответ появился довольно быстро. В комментариях стали один за другим откликаться другие пользователи, подтвердившие аналогичную проблему. Кто-то написал, что наблюдает ту же картину, другие сообщили об отсутствии данных и невозможности нормально пользоваться сервисом. За короткое время стало понятно, что ситуация затронула сразу нескольких человек, а затем число подобных сообщений продолжило расти. Обсуждение быстро приобрело спокойный и даже немного ироничный характер. […]",KEEP,,RQ-eb89e252b727,SILVER,,,2026-08-07T06:16:23+00:00,,,REVIEWED,Виртуальный Брест,"В Беларуси «сломалось» приложение Профналог. Без паники, это уже не в первый раз!",https://virtualbrest.ru/news188726.php,EVT-47896982a94e,1,1,NO,YES,train
HIGH,,,,SILVER,Редакционный второй проход: нет подтвержденной проблемы в предметной области S-monitor.,"Мировой алмазный рынок движется к дефициту предложения Запасы в индийском ограночном секторе, остававшиеся высокими после пандемии и давившие на цены, сейчас заметно сокращаются.",REJECT,,RQ-6d1f3f19f2bb,SILVER,,,2026-08-07T06:11:02+00:00,,,REVIEWED,Брест Live,Мировой алмазный рынок движется к дефициту предложения,https://t.me/binklbinkl/28819,EVT-b19eb307dac0,1,1,NO,YES,train
HIGH,,,,SILVER,Редакционный второй проход: нет подтвержденной проблемы в предметной области S-monitor.,"Бобруйский школьный базар традиционно открылся около главного базара, по Социалке от бобра до старого главного входа на Центральный рынок. В такую жару народ там толпами не ходит, но и не кончается – готовиться к школе пора. 6.08.26, Бобруйский школьный базар Писать школьникам предлагается ручками от 2 до 4-х рублей (набор из 4-х цветных стоит 5), карандашами по рублю, цветными в наборах по 7 руб. (за 12 цветов) или по 14 (за 24). […] 6.08.26, Бобруйский школьный базар Среди продавцов, тоже как уже обычно, много таких же школьников, как и покупатели. […] 6.08.26, Бобруйский школьный базар Среди продавцов, тоже как уже обычно, много таких же школьников, как и покупатели. […] 6.08.26, Бобруйский школьный базар Среди продавцов, тоже как уже обычно, много таких же школьников, как и покупатели. […]",REJECT,,RQ-f1a9add97178,SILVER,,,2026-08-07T06:06:33+00:00,,,REVIEWED,МогилёвОнлайн,Самые ходовые на школьном базаре – дневники. В остальном – разнообразие,https://magilev.by/news/2026/08/07/samye-hodovye-na-shkolnom-bazare-dnevniki-v-ostalnom-raznoobrazie,EVT-a7d75fde3efa,1,1,NO,YES,train
HIGH,,,,SILVER,Исправлено при полном редакционном аудите заголовка и извлеченного текста.,"В Беларусской железной дороге признали проблему с очередями у камер хранения на Центральном вокзале в Минске, на которую жаловались в соцсетях. Ситуацию объяснили ростом пассажиропотока и тем, что багаж до сих пор принимают и выдают вручную, передает ОНТ. Недавно в соцсетях пожаловались на камеры хранения на железнодорожном вокзале в Минске. Как заметила одна пассажирка, чтобы сдать или забрать багаж, нужно отстоять большую очередь, плюс камеры не работают по ночам. «Каждый раз удивляюсь этому позору: камеры хранения главного вокзала столицы. Огромный пассажиропоток. Каждые выходные происходит то, что на фото люди не вмещаются в само помещение», — возмутилась женщина. […]",KEEP,,RQ-6fab46693a86,SILVER,,,2026-08-07T05:32:00+00:00,,,REVIEWED,Zerkalo.io,«Участвует человек». Камеры хранения на вокзале в Минске не справляются с наплывом пассажиров — в БелЖД объяснили почему,https://news.zerkalo.io/life/133722.html,EVT-a504c1841dec,4,1,NO,NO,train
HIGH,,,,SILVER,Очевидно нерелевантный жанр или событие вне предмета S-monitor.,"Многие дачники хотя бы раз в сезоне сталкивались с ситуацией, когда вместо ровных и глянцевых плодов на кустах созревают странные экземпляры. […] Процесс вегетации и налива плодов притормаживается. Сформировавшиеся завязи, испытывая дефицит питания и влаги на фоне стресса, начинают развиваться неравномерно. В итоге они созревают, но внешний вид их оставляет желать лучшего. […] Многие дачники свято верят, что чем больше органики и азота, тем лучше растет растение. […] Важно помнить и о температуре почвы: холодный грунт (ниже 16°C) блокирует усвоение питательных веществ, а перегретый и сухой – вызывает дефицит влаги. […]",REJECT,,RQ-e9f255765cf2,SILVER,,,2026-08-07T05:32:00+00:00,,,REVIEWED,Минская правда,Кэтфейсинг томатов – эстетический дефект или сигнал огороднику? - 07.08.2026,https://mlyn.by/07082026/ketfejsing-tomatov-esteticheskij-defekt-ili-signal-ogorodniku,EVT-ba4904903136,1,1,NO,YES,train
HIGH,,,,SILVER,Очевидно нерелевантный жанр или событие вне предмета S-monitor.,"[…] А спустя 20 минут гости остались в меньшинстве – прямую красную карточку получил Милад Мохаммади.Вдесятером витебчане не только удержали минимальный счет, но и имели моменты для спасения. Отыгрываться на выезде с численным дефицитом – задача почти непосильная, но подопечные не рассыпались. Впереди ответный матч, где всё решит один гол.На предыдущем этапе витебляне уверенно прошли черногорскую ""Сутьеску"" (3:0, 2:1), тогда как ""Борац"" оказался сильнее молдавского ""Петрокуба"" (3:0, 3:3).Динамовское сдерживание против гранда. […] Единственный гол пришел с пенальти на 44-й минуте – Рикарду Орта был точен.Во втором тайме минчане уже не так остро защищались, но создать опасность у ворот соперника не получилось. […]",REJECT,,RQ-ee04ec4b71af,SILVER,,,2026-08-07T04:45:09+00:00,,,REVIEWED,Белновости,Оба белорусских клуба неудачно выступили в первых матчах 3-го круга квалификации ЛК,https://www.belnovosti.by/sport/oba-belorusskih-kluba-neudachno-vystupili-v-pervyh-matchah-3-go-kruga-kvalifikacii-lk,EVT-c88eeeffdf1a,1,1,NO,YES,train
HIGH,,,,SILVER,"Редакционный второй проход: подтверждена конкретная белорусская проблема, жалоба или нарушение.","[…] И стоит появиться такому вопросу в соцсетях, как в комментариях разгорается спор . Одни опасаются лишнего облучения, другие убеждены, что процедура помогает вовремя выявить опасные заболевания и отказываться от нее не стоит. Разбираемся, для чего флюорография действительно нужна, есть ли у этой процедуры какие-либо риски и почему для беларусов она остается почти поголовно обязательной, в то время как во многих западных странах от этой массовой практики давно отказались. Пользовательница Threads поинтересовалась , пробовал ли кто-нибудь в Беларуси отказаться от флюорографии при прохождении водительской медкомиссии. Она отметила, что не хочет «облучаться» и по закону право отказаться есть, но на практике неясно, выдадут ли тогда нужную справку. В комментариях разгорелась дискуссия: кто-то удивлялся и доказывал пользу флюорографии, кто-то уверял, что без нее справки не видать: Флюорографию, то есть массовую рентгенографию грудной клетки, создали прежде всего для борьбы с туберкулезом. […] Всемирная организация здравоохранения рекомендует рентгенографию как один из инструментов скрининга туберкулеза среди групп населения с высоким риском — а не среди всех взрослых жителей целой страны. […]",KEEP,,RQ-9ca86533233c,SILVER,,,2026-08-07T04:31:00+00:00,,,REVIEWED,Zerkalo.io,"Флюорография опасна? В ней вообще есть смысл? В Беларуси ее проводят массово — объясняем, что с этим не так",https://news.zerkalo.io/life/133679.html,EVT-234270ad28d3,1,1,NO,YES,train
HIGH,,,,SILVER,Редакционный второй проход: нет подтвержденной проблемы в предметной области S-monitor.,"[…] В первом сете матча с Учижимой она уступала со счетом 0:2, но сумела переломить ход игры и завершить партию в свою пользу. Уверенность и класс первой ракетки планеты не позволили японской теннисистке (111-й номер рейтинга) навязать борьбу.Матч против Чжан Шуай также прошел под контролем Соболенко. Белоруска выполнила пять эйсов и реализовала два брейк-пойнта из трех. […]",REJECT,,RQ-3b7d49cb89a4,SILVER,,,2026-08-07T04:28:09+00:00,,,REVIEWED,Белновости,Теннис. Соболенко вышла в 1/8 финала турнира в Канаде,https://www.belnovosti.by/sport/tennis-sobolenko-vyshla-v-18-finala-turnira-v-kanade,EVT-51c161f6c6a6,1,1,NO,YES,train
HIGH,,,,SILVER,Редакционный второй проход: нет подтвержденной проблемы в предметной области S-monitor.,"Если проездные документы отсутствуют полностью, расходы компенсируются не по фактической стоимости поездки, а в фиксированном размере — 0,1 базовой величины в каждую сторону, сообщает Минтруда. Особое правило действует, когда сотрудник во время командировки каждый день возвращается к месту жительства. Если билетов нет, ему возмещают 0,1 БВ за поездку в одну сторону и еще 0,1 БВ за обратную дорогу — за каждый день командировки. При этом компенсация не выплачивается, если транспортные расходы уже взяла на себя принимающая сторона, работнику предоставили транспорт либо он имеет право на бесплатный проезд. Есть и отдельная ситуация: билет сохранился, но в нем отсутствуют некоторые обязательные сведения. Если речь идет о поездке автомобильным транспортом регулярного сообщения, расходы возмещаются по фактической стоимости, указанной в билете. На практике при отсутствии билетов этот факт отражают в авансовом отчете, а сумму компенсации рассчитывают исходя из установленного норматива. […]",REJECT,,RQ-567d71fd3b36,SILVER,,,2026-08-07T04:21:00+00:00,,,REVIEWED,Газета «Сильные Новости»,Проездные документы не сохранились: на какую компенсацию рассчитывать работнику - GS.BY,https://www.gs.by/2026/08/07/poteryali-bilet-v-komandirovke-kak-kompensiruyut-rashody,EVT-ac6a5a9f99cc,4,1,NO,NO,train
HIGH,,,,SILVER,Редакционный второй проход: нет подтвержденной проблемы в предметной области S-monitor.,"[…] Вертикальный для сухой и влажной уборки — пылесосы, которые помимо насадок для сухой уборки укомплектованы дополнительными насадками и для влажной. Такие модели в первую очередь предназначены для того, чтобы пылесосить, влажная уборка выступает в качестве дополнения. Всасывания грязной воды в данном случае нет, основной контейнер предназначен только для сухого мусора, а пол просто протирается специальными насадками-швабрами. Вертикальный моющий — такие пылесосы предназначены для мытья пола и имеют в своей конструкции емкости как для чистой, так и для грязной воды. В процессе уборки моющий валик одновременно моет пол и сам промывается от грязи, что позволяет исключить эффект размазывания. Но достаточно ли одного моющего пылесоса в квартире — как правило, нет. Это скорее отличное дополнение к роботу-пылесосу или классическому пылесосу для сухой уборки. […]",REJECT,,RQ-c123f267b5c8,SILVER,,,2026-08-07T04:00:49+00:00,,,REVIEWED,Onlíner,Опубликован рейтинг вертикальных пылесосов 2026 года. Какие сейчас в тренде? - Недвижимость Onlíner,https://realt.onliner.by/2026/08/07/kak-vybrat-besprovodnoj-pylesos,EVT-2520df26c3a7,1,1,NO,YES,train
HIGH,,,,SILVER,"Редакционный второй проход: подтверждена конкретная белорусская проблема, жалоба или нарушение.","В Пинске планируют запретить движение мотоциклов в ночное время на отдельных городских улицах. Чиновники объясняют решение многочисленными жалобами на шум и тем, что усиленный контроль пока не уменьшил количество нарушений. Большинство участников опроса в одном из местных телеграм-каналов поддержали запрет, однако в комментариях начался спор: одни требуют защитить сон жителей, другие считают, что власти снова выбрали самый простой путь и накажут в том числе тех, кто соблюдает правила. О планируемых ограничениях рассказали во время аппаратного совещания в Пинском горисполкоме. Как сообщили в сюжете ТРК «Пинск», активное обсуждение вызвала ситуация с шумными мотоциклистами. По словам журналистов, в последнее время контроль за водителями мототранспорта в Пинске и Брестской области усилили, однако количество нарушений с их стороны не уменьшается. […] «В Пинске эта проблематика имеется, но совместными усилиями, по решению последней комиссии, сейчас будут изготовлены знаки и установлены на определенных дорогах, где движение мотоциклистов будет запрещено в ночное время», — заявил Игорь Ерохин. […]",KEEP,,RQ-c8f31df9c8af,SILVER,,,2026-08-07T03:17:26+00:00,,,REVIEWED,BGmedia,В Пинске хотят запретить ночное движение мотоциклов: что думают жители — BGmedia,https://bgmedia.site/society/v-pinske-gotovyat-novyj-zapret-dlya-motocziklistov,EVT-e27aab1a184c,1,1,NO,YES,train
HIGH,,,,SILVER,Редакционный второй проход: нет подтвержденной проблемы в предметной области S-monitor.,"В Беларуси возместят командировочные расходы на проезд даже при отсутствии билетов — по фиксированному тарифу 0,1 базовой величины в каждую сторону. […]",REJECT,,RQ-3ec748ae1c0f,SILVER,,,2026-08-07T02:30:00+00:00,,,REVIEWED,Белновости,Минтруда разъяснило порядок возмещения командировочных расходов на проезд при отсутствии билетов,https://www.belnovosti.by/obshchestvo/mintruda-razyasnilo-poryadok-vozmeshcheniya-komandirovochnyh-rashodov-na-proezd-pri,EVT-ac6a5a9f99cc,4,1,NO,NO,train
HIGH,,,,SILVER,Очевидно нерелевантный жанр или событие вне предмета S-monitor.,"Если работник во время командировки по Беларуси не смог предоставить проездные документы, это не означает, что расходы на дорогу не возместят. […] Об этом рассказали в Минтруда. Если проездные документы отсутствуют полностью, работнику возмещают расходы на проезд в размере 0,1 базовой величины в каждую сторону. Если во время командировки сотрудник ежедневно возвращается домой, а билеты также не представлены, компенсация составит 0,1 базовой величины в каждую сторону за каждый день командировки . Расходы на дорогу не возмещаются, если: В случае, когда билет на автомобильный транспорт регулярного сообщения не содержит всех обязательных реквизитов, но факт поездки подтвержден, расходы возмещаются по фактической стоимости, указанной в проездном документе. При отсутствии билетов в авансовом отчете необходимо сделать отметку, что проездные документы не представлены. В таком случае бухгалтерия произведет расчет компенсации исходя из установленной нормы — 0,1 базовой величины в каждую сторону либо 0,1 базовой величины × 2 × количество дней , если работник ежедневно возвращался к месту жительства.",REJECT,,RQ-c3712fde6474,SILVER,,,2026-08-06T19:43:00+00:00,,,REVIEWED,Минская правда,"Белорусам объяснили, сколько вернут за дорогу в командировке, если потерялись билеты - 06.08.2026",https://mlyn.by/06082026/belorusam-obyasnili-skolko-vyplatyat-za-proezd-v-komandirovke-esli-poteryan-bilet,EVT-ac6a5a9f99cc,4,1,NO,NO,train
HIGH,,,,SILVER,Редакционный второй проход: нет подтвержденной проблемы в предметной области S-monitor.,"[…] что на 3,8 градуса выше предыдущего достижения, при этом очень сильная жара (красный уровень опасности) отмечалась на 21 метеостанции Беларуси, а свои исторические максимумы обновили также Житковичи, […]",REJECT,,RQ-2a3bd96b83d1,SILVER,,,2026-08-06T19:36:41+00:00,,,REVIEWED,Белновости,В Мозыре зафиксирован новый температурный рекорд для августа,https://www.belnovosti.by/obshchestvo/v-mozyre-zafiksirovan-novyy-temperaturnyy-rekord-dlya-avgusta,EVT-07d6d1a5f77b,1,1,NO,YES,train
HIGH,,,,SILVER,Очевидно нерелевантный жанр или событие вне предмета S-monitor.,"6 августа 2026 года в агрогородке Лясковичи на территории национального парка «Припятский» учёные научного отдела учреждения совместно со специалистами Научно-практического центра НАН Беларуси по биоресурсам обнаружили инвазивную буйволовую цикаду, которая уже расселилась практически по всей территории Беларуси и представляет серьёзную угрозу для сельскохозяйственных культур.Об этом сообщила БЕЛТА со ссылкой на научный отдел нацпарка, уточнив, что вид родом из Северной Америки проник в Беларусь естественным путём через Украину, а первые находки датируются началом 2000-х годов.Главные мысли за минутуБуйволовая цикада обнаружена на территории национального парка «Припятский» в ходе совместных исследований с НАН Беларуси.Этот инвазивный вид родом из Северной Америки расселился в Беларусь через Украину и сейчас отмечается практически по всей стране.Своё название насекомое получило из-за светло-зелёного панциря с боковыми выростами, напоминающими голову буйвола.Цикада представляет серьёзную опасность для молодых плодовых деревьев, декоративных кустарников и виноградников.Насекомое включено в Чёрную книгу инвазивных видов животных Беларуси.Как пояснили в нацпарке, исследования проводились совместно с сотрудниками Научно-практического центра НАН Беларуси по биоресурсам.Именно в ходе этих работ в агрогородке Лясковичи и была обнаружена буйволовая цикада.Этот вид изначально не является местным для Беларуси.Он происходит из Северной Америки и проник на территорию страны естественным путём, постепенно расселяясь со стороны Украины.Первые находки цикады в Беларуси датируются началом 2000-х годов.В настоящее время, по данным специалистов, этот вредитель отмечается практически на всей территории страны.Своё специфическое название насекомое получило из-за характерного светло-зелёного панциря с боковыми выростами, которые отдалённо напоминают голову буйвола.Несмотря на небольшие размеры тела, эта цикада представляет серьёзную угрозу для местного сельского хозяйства.Особенно уязвимыми перед ней оказываются молодые плодовые деревья, декоративные кустарники и виноградники.Учитывая степень угрозы, буйволовая цикада включена в Чёрную книгу инвазивных видов животных Беларуси.",REJECT,,RQ-a746fc7a403d,SILVER,,,2026-08-06T19:00:37+00:00,,,REVIEWED,Белновости,Инвазивная цикада из Чёрной книги поселилась национальном парке «Припятский»,https://www.belnovosti.by/obshchestvo/invazivnaya-cikada-iz-chyornoy-knigi-poselilas-nacionalnom-parke-pripyatskiy,EVT-3bdd1c8e9fde,1,1,NO,YES,train
HIGH,,,,SILVER,"Редакционный второй проход: подтверждена конкретная белорусская проблема, жалоба или нарушение.","Плюс тридцать пять в тени, а люди буквально сгорают на работе ! Белорусы массово жалуются на адские условия труда в аномальную жару. Пока чиновники прохлаждаются в кабинетах под кондиционерами, дорожники кладут раскаленный асфальт без капли воды, заводчане задыхаются в цехах от химической пыли, а водители маршруток и троллейбусов плавятся за рулем. Единственная «забота» от руководства на некоторых предприятиях — дайте людям водички и пусть работают, пока не сдохнут!",KEEP,,RQ-8a14caa99da8,SILVER,,,2026-08-06T17:17:51+00:00,,,REVIEWED,Беларусь за МКАДом,"Плюс тридцать пять в тени, а",https://t.me/zamkadomby/67096,EVT-363061d7a0ca,1,1,NO,YES,train
HIGH,,,,SILVER,"Заголовок прямо фиксирует конкретную жалобу, нарушение или социально-экономическую проблему.","[…] Две лавочки, которые стоят у нашего дома, в ужасном состоянии. Во всяком случае, я не видел в городе скамеек во дворах, которые были бы в более плачевном состоянии. Владимир с грустной иронией отмечает, что на одну из этих скамеек пенсионеру вообще опасно садиться, поскольку он рискует к своей пенсии по возрасту заработать еще и пенсию по инвалидности. Прямо посередине этой скамейки, сделанной из синих деревянных брусков, зияет огромная дыра. Бруски сгнили и разваливаются. […] Хуже разваливающейся лавочки у подъезда может быть только ее отсутствие. […] Начальник участка деревообработки сказал также, что отправит своих работников определить размеры скамейки, которую просят установить жильцы на улице Франтишка Скорины. […]",KEEP,,RQ-eae0037cfb21,SILVER,,,2026-08-06T15:30:26+00:00,,,REVIEWED,Kraj.by,"Пожилому человеку нужно присесть, а лавочка разваливается возле пятиэтажки в Молодечно, 06.08.2026",https://news.kraj.by/20260806/pozhilomu-cheloveku-nuzhno-prisest-a-lavochka-razvalivaetsya-vozle-pyatietazhki-v-molodechno,EVT-f589e32fa882,5,1,NO,NO,train
HIGH,,,,SILVER,"Редакционный второй проход: подтверждена конкретная белорусская проблема, жалоба или нарушение.","🛢 Как и чем загрязняются вода и воздух в Беларуси По данным агрохунты за 2025 год, экологическая ситуация в стране показывает неоднозначные тренды. 💧 Катастрофический скачок загрязнения воды: Объем грязных стоков, сброшенных в водоемы, резко вырос до 10,9 млн кубометров (ранее показатель составлял 1,5–3,1 млн). Половина всех нечистот страны приходится на Гомельскую обл. 🏭 Промышленность и воздух: Число заводов и фабрик с выбросами выросло до 188 тыс. […] Объем промышленных выбросов снизился до минимума за 10 лет — 398,8 тыс. Почти 50% выбросов составляет метан. […] 🚗 Автотранспорт загрязняет сильнее заводов: Машины выбросили в воздух 445,6 тыс. […]",KEEP,,RQ-6d434fcb8160,SILVER,,,2026-08-06T14:01:43+00:00,,,REVIEWED,Беларусь за МКАДом,Как и чем загрязняются вода и воздух в Беларуси,https://t.me/zamkadomby/67094,EVT-dad6993d900b,1,1,NO,YES,train
HIGH,,,,SILVER,"Редакционный второй проход: подтверждена конкретная белорусская проблема, жалоба или нарушение.","[…] В начале августа жители Полесья показали в соцсетях огромные песчаные участки там, где раньше была вода. Чиновники отреагировали на такие видео и заявили, что причина в дефиците осадков, который продолжается третий год. По их словам, расчистка дна сейчас может только ухудшить ситуацию, а существенно повлиять на уровень рек способна лишь погода. […] Однако другой комментарий звучал уже менее оптимистично: «Хутка Палессе з края балот стане краем пяшчаных дзюн!» После появления новых видео ситуацию прокомментировал Брестский областной комитет природных ресурсов и охраны окружающей среды. Там заявили, что снижение уровня воды наблюдается в большинстве водоемов региона. По версии специалистов, главная причина — дефицит осадков, который продолжается уже третий год. В отдельных районах обмелели не только реки и озера, но и колодцы. […]",KEEP,,RQ-898d4f0d27d2,SILVER,,,2026-08-06T12:28:04+00:00,,,REVIEWED,BGmedia,"Обмеление Припяти и Пины: чиновники объяснили, почему в реках исчезает вода — BGmedia",https://bgmedia.site/society/peski-gerodota-belarus-pokazal-kak-obmelela-pripyat,EVT-1496634b4aec,7,2,YES,YES,train
HIGH,,,,SILVER,Очевидно нерелевантный жанр или событие вне предмета S-monitor.,"[…] Вход с 18 лет. Буквально сразу после анонса техно-рейва беларусы стали писать возмущенные комменты, мол, подобные мероприятия с музыкой, светом, большим скоплением громких людей явно неуместны в Национальном парке, особенно ночью. После этого техно-рейв решили перенести с 18 апреля на конец лета, а также решили сменить площадку – вместо поместья Деда Мороза сделали выбор в пользу ворот у главного входа в Национальный парк.",REJECT,,RQ-106026d5c22b,SILVER,,,2026-08-06T11:52:00+00:00,,,REVIEWED,CityDog,Техно-рейв в Беловежской пуще окончательно отменили. Вместо него пройдет другой фестиваль,https://citydog.io/post/zaden-festival-v-belovezhskoy-pushche,EVT-08226ffd479b,1,1,NO,YES,train
HIGH,,,,SILVER,"Редакционный второй проход: подтверждена конкретная белорусская проблема, жалоба или нарушение.","В Могилеве после обращения местного жителя к члену Совета Республики Ирине Петрусевич за два дня отремонтировали участок дороги возле дома №17А на проспекте Пушкинском. […] Обратился к сенатору, приехали и положили асфальт», — коротко рассказал местный житель в видео «Могилевских ведомостей». […] Под публикацией жители начали массово перечислять дворы, где, по их словам, ситуация не лучше, а иногда даже хуже. Среди них называли улицы Кутепова, Буденного, Строителей, Чигринова, переулок Гоголя, район домов на улицах Шмидта и Непокоренных. Люди рассказывают о глубоких ямах, разбитых бетонных дорогах и формальных ответах после обращений через службу 115. Некоторые комментаторы вспоминают, что аналогичные проблемы не решаются годами, а другие иронизируют, что, видимо, для ремонта каждого двора теперь нужен личный прием у сенатора. На этом фоне история с Пушкинским, 17А стала для многих не столько примером оперативной работы коммунальщиков, сколько подтверждением того, что обычные обращения далеко не всегда помогают так же быстро, как визит к высокопоставленному чиновнику. […]",KEEP,,RQ-83b72e47ecf3,SILVER,,,2026-08-06T10:25:40+00:00,,,REVIEWED,BGmedia,На проспекте Пушкинском в Могилеве отремонтировали дорогу только из-за сенатора — BGmedia,https://bgmedia.site/news/v-mogileve-yamy-vo-dvore-zalatali-posle-obrashheniya-k-senatoru,EVT-c70100e886ce,1,1,NO,YES,train
HIGH,,,,SILVER,Редакционный второй проход: нет подтвержденной проблемы в предметной области S-monitor.,"По итогам первого полугодия валовой региональный продукт Гомельской области вырос на 1,4%. […] На общем фоне особенно выделился Мозырский район. Ускорение его финансовых показателей пришлось на второй квартал 2026 года и совпало по времени с нарастанием дефицита топлива в России. По итогам января–мая организации района обеспечили почти половину всей чистой прибыли Гомельской области. В региональной экономике растущих отраслей много… […] Динамика Мозырского района совпала по времени с ухудшением ситуации на российском топливном рынке. […] В эту категорию входят сырье, топливо и материалы для производства, в том числе сырая нефть и нефтепродукты. […]",REJECT,,RQ-bee2761c41d8,SILVER,,,2026-08-06T10:15:00+00:00,,,REVIEWED,Флагшток,Почти половину прибыли Гомельской области обеспечивает Мозырский район,https://flagshtok.info/ru/naviny/komu-vojna-a-komu-mat-rodna-pochti-polovinu-pribyli-gomelskoj-oblasti-obespechivaet-mozyrskij-rajon.html,EVT-b9c36cb93c97,1,1,NO,YES,train
HIGH,,,,SILVER,Недостаток воды и распространение инфекции в пункте содержания животных.,"У Гродне стаіць спякота да +31℃, у сувязі з гэтым валанцёры пункта часовага ўтрымання бяздомных жывёл пры САГ просяць гараджан дапамагчы. У валанцёраў няма сталага доступу да праточнай вады, з-за гэтага хутчэй распаўсюджваецца інфекцыя. Таксама шчанюкам і старым сабакам патрэбна ежа. Валанцёры просяць дапамагчы з папяровымі ручнікамі. У валанцёраў няма пастаяннага доступу да праточнай вады, [...]",KEEP,,RQ-ee529569f990,SILVER,,,2026-08-06T09:45:36+00:00,,,REVIEWED,Hrodna.life,У сувязі са спякотай у Гродне валанцёры просяць падтрымаць бяздомных жывёл,https://hrodna.life/2026/08/06/zyviely-spieka,EVT-0f997b6bb62a,1,1,NO,YES,train
HIGH,,,,SILVER,"Редакционный второй проход: подтверждена конкретная белорусская проблема, жалоба или нарушение.","[…] Многие жители говорят, что подобные новости уже стали привычными, а каждое новое отключение вызывает все больше вопросов. Другие жалуются, что после всех ремонтов ситуация, по их ощущениям, не меняется. Некоторые пользователи задаются вопросом, почему подобные работы нельзя организовать так, чтобы не оставлять людей без горячей воды по нескольку раз за сезон. Августовское отключение — вовсе не исключение. […] Таким образом, для многих пинчан нынешнее отключение станет уже третьим, а для некоторых — даже четвертым за один летний сезон. Недовольство жителей связано не только с регулярными отключениями. Уже несколько месяцев пинчане жалуются на качество холодной воды . […]",KEEP,,RQ-585e2b849a63,SILVER,,,2026-08-06T09:18:12+00:00,,,REVIEWED,BGmedia,В Пинске анонсировали новое масштабное отключение: жители в гневе — BGmedia,https://bgmedia.site/society/trete-otklyuchenie-vody-v-pinske-za-leto-i-pochemu-takogo-net-v-germanii,EVT-71741051a925,1,1,NO,YES,train
HIGH,,,,SILVER,"Редакционный второй проход: подтверждена конкретная белорусская проблема, жалоба или нарушение.","[…] Автор поста утверждала, что когда начались схватки и отошли воды, соседка пошла искать медиков. […] В больнице также пояснили, что отдельные палаты для таких случаев не предусмотрены. Женщина находилась в двухместной палате. Еще одна претензия касалась уборки после произошедшего. Автор первоначального поста утверждала, что в палате остались кровь и околоплодные воды, а санитарок якобы не было. Шостак заявил, что уборка – обязанность сотрудников больницы и пациентки не должны делать это сами. […] “А вот то, что соседка снимала без согласия то, что происходило с другим человеком, и выкладывала, это незаконно, – подчеркнула она. […]",KEEP,,RQ-64941c455c6c,SILVER,,,,,,REVIEWED,Smartpress.by,Что произошло в 5-й больнице Минска: выкидыш в общей палате и нехватка персонала,https://smartpress.by/news/vykidysh-v-obshchey-palate-i-nekhvatka-personala-chto-proizoshlo-v-5-y-bolnitse-minska,EVT-24147a4d6124,3,2,YES,NO,train
HIGH,,,,SILVER,Редакционный второй проход: нет подтвержденной проблемы в предметной области S-monitor.,"[…] Для школ его проведение предусмотрено на 1 сентября, а сам день входит в учебную четверть. Кроме того, действующий Государственный школьный стандарт требует от учащихся соблюдать устав и правила внутреннего распорядка школы, выполнять требования администрации и педагогов. Во время занятий ученики должны находиться в школе, а о планируемом отсутствии необходимо заранее сообщать классному руководителю. Учащиеся также обязаны посещать классные и информационные часы. Эти правила разъясняло Министерство образования . Поэтому просто решить, что “1 сентября уроков по предметам нет”, а значит, можно не прийти в школу, нельзя. Если ребенок будет отсутствовать, действует тот же принцип, что и в обычный учебный день: школа должна знать причину отсутствия. […]",REJECT,,RQ-ae42493fd57f,SILVER,,,,,,REVIEWED,Smartpress.by,"Обязательно ли идти в школу 1 сентября и будут ли обычные уроки? Разобрались, как проходит этот учебный день в Беларуси",https://smartpress.by/news/obyazatelno-li-idti-v-shkolu-1-sentyabrya-v-belarusi-i-budut-li-obychnye-uroki-razobralis-kak-prokho,EVT-b7baf4bf2d35,1,1,NO,YES,train
HIGH,,,,SILVER,"Редакционный второй проход: подтверждена конкретная белорусская проблема, жалоба или нарушение.","Правительство Беларуси продолжит следить за ценами после сокращения перечня товаров, стоимость которых регулирует государство. […] “Что касается цен и ценообразования - это все под контролем правительства. […] Она позволяет анализировать ситуацию по товарам, которые уже исключены из перечня регулируемых. Если правительство увидит необоснованное повышение цен, такие позиции могут снова вернуть под государственное регулирование. “В случае выявления необоснованного завышения цен на исключенные из перечня позиции правительство оставляет за собой право оперативного возврата этих товаров под государственное регулирование в соответствии с механизмом, предусмотренным постановлением №713”, - заявил премьер. Ранее Smartpress.by разбирался, какие товары могут подорожать после изменения правил. Среди исключенных из перечня оказались, в частности, многие виды бытовой химии, одежды, техники и стройматериалов. […]",KEEP,,RQ-3290e0cbe1ba,SILVER,,,,,,REVIEWED,Smartpress.by,Что будет с ценами в Беларуси - Турчин рассказал о контроле правительства,https://smartpress.by/news/chto-budet-s-tsenami-v-belarusi-premer-rasskazal-kak-pravitelstvo-budet-kontrolirovat-situatsiyu,EVT-b4e76cff4fc4,1,1,NO,YES,train
HIGH,,,,SILVER,Редакционный второй проход: нет подтвержденной проблемы в предметной области S-monitor.,"[…] Впервые Могилев увидел пароход в мае1859 года,когда в город приплыли сразу три новых пассажирских паровика Днепровского пароходного акционерного общества: «Русалка»,»Днепр» и «Владимир»,изготовленные в Бельгии и Польше.Прибыли пароходы в Днепр по Днепро-Бугскому каналу и предназначались для буксировки барж с солдатами из Могилева в Екатеринослав.Изготовить пять барж подрядился могилевской 1-й гильдии купец Евель Идельсон. […] Объявление в одной из смоленских газет Пароход «Голубчик» швартовался у могилевской пристани до 1892 года,после чего поменял хозяина и название на «Удачный» и отбыл в Киев. С постройкой Витебско-Жлобинской железной дороги,которая шла параллельно Днепру,привлекательность для пассажиров водного транспорта стала падать,учитывая его сезонный характер и медленную скорость. Правда,,в отдельных случаях могилевчане предпочитали поезду пароход.Например, читатели газеты «Могилевские губернские ведомости» жаловались.что поезд в Оршу приходит так,что надо почти сутки ждать пересадки на Москву и Минск. А вот пароход из Могилева приплывает очень удачно к приходу московского поезда.И просили железнодорожное начальство поменять расписание поездов.чего ,конечно,никто делать не стал.Ибо владелец парохода мог менять расписание по своему усмотрению,а железная дорога увязывала,как могла интересы многих потребителей её услуг. В начале ХХ-века усилилось грузовое движение по Днепру.И в Могилеве появились свои буксиры и новые судовладельцы. […] После революции и гражданской войны железные дороги пришли в упадок и часть их работы временно взял на себя речной транспорт.Известно,что в 1928 году три раза в неделю пароходы плавали по маршруту Могилев –Лоев и Могилев-Дубровно. […]",REJECT,,RQ-9b297014e11f,SILVER,,,,,,REVIEWED,MASHEKA,"Из былого: на пароходе по Днепру из Могилева в Смоленск и Киев » MASHEKA - информационный портал Могилёва. Новости Могилева, интервью с могилевчанами",https://masheka.by/mogilev/18374-iz-bylogo-na-parohode-po-dnepru-iz-mogileva-v-smolensk-i-kiev.html,EVT-8ac108120270,1,1,NO,YES,train
HIGH,,,,SILVER,Редакционный второй проход: нет подтвержденной проблемы в предметной области S-monitor.,"[…] Кого же хоронили на этом кладбище и почему оно находилось именно в этом месте? В давние времена городские кладбища опекались церковными приходами и к какому приходу был приписан житель города,на том кладбище его и хоронили. Надо отметить,что больница приказа общественного призрения обслуживала только жителей Могилева,а также за отдельную плату военных и членов их семей при отсутствии мест в воинских лазаретах. Если в больнице умирал горожанин,то, естественно ,что родственники и знакомые хоронили его на приходских кладбищах.Но бывали редкие случаи,когда в больницу попадали и в ней умирали приезжие.Хоронить их было некому.Приходилось это делать больнице.Вот поэтому и появилась капличка и кладбище при ней.Кстати,при больнице действовала церковь Александра Невского,где и отпевали заезжих покойников. Фрагмент карты г.Могилева 1934 г. Район 1-й Советской больницы. После ликвидации приказа общественного призрения в начале ХХ-го века,больница стала подчиняться земству и основной контингент больных,и, соответственно, умерших,стал поступать с уездов всей губернии.А поскольку губерния была большая,а дороги плохие,то транспортировка покойников к местам проживания вызывала большие затраты,которые многим были не по карману.По этой причине похоронами приходилось заниматься самой больнице.Для этого она была вынуждена открыть новое кладбище на окраине города, на улице Пшиколовской (сйчас это улица Подгорная). […]",REJECT,,RQ-ec59407941c9,SILVER,,,,,,REVIEWED,MASHEKA,"Забытые кладбища Могилева: два кладбища в одном месте. » MASHEKA - информационный портал Могилёва. Новости Могилева, интервью с могилевчанами",https://masheka.by/mogilev/18012-zabytye-kladbischa-mogileva-dva-kladbischa-v-odnom-meste.html,EVT-209555345bf5,1,1,NO,YES,train
HIGH,,,,SILVER,Редакционный второй проход: нет подтвержденной проблемы в предметной области S-monitor.,"[…] Все эти рекомендации не появились в связи с пандемией, а существовали уже давно. Мытье рук, продуктов питания, обработка специальными средствами гаджетов и поверхностей, к которым мы прикасаемся, поможет предотвратить не только заражение коронавирусом, но другими инфекциями, среди которых так называемые «болезни грязных рук». Можно предположить, что количество случаев таких болезней сейчас уменьшилось, ведь люди начали проводить тщательную гигиену. Мы поговорили с врачом-инфекционистом Юлией Романенко и узнали, что называют «болезнями грязных рук», как их возбудители попадают в наш организм, каковы симптомы, какие способы лечения и профилактики существуют и действительно ли случаев заболевания стало меньше. Какие симптомы вызывают «болезни грязных рук»? Болезни грязных рук – это ни что иное, как кишечные инфекции. […] Как лечатся кишечные инфекции? […]",REJECT,,RQ-e7a2ebb92d6c,SILVER,,,,,,REVIEWED,MASHEKA,"«Болезни грязных рук» – что это такое? Интервью с врачом-инфекционистом » MASHEKA - информационный портал Могилёва. Новости Могилева, интервью с могилевчанами",https://masheka.by/liga-jekspertov-mogileva/5680-bolezni-grjaznyh-ruk-chto-jeto-takoe-intervju-s-vrachom-infekcionistom.html,EVT-c39d18320689,1,1,NO,YES,train
HIGH,,,,SILVER,Очевидно нерелевантный жанр или событие вне предмета S-monitor.,"[…] А потом вместе с отступающими войсками штаб прошел половину Беларуси и ,умудренный опытом оборонительных боев,8 июля вновь очутился в Могилеве, поскольку 13-й армии было поручено защищать восточный берег Днепра от Шклова до Быхова. […] Занятия в полевом лагере А некоторым жителям Могилева принесли повести уже в первой половине мая.. Одни отправлялись в войска на 60 дней для переподготовки на должности младших командиров, другие для переучивания на дефицитные и сложные специальности типа связистов, танкистов, зенитчиков. В эти дни на вокзале ст.Могилев можно было часто встретить группы молодых мужчин в гражданской одежде, но в сопровождении офицера. Занятия по штыковому бою Могилевчане с легким сердцем отправлялись на сборы, ничто не предвещало скорой беды. […]",REJECT,,RQ-402c18e78690,SILVER,,,,,,REVIEWED,MASHEKA,"История Могилева: май 1941 года » MASHEKA - информационный портал Могилёва. Новости Могилева, интервью с могилевчанами",https://masheka.by/history_mogilev/8669-istorija-mogileva-maj-1941-goda.html,EVT-3e3d5bc2fbe3,1,1,NO,YES,train
HIGH,,,,SILVER,Очевидно нерелевантный жанр или событие вне предмета S-monitor.,"[…] Приехали на склад по Березовской улице, нагрузили много ящиков: не очень большие, но тяжёлые со взрывчаткой; и повезли к Луполовскому мосту. […] Возились очень долго, когда стало темнеть, мы ещё раз съездили за ящиками и так же стали разгружать. Потом Макеев нам приказал подняться в парк и оттуда наблюдать, так как внизу оставаться опасно. Мы с девчатами поднялись и залегли на канаве. […] По дороге в лесах мы повстречались с бойцами, которые шли с Бреста и хотели пробраться к нашим, все были в военной одежде. […] Но во дворе у них стояла бочка соли - ребята набрали в карманы. […] Потом зашли в деревню и попали к хорошим людям: мне дали платье и платочек, напоили нас молоком, дали хлеба на дорогу. […]",REJECT,,RQ-765f8ffb8de6,SILVER,,,,,,REVIEWED,MASHEKA,"Дневник подпольщицы Могилева Валентины Николаевны Губской: 1941 год. Часть II » MASHEKA - информационный портал Могилёва. Новости Могилева, интервью с могилевчанами",https://masheka.by/history_mogilev/5375-dnevnik-podpolschicy-mogileva-valentiny-nikolaevny-gubskoj-1941-god-chast-ii.html,EVT-1d1269abd0f9,1,1,NO,YES,train
HIGH,,,,SILVER,Очевидно нерелевантный жанр или событие вне предмета S-monitor.,"[…] 70% всего фонда сожжено или взорвано. Осталось 200 жилых домов и 80 зданий госучреждений, которые требуют ремонта, так как в сохранившихся домах разбиты окна, поломаны оконные переплёты, двери, частично повреждены стены и во всех домах с центральным отоплением разрушена и увезена отопительная система. Что касается жилого фонда,то следует отметить,что цифра в 1188 домов вызывает сомнения.По данным статистики только в 1923 году в Могилеве насчитывалось 5 273 дома,из них 630 муниципальных.Если принять во внимание,что к 1941 году количество домов увеличилось,то вероятно в записке речь идет только о муниципальных домах. […] В Доме Советов был сорван и увезен весь паркет. […] Могилев.Улицы Ленинская и Первомайская летом 1944 года До войны в Могилеве действовали 124 магазина,из них полностью были уничтожены 70,а в сохранившихся магазинах оборудование было полностью разграблено или приведено в негодность. В отчете утверждалось, что из 22-х школ немцы уничтожили 12 школ, в том числе 4 больших,так называемых сталинских.Сталинские школы - это довоенные № 14,11,23,24.Действительно, школа №14 на Пушкинской улице была разрушены,а остальные уцелели и продолжали работать после войны Из 7-ми детдомов осталось только полуразрушенное здание одного детского дома. […] Могилев.Двор средней школы № 2 осенью 1944 года Из 4-х зданий библиотек сохранились 2. […]",REJECT,,RQ-a9da54ed4abc,SILVER,,,,,,REVIEWED,MASHEKA,"Что осталось от Могилева после немецко-фашистской оккупации » MASHEKA - информационный портал Могилёва. Новости Могилева, интервью с могилевчанами",https://masheka.by/history_mogilev/21762-chto-ostalos-ot-mogileva-posle-nemecko-fashistskoj-okkupacii.html,EVT-b9de63dfa332,1,1,NO,YES,train
HIGH,,,,SILVER,Очевидно нерелевантный жанр или событие вне предмета S-monitor.,"[…] После этого Могилев стал закрытым городом, въезд стал возможным только по пропускам, на вокзале и при дорогах круглосуточно дежурили жандармские посты. […] Да, и вообще, Могилев не был благоприятным местом для размещения раненых. Лазареты находились в нескольких верстах от вокзала и возникли проблемы с транспортировкой. Коечный фонд был невелик, так что гонять санитарные поезда из-за нескольких десятков раненых не имело смысла. Тем более, что Могилев стоял в стороне от основных санитарных потоков, которые шли через Оршу и Жлобин с запада на восток. […] Известный факт, что императрица неоднократно посещала раненых в госпиталях и лазаретах. […]",REJECT,,RQ-3fee4da9d97a,SILVER,,,,,,REVIEWED,MASHEKA,"История Могилева: российская императрица и губернская больница » MASHEKA - информационный портал Могилёва. Новости Могилева, интервью с могилевчанами",https://masheka.by/history_mogilev/15207-istorija-mogileva-rossijskaja-imperatrica-i-gubernskaja-bolnica.html,EVT-4d32df30350f,1,1,NO,YES,train
HIGH,,,,SILVER,Редакционный второй проход: нет подтвержденной проблемы в предметной области S-monitor.,"Разыскивается житель Слуцка Александр Геннадьевич Полежаев, 1973 года рождения. […] Тех, кто располагает информацией о случчанине, просят сообщить по телефонам 8 (044) 768-39-05, +375 (29) 183-63-13 или 102. Самые продолжительные работы запланированы на 6 августа — по части адресов электроснабжение будет отсутствовать с 08:30 до 19:30. После закрытия роддома в Слуцке будущим мамам особенно важно заранее знать, что ждет их в другом городе. […]",REJECT,,RQ-0321e525e10e,SILVER,,,,,,REVIEWED,Слуцк-Город,"В Слуцке ищут мужчину, который уехал на заработки в Москву и перестал выходить на связь",http://slutsk-gorod.by/novosti/item/v-slutske-ishchut-muzhchinu-kotoryj-uekhal-na-zarabotki-v-moskvu-i-perestal-vykhodit-na-svyaz,EVT-016367044a4d,1,1,NO,YES,train
HIGH,,,,SILVER,"Редакционный второй проход: подтверждена конкретная белорусская проблема, жалоба или нарушение.","[…] После этого начался спад. Таким образом, нынешние изменения на берегах совпадают с динамикой измерений, хотя этих данных недостаточно, чтобы говорить об аномальном обмелении Случи. Тема низкой воды этим летом касается не только нашего региона. Белгидромет сообщал о снижении уровней на многих реках Беларуси, хотя гидрологическая обстановка на разных водотоках отличается. […] Для оценки состояния рек специалисты используют индекс низкой водности — он позволяет увидеть, насколько нынешний речной сток отличается от обычных показателей за 1995–2024 годы. Сам термин «гидрологическая засуха» означает, что дефицит воды проявляется уже в реках и других водных объектах — в частности, уменьшается сток. Продолжительные периоды высоких температур способны усугублять ситуацию за счет более интенсивного испарения. […]",KEEP,,RQ-a55bf0d7659a,SILVER,,,,,,REVIEWED,Слуцк-Город,"Случчане заметили, что Случь выглядит мельче — что показывают данные гидропоста",http://slutsk-gorod.by/novosti/item/sluchchane-zametili-chto-sluch-vyglyadit-melche-chto-pokazyvayut-dannye-gidroposta,EVT-43d585019efd,1,1,NO,YES,train
HIGH,,,,SILVER,Редакционный второй проход: нет подтвержденной проблемы в предметной области S-monitor.,"[…] Причина — работы на воздушной линии электропередачи 0,4 кВ. Электроснабжение будет отсутствовать по адресам: Дополнительную информацию можно получить по телефонам 5-22-98 и 6-23-24. Жителям указанных адресов стоит учитывать время проведения работ при планировании дел. […] Изменение коснется 770 000 работников. […]",REJECT,,RQ-495a9c52adc9,SILVER,,,,,,REVIEWED,Слуцк-Город,На каких улицах Слуцка не будет электричества с 25 по 28 августа,http://slutsk-gorod.by/novosti/item/na-kakikh-ulitsakh-slutska-ne-budet-elektrichestva-s-25-po-28-avgusta,EVT-aeed76ff741d,1,1,NO,YES,train
HIGH,,,,SILVER,Редакционный второй проход: нет подтвержденной проблемы в предметной области S-monitor.,"Когда говорят о профессиях в IT, чаще всего вспоминают разработчиков сайтов, мобильных приложений или специалистов по искусственному интеллекту. Но есть направление, которое редко обсуждают в медиа, хотя без него не работает большинство компаний. Речь идёт о программистах 1С — специалистах, которые настраивают и развивают системы учёта и управления бизнесом. […] Но стандартных возможностей программы часто бывает недостаточно. У каждой компании есть свои процессы, правила учёта и особенности работы. Именно поэтому возникает необходимость в специалистах, которые могут адаптировать 1С под конкретный бизнес. […] Самые продолжительные работы запланированы на 6 августа — по части адресов электроснабжение будет отсутствовать с 08:30 до 19:30. […]",REJECT,,RQ-f845529d157b,SILVER,,,,,,REVIEWED,Слуцк-Город,Кто такие программисты 1С и почему они нужны,http://slutsk-gorod.by/novosti/item/kto-takie-programmisty-1s-i-pochemu-oni-nuzhny,EVT-0f8c465eea8e,1,1,NO,YES,train
